0.0,0.0,100.0
0.0,1.0,99.67458635621627
0.0,2.0,99.43487699157862
0.0,3.0,99.33783696151163
0.0,4.0,99.41363887534023
0.0,5.0,99.67037006624798
0.0,6.0,100.09840230744155
0.0,7.0,100.6744240745218
0.0,8.0,101.36513535406115
0.0,9.0,102.13060499838747
0.0,10.0,102.92729062657429
0.0,11.0,103.71072107163752
0.0,12.0,104.43784137393855
0.0,13.0,105.06902032079374
0.0,14.0,105.56972053229035
0.0,15.0,105.91183109330892
0.0,16.0,106.07466273175207
0.0,17.0,106.04560554297964
0.0,18.0,105.82044926045033
0.0,19.0,105.40336607256974
0.0,20.0,104.80655598574478
0.0,21.0,104.04955473364461
0.0,22.0,103.1582042326679
0.0,23.0,102.16328558361643
0.0,24.0,101.09881461957545
0.0,25.0,100.0
0.0,26.0,98.90608806903715
0.0,27.0,97.87201999897209
0.0,28.0,96.94865307936011
0.0,29.0,96.17667754401837
0.0,30.0,95.58638785125976
0.0,31.0,95.19764136113572
0.0,32.0,95.02000440968813
0.0,33.0,95.05308578021003
0.0,34.0,95.28705757151543
0.0,35.0,95.70336346321807
0.0,36.0,96.2756143780191
0.0,37.0,96.97067154100384
0.0,38.0,97.74991693594734
0.0,39.0,98.57071115862918
0.0,40.0,99.38803866715693
0.0,41.0,100.15634042929885
0.0,42.0,100.83153396682543
0.0,43.0,101.37322079685991
0.0,44.0,101.74708127023783
0.0,45.0,101.92745680687548
0.0,46.0,101.90011952814744
0.0,47.0,101.66522928627298
0.0,48.0,101.24047809071133
0.0,49.0,100.66442193156647
0.0,50.0,100.0
0.0,51.0,99.32416627283835
0.0,52.0,98.67734249229842
0.0,53.0,98.0860431482894
0.0,54.0,97.57328849065262
0.0,55.0,97.15790326744263
0.0,56.0,96.85397734747944
0.0,57.0,96.6704882271714
0.0,58.0,96.61108542160923
0.0,59.0,96.67403673993088
0.0,60.0,96.85233644495734
0.0,61.0,97.13397529709944
0.0,62.0,97.50237248253546
0.0,63.0,97.93696942565983
0.0,64.0,98.41398548580258
0.0,65.0,98.90733553821994
0.0,66.0,99.38970943935561
0.0,67.0,99.83381337637324
0.0,68.0,100.21377310095961
0.0,69.0,100.50669904739891
0.0,70.0,100.6944133349178
0.0,71.0,100.76533865430157
0.0,72.0,100.71654903878108
0.0,73.0,100.55598251919075
0.0,74.0,100.30481566339739
0.0,75.0,100.0
0.0,76.0,99.67779824828911
0.0,77.0,99.31881557113361
0.0,78.0,98.90450976983192
0.0,79.0,98.43238841555642
0.0,80.0,97.91211528800274
0.0,81.0,97.36198706646205
0.0,82.0,96.80578027331616
0.0,83.0,96.26996846995549
0.0,84.0,95.78130970512008
0.0,85.0,95.36480421566336
0.0,86.0,95.04202237973888
0.0,87.0,94.82980292241
0.0,88.0,94.73932137368227
0.0,89.0,94.77552877895906
0.0,90.0,94.93696066191971
0.0,91.0,95.21591623982087
0.0,92.0,95.59900789122057
0.0,93.0,96.06808087612526
0.0,94.0,96.60150330855981
0.0,95.0,97.1758263815602
0.0,96.0,97.76781484458938
0.0,97.0,98.35684773337586
0.0,98.0,98.92768935217524
0.0,99.0,99.47363050845463
1.0,0.0,98.93202491451832
1.0,1.0,98.6067676126473
1.0,2.0,98.36992966064793
1.0,3.0,98.28057537152431
1.0,4.0,98.37035493964652
1.0,5.0,98.64826725596309
1.0,6.0,99.10508582701169
1.0,7.0,99.71744779772771
1.0,8.0,100.45160607805117
1.0,9.0,101.2668445733315
1.0,10.0,102.11855651853062
1.0,11.0,102.96098591622396
1.0,12.0,103.74963207839959
1.0,13.0,104.44331727205555
1.0,14.0,105.00591746859516
1.0,15.0,105.40775619702045
1.0,16.0,105.62666150092369
1.0,17.0,105.64868599927709
1.0,18.0,105.46849005102044
1.0,19.0,105.08938802344689
1.0,20.0,104.52305766438698
1.0,21.0,103.78891257819056
1.0,22.0,102.91313780550685
1.0,23.0,101.92738850686266
1.0,24.0,100.86715175003869
1.0,25.0,99.76977140124386
1.0,26.0,98.67637181094693
1.0,27.0,97.64053358825696
1.0,28.0,96.71135056941714
1.0,29.0,95.92827319338821
1.0,30.0,95.3208325770379
1.0,31.0,94.90855156977987
1.0,32.0,94.70104278766189
1.0,33.0,94.6982936269035
1.0,34.0,94.89113825688315
1.0,35.0,95.26191659257447
1.0,36.0,95.78532024643216
1.0,37.0,96.42942545972721
1.0,38.0,97.15691301333139
1.0,39.0,97.92647511795127
1.0,40.0,98.69440928381157
1.0,41.0,99.41639916978782
1.0,42.0,100.04948241198863
1.0,43.0,100.55420543178704
1.0,44.0,100.89696522330146
1.0,45.0,101.052538120326
1.0,46.0,101.00679554271005
1.0,47.0,100.75960672218741
1.0,48.0,100.32792840765457
1.0,49.0,99.7490815498988
1.0,50.0,99.08421496577505
1.0,51.0,98.40825018968542
1.0,52.0,97.76067461219792
1.0,53.0,97.16752673195181
1.0,54.0,96.65149599552961
1.0,55.0,96.23120755620026
1.0,56.0,95.9206689407463
1.0,57.0,95.7288786243754
1.0,58.0,95.65959651371578
1.0,59.0,95.71127633789597
1.0,60.0,95.87715994770855
1.0,61.0,96.1455335228581
1.0,62.0,96.5001456872933
1.0,63.0,96.92078753262304
1.0,64.0,97.38403454961683
1.0,65.0,97.8641504677892
1.0,66.0,98.33415300306832
1.0,67.0,98.76704151354872
1.0,68.0,99.13718656332807
1.0,69.0,99.42188139442831
1.0,70.0,99.60305530680061
1.0,71.0,99.66914894641474
1.0,72.0,99.61715150143229
1.0,73.0,99.45479980646435
1.0,74.0,99.2029393549131
1.0,75.0,98.89804721939748
1.0,76.0,98.57594566924206
1.0,77.0,98.21742103572467
1.0,78.0,97.80420709905104
1.0,79.0,97.3340049343057
1.0,80.0,96.81659690613131
1.0,81.0,96.27033096259878
1.0,82.0,95.71897522826757
1.0,83.0,95.18894289643683
1.0,84.0,94.70688742058694
1.0,85.0,94.29766800501153
1.0,86.0,93.98268539464021
1.0,87.0,93.77858796405165
1.0,88.0,93.69634810567727
1.0,89.0,93.7407089171955
1.0,90.0,93.9100011881165
1.0,91.0,94.19633068555746
1.0,92.0,94.58613573920842
1.0,93.0,95.06111512548867
1.0,94.0,95.59952625089358
1.0,95.0,96.17785363453201
1.0,96.0,96.77284768985434
1.0,97.0,97.36393380557092
1.0,98.0,97.93599172576107
1.0,99.0,98.48250522917267
2.0,0.0,97.92426209636966
2.0,1.0,97.5972534777649
2.0,2.0,97.36107756214805
2.0,3.0,97.27674680013881
2.0,4.0,97.37737026716356
2.0,5.0,97.67293987260673
2.0,6.0,98.15478330511785
2.0,7.0,98.79968371407409
2.0,8.0,99.57366612719855
2.0,9.0,100.4354506043341
2.0,10.0,101.33957212737276
2.0,11.0,102.23916722634092
2.0,12.0,103.08842734163994
2.0,13.0,103.8447189224425
2.0,14.0,104.47037026124453
2.0,15.0,104.93412506457277
2.0,16.0,105.21226275984792
2.0,17.0,105.28938553840348
2.0,18.0,105.15887213466004
2.0,19.0,104.82299834145547
2.0,20.0,104.29272426153044
2.0,21.0,103.58714829516965
2.0,22.0,102.73262786399886
2.0,23.0,101.76156687093719
2.0,24.0,100.71086989630541
2.0,25.0,99.62006313008953
2.0,26.0,98.53219368657224
2.0,27.0,97.4991072526539
2.0,28.0,96.56769316834745
2.0,29.0,95.77579013993608
2.0,30.0,95.15187123654569
2.0,31.0,94.71491314602986
2.0,32.0,94.47444969016715
2.0,33.0,94.43080959917096
2.0,34.0,94.57553854551165
2.0,35.0,94.89200543705131
2.0,36.0,95.35619296949075
2.0,37.0,95.9376724381291
2.0,38.0,96.60076280893571
2.0,39.0,97.3058740489346
2.0,40.0,98.01103471590119
2.0,41.0,98.67360380737168
2.0,42.0,99.25216686896461
2.0,43.0,99.7086163620151
2.0,44.0,100.01041629052133
2.0,45.0,100.13305108740356
2.0,46.0,100.06265876007555
2.0,47.0,99.79884829532843
2.0,48.0,99.3577013235269
2.0,49.0,98.77495804211819
2.0,50.0,98.10938739845291
2.0,51.0,97.43317795457897
2.0,52.0,96.78467236144895
2.0,53.0,96.18938696587414
2.0,54.0,95.66965196125106
2.0,55.0,95.24387964125833
2.0,56.0,94.92599471676529
2.0,57.0,94.72502669595299
2.0,58.0,94.64486432764714
2.0,59.0,94.68417210786315
2.0,60.0,94.8364688495632
2.0,61.0,95.09036831562555
2.0,62.0,95.42998191502568
2.0,63.0,95.83548346222982
2.0,64.0,96.28383599980026
2.0,65.0,96.74968068421302
2.0,66.0,97.20638773488729
2.0,67.0,97.6272694464273
2.0,68.0,97.98695526407597
2.0,69.0,98.26292892238085
2.0,70.0,98.43722764707195
2.0,71.0,98.49830342015191
2.0,72.0,98.44304630819796
2.0,73.0,98.27896985387622
2.0,74.0,98.02655853066786
2.0,75.0,97.7217772608075
2.0,76.0,97.40004731571858
2.0,77.0,97.04267506657712
2.0,78.0,96.63200176223908
2.0,79.0,96.1661600843281
2.0,80.0,95.65520294464142
2.0,81.0,95.1176028864078
2.0,82.0,94.57712208939775
2.0,83.0,94.06005297888565
2.0,84.0,93.59282943846421
2.0,85.0,93.20000862671083
2.0,86.0,92.90262339770625
2.0,87.0,92.71690532540532
2.0,88.0,92.65337833185973
2.0,89.0,92.71632291929296
2.0,90.0,92.90361100602748
2.0,91.0,93.20691136626371
2.0,92.0,93.61226567371158
2.0,93.0,94.10103514907372
2.0,94.0,94.6512178113812
2.0,95.0,95.23913633318104
2.0,96.0,95.84149649957607
2.0,97.0,96.43781627111682
2.0,98.0,97.01322545054549
2.0,99.0,97.5616359533922
3.0,0.0,97.02746420909774
3.0,1.0,96.69532359506071
3.0,2.0,96.45584986011747
3.0,3.0,96.3717012771778
3.0,4.0,96.4773882497563
3.0,5.0,96.78402488414307
3.0,6.0,97.28375636568218
3.0,7.0,97.95386213915758
3.0,8.0,98.76053489328653
3.0,9.0,99.66233534932061
3.0,10.0,100.6133228537543
3.0,11.0,101.56586177514092
3.0,12.0,102.4731037050164
3.0,13.0,103.29114546293033
3.0,14.0,103.98086290558466
3.0,15.0,104.50942054007994
3.0,16.0,104.85145694126913
3.0,17.0,104.98994597321881
3.0,18.0,104.91673381477808
3.0,19.0,104.63275178925495
3.0,20.0,104.14790499820023
3.0,21.0,103.480636759299
3.0,22.0,102.65716884836962
3.0,23.0,101.71041754547022
3.0,24.0,100.67858548511286
3.0,25.0,99.60342931058501
3.0,26.0,98.52997855643078
3.0,27.0,97.50775526727456
3.0,28.0,96.5807409331897
3.0,29.0,95.78455816512053
3.0,30.0,95.14613318579474
3.0,31.0,94.68353578929741
3.0,32.0,94.40599676930674
3.0,33.0,94.31410281599163
3.0,34.0,94.40016888157095
3.0,35.0,94.64878801453456
3.0,36.0,95.03755866252611
3.0,37.0,95.53798944388761
3.0,38.0,96.11658138786571
3.0,39.0,96.73608764347972
3.0,40.0,97.35695065705146
3.0,41.0,97.93891681839673
3.0,42.0,98.44282857567879
3.0,43.0,98.83259401892319
3.0,44.0,99.07733393219473
3.0,45.0,99.15370631443604
3.0,46.0,99.04840836896776
3.0,47.0,98.76085596165079
3.0,48.0,98.30604054770988
3.0,49.0,97.71756356721953
3.0,50.0,97.05084830925097
3.0,51.0,96.37419616998352
3.0,52.0,95.7244639318285
3.0,53.0,95.12657616328616
3.0,54.0,94.6024618508327
3.0,55.0,94.17030202926611
3.0,56.0,93.84393986253127
3.0,57.0,93.63245317502428
3.0,58.0,93.53988943337606
3.0,59.0,93.56516317871512
3.0,60.0,93.70211590940973
3.0,61.0,93.93973841428912
3.0,62.0,94.26255555634414
3.0,63.0,94.65117350690697
3.0,64.0,95.08298943031028
3.0,65.0,95.53306361902538
3.0,66.0,95.97515407927987
3.0,67.0,96.3829135671544
3.0,68.0,96.7312490751586
3.0,69.0,96.99784376928649
3.0,70.0,97.16484137655088
3.0,71.0,97.2206930229972
3.0,72.0,97.16216652219642
3.0,73.0,96.99651811421735
3.0,74.0,96.74382665507818
3.0,75.0,96.43949025667705
3.0,76.0,96.11859756603985
3.0,77.0,95.76351305023049
3.0,78.0,95.35771156929279
3.0,79.0,94.90013664012736
3.0,80.0,94.40135511627898
3.0,81.0,93.88008323214461
3.0,82.0,93.36008401160204
3.0,83.0,92.86743604105897
3.0,84.0,92.42817360692285
3.0,85.0,92.06629819749126
3.0,86.0,91.80216136926278
3.0,87.0,91.6512189776686
3.0,88.0,91.62315677222465
3.0,89.0,91.72138735610427
3.0,90.0,91.94291851013159
3.0,91.0,92.27859288119535
3.0,92.0,92.7136990350835
3.0,93.0,93.22895387373812
3.0,94.0,93.80185641693129
3.0,95.0,94.40841294836117
3.0,96.0,95.02523352616898
3.0,97.0,95.63199985787634
3.0,98.0,96.21430453974337
3.0,99.0,96.7668616605473
4.0,0.0,96.28183230390763
4.0,1.0,95.9401443026455
4.0,2.0,95.69213575489829
4.0,3.0,95.60166536956835
4.0,4.0,95.70453396148363
4.0,5.0,96.01312431067095
4.0,6.0,96.52073297332991
4.0,7.0,97.20559404450763
4.0,8.0,98.03459487247413
4.0,9.0,98.96668372479846
4.0,10.0,99.95596940612555
4.0,11.0,100.9545128276538
4.0,12.0,101.91481052831335
4.0,13.0,102.79197014764515
4.0,14.0,103.54557785038058
4.0,15.0,104.14125770272206
4.0,16.0,104.5519230003241
4.0,17.0,104.7587195479753
4.0,18.0,104.75166089098092
4.0,19.0,104.52995549824624
4.0,20.0,104.10202589706063
4.0,21.0,103.48521975958234
4.0,22.0,102.70521294102403
4.0,23.0,101.79510446953894
4.0,24.0,100.79420348780795
4.0,25.0,99.74650814632714
4.0,26.0,98.69907951719729
4.0,27.0,97.69845651656823
4.0,28.0,96.78490876571617
4.0,29.0,95.99113366689214
4.0,30.0,95.34192121478026
4.0,31.0,94.85398418428811
4.0,32.0,94.53595369466915
4.0,33.0,94.38854014997703
4.0,34.0,94.40485955585203
4.0,35.0,94.57092521263951
4.0,36.0,94.86630478484028
4.0,37.0,95.26494274689315
4.0,38.0,95.73614820528934
4.0,39.0,96.245748097019
4.0,40.0,96.75740576434974
4.0,41.0,97.23410490593712
4.0,42.0,97.63979890426724
4.0,43.0,97.9412255294313
4.0,44.0,98.10988701923223
4.0,45.0,98.12419553562319
4.0,46.0,97.97178399747825
4.0,47.0,97.65198228969517
4.0,48.0,97.17845884862973
4.0,49.0,96.58202762386283
4.0,50.0,95.91362041629881
4.0,51.0,95.23627181212761
4.0,52.0,94.58495363811257
4.0,53.0,93.98392558424298
4.0,54.0,93.45467303330445
4.0,55.0,93.01512921244488
4.0,56.0,92.67906048483877
4.0,57.0,92.45561478144994
4.0,58.0,92.34903317289233
4.0,59.0,92.3585245813894
4.0,60.0,92.47830363283161
4.0,61.0,92.6977916489324
4.0,62.0,93.00198077948231
4.0,63.0,93.37196127470162
4.0,64.0,93.78561189769113
4.0,65.0,94.2184534769813
4.0,66.0,94.64466559917983
4.0,67.0,95.03826644171738
4.0,68.0,95.37445574569169
4.0,69.0,95.63112092881008
4.0,70.0,95.79050633843008
4.0,71.0,95.84104564469862
4.0,72.0,95.77935737378938
4.0,73.0,95.61240358123841
4.0,74.0,95.3598116653783
4.0,75.0,95.05635932087036
4.0,76.0,94.73688961221573
4.0,77.0,94.38543632498754
4.0,78.0,93.98720530435573
4.0,79.0,93.542383616514
4.0,80.0,93.06233199980787
4.0,81.0,92.56615003465193
4.0,82.0,92.07761403223657
4.0,83.0,91.62248764202387
4.0,84.0,91.2262051780328
4.0,85.0,90.91192766391376
4.0,86.0,90.69897159681233
4.0,87.0,90.6016104300224
4.0,88.0,90.62824877442856
4.0,89.0,90.78096931873766
4.0,90.0,91.05545246849991
4.0,91.0,91.44126870391901
4.0,92.0,91.92254365645175
4.0,93.0,92.47899590419682
4.0,94.0,93.08734748607293
4.0,95.0,93.7231071347862
4.0,96.0,94.36272622858687
4.0,97.0,94.98612746181527
4.0,98.0,95.57960623423716
4.0,99.0,96.13910475916822
5.0,0.0,95.71691821563121
5.0,1.0,95.36063131096864
5.0,2.0,95.09801527407559
5.0,3.0,94.99355671817175
5.0,4.0,95.08417542783013
5.0,5.0,95.38366272560367
5.0,6.0,95.88683601311715
5.0,7.0,96.57340948662444
5.0,8.0,97.4115810270309
5.0,9.0,98.36133526438124
5.0,10.0,99.3774628168124
5.0,11.0,100.41229570397198
5.0,12.0,101.41815893490178
5.0,13.0,102.34953827038663
5.0,14.0,103.16496415976854
5.0,15.0,103.82861185222612
5.0,16.0,104.31161768251926
5.0,17.0,104.59311153119904
5.0,18.0,104.66096545928308
5.0,19.0,104.51225851739589
5.0,20.0,104.15345772937484
5.0,21.0,103.60031525034105
5.0,22.0,102.87748169923591
5.0,23.0,102.01783566582249
5.0,24.0,101.06152939215261
5.0,25.0,100.05475062849891
5.0,26.0,99.04661229413907
5.0,27.0,98.08005202406602
5.0,28.0,97.19085052534238
5.0,29.0,96.40806868089385
5.0,30.0,95.75374704791186
5.0,31.0,95.24275259306445
5.0,32.0,94.88277266451483
5.0,33.0,94.67445620074787
5.0,34.0,94.61170217620452
5.0,35.0,94.68209528372411
5.0,36.0,94.86748885379458
5.0,37.0,95.14473501061052
5.0,38.0,95.48656206493919
5.0,39.0,95.86259914379444
5.0,40.0,96.24054805691841
5.0,41.0,96.58750240007127
5.0,42.0,96.8714138951288
5.0,43.0,97.0627059669878
5.0,44.0,97.13603455727952
5.0,45.0,97.07219617489085
5.0,46.0,96.86018318329357
5.0,47.0,96.49938632468135
5.0,48.0,96.0019444809146
5.0,49.0,95.39524167127358
5.0,50.0,94.72455128701884
5.0,51.0,94.0462219534262
5.0,52.0,93.39294183755545
5.0,53.0,92.78824434463831
5.0,54.0,92.2531381970457
5.0,55.0,91.80529920425056
5.0,56.0,91.45842620737643
5.0,57.0,91.22176119833156
5.0,58.0,91.09977361352864
5.0,59.0,91.09200880219032
5.0,60.0,91.19310066924018
5.0,61.0,91.39294849277954
5.0,62.0,91.67705791614964
5.0,63.0,92.0270461145798
5.0,64.0,92.4213111364209
5.0,65.0,92.83586541896472
5.0,66.0,93.24533347884878
5.0,67.0,93.62411377704693
5.0,68.0,93.94770475844545
5.0,69.0,94.19419506600502
5.0,70.0,94.34591792950795
5.0,71.0,94.39126972889147
5.0,72.0,94.32669273216635
5.0,73.0,94.15882200792129
5.0,74.0,93.90679651241302
5.0,75.0,93.60473435124182
5.0,76.0,93.2873297741578
5.0,77.0,92.94087113430034
5.0,78.0,92.55286679926867
5.0,79.0,92.12516445624824
5.0,80.0,91.67019171919296
5.0,81.0,91.20757148646514
5.0,82.0,90.76111204893314
5.0,83.0,90.3561719485265
5.0,84.0,90.01739958724886
5.0,85.0,89.76684758664854
5.0,86.0,89.62246189774665
5.0,87.0,89.5969456614229
5.0,88.0,89.69699781925915
5.0,89.0,89.92292647484054
5.0,90.0,90.26863700551412
5.0,91.0,90.72199492460548
5.0,92.0,91.26556349409266
5.0,93.0,91.87771608773795
5.0,94.0,92.53412330467725
5.0,95.0,93.20961483346707
5.0,96.0,93.88041606658922
5.0,97.0,94.52675946541314
5.0,98.0,95.1358706756158
5.0,99.0,95.70532939305946
6.0,0.0,95.35169956269726
6.0,1.0,94.97548466747742
6.0,2.0,94.69176028487786
6.0,3.0,94.56496363973781
6.0,4.0,94.63290077800742
6.0,5.0,94.91088686605448
6.0,6.0,95.39563537765054
6.0,7.0,96.06889616863639
6.0,8.0,96.90084243926732
6.0,9.0,97.8532065842375
6.0,10.0,98.88216493038406
6.0,11.0,99.94097136207063
6.0,12.0,100.98233983425023
6.0,13.0,101.9605757732078
6.0,14.0,102.83345636498201
6.0,15.0,103.56385973146685
6.0,16.0,104.12114299419228
6.0,17.0,104.48226922578475
6.0,18.0,104.63268328910695
6.0,19.0,104.56693656407714
6.0,20.0,104.2890605621679
6.0,21.0,103.81268942858442
6.0,22.0,103.16093133212225
6.0,23.0,102.36598874270436
6.0,24.0,101.46852759659807
6.0,25.0,100.51679534931095
6.0,26.0,99.56193642715574
6.0,27.0,98.64279375891982
6.0,28.0,97.79000561083348
6.0,29.0,97.02836230041567
6.0,30.0,96.37657913983226
6.0,31.0,95.84719211835743
6.0,32.0,95.44657632393785
6.0,33.0,95.17508710386006
6.0,34.0,95.02732396452073
6.0,35.0,94.99251721029984
6.0,36.0,95.055037321537
6.0,37.0,95.1950270716107
6.0,38.0,95.38915638312045
6.0,39.0,95.61149992317209
6.0,40.0,95.83453743776592
6.0,41.0,96.0302768252879
6.0,42.0,96.17149994910386
6.0,43.0,96.23313118925665
6.0,44.0,96.19372873326624
6.0,45.0,96.03709860603294
6.0,46.0,95.75403143884348
6.0,47.0,95.34416197748018
6.0,48.0,94.81795132943292
6.0,49.0,94.19879195021443
6.0,50.0,93.5252353687782
6.0,51.0,92.84563248116278
6.0,52.0,92.19003454910342
6.0,53.0,91.58120978113293
6.0,54.0,91.03967334632307
6.0,55.0,90.58284434943654
6.0,56.0,90.22436837775555
6.0,57.0,89.97360561958702
6.0,58.0,89.83528455444434
6.0,59.0,89.80932121490576
6.0,60.0,89.89080402014937
6.0,61.0,90.07014418116474
6.0,62.0,90.33339167764095
6.0,63.0,90.66271680653153
6.0,64.0,91.03705730229574
6.0,65.0,91.43293102881651
6.0,66.0,91.82541424299511
6.0,67.0,92.18928543002227
6.0,68.0,92.5003347103259
6.0,69.0,92.73683881819554
6.0,70.0,92.88120165208322
6.0,71.0,92.92176039658113
6.0,72.0,92.85475721607573
6.0,73.0,92.68647652007843
6.0,74.0,92.43554780023314
6.0,75.0,92.13541403899998
6.0,76.0,91.8207194808771
6.0,77.0,91.4804917306457
6.0,78.0,91.10501437880013
6.0,79.0,90.69814495693305
6.0,80.0,90.27361091190812
6.0,81.0,89.85168307428961
6.0,82.0,89.45622662102872
6.0,83.0,89.11212953240691
6.0,84.0,88.843108543236
6.0,85.0,88.66989258831512
6.0,86.0,88.60878374214462
6.0,87.0,88.67059565289671
6.0,88.0,88.85996947064297
6.0,89.0,89.17506726983889
6.0,90.0,89.60764296606501
6.0,91.0,90.14349072702514
6.0,92.0,90.76327087780126
6.0,93.0,91.44371330036545
6.0,94.0,92.15919832734849
6.0,95.0,92.88371513006553
6.0,96.0,93.5931976007984
6.0,97.0,94.268237729335
6.0,98.0,94.89717647376527
6.0,99.0,95.47957212553438
7.0,0.0,95.19482735110643
7.0,1.0,94.79339600821584
7.0,2.0,94.48200572803874
7.0,3.0,94.32428979398324
7.0,4.0,94.35865128032506
7.0,5.0,94.60200735242792
7.0,6.0,95.05332356159872
7.0,7.0,95.6969381345773
7.0,8.0,96.50567625766095
7.0,9.0,97.44375435546362
7.0,10.0,98.46947436430969
7.0,11.0,99.53770800026257
7.0,12.0,100.60217102178791
7.0,13.0,101.61748748705148
7.0,14.0,102.54104400585175
7.0,15.0,103.33463398618714
7.0,16.0,103.96589187545803
7.0,17.0,104.4095173963033
7.0,18.0,104.64828977707168
7.0,19.0,104.67387197692773
7.0,20.0,104.48740490559251
7.0,21.0,104.09989163771894
7.0,22.0,103.53237162190182
7.0,23.0,102.8158848843225
7.0,24.0,101.99122622702842
7.0,25.0,101.10848942084702
7.0,26.0,100.2207832504235
7.0,27.0,99.36254471923569
7.0,28.0,98.55880801080728
7.0,29.0,97.82959449510392
7.0,30.0,97.18980276662371
7.0,31.0,96.64919063812668
7.0,32.0,96.2124490900029
7.0,33.0,95.87936817527942
7.0,34.0,95.64509488026607
7.0,35.0,95.50048294083989
7.0,36.0,95.43253461436849
7.0,37.0,95.42493440727218
7.0,38.0,95.45867475822472
7.0,39.0,95.5127736769931
7.0,40.0,95.56508433891594
7.0,41.0,95.59319663502069
7.0,42.0,95.5754306777797
7.0,43.0,95.49192226250499
7.0,44.0,95.3258002843818
7.0,45.0,95.06445611114104
7.0,46.0,94.70090491137039
7.0,47.0,94.23523893846425
7.0,48.0,93.67617277021242
7.0,49.0,93.04268050402771
7.0,50.0,92.3657249078122
7.0,51.0,91.68456581243106
7.0,52.0,91.02634277234293
7.0,53.0,90.41304927199837
7.0,54.0,89.86471038103096
7.0,55.0,89.39850140851637
7.0,56.0,89.02803388447249
7.0,57.0,88.76280886860059
7.0,58.0,88.60783758626746
7.0,59.0,88.56342939172865
7.0,60.0,88.62514705859277
7.0,61.0,88.78392939752669
7.0,62.0,89.02638120120196
7.0,63.0,89.33523051648208
7.0,64.0,89.689953243851
7.0,65.0,90.06756506408242
7.0,66.0,90.44358069215038
7.0,67.0,90.7931404583807
7.0,68.0,91.09230421684352
7.0,69.0,91.31951258098688
7.0,70.0,91.45721548651132
7.0,71.0,91.49366808148554
7.0,72.0,91.42489394370304
7.0,73.0,91.25681562527988
7.0,74.0,91.00755252449345
7.0,75.0,90.7098860848621
7.0,76.0,90.39850491866677
7.0,77.0,90.06550762989002
7.0,78.0,89.7042756776568
7.0,79.0,89.32092093715774
7.0,80.0,88.93063998636929
7.0,81.0,88.55444933484955
7.0,82.0,88.21630159460952
7.0,83.0,87.9405825930599
7.0,84.0,87.74998942803356
7.0,85.0,87.66378946488337
7.0,86.0,87.69646027565572
7.0,87.0,87.85671052033952
7.0,88.0,88.14688177019073
7.0,89.0,88.56273127313246
7.0,90.0,89.09359566123061
7.0,91.0,89.72293560024508
7.0,92.0,90.42926138125641
7.0,93.0,91.1874394543681
7.0,94.0,91.97037990448445
7.0,95.0,92.75110486916383
7.0,96.0,93.5051978985476
7.0,97.0,94.2136342573646
7.0,98.0,94.86599216901104
7.0,99.0,95.46404500170608
8.0,0.0,95.2450461824105
8.0,1.0,94.81342809636314
8.0,2.0,94.46809107311978
8.0,3.0,94.27106391579439
8.0,4.0,94.26101026063093
8.0,5.0,94.45648251721664
8.0,6.0,94.85901476359574
8.0,7.0,95.45605459628314
8.0,8.0,96.22373393517864
8.0,9.0,97.12947878338127
8.0,10.0,98.13445794190392
8.0,11.0,99.19587067928823
8.0,12.0,100.2690733561198
8.0,13.0,101.30954500444358
8.0,14.0,102.27469186207951
8.0,15.0,103.12549086183854
8.0,16.0,103.82797207563887
8.0,17.0,104.35454011352229
8.0,18.0,104.68513447757107
8.0,19.0,104.80822887072483
8.0,20.0,104.72166946049795
8.0,21.0,104.43335209759695
8.0,22.0,103.96173848943839
8.0,23.0,103.33621132856682
8.0,24.0,102.59726837597324
8.0,25.0,101.79655549931354
8.0,26.0,100.9890306656436
8.0,27.0,100.20463029220181
8.0,28.0,99.46255782303423
8.0,29.0,98.77774232842484
8.0,30.0,98.16089241240212
8.0,31.0,97.61860541136926
8.0,32.0,97.15353188385784
8.0,33.0,96.76459539140528
8.0,34.0,96.4472675705558
8.0,35.0,96.193898495985
8.0,36.0,95.99410233474813
8.0,37.0,95.83519829165188
8.0,38.0,95.70270684574979
8.0,39.0,95.58090127796133
8.0,40.0,95.45341448981458
8.0,41.0,95.30390111331242
8.0,42.0,95.1167549119225
8.0,43.0,94.87788147269065
8.0,44.0,94.57552618947804
8.0,45.0,94.20115753732185
8.0,46.0,93.75040563791964
8.0,47.0,93.22405611623724
8.0,48.0,92.62909924824025
8.0,49.0,91.9798343997494
8.0,50.0,91.29902975641902
8.0,51.0,90.61605760533615
8.0,52.0,89.95497150618327
8.0,53.0,89.33701351387587
8.0,54.0,88.78174425963464
8.0,55.0,88.3061209166266
8.0,56.0,87.92374458380502
8.0,57.0,87.6442770879478
8.0,58.0,87.47302720389474
8.0,59.0,87.41070629298326
8.0,60.0,87.45335335968282
8.0,61.0,87.5924295264281
8.0,62.0,87.81508192665068
8.0,63.0,88.10457701600949
8.0,64.0,88.44090330181982
8.0,65.0,88.80154349068104
8.0,66.0,89.16241605430301
8.0,67.0,89.49898621353101
8.0,68.0,89.78754634056942
8.0,69.0,90.00666577940409
8.0,70.0,90.13881008442323
8.0,71.0,90.17212967723707
8.0,72.0,90.10241792169612
8.0,73.0,89.93523861710807
8.0,74.0,89.68822290965342
8.0,75.0,89.39353562199962
8.0,76.0,89.08599434626935
8.0,77.0,88.76091501614344
8.0,78.0,88.41491782927407
8.0,79.0,88.05648564189178
8.0,80.0,87.70237466849225
8.0,81.0,87.37441023010872
8.0,82.0,87.09666755116959
8.0,83.0,86.8930376049417
8.0,84.0,86.78517800755887
8.0,85.0,86.79084896063605
8.0,86.0,86.92263424246873
8.0,87.0,87.18704724781794
8.0,88.0,87.58402207628065
8.0,89.0,88.10678966924553
8.0,90.0,88.74213899543429
8.0,91.0,89.4710632850284
8.0,92.0,90.26979131238116
8.0,93.0,91.1112037273154
8.0,94.0,91.9666344350065
8.0,95.0,92.80805702445078
8.0,96.0,93.61065624551956
8.0,97.0,94.35578453459846
8.0,98.0,95.03430358881218
8.0,99.0,95.65031098883486
9.0,0.0,95.49178706569663
9.0,1.0,95.02556664771178
9.0,2.0,94.64057199529455
9.0,3.0,94.39641461255422
9.0,4.0,94.33164790382118
9.0,5.0,94.46644434300416
9.0,6.0,94.8051674955361
9.0,7.0,95.33883889290851
9.0,8.0,96.04749975979425
9.0,9.0,96.90246759375903
9.0,10.0,97.86848759756121
9.0,11.0,98.90577896404028
9.0,12.0,99.97197601359377
9.0,13.0,101.02396418424279
9.0,14.0,102.01961087428583
9.0,15.0,102.91939113754148
9.0,16.0,103.6879082311793
9.0,17.0,104.29530901613943
9.0,18.0,104.71859421014057
9.0,19.0,104.94282349327665
9.0,20.0,104.96221546620188
9.0,21.0,104.78114246090436
9.0,22.0,104.41502020406823
9.0,23.0,103.89109233302428
9.0,24.0,103.24910976428922
9.0,25.0,102.54190491469326
9.0,26.0,101.82612470889536
9.0,27.0,101.1273408910112
9.0,28.0,100.45895524253395
9.0,29.0,99.83067857388257
9.0,30.0,99.24879645129894
9.0,31.0,98.7164483551767
9.0,32.0,98.23392026982151
9.0,33.0,97.79895070464299
9.0,34.0,97.4070501467782
9.0,35.0,97.05183394514671
9.0,36.0,96.7253686259372
9.0,37.0,96.41853163952564
9.0,38.0,96.12138453882521
9.0,39.0,95.82355958906747
9.0,40.0,95.51465980901541
9.0,41.0,95.18467244360792
9.0,42.0,94.82439586803588
9.0,43.0,94.42587992324975
9.0,44.0,93.98287968289888
9.0,45.0,93.49132265170229
9.0,46.0,92.949789395251
9.0,47.0,92.36000760124203
9.0,48.0,91.72735957214391
9.0,49.0,91.06140314929375
9.0,50.0,90.376406068426
9.0,51.0,89.69140246645556
9.0,52.0,89.02729846727371
9.0,53.0,88.40464125445044
9.0,54.0,87.84257474531606
9.0,55.0,87.35787581678969
9.0,56.0,86.96416233664253
9.0,57.0,86.67127300019524
9.0,58.0,86.48481897244986
9.0,59.0,86.40590733565615
9.0,60.0,86.43103634231232
9.0,61.0,86.55216247360022
9.0,62.0,86.75693930325485
9.0,63.0,87.0291281668684
9.0,64.0,87.34918063662867
9.0,65.0,87.6949928014918
9.0,66.0,88.04283135278956
9.0,67.0,88.36843147527108
9.0,68.0,88.64826654357874
9.0,69.0,88.86098962415882
9.0,70.0,88.98904678260627
9.0,71.0,89.02046219644416
9.0,72.0,88.95079507333725
9.0,73.0,88.78526837474027
9.0,74.0,88.54106934498043
9.0,75.0,88.24982184577436
9.0,76.0,87.94654307702872
9.0,77.0,87.62971229710341
9.0,78.0,87.29913302638656
9.0,79.0,86.96563688712905
9.0,80.0,86.64754383737557
9.0,81.0,86.36751214186268
9.0,82.0,86.14977807988403
9.0,83.0,86.01778539012255
9.0,84.0,85.99220445244987
9.0,85.0,86.08934120669264
9.0,86.0,86.31993580836611
9.0,87.0,86.68835102137469
9.0,88.0,87.19215034767957
9.0,89.0,87.82206589393353
9.0,90.0,88.56235597508268
9.0,91.0,89.39155245493544
9.0,92.0,90.28359782369847
9.0,93.0,91.2093720124798
9.0,94.0,92.13860894475893
9.0,95.0,93.04220282482399
9.0,96.0,93.89490416317622
9.0,97.0,94.67840553890122
9.0,98.0,95.38481709900748
9.0,99.0,96.02053179473191
10.0,0.0,95.91593283357605
10.0,1.0,95.41144444308527
10.0,2.0,94.98190227359378
10.0,3.0,94.68371022659353
10.0,4.0,94.55492193841974
10.0,5.0,94.61726650967313
10.0,6.0,94.87813069926177
10.0,7.0,95.33249758306259
10.0,8.0,95.9648416772024
10.0,9.0,96.75098052595854
10.0,10.0,97.65988275427921
10.0,11.0,98.65543258492328
10.0,12.0,99.69815082021984
10.0,13.0,100.74687228844716
10.0,14.0,101.76037975483149
10.0,15.0,102.69899429716529
10.0,16.0,103.52612214604503
10.0,17.0,104.20975798972884
10.0,18.0,104.72394474361349
10.0,19.0,105.05018978433105
10.0,20.0,105.17883764846533
10.0,21.0,105.1103991958876
10.0,22.0,104.85683723771218
10.0,23.0,104.44280862887153
10.0,24.0,103.90686282531097
10.0,25.0,103.30259690580291
10.0,26.0,102.68814791109342
10.0,27.0,102.08508586857873
10.0,28.0,101.50129701846862
10.0,29.0,100.94135272999165
10.0,30.0,100.40703412483082
10.0,31.0,99.89782399304084
10.0,32.0,99.41136600144699
10.0,33.0,98.94389119452524
10.0,34.0,98.4906117877641
10.0,35.0,98.046082253508
10.0,36.0,97.60452769928204
10.0,37.0,97.16013953859832
10.0,38.0,96.70733845424384
10.0,39.0,96.24100465404985
10.0,40.0,95.75667541914272
10.0,41.0,95.25070994467639
10.0,42.0,94.72042147304619
10.0,43.0,94.16417671958436
10.0,44.0,93.58146259073696
10.0,45.0,92.97292019472233
10.0,46.0,92.3403461446711
10.0,47.0,91.6866611542476
10.0,48.0,91.01584592575294
10.0,49.0,90.33284433070953
10.0,50.0,89.64343388292708
10.0,51.0,88.95622865455954
10.0,52.0,88.28904250815503
10.0,53.0,87.66181548104016
10.0,54.0,87.09334273532218
10.0,55.0,86.60026936757686
10.0,56.0,86.19625965525039
10.0,57.0,85.89134073977517
10.0,58.0,85.69142074639966
10.0,59.0,85.59798134073202
10.0,60.0,85.60794472199798
10.0,61.0,85.71371505301242
10.0,62.0,85.90339432686508
10.0,63.0,86.16117267032023
10.0,64.0,86.46789308393015
10.0,65.0,86.80179061886282
10.0,66.0,87.13940599044338
10.0,67.0,87.45667362840962
10.0,68.0,87.73018416388148
10.0,69.0,87.9386213530445
10.0,70.0,88.06437343754715
10.0,71.0,88.09531894161226
10.0,72.0,88.02678690586234
10.0,73.0,87.86369155785886
10.0,74.0,87.62284141935555
10.0,75.0,87.33542285026562
10.0,76.0,87.03670612802702
10.0,77.0,86.72807980988763
10.0,78.0,86.41227945337856
10.0,79.0,86.10232394378235
10.0,80.0,85.81801365010823
10.0,81.0,85.58282348570289
10.0,82.0,85.42119087349671
10.0,83.0,85.35619861588538
10.0,84.0,85.40765266924694
10.0,85.0,85.59055482309442
10.0,86.0,85.9139702838637
10.0,87.0,86.38029016333705
10.0,88.0,86.98488887170191
10.0,89.0,87.71617641524527
10.0,90.0,88.55604559868338
10.0,91.0,89.480714132127
10.0,92.0,90.46196164268206
10.0,93.0,91.46876159068569
10.0,94.0,92.46930809057787
10.0,95.0,93.43343763640834
10.0,96.0,94.33544573197906
10.0,97.0,95.15729842562212
10.0,98.0,95.89223874961303
10.0,99.0,96.54878806421952
11.0,0.0,96.49075616217749
11.0,1.0,95.94523772769531
11.0,2.0,95.46728591061172
11.0,3.0,95.10936376276645
11.0,4.0,94.90863420422733
11.0,5.0,94.88827455081949
11.0,6.0,95.05881337064099
11.0,7.0,95.41948966956494
11.0,8.0,95.95963440572788
11.0,9.0,96.66007433300489
11.0,10.0,97.49455817347079
11.0,11.0,98.43120511884813
11.0,12.0,99.4339756609413
11.0,13.0,100.46416475105733
11.0,14.0,101.48191728841293
11.0,15.0,102.44776593752813
11.0,16.0,103.32419127460626
11.0,17.0,104.07720426290037
11.0,18.0,104.6779510570661
11.0,19.0,105.10434013650107
11.0,20.0,105.34269176767054
11.0,21.0,105.38940979541968
11.0,22.0,105.25267576327217
11.0,23.0,104.95416536271517
11.0,24.0,104.53078721147102
11.0,25.0,104.03644396075501
11.0,26.0,103.53053445204941
11.0,27.0,103.03119870805298
11.0,28.0,102.54133537983313
11.0,29.0,102.06065443400392
11.0,30.0,101.58650481465695
11.0,31.0,101.11462007440812
11.0,32.0,100.63978197456034
11.0,33.0,100.15640205438223
11.0,34.0,99.65902116950268
11.0,35.0,99.14272699942153
11.0,36.0,98.60348952413605
11.0,37.0,98.03841446988342
11.0,38.0,97.44591472399922
11.0,39.0,96.82579971889179
11.0,40.0,96.17928278513259
11.0,41.0,95.50890647366255
11.0,42.0,94.81838584711426
11.0,43.0,94.11236974025024
11.0,44.0,93.39611998951712
11.0,45.0,92.67510863171566
11.0,46.0,91.95453307178697
11.0,47.0,91.23874921971444
11.0,48.0,90.53062259654179
11.0,49.0,89.83079740950693
11.0,50.0,89.13688359629195
11.0,51.0,88.44736178059122
11.0,52.0,87.77712173514571
11.0,53.0,87.14561106510077
11.0,54.0,86.57136117351618
11.0,55.0,86.07094232517112
11.0,56.0,85.6580959599679
11.0,57.0,85.34304425593491
11.0,58.0,85.13197694182858
11.0,59.0,85.02671535933428
11.0,60.0,85.02455377486629
11.0,61.0,85.11827794096686
11.0,62.0,85.29636090730418
11.0,63.0,85.54333608126942
11.0,64.0,85.84034753817288
11.0,65.0,86.16587758103901
11.0,66.0,86.49665155000059
11.0,67.0,86.80871988129186
11.0,68.0,87.07871741584069
11.0,69.0,87.28529995745983
11.0,70.0,87.41075808063707
11.0,71.0,87.44280818792458
11.0,72.0,87.37656081692707
11.0,73.0,87.21666619688922
11.0,74.0,86.97963705488198
11.0,75.0,86.69634867158784
11.0,76.0,86.40235853620612
11.0,77.0,86.10152367735634
11.0,78.0,85.7990775904147
11.0,79.0,85.50993416082837
11.0,80.0,85.25520795570242
11.0,81.0,85.05913494435241
11.0,82.0,84.94639364782267
11.0,83.0,84.93982671737015
11.0,84.0,85.05856294191403
11.0,85.0,85.31653968445097
11.0,86.0,85.72142574743593
11.0,87.0,86.27394466712877
11.0,88.0,86.96759843690647
11.0,89.0,87.78879165954095
11.0,90.0,88.71735612844262
11.0,91.0,89.72747583786956
11.0,92.0,90.78901242210243
11.0,93.0,91.86923102358482
11.0,94.0,92.93492659002962
11.0,95.0,93.95495060049065
11.0,96.0,94.9031382204003
11.0,97.0,95.76163588557256
11.0,98.0,96.52462931517192
11.0,99.0,97.20247195364774
12.0,0.0,97.18303019514528
12.0,1.0,96.59473489743881
12.0,2.0,96.06569947367373
12.0,3.0,95.64380288115024
12.0,4.0,95.36494310304
12.0,5.0,95.25359811937219
12.0,6.0,95.32347769103892
12.0,7.0,95.57826595682066
12.0,8.0,96.01245484343106
12.0,9.0,96.61226828858149
12.0,10.0,97.35667727706526
12.0,11.0,98.21850568986139
12.0,12.0,99.16562696625817
12.0,13.0,100.16225157899626
12.0,14.0,101.17030532243137
12.0,15.0,102.15089841371683
12.0,16.0,103.06588540700552
12.0,17.0,103.87951592067164
12.0,18.0,104.56017617755202
12.0,19.0,105.08222135820719
12.0,20.0,105.42789876720192
12.0,21.0,105.5893618124056
12.0,22.0,105.57077479731211
12.0,23.0,105.39050852637939
12.0,24.0,105.08342672338877
12.0,25.0,104.70326326282367
12.0,26.0,104.31043210813792
12.0,27.0,103.92039349012254
12.0,28.0,103.5317994299419
12.0,29.0,103.1399592743898
12.0,30.0,102.73800961072425
12.0,31.0,102.31795086548223
12.0,32.0,101.87155058727458
12.0,33.0,101.39111341356075
12.0,34.0,100.87011772140379
12.0,35.0,100.30371896220528
12.0,36.0,99.68911968042029
12.0,37.0,99.02580621625242
12.0,38.0,98.31565209232886
12.0,39.0,97.56288808435548
12.0,40.0,96.77393897575199
12.0,41.0,95.95712699626714
12.0,42.0,95.12224194457389
12.0,43.0,94.27997799484471
12.0,44.0,93.4412371873069
12.0,45.0,92.61629960277786
12.0,46.0,91.81386022118056
12.0,47.0,91.03993246403893
12.0,48.0,90.29661842095328
12.0,49.0,89.58074576005583
12.0,50.0,88.88237132244632
12.0,51.0,88.19047750390631
12.0,52.0,87.51730132596236
12.0,53.0,86.88193386264527
12.0,54.0,86.30274054613102
12.0,55.0,85.79627939983024
12.0,56.0,85.37639944584045
12.0,57.0,85.05351928676104
12.0,58.0,84.83408586187116
12.0,59.0,84.72021337767025
12.0,60.0,84.70950241278153
12.0,61.0,84.79503919721813
12.0,62.0,84.9655750660121
12.0,63.0,85.20588608720621
12.0,64.0,85.49731286420857
12.0,65.0,85.81848051250986
12.0,66.0,86.1461988107637
12.0,67.0,86.45654252622944
12.0,68.0,86.726111914578
12.0,69.0,86.9334733940604
12.0,70.0,87.06078039403909
12.0,71.0,87.0955743778821
12.0,72.0,87.03276604021997
12.0,73.0,86.87679667856546
12.0,74.0,86.64397973929607
12.0,75.0,86.36502253799938
12.0,76.0,86.07578334147395
12.0,77.0,85.781983814924
12.0,78.0,85.49076188935037
12.0,79.0,85.21851932770288
12.0,80.0,84.98744499815106
12.0,81.0,84.82244432037334
12.0,82.0,84.74847488486489
12.0,83.0,84.78828824526431
12.0,84.0,84.96057788369876
12.0,85.0,85.27853334914789
12.0,86.0,85.74880056882638
12.0,87.0,86.37084833258511
12.0,88.0,87.13674095033106
12.0,89.0,88.03131708246576
12.0,90.0,89.03277474334259
12.0,91.0,90.11366247774242
12.0,92.0,91.24227671036832
12.0,93.0,92.38446526835853
12.0,94.0,93.50583707681838
12.0,95.0,94.57437802737067
12.0,96.0,95.5634730197249
12.0,97.0,96.45533417626491
12.0,98.0,97.24483522965548
12.0,99.0,97.94375208346732
13.0,0.0,97.95431177164203
13.0,1.0,97.32257747213444
13.0,2.0,96.74108465746495
13.0,3.0,96.25260495486924
13.0,4.0,95.89143193243731
13.0,5.0,95.68316536241866
13.0,6.0,95.64465566618003
13.0,7.0,95.78410854081542
13.0,8.0,96.10134976740883
13.0,9.0,96.58825020094922
13.0,10.0,97.2293109418981
13.0,11.0,98.0024086894095
13.0,12.0,98.87970127620245
13.0,13.0,99.82869338508588
13.0,14.0,100.81346244713605
13.0,15.0,101.79604472152634
13.0,16.0,102.73798155700966
13.0,17.0,103.60202583505318
13.0,18.0,104.35400859462557
13.0,19.0,104.96486583863673
13.0,20.0,105.41282552202998
13.0,21.0,105.68575472152668
13.0,22.0,105.7836669870234
13.0,23.0,105.72138987464135
13.0,24.0,105.53139266142863
13.0,25.0,105.2667742417145
13.0,26.0,104.98871099356698
13.0,27.0,104.71087263711686
13.0,28.0,104.42857900971254
13.0,29.0,104.13335700207405
13.0,30.0,103.81448517480017
13.0,31.0,103.46035311127565
13.0,32.0,103.05963550697926
13.0,33.0,102.6022809951921
13.0,34.0,102.08031570910657
13.0,35.0,101.4884615803357
13.0,36.0,100.82456937382315
13.0,37.0,100.08986645915354
13.0,38.0,99.28901931826339
13.0,39.0,98.43001078955254
13.0,40.0,97.52383204839599
13.0,41.0,96.58398932405638
13.0,42.0,95.62582535299684
13.0,43.0,94.66565556859442
13.0,44.0,93.71971902725397
13.0,45.0,92.80294407092258
13.0,46.0,91.92752872600443
13.0,47.0,91.10133583867623
13.0,48.0,90.32610294660316
13.0,49.0,89.5954668870551
13.0,50.0,88.89280314142378
13.0,51.0,88.19854322477222
13.0,52.0,87.5226310470748
13.0,53.0,86.88395127057908
13.0,54.0,86.30080896072586
13.0,55.0,85.78981498674985
13.0,56.0,85.3649545591855
13.0,57.0,85.03683890427855
13.0,58.0,84.81214007530264
13.0,59.0,84.6932089007814
13.0,60.0,84.677876069616
13.0,61.0,84.75943635311792
13.0,62.0,84.92681596394709
13.0,63.0,85.16492305195553
13.0,64.0,85.45518133693625
13.0,65.0,85.7762468782775
13.0,66.0,86.10490798152249
13.0,67.0,86.41716824183435
13.0,68.0,86.68951272436655
13.0,69.0,86.90035728153867
13.0,70.0,87.03168100721749
13.0,71.0,87.07084182780346
13.0,72.0,87.01257523022261
13.0,73.0,86.86117612682372
13.0,74.0,86.63286385718096
13.0,75.0,86.35833032680173
13.0,76.0,86.07372723679552
13.0,77.0,85.7859060878604
13.0,78.0,85.50318782142239
13.0,79.0,85.24296177594645
13.0,80.0,85.02819040861046
13.0,81.0,84.88432600824595
13.0,82.0,84.83663939954587
13.0,83.0,84.90796063853908
13.0,84.0,85.11683169933181
13.0,85.0,85.4760711521159
13.0,86.0,85.99175083244396
13.0,87.0,86.66258450177133
13.0,88.0,87.47972849926501
13.0,89.0,88.42699438487938
13.0,90.0,89.48147357369876
13.0,91.0,90.6145739615469
13.0,92.0,91.79346854186328
13.0,93.0,92.98295601384635
13.0,94.0,94.14773338186355
13.0,95.0,95.2550805461282
13.0,96.0,96.27795688464334
13.0,97.0,97.19850982641236
13.0,98.0,98.01199541591647
13.0,99.0,98.73111086885916
14.0,0.0,98.762397258356
14.0,1.0,98.0876733556987
14.0,2.0,97.45371106812023
14.0,3.0,96.89779719304326
14.0,4.0,96.45233310263984
14.0,5.0,96.14383940523606
14.0,6.0,95.99218927240247
14.0,7.0,96.01007043172997
14.0,8.0,96.20267582529164
14.0,9.0,96.56762293378996
14.0,10.0,97.09510176638996
14.0,11.0,97.76825151623787
14.0,12.0,98.56376588166547
14.0,13.0,99.45272705308025
14.0,14.0,100.40166836554097
14.0,15.0,101.37386561701922
14.0,16.0,102.33085705234637
14.0,17.0,103.2341920128464
14.0,18.0,104.04740825165425
14.0,19.0,104.7382379147199
14.0,20.0,105.28104218749823
14.0,21.0,105.65947460732433
14.0,22.0,105.86937304147469
14.0,23.0,105.9218803309139
14.0,24.0,105.8467935997272
14.0,25.0,105.69614223023855
14.0,26.0,105.53161909525275
14.0,27.0,105.36608593390184
14.0,28.0,105.19257102974619
14.0,29.0,104.99956214042595
14.0,30.0,104.7729498993933
14.0,31.0,104.4977346689093
14.0,32.0,104.1594968443053
14.0,33.0,103.74563060950882
14.0,34.0,103.24634114383434
14.0,35.0,102.65540528003828
14.0,36.0,101.9706956136388
14.0,37.0,101.19446806350015
14.0,38.0,100.33341288368166
14.0,39.0,99.39846912655108
14.0,40.0,98.40440255716283
14.0,41.0,97.36914701890056
14.0,42.0,96.31290925038454
14.0,43.0,95.25703715364335
14.0,44.0,94.22265151355047
14.0,45.0,93.2290411685252
14.0,46.0,92.29182163249827
14.0,47.0,91.42085716814208
14.0,48.0,90.61794631136547
14.0,49.0,89.874270847073
14.0,50.0,89.16760823618903
14.0,51.0,88.47104877312711
14.0,52.0,87.79267247079547
14.0,53.0,87.15131423894992
14.0,54.0,86.56532680834505
14.0,55.0,86.05143817132647
14.0,56.0,85.62379508409249
14.0,57.0,85.29319263062467
14.0,58.0,85.06648984828766
14.0,59.0,84.94621141509802
14.0,60.0,84.93033539866245
14.0,61.0,85.01226706678483
14.0,62.0,85.18099875974258
14.0,63.0,85.4214558242322
14.0,64.0,85.71502860898373
14.0,65.0,86.0402905220446
14.0,66.0,86.37390214973239
14.0,67.0,86.69170143725692
14.0,68.0,86.9699799310113
14.0,69.0,87.18694508253225
14.0,70.0,87.32436861412944
14.0,71.0,87.3694209461841
14.0,72.0,87.31669168611661
14.0,73.0,87.17039617902337
14.0,74.0,86.94676811998269
14.0,75.0,86.67663822802984
14.0,76.0,86.39642388526869
14.0,77.0,86.11327861908092
14.0,78.0,85.83589429671953
14.0,79.0,85.58208022010035
14.0,80.0,85.37522648670762
14.0,81.0,85.24118508581954
14.0,82.0,85.20556873005357
14.0,83.0,85.2914674222317
14.0,84.0,85.51758275756556
14.0,85.0,85.89677996116127
14.0,86.0,86.43505766084436
14.0,87.0,87.13093539530442
14.0,88.0,87.97525885755957
14.0,89.0,88.95142287374097
14.0,90.0,90.03601211719702
14.0,91.0,91.19985955791745
14.0,92.0,92.40952264727743
14.0,93.0,93.62917723810129
14.0,94.0,94.82292924004636
14.0,95.0,95.95754401030644
14.0,96.0,97.00559347963528
14.0,97.0,97.94902101368996
14.0,98.0,98.7831240096939
14.0,99.0,99.52095422842011
15.0,0.0,99.5629509855132
15.0,1.0,98.84678238326171
15.0,2.0,98.16170922877517
15.0,3.0,97.53932182886004
15.0,4.0,97.0099082364365
15.0,5.0,96.60069694452812
15.0,6.0,96.33439411030416
15.0,7.0,96.22801530917434
15.0,8.0,96.29201181893613
15.0,9.0,96.52969143397448
15.0,10.0,96.93693380951422
15.0,11.0,97.50220033592474
15.0,12.0,98.20683854307744
15.0,13.0,99.02568103475541
15.0,14.0,99.92793895311586
15.0,15.0,100.8783899732049
15.0,16.0,101.83886082752493
15.0,17.0,102.77000436065441
15.0,18.0,103.6333711139203
15.0,19.0,104.39377544012292
15.0,20.0,105.02195614831324
15.0,21.0,105.49753167862283
15.0,22.0,105.8122498071463
15.0,23.0,105.97353188087602
15.0,24.0,106.00831158268976
15.0,25.0,105.96716822639038
15.0,26.0,105.91208460129864
15.0,27.0,105.85614082556977
15.0,28.0,105.79118827120472
15.0,29.0,105.70350699400385
15.0,30.0,105.57616236206178
15.0,31.0,105.39107581216109
15.0,32.0,105.13080973406522
15.0,33.0,104.78006648271032
15.0,34.0,104.3269015182961
15.0,35.0,103.76365067427568
15.0,36.0,103.08757155324464
15.0,37.0,102.3011990507289
15.0,38.0,101.41241500687164
15.0,39.0,100.4342319860194
15.0,40.0,99.38429118420703
15.0,41.0,98.28407446454179
15.0,42.0,97.15783052048633
15.0,43.0,96.03121516704088
15.0,44.0,94.92964575982434
15.0,45.0,93.87636974205441
15.0,46.0,92.89024731942673
15.0,47.0,91.98324826289314
15.0,48.0,91.15766283933887
15.0,49.0,90.40302687015871
15.0,50.0,89.69276091773239
15.0,51.0,88.99402609359822
15.0,52.0,88.31351589210351
15.0,53.0,87.67017073911344
15.0,54.0,87.08249600887969
15.0,55.0,86.56739700882078
15.0,56.0,86.13920283885669
15.0,57.0,85.80887912529768
15.0,58.0,85.58342962928717
15.0,59.0,85.46548672979898
15.0,60.0,85.45309078118868
15.0,61.0,85.53965834529909
15.0,62.0,85.71413929812005
15.0,63.0,85.9613628110024
15.0,64.0,86.26257220642604
15.0,65.0,86.59614868832226
15.0,66.0,86.93852394695028
15.0,67.0,87.26528163832796
15.0,68.0,87.55244773821664
15.0,69.0,87.77796977066029
15.0,70.0,87.92338491107871
15.0,71.0,87.97567696391516
15.0,72.0,87.92932221483781
15.0,73.0,87.78852415749577
15.0,74.0,87.5696370948291
15.0,75.0,87.30377861493298
15.0,76.0,87.02758490418475
15.0,77.0,86.7476322474265
15.0,78.0,86.47212145543313
15.0,79.0,86.21867533785283
15.0,80.0,86.01073777097275
15.0,81.0,85.87439602513493
15.0,82.0,85.83562635180205
15.0,83.0,85.91796283027357
15.0,84.0,86.14058947405168
15.0,85.0,86.51685559685745
15.0,86.0,87.0532144382971
15.0,87.0,87.74858504917817
15.0,88.0,88.59413743647599
15.0,89.0,89.57350096795004
15.0,90.0,90.66339603641052
15.0,91.0,91.83468898363489
15.0,92.0,93.05387028393461
15.0,93.0,94.28495598737182
15.0,94.0,95.49181242262615
15.0,95.0,96.6409041595117
15.0,96.0,97.70446523114396
15.0,97.0,98.66409361575684
15.0,98.0,99.51476897816984
15.0,99.0,100.2692936709053
16.0,0.0,100.31130628689395
16.0,1.0,99.55627415522265
16.0,2.0,98.82277380657835
16.0,3.0,98.13666637277208
16.0,4.0,97.52598415218117
16.0,5.0,97.01844895086772
16.0,6.0,96.63934656578071
16.0,7.0,96.40975741004164
16.0,8.0,96.3451432803137
16.0,9.0,96.45429026625474
16.0,10.0,96.73860780205358
16.0,11.0,97.19178386005008
16.0,12.0,97.79979628643876
16.0,13.0,98.54128027905594
16.0,14.0,99.38825200725061
16.0,15.0,100.30718837383876
16.0,16.0,101.26046291914132
16.0,17.0,102.20813786710582
16.0,18.0,103.11011231351146
16.0,19.0,103.92862655625788
16.0,20.0,104.63112256773749
16.0,21.0,105.19346060929139
16.0,22.0,105.60349198774895
16.0,23.0,105.86498795405075
16.0,24.0,106.00192474395548
16.0,25.0,106.06312476083012
16.0,26.0,106.11066502307885
16.0,27.0,106.15886399192406
16.0,28.0,106.19953065548448
16.0,29.0,106.21761705605425
16.0,30.0,106.19399207510929
16.0,31.0,106.10788320726272
16.0,32.0,105.938986323169
16.0,33.0,105.6692434213774
16.0,34.0,105.28428836913405
16.0,35.0,104.77456063213326
16.0,36.0,104.1360869932176
16.0,37.0,103.3709312600271
16.0,38.0,102.48731196159729
16.0,39.0,101.49938803390621
16.0,40.0,100.4267124943706
16.0,41.0,99.29335410529072
16.0,42.0,98.12668702624435
16.0,43.0,96.95584845542975
16.0,44.0,95.8098642599575
16.0,45.0,94.71544259509135
16.0,46.0,93.69443551243806
16.0,47.0,92.76096855708614
16.0,48.0,91.9182383536937
16.0,49.0,91.1549781815249
16.0,50.0,90.44159153843593
16.0,51.0,89.74085792678
16.0,52.0,89.05858694520309
16.0,53.0,88.41397068781359
16.0,54.0,87.82576383963203
16.0,55.0,87.3111020784207
16.0,56.0,86.88451198234696
16.0,57.0,86.5571124434803
16.0,58.0,86.33600758712328
16.0,59.0,86.22387119697598
16.0,60.0,86.21872264613437
16.0,61.0,86.3138943339224
16.0,62.0,86.49819062855778
16.0,63.0,86.7562383156515
16.0,64.0,87.06902855254117
16.0,65.0,87.41465032845804
16.0,66.0,87.76921543052777
16.0,67.0,88.10797491560497
16.0,68.0,88.40662708794147
16.0,69.0,88.64281698268833
16.0,70.0,88.7978273552316
16.0,71.0,88.85846117636183
16.0,72.0,88.81911563327726
16.0,73.0,88.6840476364209
16.0,74.0,88.4698308321512
16.0,75.0,88.20800412124655
16.0,76.0,87.9353585160736
16.0,77.0,87.65700513643267
16.0,78.0,87.3797838308877
16.0,79.0,87.1205150894359
16.0,80.0,86.9023128983966
16.0,81.0,86.75132602261874
16.0,82.0,86.69390771500662
16.0,83.0,86.75421385336426
16.0,84.0,86.95222950455812
16.0,85.0,87.30222391599824
16.0,86.0,87.8116339344379
16.0,87.0,88.4803758520916
16.0,88.0,89.3005856800716
16.0,89.0,90.25678784914291
16.0,90.0,91.32649233779655
16.0,91.0,92.48122022764143
16.0,92.0,93.68795768611466
16.0,93.0,94.91103837651015
16.0,94.0,96.11445429532583
16.0,95.0,97.2645950369292
16.0,96.0,98.33341548554137
16.0,97.0,99.3020319345395
16.0,98.0,100.16474663307777
16.0,99.0,100.93350076002669
17.0,0.0,100.96443914385436
17.0,1.0,100.17405815824466
17.0,2.0,99.39603706116485
17.0,3.0,98.65065893081777
17.0,4.0,97.96364472985898
17.0,5.0,97.36300348034527
17.0,6.0,96.87629447845524
17.0,7.0,96.52830154898146
17.0,8.0,96.33911933959486
17.0,9.0,96.3226516548805
17.0,10.0,96.48552183014563
17.0,11.0,96.82639514499924
17.0,12.0,97.33571327670373
17.0,13.0,97.99584079329824
17.0,14.0,98.78162368649393
17.0,15.0,99.66135994434103
17.0,16.0,100.59818216366784
17.0,17.0,101.5518522022915
17.0,18.0,102.48096787100059
17.0,19.0,103.34558166530964
17.0,20.0,104.11023153698547
17.0,21.0,104.74738370534534
17.0,22.0,105.24128750832703
17.0,23.0,105.59224229333059
17.0,24.0,105.8212763478322
17.0,25.0,105.97523786976966
17.0,26.0,106.11614311092613
17.0,27.0,106.26051419875844
17.0,28.0,106.40121898268708
17.0,29.0,106.5227688147652
17.0,30.0,106.60450253066902
17.0,31.0,106.62339655994519
17.0,32.0,106.55650116551499
17.0,33.0,106.38300281243552
17.0,34.0,106.08591266591789
17.0,35.0,105.65338121860214
17.0,36.0,105.07963904708926
17.0,37.0,104.36556369773012
17.0,38.0,103.51887270167123
17.0,39.0,102.55394271915753
17.0,40.0,101.49125481309206
17.0,41.0,100.35646585185258
17.0,42.0,99.17910604136509
17.0,43.0,97.99090258643432
17.0,44.0,96.82372948133107
17.0,45.0,95.70718342963664
17.0,46.0,94.66578589334397
17.0,47.0,93.71581127121584
17.0,48.0,92.86174120640011
17.0,49.0,92.09234502330152
17.0,50.0,91.37638629371087
17.0,51.0,90.67387548677173
17.0,52.0,89.9902429198163
17.0,53.0,89.34506232717845
17.0,54.0,88.75742134708231
17.0,55.0,88.24472931170479
17.0,56.0,87.82171893030747
17.0,57.0,87.49964186543826
17.0,58.0,87.28565820220234
17.0,59.0,87.18241981060268
17.0,60.0,87.1878476009501
17.0,61.0,87.29510267234284
17.0,62.0,87.49275135421559
17.0,63.0,87.76512414095804
17.0,64.0,88.09286851960296
17.0,65.0,88.45369569058381
17.0,66.0,88.82332118156175
17.0,67.0,89.17659935432235
17.0,68.0,89.48885180474151
17.0,69.0,89.73738965582132
17.0,70.0,89.90322974379491
17.0,71.0,89.97300469730129
17.0,72.0,89.94106690962936
17.0,73.0,89.81178640403155
17.0,74.0,89.60204259210713
17.0,75.0,89.34390992525458
17.0,76.0,89.07425586673395
17.0,77.0,88.79587153358818
17.0,78.0,88.51339888435155
17.0,79.0,88.24225977627225
17.0,80.0,88.00486275311263
17.0,81.0,87.82724294864931
17.0,82.0,87.73613510587353
17.0,83.0,87.75647971189159
17.0,84.0,87.90936224852517
17.0,85.0,88.21038555861206
17.0,86.0,88.66847532800661
17.0,87.0,89.28511868328056
17.0,88.0,90.05403590512374
17.0,89.0,90.96128525744501
17.0,90.0,91.98580093217313
17.0,91.0,93.10036410975783
17.0,92.0,94.27300713537095
17.0,93.0,95.4688508108075
17.0,94.0,96.65237480208708
17.0,95.0,97.79012116275511
17.0,96.0,98.85383097288435
17.0,97.0,99.82401409377633
17.0,98.0,100.69395203836294
17.0,99.0,101.47413395730818
18.0,0.0,101.48311443335218
18.0,1.0,100.66168617318948
18.0,2.0,99.84411251459063
18.0,3.0,99.04542858806663
18.0,4.0,98.2890786602221
18.0,5.0,97.60317059542271
18.0,6.0,97.01719131749988
18.0,7.0,96.55918327149305
18.0,8.0,96.25338188542929
18.0,9.0,96.1183140321403
18.0,10.0,96.16535749111704
18.0,11.0,96.39776141040146
18.0,12.0,96.81012776851601
18.0,13.0,97.38835383643035
18.0,14.0,98.11003563956552
18.0,15.0,98.94533241983565
18.0,16.0,99.85829209772692
18.0,17.0,100.80863773441415
18.0,18.0,101.75401499391462
18.0,19.0,102.6527006052795
18.0,20.0,103.4667718248226
18.0,21.0,104.16573689838648
18.0,22.0,104.7306265236463
18.0,23.0,105.15854631245055
18.0,24.0,105.46769025319989
18.0,25.0,105.70281517326282
18.0,26.0,105.92576956342407
18.0,27.0,106.15614642593076
18.0,28.0,106.38889113888666
18.0,29.0,106.6089299582742
18.0,30.0,106.79474654117512
18.0,31.0,106.92154793373278
18.0,32.0,106.96402002385645
18.0,33.0,106.89867245866711
18.0,34.0,106.70577302668511
18.0,35.0,106.37087150475965
18.0,36.0,105.8859129697399
18.0,37.0,105.24994057488794
18.0,38.0,104.46938779103343
18.0,39.0,103.55796011247
18.0,40.0,102.53610622759354
18.0,41.0,101.43007865428206
18.0,42.0,100.27058384001741
18.0,43.0,99.09102172674869
18.0,44.0,97.92531478049753
18.0,45.0,96.80532648570502
18.0,46.0,95.75786930432038
18.0,47.0,94.80130209963146
18.0,48.0,93.94171702483703
18.0,49.0,93.1687158763606
18.0,50.0,92.45077591190629
18.0,51.0,91.74674513497484
18.0,52.0,91.06215877721058
18.0,53.0,90.41708006063125
18.0,54.0,89.83099634185831
18.0,55.0,89.32162209550535
18.0,56.0,88.90389788159337
18.0,57.0,88.58918529699338
18.0,58.0,88.38465791089611
18.0,59.0,88.29288818430868
18.0,60.0,88.31163037357855
18.0,61.0,88.43379941794466
18.0,62.0,88.64764581111538
18.0,63.0,88.93712645687401
18.0,64.0,89.28247150871103
18.0,65.0,89.66094719348368
18.0,66.0,90.04781461910265
18.0,67.0,90.41748456624582
18.0,68.0,90.74486826409915
18.0,69.0,91.0069241501248
18.0,70.0,91.18440061385616
18.0,71.0,91.26377472472016
18.0,72.0,91.2393869438868
18.0,73.0,91.11577182014545
18.0,74.0,90.91018466980874
18.0,75.0,90.65532424064315
18.0,76.0,90.38804501024788
18.0,77.0,90.10803468008282
18.0,78.0,89.81697091162737
18.0,79.0,89.52832683887267
18.0,80.0,89.26345490420424
18.0,81.0,89.04810791649432
18.0,82.0,88.90939733140435
18.0,83.0,88.87318875389744
18.0,84.0,88.96193466296067
18.0,85.0,89.1929443585376
18.0,86.0,89.57709113067051
18.0,87.0,90.1179566508528
18.0,88.0,90.81141258559134
18.0,89.0,91.6456394321787
18.0,90.0,92.60158257667545
18.0,91.0,93.65384557410248
18.0,92.0,94.77202065084315
18.0,93.0,95.92245642925556
18.0,94.0,97.07046287449478
18.0,95.0,98.18295346354493
18.0,96.0,99.23152457646145
18.0,97.0,100.19597210982315
18.0,98.0,101.06824531239437
18.0,99.0,101.85683784299711
19.0,0.0,101.83420477997753
19.0,1.0,100.98662696999168
19.0,2.0,100.13530884272855
19.0,3.0,99.290530857189
19.0,4.0,98.47358307699508
19.0,5.0,97.71250939499316
19.0,6.0,97.03835386484938
19.0,7.0,96.48190913963792
19.0,8.0,96.0709670174219
19.0,9.0,95.82807109382688
19.0,10.0,95.76877152160688
19.0,11.0,95.90038187720332
19.0,12.0,96.22123813429626
19.0,13.0,96.72045974434855
19.0,14.0,97.3782128241424
19.0,15.0,98.16647545030878
19.0,16.0,99.05030506084931
19.0,17.0,99.98960796365078
19.0,18.0,100.94141095199247
19.0,19.0,101.86263502704587
19.0,20.0,102.71337122736725
19.0,21.0,103.46065856538272
19.0,22.0,104.08276407086599
19.0,23.0,104.5739649414087
19.0,24.0,104.94983279988355
19.0,25.0,105.25302005889976
19.0,26.0,105.54515253030367
19.0,27.0,105.84962727223132
19.0,28.0,106.16436077219403
19.0,29.0,106.4754819784305
19.0,30.0,106.76127387522206
19.0,31.0,106.99567373948554
19.0,32.0,107.15133207864358
19.0,33.0,107.20223024977251
19.0,34.0,107.12585676002787
19.0,35.0,106.9049422483474
19.0,36.0,106.52875314843153
19.0,37.0,105.99394403300165
19.0,38.0,105.3049686393356
19.0,39.0,104.47404957608101
19.0,40.0,103.52070671134601
19.0,41.0,102.47084424206756
19.0,42.0,101.35539644465733
19.0,43.0,100.20853210692509
19.0,44.0,99.06541764127974
19.0,45.0,97.95953887920777
19.0,46.0,96.91958154702938
19.0,47.0,95.96587042293208
19.0,48.0,95.10636717528196
19.0,49.0,94.33222688221217
19.0,50.0,93.61291323248953
19.0,51.0,92.90764405014971
19.0,52.0,92.22250286596055
19.0,53.0,91.57812374471654
19.0,54.0,90.99444097690761
19.0,55.0,90.48949264917195
19.0,56.0,90.07842195434027
19.0,57.0,89.77267624107164
19.0,58.0,89.57940380308101
19.0,59.0,89.50104840795808
19.0,60.0,89.53514156557799
19.0,61.0,89.67429253610331
19.0,62.0,89.90637607757779
19.0,63.0,90.2149179331116
19.0,64.0,90.57967805765803
19.0,65.0,90.97743158438197
19.0,66.0,91.38294753061984
19.0,67.0,91.77016524343091
19.0,68.0,92.11356858474052
19.0,69.0,92.38975785607462
19.0,70.0,92.5792194628859
19.0,71.0,92.6682933184716
19.0,72.0,92.6513379874827
19.0,73.0,92.53309356902489
19.0,74.0,92.33124231935089
19.0,75.0,92.07916701414445
19.0,76.0,91.81361256098054
19.0,77.0,91.5304838710448
19.0,78.0,91.22783032142299
19.0,79.0,90.91669539398379
19.0,80.0,90.61706433263693
19.0,81.0,90.35425247062017
19.0,82.0,90.15573422781473
19.0,83.0,90.04841277808964
19.0,84.0,90.05633038667446
19.0,85.0,90.19881941756091
19.0,86.0,90.48909401093312
19.0,87.0,90.93328243062633
19.0,88.0,91.52990008161464
19.0,89.0,92.269763197527
19.0,90.0,93.13634319819222
19.0,91.0,94.10656171721244
19.0,92.0,95.15202629956532
19.0,93.0,96.24070676923488
19.0,94.0,97.3390522668711
19.0,95.0,98.41454895747796
19.0,96.0,99.43871840813047
19.0,97.0,100.39055663572005
19.0,98.0,101.26041382472874
19.0,99.0,102.05431471503209
20.0,0.0,101.99318201198815
20.0,1.0,101.12471328947247
20.0,2.0,100.24601398812513
20.0,3.0,99.36323819214982
20.0,4.0,98.49572307214973
20.0,5.0,97.67131715364648
20.0,6.0,96.92224340580619
20.0,7.0,96.28149715037216
20.0,8.0,95.77977879080456
20.0,9.0,95.44296136162677
20.0,10.0,95.29009289797875
20.0,11.0,95.33193362537705
20.0,12.0,95.57002796968182
20.0,13.0,95.99631138727058
20.0,14.0,96.59325201541878
20.0,15.0,97.33452714288731
20.0,16.0,98.18623450071668
20.0,17.0,99.10863837322825
20.0,18.0,100.05845052923205
20.0,19.0,100.99164597344168
20.0,20.0,101.86681351809582
20.0,21.0,102.64904117478673
20.0,22.0,103.31433636649555
20.0,23.0,103.8545809598343
20.0,24.0,104.28302111749498
20.0,25.0,104.64029197090525
20.0,26.0,104.98779390894425
20.0,27.0,105.35330163704593
20.0,28.0,105.73843843761762
20.0,29.0,106.13122517331176
20.0,30.0,106.51035118881175
20.0,31.0,106.84897939619032
20.0,32.0,107.11808554384064
20.0,33.0,107.28933166898
20.0,34.0,107.33747373372621
20.0,35.0,107.24230344474663
20.0,36.0,106.99012425647966
20.0,37.0,106.57476155792925
20.0,38.0,105.9981070430317
20.0,39.0,105.27019726459523
20.0,40.0,104.40882637181228
20.0,41.0,103.43869303134433
20.0,42.0,102.39008153197938
20.0,43.0,101.29707707286217
20.0,44.0,100.19531523529692
20.0,45.0,99.11926563812284
20.0,46.0,98.09904977666211
20.0,47.0,97.15679304524069
20.0,48.0,96.30251094328173
20.0,49.0,95.52952946497138
20.0,50.0,94.80943967249773
20.0,51.0,94.10322489473218
20.0,52.0,93.41790233744427
20.0,53.0,92.77472943684158
20.0,54.0,92.19411390887241
20.0,55.0,91.69442267623475
20.0,56.0,91.29098993206783
20.0,57.0,90.99532434032604
20.0,58.0,90.81451537283546
20.0,59.0,90.75083878303298
20.0,60.0,90.80156121638775
20.0,61.0,90.95894395750541
20.0,62.0,91.21044581391452
20.0,63.0,91.53912513653584
20.0,64.0,91.92424097683389
20.0,65.0,92.34205338065112
20.0,66.0,92.76682281872466
20.0,67.0,93.17200875388545
20.0,68.0,93.53166734493998
20.0,69.0,93.82204828723462
20.0,70.0,94.02339078990228
20.0,71.0,94.12191868979177
20.0,72.0,94.11203470207958
20.0,73.0,93.9987138075642
20.0,74.0,93.80009577664306
20.0,75.0,93.55027682997172
20.0,76.0,93.28579301256434
20.0,77.0,92.99821566626726
20.0,78.0,92.68142828550194
20.0,79.0,92.34365051098605
20.0,80.0,92.00324044731525
20.0,81.0,91.68494039437296
20.0,82.0,91.41656599256791
20.0,83.0,91.22613878189968
20.0,84.0,91.13946217485191
20.0,85.0,91.17814084311367
20.0,86.0,91.3580435181284
20.0,87.0,91.68820920547097
20.0,88.0,92.17019681305247
20.0,89.0,92.7978781931529
20.0,90.0,93.55767459828178
20.0,91.0,94.4292365508666
20.0,92.0,95.38656712676914
20.0,93.0,96.3995886526296
20.0,94.0,97.43615281703885
20.0,95.0,98.46449419553811
20.0,96.0,99.45612718944705
20.0,97.0,100.38918637851927
20.0,98.0,101.25221028742597
20.0,99.0,102.04836856606737
21.0,0.0,101.94678122134935
21.0,1.0,101.06276111209318
21.0,2.0,100.16324949431869
21.0,3.0,99.25099556702685
21.0,4.0,98.34364709424945
21.0,5.0,97.46876057014026
21.0,6.0,96.65937042703763
21.0,7.0,95.95011728649847
21.0,8.0,95.3739352533036
21.0,9.0,94.95929825243455
21.0,10.0,94.72802540902165
21.0,11.0,94.69364547126362
21.0,12.0,94.86032027631842
21.0,13.0,95.22232725916564
21.0,14.0,95.7641010044401
21.0,15.0,96.46083384123706
21.0,16.0,97.27963548088859
21.0,17.0,98.18125169771147
21.0,18.0,99.12234205272645
21.0,19.0,100.05831666034886
21.0,20.0,100.94673199805071
21.0,21.0,101.75124575899396
21.0,22.0,102.44613074763555
21.0,23.0,103.0213478183033
21.0,24.0,103.48817785674379
21.0,25.0,103.88541280464112
21.0,26.0,104.2742724344788
21.0,27.0,104.68731067881336
21.0,28.0,105.13041521072105
21.0,29.0,105.59406604849536
21.0,30.0,106.0578942519883
21.0,31.0,106.49475666300035
21.0,32.0,106.87432668971876
21.0,33.0,107.16620113520446
21.0,34.0,107.34252306992757
21.0,35.0,107.3801207483512
21.0,36.0,107.26216256956403
21.0,37.0,106.97932808196126
21.0,38.0,106.53049503197407
21.0,39.0,105.92294245684774
21.0,40.0,105.17206982146813
21.0,41.0,104.30063219923677
21.0,42.0,103.33749149699446
21.0,43.0,102.31588372399337
21.0,44.0,101.27120230491767
21.0,45.0,100.2382974369527
21.0,46.0,99.24829149090269
21.0,47.0,98.32491045635682
21.0,48.0,97.48033143090412
21.0,49.0,96.71054615339652
21.0,50.0,95.99024058126082
21.0,51.0,95.28336947740955
21.0,52.0,94.59819826107407
21.0,53.0,93.95663159893297
21.0,54.0,93.37955704266699
21.0,55.0,92.8856632904679
21.0,56.0,92.49045861971712
21.0,57.0,92.20548949083425
21.0,58.0,92.03775932229543
21.0,59.0,91.98934743682152
21.0,60.0,92.05722817873617
21.0,61.0,92.23329020249369
21.0,62.0,92.50455593237673
21.0,63.0,92.85360119336397
21.0,64.0,93.25917501316735
21.0,65.0,93.69701959543953
21.0,66.0,94.1408904641508
21.0,67.0,94.56377677913615
21.0,68.0,94.93932182281196
21.0,69.0,95.24344365806277
21.0,70.0,95.45615595729753
21.0,71.0,95.5635890026761
21.0,72.0,95.56021085750531
21.0,73.0,95.45124870880498
21.0,74.0,95.25531038104381
21.0,75.0,95.00720602104494
21.0,76.0,94.74316572386795
21.0,77.0,94.4500192514244
21.0,78.0,94.11708676061416
21.0,79.0,93.74946722754225
21.0,80.0,93.36369039026482
21.0,81.0,92.98381413703127
21.0,82.0,92.63796734002266
21.0,83.0,92.35533813458633
21.0,84.0,92.1636076439668
21.0,85.0,92.08682914953275
21.0,86.0,92.14375270650046
21.0,87.0,92.34659520515332
21.0,88.0,92.70025587755757
21.0,89.0,93.20197724977437
21.0,90.0,93.84145153956807
21.0,91.0,94.60137249961063
21.0,92.0,95.45843270618236
21.0,93.0,96.38476629336893
21.0,94.0,97.34983713275442
21.0,95.0,98.32277245861084
21.0,96.0,99.27514193858377
21.0,97.0,100.1841821898742
21.0,98.0,101.03646674091661
21.0,99.0,101.83202143855341
22.0,0.0,101.6958374277787
22.0,1.0,100.80136121364835
22.0,2.0,99.88739506161876
22.0,3.0,98.95404111995298
22.0,4.0,98.01755822986333
22.0,5.0,97.1051491250768
22.0,6.0,96.25032282196484
22.0,7.0,95.48883220023767
22.0,8.0,94.85518677420332
22.0,9.0,94.37974065459116
22.0,10.0,94.08635570094003
22.0,11.0,93.99063986455086
22.0,12.0,94.09876072200395
22.0,13.0,94.40683419924083
22.0,14.0,94.90088848621063
22.0,15.0,95.557403142081
22.0,16.0,96.34442339101373
22.0,17.0,97.22324960850482
22.0,18.0,98.1507019982891
22.0,19.0,99.08196045980962
22.0,20.0,99.9739796462514
22.0,21.0,100.78947921313971
22.0,22.0,101.50150925750333
22.0,23.0,102.09859094760174
22.0,24.0,102.59043234321749
22.0,25.0,103.01421940651275
22.0,26.0,103.43107356350366
22.0,27.0,103.87856105027753
22.0,28.0,104.3672087700776
22.0,29.0,104.89038711708382
22.0,30.0,105.42911247086059
22.0,31.0,105.95635364252337
22.0,32.0,106.44084227262407
22.0,33.0,106.85038718075518
22.0,34.0,107.15469266687275
22.0,35.0,107.32768076433808
22.0,36.0,107.34931744467833
22.0,37.0,107.20694277406574
22.0,38.0,106.89610502151574
22.0,39.0,106.42089871880388
22.0,40.0,105.79380667210148
22.0,41.0,105.03504592533005
22.0,42.0,104.1714176752346
22.0,43.0,103.23466113817558
22.0,44.0,102.25931136863984
22.0,45.0,101.28006102947008
22.0,46.0,100.32862611381333
22.0,47.0,99.43011561878811
22.0,48.0,98.59890517087044
22.0,49.0,97.83401460299845
22.0,50.0,97.11398948339613
22.0,51.0,96.40673141195637
22.0,52.0,95.72199043926183
22.0,53.0,95.08231675700847
22.0,54.0,94.50906685925798
22.0,55.0,94.02123421635314
22.0,56.0,93.63448080962202
22.0,57.0,93.36036952687125
22.0,58.0,93.205797418668
22.0,59.0,93.17262981541103
22.0,60.0,93.25753530519056
22.0,61.0,93.45202157243716
22.0,62.0,93.74267209735943
22.0,63.0,94.11158371617071
22.0,64.0,94.53700504210462
22.0,65.0,94.99417574721957
22.0,66.0,95.45636670499215
22.0,67.0,95.89612099369945
22.0,68.0,96.28669576059035
22.0,69.0,96.60370494684558
22.0,70.0,96.82696287332688
22.0,71.0,96.94252868711492
22.0,72.0,96.94495166883623
22.0,73.0,96.839717400779
22.0,74.0,96.64589479579784
22.0,75.0,96.39898398700741
22.0,76.0,96.13481957195013
22.0,77.0,95.8352259497769
22.0,78.0,95.48470388220674
22.0,79.0,95.08503430449633
22.0,80.0,94.6507786309393
22.0,81.0,94.20522586023064
22.0,82.0,93.7767864806959
22.0,83.0,93.39583317538536
22.0,84.0,93.09198832703316
22.0,85.0,92.89185832288132
22.0,86.0,92.81721465936874
22.0,87.0,92.8836218466851
22.0,88.0,93.09951211318972
22.0,89.0,93.46570690969526
22.0,90.0,93.97538521361653
22.0,91.0,94.61449863298407
22.0,92.0,95.3626333103227
22.0,93.0,96.19431862639512
22.0,94.0,97.08078270381021
22.0,95.0,97.99215471049651
22.0,96.0,98.90011396304047
22.0,97.0,99.78098582988972
22.0,98.0,100.61928443442117
22.0,99.0,101.41170215787423
23.0,0.0,101.25829484679505
23.0,1.0,100.35784300789821
23.0,2.0,99.43508332434637
23.0,3.0,98.48819186218282
23.0,4.0,97.53234136804943
23.0,5.0,96.59435054778557
23.0,6.0,95.70791760354342
23.0,7.0,94.9094380294199
23.0,8.0,94.23440666560502
23.0,9.0,93.71440401104675
23.0,10.0,93.37466679463233
23.0,11.0,93.2322428048862
23.0,12.0,93.29472997818421
23.0,13.0,93.55959974548458
23.0,14.0,94.01410463757513
23.0,15.0,94.63577014883712
23.0,16.0,95.39347085952559
23.0,17.0,96.24909081656612
23.0,18.0,97.1597681728681
23.0,19.0,98.08072408515457
23.0,20.0,98.96867587030847
23.0,21.0,99.78583442023542
23.0,22.0,100.50448587524296
23.0,23.0,101.11215755593629
23.0,24.0,101.6173681536306
23.0,25.0,102.05596217927967
23.0,26.0,102.4890661513925
23.0,27.0,102.95934541053407
23.0,28.0,103.48217194852118
23.0,29.0,104.05409909848484
23.0,30.0,104.65786570501247
23.0,31.0,105.26689745535815
23.0,32.0,105.84930537172109
23.0,33.0,106.37138146459206
23.0,34.0,106.80059154716807
23.0,35.0,107.10806521083501
23.0,36.0,107.27058296171853
23.0,37.0,107.27206051830295
23.0,38.0,107.1045302701183
23.0,39.0,106.76861989749544
23.0,40.0,106.27352815238932
23.0,41.0,105.63649780027035
23.0,42.0,104.88178572308381
23.0,43.0,104.03913018327749
23.0,44.0,103.14171524889727
23.0,45.0,102.22363237975098
23.0,46.0,101.31683917464024
23.0,47.0,100.44761527966041
23.0,48.0,99.63251545756881
23.0,49.0,98.87381981822077
23.0,50.0,98.15448121007402
23.0,51.0,97.44706777232949
23.0,52.0,96.76297192211861
23.0,53.0,96.12536861666399
23.0,54.0,95.55606032664693
23.0,55.0,95.07432226394315
23.0,56.0,94.6959488574144
23.0,57.0,94.43250147675647
23.0,58.0,94.29075740440301
23.0,59.0,94.27236005548549
23.0,60.0,94.37367044584934
23.0,61.0,94.58581990812608
23.0,62.0,94.8949640558615
23.0,63.0,95.28273799570002
23.0,64.0,95.72691278762503
23.0,65.0,96.20225315325541
23.0,66.0,96.68157643219797
23.0,67.0,97.13701278645618
23.0,68.0,97.54146665289477
23.0,69.0,97.87027944376058
23.0,70.0,98.10309349525932
23.0,71.0,98.22591726418862
23.0,72.0,98.23339177262692
23.0,73.0,98.13125830067864
23.0,74.0,97.93902732727533
23.0,75.0,97.69284871903287
23.0,76.0,97.42808527199816
23.0,77.0,97.12142288436652
23.0,78.0,96.75241472991452
23.0,79.0,96.31941772002229
23.0,80.0,95.83494284965201
23.0,81.0,95.32145310375957
23.0,82.0,94.80760892413976
23.0,83.0,94.32496123670481
23.0,84.0,93.90509203919638
23.0,85.0,93.5772025493309
23.0,86.0,93.3661489133784
23.0,87.0,93.29092547517459
23.0,88.0,93.36359560556652
23.0,89.0,93.58867009229151
23.0,90.0,93.9629330902896
23.0,91.0,94.47571563244924
23.0,92.0,95.10961670078659
23.0,93.0,95.84167185805805
23.0,94.0,96.64496943980627
23.0,95.0,97.49071430683958
23.0,96.0,98.35073915814475
23.0,97.0,99.20046340423326
23.0,98.0,100.02229960092087
23.0,99.0,100.80950744354067
24.0,0.0,100.67238876177278
24.0,1.0,99.76941067614129
24.0,2.0,98.84226484953582
24.0,3.0,97.88779445228381
24.0,4.0,96.92034624790807
24.0,5.0,95.96634839241153
24.0,6.0,95.05947612443613
24.0,7.0,94.23640534629558
24.0,8.0,93.53315409588222
24.0,9.0,92.9820119094479
24.0,10.0,92.60905707525887
24.0,11.0,92.43226177812463
24.0,12.0,92.46018513480087
24.0,13.0,92.69125412026644
24.0,14.0,93.11363238487425
24.0,15.0,93.70567696237626
24.0,16.0,94.43698286882247
24.0,17.0,95.27001559233389
24.0,18.0,96.16233147374962
24.0,19.0,97.0693859781478
24.0,20.0,97.94792985724081
24.0,21.0,98.75999320264414
24.0,22.0,99.4774573900197
24.0,23.0,100.0872149140927
24.0,24.0,100.59691711454303
24.0,25.0,101.04130979277019
24.0,26.0,101.48162592321484
24.0,27.0,101.96561421387182
24.0,28.0,102.51356375319445
24.0,29.0,103.12537551594585
24.0,30.0,103.78573338030098
24.0,31.0,104.46876958587984
24.0,32.0,105.14222463271184
24.0,33.0,105.77110162113135
24.0,34.0,106.3208150326043
24.0,35.0,106.75983395148609
24.0,36.0,107.06181972771046
24.0,37.0,107.20725808040973
24.0,38.0,107.18458564246603
24.0,39.0,106.99081094599372
24.0,40.0,106.63162984875302
24.0,41.0,106.12103540149477
24.0,42.0,105.48042215623626
24.0,43.0,104.73718491546838
24.0,44.0,103.92281192229373
24.0,45.0,103.0704724914961
24.0,46.0,102.21209908154088
24.0,47.0,101.37496380750677
24.0,48.0,100.57774939494864
24.0,49.0,99.82611457469142
24.0,50.0,99.10775391855536
24.0,51.0,98.40035974402315
24.0,52.0,97.71705322188895
24.0,53.0,97.08160463447587
24.0,54.0,96.51623539405594
24.0,55.0,96.04047907812536
24.0,56.0,95.67024386786349
24.0,57.0,95.41707638977618
24.0,58.0,95.28762696052296
24.0,59.0,95.28331623492822
24.0,60.0,95.4002032571766
24.0,61.0,95.6290549151922
24.0,62.0,95.95561679820197
24.0,63.0,96.36108545748304
24.0,64.0,96.82278207029414
24.0,65.0,97.31502750699099
24.0,66.0,97.81021880132576
24.0,67.0,98.28010702393055
24.0,68.0,98.69727655898492
24.0,69.0,99.03682578406735
24.0,70.0,99.27824915319086
24.0,71.0,99.4075206830226
24.0,72.0,99.41937884228741
24.0,73.0,99.31981284435555
24.0,74.0,99.12875034301432
24.0,75.0,98.88294653142376
24.0,76.0,98.61723536425117
24.0,77.0,98.30313079070045
24.0,78.0,97.91520746483089
24.0,79.0,97.44836390302396
24.0,80.0,96.91302611013295
24.0,81.0,96.33079907072752
24.0,82.0,95.73056610543334
24.0,83.0,95.1450360923666
24.0,84.0,94.60773855366357
24.0,85.0,94.1504666071052
24.0,86.0,93.80116778283661
24.0,87.0,93.58228270518165
24.0,88.0,93.5095316395524
24.0,89.0,93.59114890445365
24.0,90.0,93.82756514858241
24.0,91.0,94.21153749302243
24.0,92.0,94.72872753853363
24.0,93.0,95.35872723793655
24.0,94.0,96.07653263359182
24.0,95.0,96.85446545997462
24.0,96.0,97.66454261134406
24.0,97.0,98.48129347450767
24.0,98.0,99.28502512668067
24.0,99.0,100.06553539844053
25.0,0.0,100.0
25.0,1.0,99.09645158372605
25.0,2.0,98.16744335709745
25.0,3.0,97.20884103545121
25.0,4.0,96.2343263892041
25.0,5.0,95.26994172320904
25.0,6.0,94.34922280457718
25.0,7.0,93.50892023896569
25.0,8.0,92.78530929533123
25.0,9.0,92.21108817914912
25.0,10.0,91.81286475409814
25.0,11.0,91.60923171221114
25.0,12.0,91.60943019249125
25.0,13.0,91.81260184799376
25.0,14.0,92.20762936137383
25.0,15.0,92.77356540889971
25.0,16.0,93.48065007293178
25.0,17.0,94.29191670286721
25.0,18.0,95.16538622455039
25.0,19.0,96.05684989814893
25.0,20.0,96.92324052449548
25.0,21.0,97.72659209989519
25.0,22.0,98.4385879193988
25.0,23.0,99.04569712854146
25.0,24.0,99.55489972354742
25.0,25.0,100.0
25.0,26.0,100.44240573825869
25.0,27.0,100.93489877540844
25.0,28.0,101.50268285439327
25.0,29.0,102.14906969284272
25.0,30.0,102.86079589704197
25.0,31.0,103.61283389927344
25.0,32.0,104.37269691852995
25.0,33.0,105.10423794459949
25.0,34.0,105.77094274552141
25.0,35.0,106.33871689841442
25.0,36.0,106.77816684367596
25.0,37.0,107.0663749625532
25.0,38.0,107.18816867808556
25.0,39.0,107.13688357941894
25.0,40.0,106.91462056949128
25.0,41.0,106.53199703608992
25.0,42.0,106.00739204628037
25.0,43.0,105.3656855642067
25.0,44.0,104.63649169226348
25.0,45.0,103.85188593563934
25.0,46.0,103.04362649023203
25.0,47.0,102.23986955393497
25.0,48.0,101.46137866129567
25.0,49.0,100.71722804154525
25.0,50.0,100.0
25.0,51.0,99.29272227168326
25.0,52.0,98.61027622711948
25.0,53.0,97.97700404531828
25.0,54.0,97.41552606931559
25.0,55.0,96.94561816228543
25.0,56.0,96.58329049064888
25.0,57.0,96.3400677341803
25.0,58.0,96.22247072311082
25.0,59.0,96.23169950222896
25.0,60.0,96.36351782197855
25.0,61.0,96.60833905655389
25.0,62.0,96.95151354899201
25.0,63.0,97.37381738326242
25.0,64.0,97.85214258335374
25.0,65.0,98.36038873935786
25.0,66.0,98.87055606055118
25.0,67.0,99.35403985547306
25.0,68.0,99.7831264390016
25.0,69.0,100.1326904664266
25.0,70.0,100.38209369451958
25.0,71.0,100.51728516960146
25.0,72.0,100.53310284260694
25.0,73.0,100.43577661114647
25.0,74.0,100.24563278856535
25.0,75.0,100.0
25.0,76.0,99.73315186790812
25.0,77.0,99.41144597992465
25.0,78.0,99.00449483855851
25.0,79.0,98.50374270578462
25.0,80.0,97.91752532121028
25.0,81.0,97.26657753210436
25.0,82.0,96.57998883528897
25.0,83.0,95.89160683089378
25.0,84.0,95.23688858797296
25.0,85.0,94.6501999219848
25.0,86.0,94.16256258413387
25.0,87.0,93.79984936257588
25.0,88.0,93.58142709548511
25.0,89.0,93.51924759598442
25.0,90.0,93.61738648893802
25.0,91.0,93.87202995960672
25.0,92.0,94.27190941416589
25.0,93.0,94.79918405208598
25.0,94.0,95.43077135037572
25.0,95.0,96.14012545968794
25.0,96.0,96.89946351228791
25.0,97.0,97.68243984188447
25.0,98.0,98.46726811532362
25.0,99.0,99.24029137614484
26.0,0.0,99.30778448313202
26.0,1.0,98.40392164278639
26.0,2.0,97.4735110786846
26.0,3.0,96.51158011514322
26.0,4.0,95.53122336695519
26.0,5.0,94.5581240433329
26.0,6.0,93.62566358262461
26.0,7.0,92.77061961780447
26.0,8.0,92.02945227273563
26.0,9.0,91.435178789207
26.0,10.0,91.01483648474333
26.0,11.0,90.78753404118858
26.0,12.0,90.76309112406291
26.0,13.0,90.94126633269283
26.0,14.0,91.31157348111486
26.0,15.0,91.85368620975264
26.0,16.0,92.53843092786731
26.0,17.0,93.32936808678139
26.0,18.0,94.18496178387595
26.0,19.0,95.06133769736137
26.0,20.0,95.91562935182121
26.0,21.0,96.70991271452974
26.0,22.0,97.41572912254274
26.0,23.0,98.01919654056167
26.0,24.0,98.52670914957136
26.0,25.0,98.97122526625095
26.0,26.0,99.41440368278532
26.0,27.0,99.91404686810928
26.0,28.0,100.50026136849446
26.0,29.0,101.17977973285473
26.0,30.0,101.94141707121702
26.0,31.0,102.76102187072082
26.0,32.0,103.60592106914632
26.0,33.0,104.43885938597113
26.0,34.0,105.22143291095574
26.0,35.0,105.91701695025752
26.0,36.0,106.49318813007343
26.0,37.0,106.92364075781133
26.0,38.0,107.18959744078991
26.0,39.0,107.28071396246736
26.0,40.0,107.19547841619855
26.0,41.0,106.94110459652097
26.0,42.0,106.53291964796917
26.0,43.0,105.99324597141796
26.0,44.0,105.34977738795425
26.0,45.0,104.63344956027744
26.0,46.0,103.8758046716285
26.0,47.0,103.10585036224768
26.0,48.0,102.34641292336094
26.0,49.0,101.60998474869481
26.0,50.0,100.89406604352018
26.0,51.0,100.18705239378198
26.0,52.0,99.50552064348841
26.0,53.0,98.87430875042368
26.0,54.0,98.31637859145596
26.0,55.0,97.85170885280895
26.0,56.0,97.49638921517335
26.0,57.0,97.26191583365762
26.0,58.0,97.15468811257871
26.0,59.0,97.17570677509211
26.0,60.0,97.32047322766176
26.0,61.0,97.5790902193695
26.0,62.0,97.93656379606409
26.0,63.0,98.37330654935002
26.0,64.0,98.86584216041574
26.0,65.0,99.38771123870171
26.0,66.0,99.91057845540794
26.0,67.0,100.4055409718413
26.0,68.0,100.84463816260225
26.0,69.0,101.20256263361149
26.0,70.0,101.4585725349759
26.0,71.0,101.5986051686944
26.0,72.0,101.6175918912033
26.0,73.0,101.52197431076128
26.0,74.0,101.33242177967406
26.0,75.0,101.08675018135858
26.0,76.0,100.8185819756599
26.0,77.0,100.48911936357759
26.0,78.0,100.06303263865347
26.0,79.0,99.5283242726651
26.0,80.0,98.89124576112609
26.0,81.0,98.17166237683524
26.0,82.0,97.39886583147504
26.0,83.0,96.60783484525892
26.0,84.0,95.83594362462779
26.0,85.0,95.12011824799538
26.0,86.0,94.4944409595429
26.0,87.0,93.9882023710625
26.0,88.0,93.62440157184993
26.0,89.0,93.41869414664617
26.0,90.0,93.37878810162816
26.0,91.0,93.50428769844851
26.0,92.0,93.78698519632432
26.0,93.0,94.21160050217502
26.0,94.0,94.75696872880923
26.0,95.0,95.39767566116073
26.0,96.0,96.10614113057339
26.0,97.0,96.85515029713527
26.0,98.0,97.62083284006158
26.0,99.0,98.38609005612686
27.0,0.0,98.5989273439687
27.0,1.0,97.69419922464002
27.0,2.0,96.76235978434089
27.0,3.0,95.79798353029703
27.0,4.0,94.81382816488444
27.0,5.0,93.83534974832132
27.0,6.0,92.89580542544233
27.0,7.0,92.03194371655546
27.0,8.0,91.28028237238124
27.0,9.0,90.67397379307427
27.0,10.0,90.2402580113275
27.0,11.0,89.99850323955866
27.0,12.0,89.95883398117925
27.0,13.0,90.121346705946
27.0,14.0,90.47591308939468
27.0,15.0,91.00257081635647
27.0,16.0,91.67250194855664
27.0,17.0,92.4495988562958
27.0,18.0,93.29261771421342
27.0,19.0,94.15791956113407
27.0,20.0,95.00279892399575
27.0,21.0,95.78940000586095
27.0,22.0,96.48922043801005
27.0,23.0,97.08820259611701
27.0,24.0,97.59241248050785
27.0,25.0,98.03430616050119
27.0,26.0,98.47611979168185
27.0,27.0,98.98066081752953
27.0,28.0,99.58288423225741
27.0,29.0,100.29294190306436
27.0,30.0,101.10176549269168
27.0,31.0,101.98614516489424
27.0,32.0,102.91330407282534
27.0,33.0,103.84496863033593
27.0,34.0,104.74093456618769
27.0,35.0,105.56212876118035
27.0,36.0,106.27316686819285
27.0,37.0,106.84440671513882
27.0,38.0,107.25349749083593
27.0,39.0,107.48642471378936
27.0,40.0,107.5380509838894
27.0,41.0,107.41215251702306
27.0,42.0,107.12095146259969
27.0,43.0,106.68414400399077
27.0,44.0,106.12742424188372
27.0,45.0,105.48050386054973
27.0,46.0,104.77462757702577
27.0,47.0,104.03958437321052
27.0,48.0,103.30021451087448
27.0,49.0,102.57241232958405
27.0,50.0,101.85862482753981
27.0,51.0,101.15259822952069
27.0,52.0,100.47224584611503
27.0,53.0,99.84253074493557
27.0,54.0,99.2864776983852
27.0,55.0,98.82407749830368
27.0,56.0,98.47139170453092
27.0,57.0,98.23985782738657
27.0,58.0,98.13579494406586
27.0,59.0,98.16010974895197
27.0,60.0,98.30820303784456
27.0,61.0,98.57007662610492
27.0,62.0,98.9306407007172
27.0,63.0,99.37022160626621
27.0,64.0,99.86527006483142
27.0,65.0,100.3892698297975
27.0,66.0,100.91384677358101
27.0,67.0,101.41007840927367
27.0,68.0,101.85000384620172
27.0,69.0,102.20833417940199
27.0,70.0,102.46436331301395
27.0,71.0,102.60407921758842
27.0,72.0,102.62247562131243
27.0,73.0,102.52606413515065
27.0,74.0,102.33558681190296
27.0,75.0,102.08892913917849
27.0,76.0,101.81862017850558
27.0,77.0,101.48070169872547
27.0,78.0,101.03499455118293
27.0,79.0,100.4661234270592
27.0,80.0,99.77829370331101
27.0,81.0,98.99051617181576
27.0,82.0,98.1322796517226
27.0,83.0,97.23967148500965
27.0,84.0,96.35194591524706
27.0,85.0,95.50854034956615
27.0,86.0,94.74653950383465
27.0,87.0,94.09858743103783
27.0,88.0,93.5912474328656
27.0,89.0,93.24380985450581
27.0,90.0,93.06754776264333
27.0,91.0,93.06542050666529
27.0,92.0,93.23222516307226
27.0,93.0,93.55519586309548
27.0,94.0,94.01505100352001
27.0,95.0,94.58748834071406
27.0,96.0,95.24512796786405
27.0,97.0,95.95990317541604
27.0,98.0,96.70589919472279
27.0,99.0,97.46263982489711
28.0,0.0,97.87202544846838
28.0,1.0,96.96545092526831
28.0,2.0,96.03208801216314
28.0,3.0,95.06670902966798
28.0,4.0,94.0821555684978
28.0,5.0,93.10387672802871
28.0,6.0,92.16505300484611
28.0,7.0,91.30230583137951
28.0,8.0,90.55199276462403
28.0,9.0,89.94708832494872
28.0,10.0,89.51465048499162
28.0,11.0,89.27387280864141
28.0,12.0,89.234722240106
28.0,13.0,89.39716254306761
28.0,14.0,89.75096338992486
28.0,15.0,90.27609510112134
28.0,16.0,90.94370903456101
28.0,17.0,91.7177036251104
28.0,18.0,92.55687607418743
28.0,19.0,93.41765968943699
28.0,20.0,94.25744687449333
28.0,21.0,95.03849776882903
28.0,22.0,95.7324345376909
28.0,23.0,96.32532131212238
28.0,24.0,96.8233297790729
28.0,25.0,97.2589904215938
28.0,26.0,97.69564778950684
28.0,27.0,98.20102127692158
28.0,28.0,98.8147638147635
28.0,29.0,99.5504060155725
28.0,30.0,100.40104040929826
28.0,31.0,101.34450527003801
28.0,32.0,102.34806803371735
28.0,33.0,103.37260830671366
28.0,34.0,104.37630046542232
28.0,35.0,105.31779584676575
28.0,36.0,106.15890452964511
28.0,37.0,106.8667767073349
28.0,38.0,107.41558365082012
28.0,39.0,107.78769826307642
28.0,40.0,107.97437522429284
28.0,41.0,107.97593072803741
28.0,42.0,107.80142180836546
28.0,43.0,107.46782525787076
28.0,44.0,106.99871613667926
28.0,45.0,106.42244587238588
28.0,46.0,105.76981995093372
28.0,47.0,105.07127519843635
28.0,48.0,104.3535566539426
28.0,49.0,103.63589403314431
28.0,50.0,102.92567778302669
28.0,51.0,102.22192899494989
28.0,52.0,101.54330718335608
28.0,53.0,100.91429894457687
28.0,54.0,100.35753675677813
28.0,55.0,99.8927090061628
28.0,56.0,99.53566829784963
28.0,57.0,99.29773805142713
28.0,58.0,99.18521738118358
28.0,59.0,99.19908426101223
28.0,60.0,99.33489697399237
28.0,61.0,99.5828938466459
28.0,62.0,99.92829126786957
28.0,63.0,100.35177999254272
28.0,64.0,100.83021972981072
28.0,65.0,101.33753201604405
28.0,66.0,101.84579137247283
28.0,67.0,102.32651474749714
28.0,68.0,102.75214924367276
28.0,69.0,103.09775812937274
28.0,70.0,103.34290513512434
28.0,71.0,103.47373703462179
28.0,72.0,103.48526451041445
28.0,73.0,103.38384130427075
28.0,74.0,103.18984165221771
28.0,75.0,102.9405360042559
28.0,76.0,102.66664911618007
28.0,77.0,102.3191276363129
28.0,78.0,101.853164694947
28.0,79.0,101.25016055981376
28.0,80.0,100.51236623078287
28.0,81.0,99.65797485574853
28.0,82.0,98.71666096770278
28.0,83.0,97.72556754299562
28.0,84.0,96.7257408807822
28.0,85.0,95.75901330365672
28.0,86.0,94.86533367947348
28.0,87.0,94.0805457643547
28.0,88.0,93.43461436688533
28.0,89.0,92.95029933349474
28.0,90.0,92.64227735502543
28.0,91.0,92.5167115944885
28.0,92.0,92.57126913600622
28.0,93.0,92.79558625494138
28.0,94.0,93.17218150921367
28.0,95.0,93.67781665180293
28.0,96.0,94.28530536443927
28.0,97.0,94.96576981248032
28.0,98.0,95.6913450209751
28.0,99.0,96.43833107191507
29.0,0.0,97.13832241906657
29.0,1.0,96.22861286931811
29.0,2.0,95.29353326329506
29.0,3.0,94.32885565070279
29.0,4.0,93.34802189833745
29.0,5.0,92.37674174252922
29.0,6.0,91.44817308335875
29.0,7.0,90.59868452064667
29.0,8.0,89.8642001317162
29.0,9.0,89.27712649092888
29.0,10.0,88.86386193099335
29.0,11.0,88.64288804604743
29.0,12.0,88.62344343651299
29.0,13.0,88.80477969572419
29.0,14.0,89.17599963832876
29.0,15.0,89.71647777046235
29.0,16.0,90.39686300169593
29.0,17.0,91.18066359875647
29.0,18.0,92.02641438102054
29.0,19.0,92.89042615778118
29.0,20.0,93.73011740728774
29.0,21.0,94.50792819755884
29.0,22.0,95.19581634896869
29.0,23.0,95.78033583860598
29.0,24.0,96.2682974464065
29.0,25.0,96.69301164305844
29.0,26.0,97.11955562829476
29.0,27.0,97.62034363915531
29.0,28.0,98.23945059991989
29.0,29.0,98.993677376672
29.0,30.0,99.87830138800919
29.0,31.0,100.8723335877753
29.0,32.0,101.9432818198144
29.0,33.0,103.05142054474652
29.0,34.0,104.1535669387651
29.0,35.0,105.20636336445615
29.0,36.0,106.16906621363927
29.0,37.0,107.00584112223035
29.0,38.0,107.687564557126
29.0,39.0,108.19313177510978
29.0,40.0,108.51027115378017
29.0,41.0,108.63586489450029
29.0,42.0,108.57577609736937
29.0,43.0,108.34418220821597
29.0,44.0,107.9624148376129
29.0,45.0,107.45730595191404
29.0,46.0,106.85904043631274
29.0,47.0,106.19851502992205
29.0,48.0,105.50420363287677
29.0,49.0,104.79852898545705
29.0,50.0,104.09374071923402
29.0,51.0,103.39396952098359
29.0,52.0,102.71791749848373
29.0,53.0,102.08889007687415
29.0,54.0,101.52858947348133
29.0,55.0,101.05602527443115
29.0,56.0,100.68661946871532
29.0,57.0,100.43150593971113
29.0,58.0,100.29702441415499
29.0,59.0,100.28440886856947
29.0,60.0,100.38967039314385
29.0,61.0,100.60367451306841
29.0,62.0,100.91241296732214
29.0,63.0,101.29746994491414
29.0,64.0,101.73668277857857
29.0,65.0,102.20499709592313
29.0,66.0,102.67551642803117
29.0,67.0,103.12074627551745
29.0,68.0,103.51403263203724
29.0,69.0,103.83119496524938
29.0,70.0,104.0523536552325
29.0,71.0,104.16395189035514
29.0,72.0,104.16097202059932
29.0,73.0,104.04934636833767
29.0,74.0,103.84856249656421
29.0,75.0,103.59446293457864
29.0,76.0,103.31514627998902
29.0,77.0,102.95665812227624
29.0,78.0,102.46993741633798
29.0,79.0,101.8334187755488
29.0,80.0,101.04755405560888
29.0,81.0,100.12978164914061
29.0,82.0,99.1099434910324
29.0,83.0,98.02614977453025
29.0,84.0,96.92109137807695
29.0,85.0,95.8388000028985
29.0,86.0,94.82185602133842
29.0,87.0,93.90904403593947
29.0,88.0,93.13345614927289
29.0,89.0,92.52104294451522
29.0,90.0,92.0896121767727
29.0,91.0,91.84827517515323
29.0,92.0,91.79734095558577
29.0,93.0,91.9286580443874
29.0,94.0,92.22640401257797
29.0,95.0,92.66832272094211
29.0,96.0,93.227409275839
29.0,97.0,93.87404269575956
29.0,98.0,94.57856628863124
29.0,99.0,95.31431573987034
30.0,0.0,96.41773048153334
30.0,1.0,95.50340264923395
30.0,2.0,94.56629847933436
30.0,3.0,93.60404757361682
30.0,4.0,92.63124148181157
30.0,5.0,91.67413182824556
30.0,6.0,90.76590556750375
30.0,7.0,89.94253736910261
30.0,8.0,89.23921913117653
30.0,9.0,88.68736662317623
30.0,10.0,88.31220325758017
30.0,11.0,88.13092099061802
30.0,12.0,88.15141835200691
30.0,13.0,88.3716156037
30.0,14.0,88.77934702764765
30.0,15.0,89.35283034257104
30.0,16.0,90.06171324974825
30.0,17.0,90.86869710781289
30.0,18.0,91.7317377365652
30.0,19.0,92.60682334979556
30.0,20.0,93.4513296171207
30.0,21.0,94.22795185483217
30.0,22.0,94.90921434575745
30.0,23.0,95.48255678813341
30.0,24.0,95.9559978734925
30.0,25.0,96.36437599356121
30.0,26.0,96.77512883068799
30.0,27.0,97.26499794003261
30.0,28.0,97.88206564654278
30.0,29.0,98.6462097903926
30.0,30.0,99.55487797417449
30.0,31.0,100.58837835430862
30.0,32.0,101.71468697666998
30.0,33.0,102.89377165643293
30.0,34.0,104.08143240213343
30.0,35.0,105.23265838394872
30.0,36.0,106.30450144619458
30.0,37.0,107.2584661640403
30.0,38.0,108.06241644444097
30.0,39.0,108.69199867128756
30.0,40.0,109.13158139477441
30.0,41.0,109.37471156498441
30.0,42.0,109.42408730969163
30.0,43.0,109.29104725638156
30.0,44.0,108.99457639848897
30.0,45.0,108.55982850585326
30.0,46.0,108.01616507939139
30.0,47.0,107.39471084998836
30.0,48.0,106.72542582160536
30.0,49.0,106.03369385860535
30.0,50.0,105.33642781729625
30.0,51.0,104.64259627505223
30.0,52.0,103.97022282810738
30.0,53.0,103.34072644167817
30.0,54.0,102.7743340550566
30.0,55.0,102.28898867007507
30.0,56.0,101.89944615586609
30.0,57.0,101.61656076991645
30.0,58.0,101.44675939541634
30.0,59.0,101.39170449490292
30.0,60.0,101.44814578019886
30.0,61.0,101.60796059864523
30.0,62.0,101.85838303562947
30.0,63.0,102.1824217334078
30.0,64.0,102.55946642622234
30.0,65.0,102.96608319171311
30.0,66.0,103.3769984186245
30.0,67.0,103.7662714908066
30.0,68.0,104.10865618751116
30.0,69.0,104.38115079998227
30.0,70.0,104.56473696434165
30.0,71.0,104.64630721076888
30.0,72.0,104.62078122897596
30.0,73.0,104.4934108499769
30.0,74.0,104.2822737441519
30.0,75.0,104.02095583560606
30.0,76.0,103.73412218693657
30.0,77.0,103.36327487058037
30.0,78.0,102.8556306511959
30.0,79.0,102.18702740024818
30.0,80.0,101.35633955252072
30.0,81.0,100.38034110770653
30.0,82.0,99.28901617707818
30.0,83.0,98.12131707523704
30.0,84.0,96.92136995694152
30.0,85.0,95.7351279990144
30.0,86.0,94.60747212732932
30.0,87.0,93.57975928887635
30.0,88.0,92.68781826890651
30.0,89.0,91.96039305315557
30.0,90.0,91.41803373514684
30.0,91.0,91.07243496857296
30.0,92.0,90.92622196475708
30.0,93.0,90.97318403519267
30.0,94.0,91.19895567916288
30.0,95.0,91.58214521643869
30.0,96.0,92.09591096505623
30.0,97.0,92.70998496417326
30.0,98.0,93.39314424200461
30.0,99.0,94.11612962883676
31.0,0.0,95.73528654610475
31.0,1.0,94.81476521923659
31.0,2.0,93.8752106542897
31.0,3.0,92.9169455657657
31.0,4.0,91.95624262321684
31.0,5.0,91.02016306342979
31.0,6.0,90.14196552676052
31.0,7.0,89.35708511762019
31.0,8.0,88.69968268911212
31.0,9.0,88.1997643518198
31.0,10.0,87.88087120674584
31.0,11.0,87.75833930240219
31.0,12.0,87.83812981605114
31.0,13.0,88.11622945909754
31.0,14.0,88.57862110663203
31.0,15.0,89.20182465112522
31.0,16.0,89.95400808027307
31.0,17.0,90.7966687789932
31.0,18.0,91.68688505557219
31.0,19.0,92.58013789196417
31.0,20.0,93.43370291824016
31.0,21.0,94.21061261118857
31.0,22.0,94.88418871706688
31.0,23.0,95.44314489850407
31.0,24.0,95.89725960555445
31.0,25.0,96.28361917090217
31.0,26.0,96.67258357591682
31.0,27.0,97.14469530785229
31.0,28.0,97.75149161458447
31.0,29.0,98.515642917759
31.0,30.0,99.43670238961566
31.0,31.0,100.49638581173627
31.0,32.0,101.66338171571635
31.0,33.0,102.89769180576039
31.0,34.0,104.15450166320088
31.0,35.0,105.38758173294097
31.0,36.0,106.55221859182075
31.0,37.0,107.60767649890727
31.0,38.0,108.51918922770815
31.0,39.0,109.25948218030905
31.0,40.0,109.80982478343451
31.0,41.0,110.16061316643271
31.0,42.0,110.31148312118384
31.0,43.0,110.27095334393206
31.0,44.0,110.05559895904125
31.0,45.0,109.68875532467429
31.0,46.0,109.19875212039615
31.0,47.0,108.61667771670061
31.0,48.0,107.97367382646054
31.0,49.0,107.29776043830206
31.0,50.0,106.61019103190213
31.0,51.0,105.92438927494015
31.0,52.0,105.25703714643481
31.0,53.0,104.62704059042453
31.0,54.0,104.05265830559159
31.0,55.0,103.55040747600394
31.0,56.0,103.13415046462863
31.0,57.0,102.81436246961717
31.0,58.0,102.59758014336248
31.0,59.0,102.48603117432782
31.0,60.0,102.4774448316473
31.0,61.0,102.56504347249833
31.0,62.0,102.73771501224564
31.0,63.0,102.98036635735734
31.0,64.0,103.27445780109247
31.0,65.0,103.59871838196057
31.0,66.0,103.93004220495278
31.0,67.0,104.24456572554503
31.0,68.0,104.51892599647259
31.0,69.0,104.73169987727682
31.0,70.0,104.86502420662335
31.0,71.0,104.90639693739223
31.0,72.0,104.85065923453978
31.0,73.0,104.70215853573224
31.0,74.0,104.47709257475118
31.0,75.0,104.20603436767067
31.0,76.0,103.9095183614831
31.0,77.0,103.52503803467029
31.0,78.0,102.99677094995869
31.0,79.0,102.2984322258293
31.0,80.0,101.42760414131733
31.0,81.0,100.40051306215321
31.0,82.0,99.24725368824487
31.0,83.0,98.00746062250124
31.0,84.0,96.72642726099723
31.0,85.0,95.45167200447972
31.0,86.0,94.22995179121519
31.0,87.0,93.10472295117836
31.0,88.0,92.11404938158226
31.0,89.0,91.28895804374955
31.0,90.0,90.65224178132515
31.0,91.0,90.21770945983022
31.0,92.0,89.98988342755729
31.0,93.0,89.96414429780688
31.0,94.0,90.12732305246517
31.0,95.0,90.45874046692326
31.0,96.0,90.93169385633742
31.0,97.0,91.5153911432309
31.0,98.0,92.17733224643688
31.0,99.0,92.88613779138268
32.0,0.0,95.11804252288837
32.0,1.0,94.18975274414777
32.0,2.0,93.24721158108736
32.0,3.0,92.29418601631147
32.0,4.0,91.34910307195427
32.0,5.0,90.44006669299608
32.0,6.0,89.60043617818107
32.0,7.0,88.86496615853628
32.0,8.0,88.26650812349183
32.0,9.0,87.8332734946025
32.0,10.0,87.58665824687061
32.0,11.0,87.53962907767024
32.0,12.0,87.69567112327258
32.0,13.0,88.04829722297283
32.0,14.0,88.58111873081816
32.0,15.0,89.26847787493718
32.0,16.0,90.0766416644705
32.0,17.0,90.96555734410279
32.0,18.0,91.891169396196
32.0,19.0,92.80829809052398
32.0,20.0,93.67407958160823
32.0,21.0,94.45196755365517
32.0,22.0,95.11629641309467
32.0,23.0,95.65740602871958
32.0,24.0,96.08732801942706
32.0,25.0,96.44603358956078
32.0,26.0,96.80724952862782
32.0,27.0,97.25464095922482
32.0,28.0,97.84252235750465
32.0,29.0,98.59598399176186
32.0,30.0,99.51656526957623
32.0,31.0,100.58747562948439
32.0,32.0,101.77836297717924
32.0,33.0,103.04962966623734
32.0,34.0,104.35629602337409
32.0,35.0,105.65141141822693
32.0,36.0,106.88901287766629
32.0,37.0,108.02663124463456
32.0,38.0,109.02734488151287
32.0,39.0,109.8613809180158
32.0,40.0,110.50726404361392
32.0,41.0,110.95251284448433
32.0,42.0,111.19388368498905
32.0,43.0,111.23716213368118
32.0,44.0,111.09650193383919
32.0,45.0,110.79331151852887
32.0,46.0,110.35468807019329
32.0,47.0,109.81139912477067
32.0,48.0,109.19541172034006
32.0,49.0,108.536969090295
32.0,50.0,107.86121490104497
32.0,51.0,107.18553989480807
32.0,52.0,106.52473615537309
32.0,53.0,105.89470692413462
32.0,54.0,105.31134566277784
32.0,55.0,104.78944330684314
32.0,56.0,104.3417667390971
32.0,57.0,103.97830848270958
32.0,58.0,103.70570761423706
32.0,59.0,103.52684189641214
32.0,60.0,103.44059113073932
32.0,61.0,103.4417717298969
32.0,62.0,103.5212425099451
32.0,63.0,103.66618170234044
32.0,64.0,103.86053518575628
32.0,65.0,104.08563593770955
32.0,66.0,104.32099470599377
32.0,67.0,104.54526189991809
32.0,68.0,104.73736070135277
32.0,69.0,104.87779139558073
32.0,70.0,104.95010692195521
32.0,71.0,104.94255964436393
32.0,72.0,104.84991934149909
32.0,73.0,104.67546241693387
32.0,74.0,104.433132329005
32.0,75.0,104.14987124050154
32.0,76.0,103.84156512493342
32.0,77.0,103.44240707733738
32.0,78.0,102.8943501661073
32.0,79.0,102.16955249169101
32.0,80.0,101.26464501805529
32.0,81.0,100.19544644434659
32.0,82.0,98.9921251167472
32.0,83.0,97.69480798052717
32.0,84.0,96.34963657229171
32.0,85.0,95.0052700524242
32.0,86.0,93.70983527772489
32.0,87.0,92.50832391424514
32.0,88.0,91.44043659031716
32.0,89.0,90.53887408977953
32.0,90.0,89.82807558539814
32.0,91.0,89.32340391248289
32.0,92.0,89.0307778826998
32.0,93.0,88.94675163807892
32.0,94.0,89.05904104521767
32.0,95.0,89.34749712967987
32.0,96.0,89.7855265505903
32.0,97.0,90.341959115425
32.0,98.0,90.98336233499687
32.0,99.0,91.67680301863726
33.0,0.0,94.59238987154296
33.0,1.0,93.6548384030608
33.0,2.0,92.70868073262764
33.0,3.0,91.7617475611831
33.0,4.0,90.83500498893784
33.0,5.0,89.9577826127055
33.0,6.0,89.16355283666798
33.0,7.0,88.48626139657392
33.0,8.0,87.95720909737074
33.0,9.0,87.60248476426975
33.0,10.0,87.44094940724477
33.0,11.0,87.4827715989641
33.0,12.0,87.72851406615563
33.0,13.0,88.16877149440546
33.0,14.0,88.78435954638982
33.0,15.0,89.54705509354027
33.0,16.0,90.42088766114223
33.0,17.0,91.36398208686695
33.0,18.0,92.33095239273662
33.0,19.0,93.27584687052303
33.0,20.0,94.15564438057936
33.0,21.0,94.93430186410546
33.0,22.0,95.58735306884643
33.0,23.0,96.1070584882243
33.0,24.0,96.50810651390353
33.0,25.0,96.83386580178929
33.0,26.0,97.16172241056037
33.0,27.0,97.57765374113724
33.0,28.0,98.13797108078582
33.0,29.0,98.86973388804192
33.0,30.0,99.77629443852886
33.0,31.0,100.84241057585481
33.0,32.0,102.03892656759007
33.0,33.0,103.3270220663241
33.0,34.0,104.66202917580249
33.0,35.0,105.99681762214355
33.0,36.0,107.28474803013495
33.0,37.0,108.48219330461
33.0,38.0,109.55062811690391
33.0,39.0,110.45828649638969
33.0,40.0,111.18138752709409
33.0,41.0,111.70492914939321
33.0,42.0,112.02305006678795
33.0,43.0,112.13895975775938
33.0,44.0,112.06443659270379
33.0,45.0,111.81889405594772
33.0,46.0,111.42801507284267
33.0,47.0,110.92195444193976
33.0,48.0,110.33310937224407
33.0,49.0,109.693458125549
33.0,50.0,109.03146676385028
33.0,51.0,108.36791456340012
33.0,52.0,107.71531012046889
33.0,53.0,107.0862402101569
33.0,54.0,106.49396217225605
33.0,55.0,105.95132049345857
33.0,56.0,105.46982300505394
33.0,57.0,105.05887669611415
33.0,58.0,104.7251831421669
33.0,59.0,104.47229354935706
33.0,60.0,104.30032341409637
33.0,61.0,104.20582679820123
33.0,62.0,104.18183021951862
33.0,63.0,104.21802615804025
33.0,64.0,104.3011261775049
33.0,65.0,104.41537366248883
33.0,66.0,104.54321617098446
33.0,67.0,104.66613740246714
33.0,68.0,104.7656487814501
33.0,69.0,104.8244406565276
33.0,70.0,104.82769311490625
33.0,71.0,104.76454641242447
33.0,72.0,104.62973101906003
33.0,73.0,104.42535727992598
33.0,74.0,104.16286469175455
33.0,75.0,103.86513079486923
33.0,76.0,103.54309919245516
33.0,77.0,103.12852483900042
33.0,78.0,102.56205380790551
33.0,79.0,101.81492460324033
33.0,80.0,100.88320123502685
33.0,81.0,99.78245299985986
33.0,82.0,98.54288096686598
33.0,83.0,97.20489116900085
33.0,84.0,95.81511449968451
33.0,85.0,94.42287331477498
33.0,86.0,93.07709473988001
33.0,87.0,91.82367068300718
33.0,88.0,90.70326455255193
33.0,89.0,89.74956468062403
33.0,90.0,88.98798445171212
33.0,91.0,88.43480913668651
33.0,92.0,88.09678943214011
33.0,93.0,87.97118170506764
33.0,94.0,88.04623494288293
33.0,95.0,88.30212440877463
33.0,96.0,88.71233200239979
33.0,97.0,89.24547332591595
33.0,98.0,89.86757145535128
33.0,99.0,90.54477741731284
34.0,0.0,94.18181838523196
34.0,1.0,93.23366414785765
34.0,2.0,92.28319027739118
34.0,3.0,91.34274529833147
34.0,4.0,90.43610941119633
34.0,5.0,89.59396021270288
34.0,6.0,88.84987783091385
34.0,7.0,88.23688947534966
34.0,8.0,87.78455340206642
34.0,9.0,87.51658229370005
34.0,10.0,87.44900605447587
34.0,11.0,87.58887402018446
34.0,12.0,87.93349658312317
34.0,13.0,88.47022623200364
34.0,14.0,89.17677800682515
34.0,15.0,90.02208936871388
34.0,16.0,90.96771948472808
34.0,17.0,91.96978792762904
34.0,18.0,92.98145279061808
34.0,19.0,93.95592821703929
34.0,20.0,94.8500413450483
34.0,21.0,95.62832866724678
34.0,22.0,96.26767180528303
34.0,23.0,96.76247269941815
34.0,24.0,97.13036821305853
34.0,25.0,97.41848415225377
34.0,26.0,97.70798631507138
34.0,27.0,98.08625221926825
34.0,28.0,98.61073706659255
34.0,29.0,99.30995755128704
34.0,30.0,100.1888567248391
34.0,31.0,101.23376043968882
34.0,32.0,102.41692537189563
34.0,33.0,103.70067862276282
34.0,34.0,105.04114889942075
34.0,35.0,106.39158927436787
34.0,36.0,107.70529152397039
34.0,37.0,108.93809204591992
34.0,38.0,110.05046935564954
34.0,39.0,111.00923316170804
34.0,40.0,111.78880502009241
34.0,41.0,112.37209056753872
34.0,42.0,112.75094333377105
34.0,43.0,112.92622013270883
34.0,44.0,112.9074280326324
34.0,45.0,112.71196290530678
34.0,46.0,112.36393955406379
34.0,47.0,111.89261342084234
34.0,48.0,111.33039387218697
34.0,49.0,110.7104490642048
34.0,50.0,110.06390238648045
34.0,51.0,109.41427435443585
34.0,52.0,108.77157575268853
34.0,53.0,108.14496101764826
34.0,54.0,107.54492440022871
34.0,55.0,106.98223743623252
34.0,56.0,106.46703278363313
34.0,57.0,106.00803442675337
34.0,58.0,105.61193424734097
34.0,59.0,105.28291496254073
34.0,60.0,105.02231942976356
34.0,61.0,104.82846631845227
34.0,62.0,104.69661214874426
34.0,63.0,104.61905969703085
34.0,64.0,104.58541276841349
34.0,65.0,104.58297733605679
34.0,66.0,104.5973090474383
34.0,67.0,104.6129070974951
34.0,68.0,104.61405446866718
34.0,69.0,104.58580453783762
34.0,70.0,104.51511405016956
34.0,71.0,104.39212245983998
34.0,72.0,104.21157763767029
34.0,73.0,103.97440794565361
34.0,74.0,103.68944067837904
34.0,75.0,103.37526687135248
34.0,76.0,103.0378410777272
34.0,77.0,102.60746480440135
34.0,78.0,102.02446105343465
34.0,79.0,101.25983258739774
34.0,80.0,100.30948912952549
34.0,81.0,99.1889208869035
34.0,82.0,97.9283183966879
34.0,83.0,96.56813869535816
34.0,84.0,95.15511781100324
34.0,85.0,93.73872957864087
34.0,86.0,92.3680907785701
34.0,87.0,91.08931259775697
34.0,88.0,89.94329841425333
34.0,89.0,88.96398790464903
34.0,90.0,88.17704747455711
34.0,91.0,87.59900701213236
34.0,92.0,87.23684296462291
34.0,93.0,87.08800773795515
34.0,94.0,87.14090541935178
34.0,95.0,87.37581382298306
34.0,96.0,87.76625285865124
34.0,97.0,88.28079922350831
34.0,98.0,88.88534741680671
34.0,99.0,89.54581707768344
35.0,0.0,93.90510920885134
35.0,1.0,92.94522241657198
35.0,2.0,91.98969222959484
35.0,3.0,91.05565259327877
35.0,4.0,90.1698502146681
35.0,5.0,89.36436658040553
35.0,6.0,88.6728663850023
35.0,7.0,88.12737236946609
35.0,8.0,87.75556657028645
35.0,9.0,87.57861797877769
35.0,10.0,87.60953661077939
35.0,11.0,87.85205398671445
35.0,12.0,88.3000300220047
35.0,13.0,88.93738632784397
35.0,14.0,89.73856592232882
35.0,15.0,90.6695193519468
35.0,16.0,91.6892172234222
35.0,17.0,92.7516891459194
35.0,18.0,93.80858908360369
35.0,19.0,94.81228711855981
35.0,20.0,95.71948762406782
35.0,21.0,96.4953738482367
35.0,22.0,97.11827890799542
35.0,23.0,97.58488319344144
35.0,24.0,97.91593818254712
35.0,25.0,98.16251666622318
35.0,26.0,98.40950576450824
35.0,27.0,98.7447073125532
35.0,28.0,99.22583096457502
35.0,29.0,99.88229877734227
35.0,30.0,100.7203828142856
35.0,31.0,101.72796020214659
35.0,32.0,102.87888564016531
35.0,33.0,104.13698136180642
35.0,34.0,105.4596445490239
35.0,35.0,106.80107219906435
35.0,36.0,108.11510344380885
35.0,37.0,109.3576793216535
35.0,38.0,110.48892000192846
35.0,39.0,111.47481946185562
35.0,40.0,112.28855761604487
35.0,41.0,112.91142989852897
35.0,42.0,113.33339429733695
35.0,43.0,113.55323584160621
35.0,44.0,113.57834854123308
35.0,45.0,113.4241347790621
35.0,46.0,113.11302215561379
35.0,47.0,112.6730977863511
35.0,48.0,112.1363600514843
35.0,49.0,111.53658779831476
35.0,50.0,110.90682699611692
35.0,51.0,110.27265046918687
35.0,52.0,109.6415471360375
35.0,53.0,109.01932807179581
35.0,54.0,108.41374828434003
35.0,55.0,107.83347992709129
35.0,56.0,107.28721727572545
35.0,57.0,106.78291346880538
35.0,58.0,106.32714901233369
35.0,59.0,105.92463204822572
35.0,60.0,105.57783038670298
35.0,61.0,105.28673530260698
35.0,62.0,105.04875709563338
35.0,63.0,104.85875241448652
35.0,64.0,104.70918334495445
35.0,65.0,104.59040826190417
35.0,66.0,104.49110444519735
35.0,67.0,104.3988224595264
35.0,68.0,104.30067229817094
35.0,69.0,104.18414129067462
35.0,70.0,104.0380437744423
35.0,71.0,103.8536025302577
35.0,72.0,103.62566198172134
35.0,73.0,103.35403315860883
35.0,74.0,103.04497042414972
35.0,75.0,102.71277996622648
35.0,76.0,102.35863230521863
35.0,77.0,101.91244156771573
35.0,78.0,101.3152164289231
35.0,79.0,100.53842528508099
35.0,80.0,99.57824710139917
35.0,81.0,98.45026816163707
35.0,82.0,97.18462471932953
35.0,83.0,95.8215915506585
35.0,84.0,94.40761640897011
35.0,85.0,92.99180038093765
35.0,86.0,91.62282414437014
35.0,87.0,90.34632012766664
35.0,88.0,89.20269057091619
35.0,89.0,88.22537148864342
35.0,90.0,87.4395425341999
35.0,91.0,86.86128276580125
35.0,92.0,86.49717231420969
35.0,93.0,86.34433995206253
35.0,94.0,86.39095656484619
35.0,95.0,86.61717452351604
35.0,96.0,86.99651295876174
35.0,97.0,87.49768893691842
35.0,98.0,88.08689453752352
35.0,99.0,88.73051983251924
36.0,0.0,93.77496209153131
36.0,1.0,92.80247180159829
36.0,2.0,91.84113773389747
36.0,3.0,90.91295047496237
36.0,4.0,90.04764757518905
36.0,5.0,89.27870206274403
36.0,6.0,88.63982346567006
36.0,7.0,88.1619713421898
36.0,8.0,87.87088131920729
36.0,9.0,87.78510363900736
36.0,10.0,87.91455421415296
36.0,11.0,88.25957819058021
36.0,12.0,88.81052601889145
36.0,13.0,89.54784203384608
36.0,14.0,90.44266554204933
36.0,15.0,91.45794441783887
36.0,16.0,92.55006120736931
36.0,17.0,93.67097174089453
36.0,18.0,94.7708562532479
36.0,19.0,95.8012830125204
36.0,20.0,96.71888445693659
36.0,21.0,97.48954583992841
36.0,22.0,98.09310638340695
36.0,23.0,98.5285729392319
36.0,24.0,98.8198461588792
36.0,25.0,99.02195917130614
36.0,26.0,99.22328751043003
36.0,27.0,99.51106147399936
36.0,28.0,99.94235864881654
36.0,29.0,100.546939351033
36.0,30.0,101.33211514243712
36.0,31.0,102.28726245860237
36.0,32.0,103.38798134889578
36.0,33.0,104.59989932834661
36.0,34.0,105.88212034137533
36.0,35.0,107.19031883738288
36.0,36.0,108.47947895820008
36.0,37.0,109.70627883739746
36.0,38.0,110.83112001145525
36.0,39.0,111.81980194279362
36.0,40.0,112.64484165466324
36.0,41.0,113.28643847789613
36.0,42.0,113.73308390951665
36.0,43.0,113.9818165832129
36.0,44.0,114.03812235166825
36.0,45.0,113.91547948075322
36.0,46.0,113.63454895557759
36.0,47.0,113.22200989840277
36.0,48.0,112.70904009841446
36.0,49.0,112.1294416533556
36.0,50.0,111.51741172301936
36.0,51.0,110.89987561123837
36.0,52.0,110.28196570101959
36.0,53.0,109.66643752677881
36.0,54.0,109.05847892282318
36.0,55.0,108.46473644028401
36.0,56.0,107.89245791712611
36.0,57.0,107.34875120123367
36.0,58.0,106.83995902657267
36.0,59.0,106.37115004242986
36.0,60.0,105.94572599572831
36.0,61.0,105.56514506641939
36.0,62.0,105.22876135595145
36.0,63.0,104.93378052881489
36.0,64.0,104.67533160716391
36.0,65.0,104.44665491851471
36.0,66.0,104.23940619652024
36.0,67.0,104.04407683482158
36.0,68.0,103.85053029397574
36.0,69.0,103.64865466146011
36.0,70.0,103.42913136475337
36.0,71.0,103.18432003749305
36.0,72.0,102.90925953870945
36.0,73.0,102.60278512513634
36.0,74.0,102.26876177659798
36.0,75.0,101.91743367447292
36.0,76.0,101.54563243009777
36.0,77.0,101.08398449607807
36.0,78.0,100.47517315037054
36.0,79.0,99.69182028066754
36.0,80.0,98.73078973939121
36.0,81.0,97.60793614986252
36.0,82.0,96.35329916364508
36.0,83.0,95.00674316906391
36.0,84.0,93.61404245089913
36.0,85.0,92.22341180125437
36.0,86.0,90.8824825816002
36.0,87.0,89.6357242359924
36.0,88.0,88.52231125546503
36.0,89.0,87.57443559359851
36.0,90.0,86.81606453326242
36.0,91.0,86.26214400453333
36.0,92.0,85.91824735378734
36.0,93.0,85.78066956396765
36.0,94.0,85.83696692602695
36.0,95.0,86.0669421615446
36.0,96.0,86.44407499651884
36.0,97.0,86.93739818633374
36.0,98.0,87.51381899190113
36.0,99.0,88.14088610697726
37.0,0.0,93.79705687341216
37.0,1.0,92.81138667274739
37.0,2.0,91.84352848465544
37.0,3.0,90.9202046218731
37.0,4.0,90.07404092767338
37.0,5.0,89.33982318775507
37.0,6.0,88.75125159523095
37.0,7.0,88.33819326871442
37.0,8.0,88.12443282350478
37.0,9.0,88.12592099587104
37.0,10.0,88.34952132043418
37.0,11.0,88.79225486064801
37.0,12.0,89.4410429923786
37.0,13.0,90.27294824058215
37.0,14.0,91.25591316908151
37.0,15.0,92.34999732344113
37.0,16.0,93.50911222694066
37.0,17.0,94.68325442964696
37.0,18.0,95.82123661058479
37.0,19.0,96.87391673300591
37.0,20.0,97.79792525275678
37.0,21.0,98.5598903797448
37.0,22.0,99.14116139250312
37.0,23.0,99.54303000585382
37.0,24.0,99.79244979166992
37.0,25.0,99.94825365273564
37.0,26.0,100.10191207667688
37.0,27.0,100.33911441775105
37.0,28.0,100.71546364092511
37.0,29.0,101.26050253970105
37.0,30.0,101.98227882588588
37.0,31.0,102.87158409065555
37.0,32.0,103.90586663691307
37.0,33.0,105.05281818294088
37.0,34.0,106.2736344373473
37.0,35.0,107.52594954530709
37.0,36.0,108.76644440609626
37.0,37.0,109.95312886192103
37.0,38.0,111.04729775804084
37.0,39.0,112.01516087418558
37.0,40.0,112.82914672726706
37.0,41.0,113.46888024538444
37.0,42.0,113.92183431312401
37.0,43.0,114.18365518815298
37.0,44.0,114.25816178910755
37.0,45.0,114.15701885477499
37.0,46.0,113.89908397457
37.0,47.0,113.50942849030523
37.0,48.0,113.0180322692557
37.0,49.0,112.45815234851786
37.0,50.0,111.86436545066228
37.0,51.0,111.2642712534354
37.0,52.0,110.66098924393549
37.0,53.0,110.05468915747086
37.0,54.0,109.4483013019148
37.0,55.0,108.84661539191319
37.0,56.0,108.25547930442457
37.0,57.0,107.6810977555926
37.0,58.0,107.12943089895097
37.0,59.0,106.60569284496076
37.0,60.0,106.11395010188032
37.0,61.0,105.65681993796748
37.0,62.0,105.23526866501429
37.0,63.0,104.84850984321413
37.0,64.0,104.4940024073614
37.0,65.0,104.1675487143835
37.0,66.0,103.86349251220531
37.0,67.0,103.57501682994621
37.0,68.0,103.29454178944941
37.0,69.0,103.01422233814381
37.0,70.0,102.72654590323826
37.0,71.0,102.42502996724832
37.0,72.0,102.10501956485537
37.0,73.0,101.7645847010983
37.0,74.0,101.40551769089757
37.0,75.0,101.03443041991164
37.0,76.0,100.6444758657714
37.0,77.0,100.16807459152167
37.0,78.0,99.55050812846717
37.0,79.0,98.76619456843565
37.0,80.0,97.81307129626867
37.0,81.0,96.7074227050995
37.0,82.0,95.47915289441812
37.0,83.0,94.16750335092361
37.0,84.0,92.81721561216361
37.0,85.0,91.47513891296093
37.0,86.0,90.18728281462752
37.0,87.0,88.99631481696548
37.0,88.0,87.93950295305537
37.0,89.0,87.0471033668316
37.0,90.0,86.34119287344518
37.0,91.0,85.83494650241353
37.0,92.0,85.53236002355749
37.0,93.0,85.42841745572565
37.0,94.0,85.50970355830572
37.0,95.0,85.75546130552321
37.0,96.0,86.13909434352722
37.0,97.0,86.63011443026355
37.0,98.0,87.19653385813483
37.0,99.0,87.80770285944797
38.0,0.0,93.96954920669423
38.0,1.0,92.97044075514786
38.0,2.0,91.99540027972789
38.0,3.0,91.07556993848796
38.0,4.0,90.24624142348766
38.0,5.0,89.54337294552627
38.0,6.0,89.00058963016085
38.0,7.0,88.64666732500898
38.0,8.0,88.50349981833601
38.0,9.0,88.5845494689268
38.0,10.0,88.89378124724185
38.0,11.0,89.42508018785819
38.0,12.0,90.16215225319456
38.0,13.0,91.07890860852123
38.0,14.0,92.14033330825426
38.0,15.0,93.30383439353429
38.0,16.0,94.52107840108991
38.0,17.0,95.74030828338546
38.0,18.0,96.90914474005332
38.0,19.0,97.97787096061084
38.0,20.0,98.90320077846165
38.0,21.0,99.65253023618152
38.0,22.0,100.20867256208886
38.0,23.0,100.57507655809938
38.0,24.0,100.78152839886583
38.0,25.0,100.8903368422016
38.0,26.0,100.99553504528755
38.0,27.0,101.18037539240513
38.0,28.0,101.49822809926908
38.0,29.0,101.97790094245383
38.0,30.0,102.62787563233773
38.0,31.0,103.44024718825746
38.0,32.0,104.39436631587232
38.0,33.0,105.4601847867387
38.0,34.0,106.60130382009442
38.0,35.0,107.77772546685321
38.0,36.0,108.94830699580916
38.0,37.0,110.0729182820512
38.0,38.0,111.11430219758758
38.0,39.0,112.03963800418038
38.0,40.0,112.82180774839011
38.0,41.0,113.44036565883032
38.0,42.0,113.88221054563205
38.0,43.0,114.14196120211858
38.0,44.0,114.22203480869001
38.0,45.0,114.13242833891795
38.0,46.0,113.89020296785017
38.0,47.0,113.51867148252538
38.0,48.0,113.04628869469786
38.0,49.0,112.50524485577235
38.0,50.0,111.92976207394867
38.0,51.0,111.34749079701386
38.0,52.0,110.7600399920212
38.0,53.0,110.16561946988242
38.0,54.0,109.56533196153688
38.0,55.0,108.96236436821663
38.0,56.0,108.36126249163644
38.0,57.0,107.76728924410877
38.0,58.0,107.18586633858364
38.0,59.0,106.6220994586136
38.0,60.0,106.08038690824361
38.0,61.0,105.56411174182568
38.0,62.0,105.07541737375887
38.0,63.0,104.61506666815382
38.0,64.0,104.18238450842256
38.0,65.0,103.77528384679312
38.0,66.0,103.39037523374913
38.0,67.0,103.0231598273944
38.0,68.0,102.66830588274244
38.0,69.0,102.32000872093099
38.0,70.0,101.97243417836134
38.0,71.0,101.62024553576293
38.0,72.0,101.25921392718251
38.0,73.0,100.88691222889865
38.0,74.0,100.50349242826087
38.0,75.0,100.11254647245397
38.0,76.0,99.70438851905436
38.0,77.0,99.21424455133345
38.0,78.0,98.59080863680755
38.0,79.0,97.81086195598398
38.0,80.0,96.87375851273848
38.0,81.0,95.79635535304209
38.0,82.0,94.60838729203736
38.0,83.0,93.34828614946407
38.0,84.0,92.05944449343424
38.0,85.0,90.78692389255666
38.0,86.0,89.57460767641078
38.0,87.0,88.46279820437005
38.0,88.0,87.48625864277462
38.0,89.0,86.67269925045349
38.0,90.0,86.04170817259603
38.0,91.0,85.60412674297301
38.0,92.0,85.36186929450687
38.0,93.0,85.30818747819164
38.0,94.0,85.428379090362
38.0,95.0,85.700941408312
38.0,96.0,86.099169034263
38.0,97.0,86.59319624768118
38.0,98.0,87.15248386594433
38.0,99.0,87.74875061335814
39.0,0.0,94.2830005109618
39.0,1.0,93.2705246619937
39.0,2.0,92.28773870883184
39.0,3.0,91.36972272199728
39.0,4.0,90.55410388601778
39.0,5.0,89.87781842849287
39.0,6.0,89.37434250534429
39.0,7.0,89.0713920422515
39.0,8.0,88.9890915322725
39.0,9.0,89.13861178964964
39.0,10.0,89.52127665980085
39.0,11.0,90.12813868549578
39.0,12.0,90.94002372921736
39.0,13.0,91.9280445517084
39.0,14.0,93.05458334670338
39.0,15.0,94.2747432318455
39.0,16.0,95.53826869578884
39.0,17.0,96.79193500148568
39.0,18.0,97.98240654565907
39.0,19.0,99.05956417446056
39.0,20.0,99.98030145531305
39.0,21.0,100.71278990493889
39.0,22.0,101.24121317357319
39.0,23.0,101.57097018536209
39.0,24.0,101.73434723494658
39.0,25.0,101.79665904023116
39.0,26.0,101.85385808526527
39.0,27.0,101.98598200057627
39.0,28.0,102.24353237435692
39.0,29.0,102.65412869512647
39.0,30.0,103.22640098955871
39.0,31.0,103.95361422195391
39.0,32.0,104.81702445535481
39.0,33.0,105.7889667743064
39.0,34.0,106.83567496925971
39.0,35.0,107.91983298261941
39.0,36.0,109.00285811643542
39.0,37.0,110.04691600173841
39.0,38.0,111.01666732951917
39.0,39.0,111.88074634335192
39.0,40.0,112.6129710936616
39.0,41.0,113.19328545363496
39.0,42.0,113.60843289677561
39.0,43.0,113.8523620361031
39.0,44.0,113.92636392499567
39.0,45.0,113.83894111967716
39.0,46.0,113.60540850334765
39.0,47.0,113.24722587195821
39.0,48.0,112.7910622816293
39.0,49.0,112.26759215771338
39.0,50.0,111.71002316550118
39.0,51.0,111.14551862291638
39.0,52.0,110.5748117144257
39.0,53.0,109.99490173034343
39.0,54.0,109.40559159924591
39.0,55.0,108.80879132260094
39.0,56.0,108.20788865757778
39.0,57.0,107.60718704803831
39.0,58.0,107.01141080370881
39.0,59.0,106.42527752753276
39.0,60.0,105.85313779120442
39.0,61.0,105.2986820588833
39.0,62.0,104.7647148590895
39.0,63.0,104.25299620477989
39.0,64.0,103.76415026160514
39.0,65.0,103.29764126434772
39.0,66.0,102.85181668154056
39.0,67.0,102.42401762826677
39.0,68.0,102.01075652714013
39.0,69.0,101.60796201746643
39.0,70.0,101.21129111258573
39.0,71.0,100.8165086053954
39.0,72.0,100.41993372205411
39.0,73.0,100.01895402386664
39.0,74.0,99.61260655734957
39.0,75.0,99.20222625247771
39.0,76.0,98.77626423296928
39.0,77.0,98.27364202682331
39.0,78.0,97.64713064339941
39.0,79.0,96.87633720462982
39.0,80.0,95.96231279015107
39.0,81.0,94.9226043223975
39.0,82.0,93.7867504916563
39.0,83.0,92.59222172108454
39.0,84.0,91.38080417168766
39.0,85.0,90.19542778725994
39.0,86.0,89.07743837928656
39.0,87.0,88.06431375180742
39.0,88.0,87.18782386624268
39.0,89.0,86.47263504618012
39.0,90.0,85.93535822212407
39.0,91.0,85.58404121620627
39.0,92.0,85.41810506685829
39.0,93.0,85.42872439344575
39.0,94.0,85.59965180086435
39.0,95.0,85.90848632409748
39.0,96.0,86.32838591273567
39.0,97.0,86.83022395545775
39.0,98.0,87.38518984447379
39.0,99.0,87.96783357992958
40.0,0.0,94.72074216278118
40.0,1.0,93.69529738213815
40.0,2.0,92.70432697644688
40.0,3.0,91.78622041932634
40.0,4.0,90.98051826442895
40.0,5.0,90.32489583108665
40.0,6.0,89.85260194398253
40.0,7.0,89.59035272684791
40.0,8.0,89.55668045018491
40.0,9.0,89.76073743301458
40.0,10.0,90.20155499865051
40.0,11.0,90.86775748449786
40.0,12.0,91.73773130587804
40.0,13.0,92.7802490738788
40.0,14.0,93.9555487672298
40.0,15.0,95.21686795820372
40.0,16.0,96.5124330925429
40.0,17.0,97.78790382341145
40.0,18.0,98.98927239937281
40.0,19.0,100.06621810639291
40.0,20.0,100.97591676386877
40.0,21.0,101.68730527468259
40.0,22.0,102.18580122928148
40.0,23.0,102.47847756378233
40.0,24.0,102.59969227210276
40.0,25.0,102.61717317211694
40.0,26.0,102.62806972419176
40.0,27.0,102.7085855647126
40.0,28.0,102.90587313036096
40.0,29.0,103.24599803095705
40.0,30.0,103.73748403317836
40.0,31.0,104.37461746524362
40.0,32.0,105.14051104256265
40.0,33.0,106.00992711435153
40.0,34.0,106.95186033121351
40.0,35.0,107.93187973368545
40.0,36.0,108.91423026174984
40.0,37.0,109.86369368531241
40.0,38.0,110.74720895564538
40.0,39.0,111.53525197779618
40.0,40.0,112.2029748039619
40.0,41.0,112.73110424782918
40.0,42.0,113.10659991987983
40.0,43.0,113.3230716836619
40.0,44.0,113.38095653302636
40.0,45.0,113.2874548903296
40.0,46.0,113.05622632560103
40.0,47.0,112.70684469667681
40.0,48.0,112.26401271029873
40.0,49.0,111.75653590417897
40.0,50.0,111.21605605003028
40.0,51.0,110.66882503529291
40.0,52.0,110.11543587902848
40.0,53.0,109.55251291342633
40.0,54.0,108.97915861244938
40.0,55.0,108.39638774142642
40.0,56.0,107.80661314398147
40.0,57.0,107.21318316630017
40.0,58.0,106.61997071873319
40.0,59.0,106.03101397473665
40.0,60.0,105.4502087071496
40.0,61.0,104.88105226180852
40.0,62.0,104.32643916849881
40.0,63.0,103.78850838924338
40.0,64.0,103.26854220392815
40.0,65.0,102.76691673326475
40.0,66.0,102.28310409909005
40.0,67.0,101.81572622200288
40.0,68.0,101.36266025633769
40.0,69.0,100.92119566247524
40.0,70.0,100.48824291649038
40.0,71.0,100.06059385713677
40.0,72.0,99.63523367016866
40.0,73.0,99.20970450999978
40.0,74.0,98.78252075869914
40.0,75.0,98.35363592232385
40.0,76.0,97.91070103717654
40.0,77.0,97.39705608050835
40.0,78.0,96.77002880546718
40.0,79.0,96.01238690678592
40.0,80.0,95.12708171199176
40.0,81.0,94.13243546210632
40.0,82.0,93.05777218183678
40.0,83.0,91.93949213925801
40.0,84.0,90.81758989498549
40.0,85.0,89.73261594083914
40.0,86.0,88.72308192799828
40.0,87.0,87.82330948464725
40.0,88.0,87.0617226231121
40.0,89.0,86.45958373648823
40.0,90.0,86.03017318475878
40.0,91.0,85.77841247040422
40.0,92.0,85.70093100350253
40.0,93.0,85.78657645632062
40.0,94.0,86.01736870739641
40.0,95.0,86.36989737511205
40.0,96.0,86.81716294075787
40.0,97.0,87.33086146108744
40.0,98.0,87.88411287036337
40.0,99.0,88.45463287189413
41.0,0.0,95.25967391957276
41.0,1.0,94.22197172253361
41.0,2.0,93.2225258592699
41.0,3.0,92.30228897445137
41.0,4.0,91.5022205856188
41.0,5.0,90.86046280873664
41.0,6.0,90.4099581331629
41.0,7.0,90.17650924603606
41.0,8.0,90.17728090607925
41.0,9.0,90.41974386682153
41.0,10.0,90.90106084923644
41.0,11.0,91.60791456379751
41.0,12.0,92.51677778195112
41.0,13.0,93.5946254570065
41.0,14.0,94.80008889444272
41.0,15.0,96.08505197163312
41.0,16.0,97.39668940698661
41.0,17.0,98.67994707850639
41.0,18.0,99.8804643917656
41.0,19.0,100.94793869730039
41.0,20.0,101.83993175741985
41.0,21.0,102.52611826243336
41.0,22.0,102.99297639629505
41.0,23.0,103.24892045166517
41.0,24.0,103.32987549438911
41.0,25.0,103.30529407739303
41.0,26.0,103.27275586268942
41.0,27.0,103.30420303916122
41.0,28.0,103.44314003278524
41.0,29.0,103.71382019697471
41.0,30.0,104.12445069334947
41.0,31.0,104.67018266705226
41.0,32.0,105.3358867166108
41.0,33.0,106.09871365834582
41.0,34.0,106.93044058532503
41.0,35.0,107.799602220863
41.0,36.0,108.67340756656696
41.0,37.0,109.51944184492856
41.0,38.0,110.30715373646143
41.0,39.0,111.00912791138481
41.0,40.0,111.60214285585299
41.0,41.0,112.06801399273077
41.0,42.0,112.39422209691475
41.0,43.0,112.5743270052005
41.0,44.0,112.60816662069588
41.0,45.0,112.50184121178002
41.0,46.0,112.26748300560833
41.0,47.0,111.92281107616346
41.0,48.0,111.4904715268521
41.0,49.0,110.99716296764784
41.0,50.0,110.47254728677976
41.0,51.0,109.94167709718609
41.0,52.0,109.40580685509642
41.0,53.0,108.86206756860928
41.0,54.0,108.30950357888948
41.0,55.0,107.74865377854357
41.0,56.0,107.18116986435587
41.0,57.0,106.60947162438514
41.0,58.0,106.0364392594219
41.0,59.0,105.46514273880629
41.0,60.0,104.89860819060658
41.0,61.0,104.33962132615827
41.0,62.0,103.79056789896386
41.0,63.0,103.25331119795312
41.0,64.0,102.7291065751041
41.0,65.0,102.21855300742462
41.0,66.0,101.72158169329448
41.0,67.0,101.23748168316823
41.0,68.0,100.76496254463854
41.0,69.0,100.30225406186021
41.0,70.0,99.84724296933477
41.0,71.0,99.39764672005573
41.0,72.0,98.95122428801433
41.0,73.0,98.50602400506607
41.0,74.0,98.0606684321577
41.0,75.0,97.61467626491489
41.0,76.0,97.15599720603458
41.0,77.0,96.63290684171179
41.0,78.0,96.00755812755035
41.0,79.0,95.26606710031596
41.0,80.0,94.4133999141596
41.0,81.0,93.46870304494452
41.0,82.0,92.46107666267652
41.0,83.0,91.42579117203775
41.0,84.0,90.40094692102383
41.0,85.0,89.4245770776844
41.0,86.0,88.53219367496717
41.0,87.0,87.75477682366524
41.0,88.0,87.11720709346794
41.0,89.0,86.63714106211505
41.0,90.0,86.32433003265439
41.0,91.0,86.18038191880295
41.0,92.0,86.19896629841122
41.0,93.0,86.36646263503118
41.0,94.0,86.66305166758748
41.0,95.0,87.06424996815218
41.0,96.0,87.54288766782287
41.0,97.0,88.07152935070411
41.0,98.0,88.62533811599243
41.0,99.0,89.18538280816465
42.0,0.0,95.87149657775723
42.0,1.0,94.82253370551776
42.0,2.0,93.8144857982193
42.0,3.0,92.89003776601002
42.0,4.0,92.0910234043635
42.0,5.0,91.455758196222
42.0,6.0,91.01680236508965
42.0,7.0,90.79915417907515
42.0,8.0,90.81887350588435
42.0,9.0,91.08213561876246
42.0,10.0,91.58471525338607
42.0,11.0,92.31190091570465
42.0,12.0,93.2388394407322
42.0,13.0,94.33131080228816
42.0,14.0,95.54693317368827
42.0,15.0,96.83679823938525
42.0,16.0,98.14753675755887
42.0,17.0,99.4238143736561
42.0,18.0,100.61125768488073
42.0,19.0,101.6598105556328
42.0,20.0,102.52752068389782
42.0,21.0,103.18475641858547
42.0,22.0,103.61885382781838
42.0,23.0,103.8391940181702
42.0,24.0,103.88271070485385
42.0,25.0,103.81982803285908
42.0,26.0,103.74778003173185
42.0,27.0,103.7340354684839
42.0,28.0,103.81835100227751
42.0,29.0,104.02303072610088
42.0,30.0,104.35580982026461
42.0,31.0,104.8125469743225
42.0,32.0,105.37972557741676
42.0,33.0,106.03676367704752
42.0,34.0,106.75813270626666
42.0,35.0,107.5152849792962
42.0,36.0,108.27838995557072
42.0,37.0,109.0178792722044
42.0,38.0,109.70580054488228
42.0,39.0,110.31697993717597
42.0,40.0,110.82999349828356
42.0,41.0,111.22794726919405
42.0,42.0,111.499066157276
42.0,43.0,111.63709157929068
42.0,44.0,111.64148787282939
42.0,45.0,111.5174574761753
42.0,46.0,111.27576487658952
42.0,47.0,110.93236932702163
42.0,48.0,110.50786633124447
42.0,49.0,110.02673789741334
42.0,50.0,109.51641156004949
42.0,51.0,109.00060535840143
42.0,52.0,108.4820661617804
42.0,53.0,107.95931860567957
42.0,54.0,107.43200467539428
42.0,55.0,106.90062535858102
42.0,56.0,106.36630608358564
42.0,57.0,105.83058594354085
42.0,58.0,105.29523070623284
42.0,59.0,104.7620696097373
42.0,60.0,104.2328559438245
42.0,61.0,103.7091514171338
42.0,62.0,103.19223431011719
42.0,63.0,102.6830314137523
42.0,64.0,102.18207375402446
42.0,65.0,101.68947610217806
42.0,66.0,101.20494027073723
42.0,67.0,100.72778219529556
42.0,68.0,100.25698280207537
42.0,69.0,99.79126266125587
42.0,70.0,99.32918042607083
42.0,71.0,98.86925505767536
42.0,72.0,98.4101118357819
42.0,73.0,97.95065215506563
42.0,74.0,97.49024710733883
42.0,75.0,97.02895484949482
42.0,76.0,96.55610712429026
42.0,77.0,96.02519836057661
42.0,78.0,95.40324728289673
42.0,79.0,94.67974761986845
42.0,80.0,93.86169930403389
42.0,81.0,92.9690824575072
42.0,82.0,92.03077416342063
42.0,83.0,91.08090802316913
42.0,84.0,90.15567649945329
42.0,85.0,89.29057604512067
42.0,86.0,88.51809501780566
42.0,87.0,87.86584438036755
42.0,88.0,87.35513118712721
42.0,89.0,86.99997485590202
42.0,90.0,86.80656622583939
42.0,91.0,86.77316940104843
42.0,92.0,86.89046638003035
42.0,93.0,87.14234447090692
42.0,94.0,87.50712649244768
42.0,95.0,87.95924376089536
42.0,96.0,88.47135186258964
42.0,97.0,89.01688921238963
42.0,98.0,89.57307839789435
42.0,99.0,90.12437030946198
43.0,0.0,96.52437886517575
43.0,1.0,95.46539592094578
43.0,2.0,94.44879112498916
43.0,3.0,93.51810213520628
43.0,4.0,92.7154657516569
43.0,5.0,92.07906908537676
43.0,6.0,91.64102064397619
43.0,7.0,91.42564133402028
43.0,8.0,91.44817538019092
43.0,9.0,91.7139211612305
43.0,10.0,92.21778196266747
43.0,11.0,92.94423664632352
43.0,12.0,93.86773023660257
43.0,13.0,94.9534844235616
43.0,14.0,96.1587279827631
43.0,15.0,97.43434711190922
43.0,16.0,98.72695568425796
43.0,17.0,99.98138541882074
43.0,18.0,101.14359596734198
43.0,19.0,102.16400491806037
43.0,20.0,103.00123771625178
43.0,21.0,103.62629750155408
43.0,22.0,104.02715486207366
43.0,23.0,104.21375750527349
43.0,24.0,104.22345984564346
43.0,25.0,104.1268725091518
43.0,26.0,104.02013339280246
43.0,27.0,103.96625299202285
43.0,28.0,104.0013460345851
43.0,29.0,104.14575906496354
43.0,30.0,104.40666234852901
43.0,31.0,104.7804711047196
43.0,32.0,105.25509606918753
43.0,33.0,105.81202338492248
43.0,34.0,106.42822382235111
43.0,35.0,107.07789132841286
43.0,36.0,107.73401090461209
43.0,37.0,108.36975581404646
43.0,38.0,108.95971411741158
43.0,39.0,109.48094453798204
43.0,40.0,109.9138616555686
43.0,41.0,110.24295042945177
43.0,42.0,110.4573100502916
43.0,43.0,110.55102712101382
43.0,44.0,110.5233781666722
43.0,45.0,110.37886147328726
43.0,46.0,110.12705825566121
43.0,47.0,109.78232315416919
43.0,48.0,109.36330406052686
43.0,49.0,108.89229127253417
43.0,50.0,108.39439597779548
43.0,51.0,107.89202647556223
43.0,52.0,107.39024576245137
43.0,53.0,106.88982499887739
43.0,54.0,106.39164403489607
43.0,55.0,105.89660324898496
43.0,56.0,105.40554756827487
43.0,57.0,104.9192026702327
43.0,58.0,104.43812336579548
43.0,59.0,103.96265416395545
43.0,60.0,103.49290201779654
43.0,61.0,103.02872125198196
43.0,62.0,102.56971067169299
43.0,63.0,102.1152228530189
43.0,64.0,101.6643856147983
43.0,65.0,101.21613567191143
43.0,66.0,100.76926447002377
43.0,67.0,100.3224762017809
43.0,68.0,99.87445800445448
43.0,69.0,99.42396233903945
43.0,70.0,98.96990155080243
43.0,71.0,98.5114546112814
43.0,72.0,98.04818604173639
43.0,73.0,97.58017701805163
43.0,74.0,97.10816865708868
43.0,75.0,96.63371748449089
43.0,76.0,96.14855696039969
43.0,77.0,95.611434660494
43.0,78.0,94.99404359815034
43.0,79.0,94.28912318518942
43.0,80.0,93.50562862832842
43.0,81.0,92.66434277657409
43.0,82.0,91.79393041955707
43.0,83.0,90.92743503680715
43.0,84.0,90.0992179979695
43.0,85.0,89.34234021396188
43.0,86.0,88.68638623907304
43.0,87.0,88.15573082400194
43.0,88.0,87.76824791983803
43.0,89.0,87.53446213298267
43.0,90.0,87.45714263101134
43.0,91.0,87.53133949947704
43.0,92.0,87.74486254965467
43.0,93.0,88.07920257722634
43.0,94.0,88.51089507190773
43.0,95.0,89.01332637801553
43.0,96.0,89.55898230597585
43.0,97.0,90.12213919477357
43.0,98.0,90.68199742534277
43.0,99.0,91.22625738489825
44.0,0.0,97.18505856778427
44.0,1.0,96.11748483316873
44.0,2.0,95.0925364231531
44.0,3.0,94.15371350400983
44.0,4.0,93.34288258124275
44.0,5.0,92.69780526214666
44.0,6.0,92.2500782585988
44.0,7.0,92.02348463008236
44.0,8.0,92.03275626694195
44.0,9.0,92.28274761387114
44.0,10.0,92.76802063363203
44.0,11.0,93.47284101100672
44.0,12.0,94.37158559698085
44.0,13.0,95.42956109315922
44.0,14.0,96.60423397641324
44.0,15.0,97.84687166376057
44.0,16.0,99.10459491747662
44.0,17.0,100.3228414904382
44.0,18.0,101.448241011699
44.0,19.0,102.43190111229728
44.0,20.0,103.23310479129542
44.0,21.0,103.82341902205145
44.0,22.0,104.19121459872285
44.0,23.0,104.34659722300187
44.0,24.0,104.32674983108348
44.0,25.0,104.20168616086471
44.0,26.0,104.06575448090139
44.0,27.0,103.97774639471652
44.0,28.0,103.97043958665506
44.0,29.0,104.0623425574244
44.0,30.0,104.26003350039025
44.0,31.0,104.56034576945294
44.0,32.0,104.95239993850419
44.0,33.0,105.41948245246454
44.0,34.0,105.94077086990112
44.0,35.0,106.49290569722602
44.0,36.0,107.05140881447515
44.0,37.0,107.59194849266758
44.0,38.0,108.09145100274543
44.0,39.0,108.52905881609422
44.0,40.0,108.88693539664376
44.0,41.0,109.15091658454956
44.0,42.0,109.31100857145468
44.0,43.0,109.36173246733215
44.0,44.0,109.30231545890791
44.0,45.0,109.13672855966416
44.0,46.0,108.87357095142332
44.0,47.0,108.52580091751244
44.0,48.0,108.11031336750818
44.0,49.0,107.64736395356216
44.0,50.0,107.15983977830699
44.0,51.0,106.66902172434939
44.0,52.0,106.18307040487609
44.0,53.0,105.70578640977972
44.0,54.0,105.23988504171709
44.0,55.0,104.7870841008101
44.0,56.0,104.34819410783223
44.0,57.0,103.92321096588064
44.0,58.0,103.51141106053394
44.0,59.0,103.11144879849566
44.0,60.0,102.72145658472316
44.0,61.0,102.3391472380424
44.0,62.0,101.96191884524818
44.0,63.0,101.58696205369009
44.0,64.0,101.21136980234408
44.0,65.0,100.83224949136965
44.0,66.0,100.44683759015267
44.0,67.0,100.05261668383389
44.0,68.0,99.64743495832298
44.0,69.0,99.22962812379826
44.0,70.0,98.79814377669219
44.0,71.0,98.35266820016216
44.0,72.0,97.89375560304728
44.0,73.0,97.42295979731064
44.0,74.0,96.9429683139671
44.0,75.0,96.45773895749691
44.0,76.0,95.96232014747905
44.0,77.0,95.4204989889464
44.0,78.0,94.80822970133431
44.0,79.0,94.12121122641365
44.0,80.0,93.3701823897331
44.0,81.0,92.57665923185657
44.0,82.0,91.76911450939595
44.0,83.0,90.97959936583926
44.0,84.0,90.24080717217404
44.0,85.0,89.58357953730604
44.0,86.0,89.03485448827328
44.0,87.0,88.61605682025541
44.0,88.0,88.34193061637833
44.0,89.0,88.21981393731423
44.0,90.0,88.24935568067676
44.0,91.0,88.42267461021176
44.0,92.0,88.72496055478311
44.0,93.0,89.13551777715395
44.0,94.0,89.6292505125632
44.0,95.0,90.17859067709753
44.0,96.0,90.75586774585834
44.0,97.0,91.3361208009244
44.0,98.0,91.90035274910957
44.0,99.0,92.4392267095159
45.0,0.0,97.82137789062187
45.0,1.0,96.74676204285808
45.0,2.0,95.713835023818
45.0,3.0,94.76519708364977
45.0,4.0,93.94189371433988
45.0,5.0,93.28098100299793
45.0,6.0,92.81349532051172
45.0,7.0,92.56282734557317
45.0,8.0,92.54350042407454
45.0,9.0,92.76035326387547
45.0,10.0,93.20812696494032
45.0,11.0,93.87145638484627
45.0,12.0,94.72526583966186
45.0,13.0,95.73556914019613
45.0,14.0,96.86067396361837
45.0,15.0,98.05279056044826
45.0,16.0,99.2600447969168
45.0,17.0,100.42889553269762
45.0,18.0,101.50695633400889
45.0,19.0,102.44622152208588
45.0,20.0,103.20669655702395
45.0,21.0,103.7604327569921
45.0,22.0,104.09596635281736
45.0,23.0,104.22316187793912
45.0,24.0,104.17845989373484
45.0,25.0,104.03052905021558
45.0,26.0,103.87131869040056
45.0,27.0,103.75584520416565
45.0,28.0,103.71403152887828
45.0,29.0,103.7627847838192
45.0,30.0,103.90812802782436
45.0,31.0,104.14719234621326
45.0,32.0,104.47006926700396
45.0,33.0,104.86152350641468
45.0,34.0,105.30256604365206
45.0,35.0,105.77188752498597
45.0,36.0,106.24715199711096
45.0,37.0,106.70615096979436
45.0,38.0,107.12781780781097
45.0,39.0,107.49310245216424
45.0,40.0,107.78570647059433
45.0,41.0,107.9926784373725
45.0,42.0,108.10486964238234
45.0,43.0,108.1172501294874
45.0,44.0,108.02908506418567
45.0,45.0,107.8439714305504
45.0,46.0,107.56973505745785
45.0,47.0,107.21818797410133
45.0,48.0,106.80474609479208
45.0,49.0,106.3479072330467
45.0,50.0,105.86858944496112
45.0,51.0,105.38727140392581
45.0,52.0,104.91591900723232
45.0,53.0,104.4620447289246
45.0,54.0,104.03073056512251
45.0,55.0,103.62489345826214
45.0,56.0,103.24554540629859
45.0,57.0,102.8920482568718
45.0,58.0,102.56236318643477
45.0,59.0,102.25329486434465
45.0,60.0,101.96073030191663
45.0,61.0,101.6798723864402
45.0,62.0,101.40546810015857
45.0,63.0,101.13203142421041
45.0,64.0,100.8540609275345
45.0,65.0,100.5662520407371
45.0,66.0,100.26370401492187
45.0,67.0,99.94212156548267
45.0,68.0,99.59801120085898
45.0,69.0,99.22887223625403
45.0,70.0,98.83338249231572
45.0,71.0,98.41157867878007
45.0,72.0,97.9650314630776
45.0,73.0,97.49701522390218
45.0,74.0,97.0126724897429
45.0,75.0,96.51917306237829
45.0,76.0,96.01565267188582
45.0,77.0,95.47049626676551
45.0,78.0,94.86331183312848
45.0,79.0,94.19233644633437
45.0,80.0,93.46983911234346
45.0,81.0,92.7179655551267
45.0,82.0,91.96502495013289
45.0,83.0,91.2422186038137
45.0,84.0,90.58081057920597
45.0,85.0,90.00974026757166
45.0,86.0,89.55367690609526
45.0,87.0,89.23151604163883
45.0,88.0,89.0553179405543
45.0,89.0,89.02968794455369
45.0,90.0,89.15159877263639
45.0,91.0,89.4106547690744
45.0,92.0,89.78979809745472
45.0,93.0,90.26645688077951
45.0,94.0,90.81413528762367
45.0,95.0,91.40444556434994
45.0,96.0,92.00958201338153
45.0,97.0,92.60523691753227
45.0,98.0,93.17395841039428
45.0,99.0,93.70895029278319
46.0,0.0,98.40525305305323
46.0,1.0,97.3251795036764
46.0,2.0,96.28475963582724
46.0,3.0,95.32489717340286
46.0,4.0,94.48531228256059
46.0,5.0,93.80210423067814
46.0,6.0,93.30571326792365
46.0,7.0,93.01928173143571
46.0,8.0,92.95741437211326
46.0,9.0,93.12533790401551
46.0,10.0,93.51845977637173
46.0,11.0,94.12232616820108
46.0,12.0,94.91297920554229
46.0,13.0,95.8577134012933
46.0,14.0,96.91623131766089
46.0,15.0,98.04219845122022
46.0,16.0,99.1851973405843
46.0,17.0,100.2930808966835
46.0,18.0,101.3147249556548
46.0,19.0,102.20318005434117
46.0,20.0,102.91922242840093
46.0,21.0,103.4353042330267
46.0,22.0,103.7399029862749
46.0,23.0,103.84227023500446
46.0,24.0,103.77757944342622
46.0,25.0,103.61247310426162
46.0,26.0,103.43599750374698
46.0,27.0,103.30000233394914
46.0,28.0,103.23217666347762
46.0,29.0,103.24815825591092
46.0,30.0,103.35350849347863
46.0,31.0,103.54555780222579
46.0,32.0,103.81512157865974
46.0,33.0,104.14808661787946
46.0,34.0,104.52686804318722
46.0,35.0,104.93173673718275
46.0,36.0,105.34201727433978
46.0,37.0,105.73715635506503
46.0,38.0,106.09766174123962
46.0,39.0,106.4059116932429
46.0,40.0,106.64683490845874
46.0,41.0,106.8084609612642
46.0,42.0,106.88234124450062
46.0,43.0,106.8638404124272
46.0,44.0,106.75229832515693
46.0,45.0,106.55106249457504
46.0,46.0,106.26739103173973
46.0,47.0,105.91222609576555
46.0,48.0,105.49983784418886
46.0,49.0,105.04733888481617
46.0,50.0,104.57406922905446
46.0,51.0,104.10014513354577
46.0,52.0,103.64194508996373
46.0,53.0,103.21125253617556
46.0,54.0,102.81596213114084
46.0,55.0,102.46052073699161
46.0,56.0,102.14635734491662
46.0,57.0,101.87230194484914
46.0,58.0,101.63499333895878
46.0,59.0,101.429275898947
46.0,60.0,101.24858526714654
46.0,61.0,101.08532300142464
46.0,62.0,100.93122016389006
46.0,63.0,100.77768985340401
46.0,64.0,100.61616868189478
46.0,65.0,100.43844719447628
46.0,66.0,100.23698923337042
46.0,67.0,100.00524024563325
46.0,68.0,99.73792453468498
46.0,69.0,99.43133145564377
46.0,70.0,99.08359055446343
46.0,71.0,98.69493565087488
46.0,72.0,98.26795786513138
46.0,73.0,97.80784758855778
46.0,74.0,97.32262539790338
46.0,75.0,96.8233619134987
46.0,76.0,96.31388816943023
46.0,77.0,95.76655873580472
46.0,78.0,95.16387982144185
46.0,79.0,94.5061021196517
46.0,80.0,93.80670895587755
46.0,81.0,93.0883462157277
46.0,82.0,92.37919405339629
46.0,83.0,91.70978038047335
46.0,84.0,91.11023613514372
46.0,85.0,90.60799233177508
46.0,86.0,90.22591889089517
46.0,87.0,89.98090524955784
46.0,88.0,89.88288275209834
46.0,89.0,89.9342888212776
46.0,90.0,90.12997290981555
46.0,91.0,90.45754423231352
46.0,92.0,90.89816127756572
46.0,93.0,91.42776310125973
46.0,94.0,92.01874239906606
46.0,95.0,92.64206036011683
46.0,96.0,93.26980330087339
46.0,97.0,93.87818107938311
46.0,98.0,94.45096728992513
46.0,99.0,94.98338123804531
47.0,0.0,98.91607811828501
47.0,1.0,97.83206869379411
47.0,2.0,96.78471511051409
47.0,3.0,95.81253004967625
47.0,4.0,94.95347266902188
47.0,5.0,94.24247302932899
47.0,6.0,93.70935233523574
47.0,7.0,93.3771389903599
47.0,8.0,93.26078046671482
47.0,9.0,93.3662509884216
47.0,10.0,93.69005502971761
47.0,11.0,94.2191266272614
47.0,12.0,94.9311245067338
47.0,13.0,95.79512302373544
47.0,14.0,96.77269891898057
47.0,15.0,97.81941388778716
47.0,16.0,98.88669296386337
47.0,17.0,99.92409871739027
47.0,18.0,100.88200126740098
47.0,19.0,101.71464410845601
47.0,20.0,102.38360575161508
47.0,21.0,102.86165717970498
47.0,22.0,103.13701511688419
47.0,23.0,103.21799111250323
47.0,24.0,103.13803643926198
47.0,25.0,102.96118280566277
47.0,26.0,102.77318746301435
47.0,27.0,102.62344527319027
47.0,28.0,102.53811280904024
47.0,29.0,102.53195146755617
47.0,30.0,102.610196590471
47.0,31.0,102.77030386741896
47.0,32.0,103.00357302165706
47.0,33.0,103.29664877834823
47.0,34.0,103.63289911540576
47.0,35.0,103.99367079689914
47.0,36.0,104.35942218902133
47.0,37.0,104.71073335861753
47.0,38.0,105.02919345427519
47.0,39.0,105.2981653699756
47.0,40.0,105.50342769130684
47.0,41.0,105.63369392423807
47.0,42.0,105.68100900645537
47.0,43.0,105.64102310125888
47.0,44.0,105.51314267402144
47.0,45.0,105.30055885120852
47.0,46.0,105.01015306195977
47.0,47.0,104.6522799622318
47.0,48.0,104.24042764150238
47.0,49.0,103.79075511203625
47.0,50.0,103.32150708071207
47.0,51.0,102.85294804134891
47.0,52.0,102.4063562534742
47.0,53.0,101.99820847982636
47.0,54.0,101.63956003265142
47.0,55.0,101.33665617113944
47.0,56.0,101.09152861544271
47.0,57.0,100.90257717727589
47.0,58.0,100.7651365070977
47.0,59.0,100.67202795787466
47.0,60.0,100.61409656542651
47.0,61.0,100.58073314535334
47.0,62.0,100.56038150654476
47.0,63.0,100.54103078127065
47.0,64.0,100.51069287185375
47.0,65.0,100.45786501392419
47.0,66.0,100.37197745625565
47.0,67.0,100.24382625718337
47.0,68.0,100.06599119760403
47.0,69.0,99.83323881055733
47.0,70.0,99.54291052738942
47.0,71.0,99.19529594049817
47.0,72.0,98.79399118266006
47.0,73.0,98.34624242293918
47.0,74.0,97.86327447917775
47.0,75.0,97.36060454706848
47.0,76.0,96.84719282921675
47.0,77.0,96.29861480502659
47.0,78.0,95.69943871927973
47.0,79.0,95.05134812919964
47.0,80.0,94.36869067868057
47.0,81.0,93.67446854246626
47.0,82.0,92.99677054027848
47.0,83.0,92.365645920895
47.0,84.0,91.81041981617753
47.0,85.0,91.35745036504906
47.0,86.0,91.02832750742118
47.0,87.0,90.83851344807081
47.0,88.0,90.79642479046677
47.0,89.0,90.90295634054607
47.0,90.0,91.15144658043967
47.0,91.0,91.52808481214825
47.0,92.0,92.0127599711673
47.0,93.0,92.58035111006224
47.0,94.0,93.20245955199293
47.0,95.0,93.84958271418809
47.0,96.0,94.49372960136925
47.0,97.0,95.1114779691245
47.0,98.0,95.68747315723178
47.0,99.0,96.21836859293207
48.0,0.0,99.34456305715642
48.0,1.0,98.25796374225249
48.0,2.0,97.20424334100437
48.0,3.0,96.21896444538437
48.0,4.0,95.33797794764976
48.0,5.0,94.59487951895103
48.0,6.0,94.0188599882408
48.0,7.0,93.63294962148323
48.0,8.0,93.45265630116415
48.0,9.0,93.48499760610173
48.0,10.0,93.72792679155775
48.0,11.0,94.1701526696496
48.0,12.0,94.79135339006268
48.0,13.0,95.56278412106366
48.0,14.0,96.44827863081407
48.0,15.0,97.40564476898477
48.0,16.0,98.38845384867082
48.0,17.0,99.34822392860711
48.0,18.0,100.23699699568444
48.0,19.0,101.01031004776641
48.0,20.0,101.63056007680674
48.0,21.0,102.07076295226727
48.0,22.0,102.31870620483664
48.0,23.0,102.38149571044933
48.0,24.0,102.29049627460573
48.0,25.0,102.10666611699239
48.0,26.0,101.91220888430259
48.0,27.0,101.75479382237273
48.0,28.0,101.65974745119378
48.0,29.0,101.64136030108428
48.0,30.0,101.70469750104589
48.0,31.0,101.84729045770902
48.0,32.0,102.06070962486854
48.0,33.0,102.33201836360956
48.0,34.0,102.64510789302349
48.0,35.0,102.981913331514
48.0,36.0,103.32351082869323
48.0,37.0,103.65109578786812
48.0,38.0,103.94684217911677
48.0,39.0,104.19464294295494
48.0,40.0,104.38073148459272
48.0,41.0,104.4941842587812
48.0,42.0,104.52730444524944
48.0,43.0,104.47588671473129
48.0,44.0,104.33936308558258
48.0,45.0,104.12082987098825
48.0,46.0,103.82695571675966
48.0,47.0,103.46777072972205
48.0,48.0,103.056336696692
48.0,49.0,102.60829839404514
48.0,50.0,102.1413159878738
48.0,51.0,101.67632284533923
48.0,52.0,101.23985270166199
48.0,53.0,100.85335957444596
48.0,54.0,100.53130437773957
48.0,55.0,100.28192972913381
48.0,56.0,100.1080177242012
48.0,57.0,100.00763067827594
48.0,58.0,99.97483483557501
48.0,59.0,100.00040704566032
48.0,60.0,100.072524407242
48.0,61.0,100.17743687932256
48.0,62.0,100.3001228596823
48.0,63.0,100.42492773070565
48.0,64.0,100.5361853725485
48.0,65.0,100.61882264364675
48.0,66.0,100.65894682856576
48.0,67.0,100.64441605319094
48.0,68.0,100.56539266725926
48.0,69.0,100.41487959423198
48.0,70.0,100.18923964850828
48.0,71.0,99.88869781998
48.0,72.0,99.51782652592746
48.0,73.0,99.08601383025623
48.0,74.0,98.60791463007507
48.0,75.0,98.10388480961474
48.0,76.0,97.58828010511625
48.0,77.0,97.03912109500499
48.0,78.0,96.44221210590605
48.0,79.0,95.80009573915171
48.0,80.0,95.12763794951714
48.0,81.0,94.44805473188671
48.0,82.0,93.78938041585099
48.0,83.0,93.18137756823423
48.0,84.0,92.65288850355249
48.0,85.0,92.22962840240241
48.0,86.0,91.93242003778053
48.0,87.0,91.7758701093332
48.0,88.0,91.76748718553715
48.0,89.0,91.90724125381065
48.0,90.0,92.18756487855518
48.0,91.0,92.59379596712782
48.0,92.0,93.10506214374419
48.0,93.0,93.69560673131198
48.0,94.0,94.3365563411951
48.0,95.0,94.99813007090843
48.0,96.0,95.65229030974314
48.0,97.0,96.27583515232268
48.0,98.0,96.8539324200893
48.0,99.0,97.38409529072119
49.0,0.0,99.697006046204
49.0,1.0,98.60885851017285
49.0,2.0,97.54926029606955
49.0,3.0,96.5504296196207
49.0,4.0,95.6458668206769
49.0,5.0,94.86772108922072
49.0,6.0,94.24455032498442
49.0,7.0,93.7994741306772
49.0,8.0,93.54871993882222
49.0,9.0,93.50056227220323
49.0,10.0,93.65465513792077
49.0,11.0,94.00175755505822
49.0,12.0,94.52385221595729
49.0,13.0,95.19465728110332
49.0,14.0,95.98053130762011
49.0,15.0,96.84177131137453
49.0,16.0,97.73430396269069
49.0,17.0,98.61176991567382
49.0,18.0,99.42800127114371
49.0,19.0,100.13989217317798
49.0,20.0,100.7106625392648
49.0,21.0,101.11351492406538
49.0,22.0,101.3356845167862
49.0,23.0,101.38288227216054
49.0,24.0,101.28413117504024
49.0,25.0,101.09699563859648
49.0,26.0,100.89997431498607
49.0,27.0,100.73964437540715
49.0,28.0,100.64110295942699
49.0,29.0,100.61852378938991
49.0,30.0,100.67694729408689
49.0,31.0,100.81395334840059
49.0,32.0,101.02121662892604
49.0,33.0,101.28594458556675
49.0,34.0,101.59219802910643
49.0,35.0,101.92209433475622
49.0,36.0,102.25689326167748
49.0,37.0,102.57796538848008
49.0,38.0,102.86764316469626
49.0,39.0,103.10995457823003
49.0,40.0,103.29123943878209
49.0,41.0,103.40064827725026
49.0,42.0,103.43052386110551
49.0,43.0,103.37666532574356
49.0,44.0,103.23847492181183
49.0,45.0,103.01898737851214
49.0,46.0,102.72478188287884
49.0,47.0,102.36577667503256
49.0,48.0,101.95490625940931
49.0,49.0,101.50768123196536
49.0,50.0,101.0416307233575
49.0,51.0,100.57880782654846
49.0,52.0,100.15122481129296
49.0,53.0,99.78547041746357
49.0,54.0,99.49955707631858
49.0,55.0,99.30385199823853
49.0,56.0,99.20199036688047
49.0,57.0,99.19177063975002
49.0,58.0,99.26603195519114
49.0,59.0,99.41351364579373
49.0,60.0,99.61969685821903
49.0,61.0,99.86762827944271
49.0,62.0,100.13872596941587
49.0,63.0,100.41356730014364
49.0,64.0,100.6726590011817
49.0,65.0,100.89718931155056
49.0,66.0,101.06976223806754
49.0,67.0,101.17511392009659
49.0,68.0,101.20081110071584
49.0,69.0,101.13793170430304
49.0,70.0,100.98172752053858
49.0,71.0,100.73226899482651
49.0,72.0,100.39507212513314
49.0,73.0,99.9817074652435
49.0,74.0,99.51039123443572
49.0,75.0,99.00655853357283
49.0,76.0,98.49008523486772
49.0,77.0,97.94075768084166
49.0,78.0,97.3449170512999
49.0,79.0,96.70547910520493
49.0,80.0,96.037535008151
49.0,81.0,95.36439374292644
49.0,82.0,94.71406610316345
49.0,83.0,94.11619027007539
49.0,84.0,93.59939897228173
49.0,85.0,93.18912822872056
49.0,86.0,92.90586767464856
49.0,87.0,92.76385247072866
49.0,88.0,92.77019679520517
49.0,89.0,92.9244689191665
49.0,90.0,93.21870786489546
49.0,91.0,93.63788164730713
49.0,92.0,94.16078709847422
49.0,93.0,94.76139127524006
49.0,94.0,95.41061444991917
49.0,95.0,96.07855468408532
49.0,96.0,96.73715398544718
49.0,97.0,97.36330604781158
49.0,98.0,97.94240557413423
49.0,99.0,98.47233918265815
50.0,0.0,100.0
50.0,1.0,98.91089762681163
50.0,2.0,97.84572518852885
50.0,3.0,96.83315101762352
50.0,4.0,95.90420005433278
50.0,5.0,95.08951899265892
50.0,6.0,94.41703444228675
50.0,7.0,93.91000410641827
50.0,8.0,93.58546097552474
50.0,9.0,93.45305053701607
50.0,10.0,93.51426100082759
50.0,11.0,93.76204654092417
50.0,12.0,94.18084355272175
50.0,13.0,94.74697992642614
50.0,14.0,95.42947733628915
50.0,15.0,96.19124654578235
50.0,16.0,96.99067572868779
50.0,17.0,97.78361180610638
50.0,18.0,98.52573479938351
50.0,19.0,99.17532519895205
50.0,20.0,99.69642434909271
50.0,21.0,100.06238784861168
50.0,22.0,100.25983196743587
50.0,23.0,100.29297307912513
50.0,24.0,100.18836010930227
50.0,25.0,100.0
50.0,26.0,99.80262673380949
50.0,27.0,99.64212074794715
50.0,28.0,99.54372037005389
50.0,29.0,99.52170423373812
50.0,30.0,99.5811833614857
50.0,31.0,99.71977609770255
50.0,32.0,99.92916589188988
50.0,33.0,100.19654193195203
50.0,34.0,100.50592262763689
50.0,35.0,100.839361944109
50.0,36.0,101.17803858565517
50.0,37.0,101.50322802952283
50.0,38.0,101.79715740989086
50.0,39.0,102.04374325197311
50.0,40.0,102.22921205625457
50.0,41.0,102.34260373286004
50.0,42.0,102.37615788605555
50.0,43.0,102.32558294888221
50.0,44.0,102.19020816792289
50.0,45.0,101.97301843820134
50.0,46.0,101.680571988214
50.0,47.0,101.32280091509443
50.0,48.0,100.9126945699103
50.0,49.0,100.46586579309302
50.0,50.0,100.0
50.0,51.0,99.53855069438475
50.0,52.0,99.11910974721407
50.0,53.0,98.7734593244944
50.0,54.0,98.52322476501949
50.0,55.0,98.3809570378531
50.0,56.0,98.35119717407179
50.0,57.0,98.43152267276803
50.0,58.0,98.61357588131344
50.0,59.0,98.88407434988214
50.0,60.0,99.22580316023438
50.0,61.0,99.61858922876024
50.0,62.0,100.04025758378366
50.0,63.0,100.46756961712646
50.0,64.0,100.87714330993272
50.0,65.0,101.24635543275318
50.0,66.0,101.55422571988996
50.0,67.0,101.78228301800131
50.0,68.0,101.91541340896671
50.0,69.0,101.94269030701201
50.0,70.0,101.85818653009476
50.0,71.0,101.6617683455498
50.0,72.0,101.35987148999499
50.0,73.0,100.96625916349706
50.0,74.0,100.50276199799775
50.0,75.0,100.0
50.0,76.0,99.48339956681103
50.0,77.0,98.93408653349807
50.0,78.0,98.33851074390755
50.0,79.0,97.69966352174279
50.0,80.0,97.03268167471263
50.0,81.0,96.36089307795369
50.0,82.0,95.71230383672685
50.0,83.0,95.11652702838762
50.0,84.0,94.60215302363056
50.0,85.0,94.19456138700761
50.0,86.0,93.9141743567205
50.0,87.0,93.77515190368698
50.0,88.0,93.78452836988126
50.0,89.0,93.94179068594832
50.0,90.0,94.23889816809209
50.0,91.0,94.66074389423785
50.0,92.0,95.1860576594685
50.0,93.0,95.7887505107347
50.0,94.0,96.43970086083924
50.0,95.0,97.10898218169523
50.0,96.0,97.76853227685824
50.0,97.0,98.39526413333263
50.0,98.0,98.97461835265163
50.0,99.0,99.50455716123157
51.0,0.0,100.27908240105234
51.0,1.0,99.19014151678371
51.0,2.0,98.12043311689813
51.0,3.0,97.0950094869445
51.0,4.0,96.14236740296393
51.0,5.0,95.29161193959385
51.0,6.0,94.57001293871431
51.0,7.0,94.00095413863629
51.0,8.0,93.6022749638322
51.0,9.0,93.38500497520843
51.0,10.0,93.35249098092007
51.0,11.0,93.49991680772762
51.0,12.0,93.81421573289589
51.0,13.0,94.27437557663508
51.0,14.0,94.85213645508374
51.0,15.0,95.51308119383407
51.0,16.0,96.21811840199916
51.0,17.0,96.92535820682248
51.0,18.0,97.59238064882928
51.0,19.0,98.1788967375203
51.0,20.0,98.64980216760749
51.0,21.0,98.97862369579178
51.0,22.0,99.15135817808309
51.0,23.0,99.17070426766225
51.0,24.0,99.06068677328533
51.0,25.0,98.87167367822971
51.0,26.0,98.67456907251348
51.0,27.0,98.51465652378245
51.0,28.0,98.41741771861452
51.0,29.0,98.397294308265
51.0,30.0,98.45948910796979
51.0,31.0,98.60164991705396
51.0,32.0,98.81543595984606
51.0,33.0,99.08796694739783
51.0,34.0,99.40315476000963
51.0,35.0,99.74291775056136
51.0,36.0,100.0882776686489
51.0,37.0,100.42033920552626
51.0,38.0,100.72115215985316
51.0,39.0,100.97445622424823
51.0,40.0,101.16630839264778
51.0,41.0,101.28559298847016
51.0,42.0,101.32441431358562
51.0,43.0,101.2783719180918
51.0,44.0,101.14671849089481
51.0,45.0,100.93240037109572
51.0,46.0,100.64198068018284
51.0,47.0,100.2854450750294
51.0,48.0,99.87589012169688
51.0,49.0,99.42909429004389
51.0,50.0,98.96297156914055
51.0,51.0,98.50244927330846
51.0,52.0,98.09075128389078
51.0,53.0,97.76489247093775
51.0,54.0,97.55014147311337
51.0,55.0,97.46125468124428
51.0,56.0,97.503692171982
51.0,57.0,97.67481559157818
51.0,58.0,97.96506798977339
51.0,59.0,98.3591356037989
51.0,60.0,98.83709159249177
51.0,61.0,99.37552172052327
51.0,62.0,99.94863199274039
51.0,63.0,100.52933823862071
51.0,64.0,101.0903376468405
51.0,65.0,101.6051622499559
51.0,66.0,102.04921435919758
51.0,67.0,102.4007839493785
51.0,68.0,102.64204799391489
51.0,69.0,102.76005174996051
51.0,70.0,102.74767199365421
51.0,71.0,102.60456220548058
51.0,72.0,102.338079705744
51.0,73.0,101.96419474015579
51.0,74.0,101.50838151553475
51.0,75.0,101.00649118562075
51.0,76.0,100.48954009237644
51.0,77.0,99.9399461245993
51.0,78.0,99.34420771320858
51.0,79.0,98.70534470026476
51.0,80.0,98.03850546120036
51.0,81.0,97.36701541739886
51.0,82.0,96.7188669391219
51.0,83.0,96.12365063878455
51.0,84.0,95.60992805457893
51.0,85.0,95.20304572444574
51.0,86.0,94.9233906503943
51.0,87.0,94.78508715317041
51.0,88.0,94.79513511727271
51.0,89.0,94.952989626317
51.0,90.0,95.25058198874886
51.0,91.0,95.67278215390434
51.0,92.0,96.19830251841894
51.0,93.0,96.80104312298472
51.0,94.0,97.45187823945552
51.0,95.0,98.12088434830052
51.0,96.0,98.78000950640579
51.0,97.0,99.40618410522416
51.0,98.0,99.98487301927315
51.0,99.0,100.51406914498128
52.0,0.0,100.48324340437567
52.0,1.0,99.40002785708916
52.0,2.0,98.33121438209281
52.0,3.0,97.29808579707455
52.0,4.0,96.32644872235852
52.0,5.0,95.44370938488143
52.0,6.0,94.67633976766555
52.0,7.0,94.04773410478873
52.0,8.0,93.57645572185112
52.0,9.0,93.27487422193863
52.0,10.0,93.14819301708344
52.0,11.0,93.19386720522105
52.0,12.0,93.40141179264431
52.0,13.0,93.75260026195424
52.0,14.0,94.22205348550766
52.0,15.0,94.77821898436156
52.0,16.0,95.3847405327144
52.0,17.0,96.00221810784419
52.0,18.0,96.59035818554327
52.0,19.0,97.11051438105011
52.0,20.0,97.52861843547774
52.0,21.0,97.81850154773907
52.0,22.0,97.9656060519691
52.0,23.0,97.97108744044372
52.0,24.0,97.85630673199562
52.0,25.0,97.66771318592673
52.0,26.0,97.47208055090339
52.0,27.0,97.3142216863941
52.0,28.0,97.22002579094007
52.0,29.0,97.20417625751408
52.0,30.0,97.27197720298425
52.0,31.0,97.42106112446245
52.0,32.0,97.64297768253743
52.0,33.0,97.92466361139276
52.0,34.0,98.24979375580935
52.0,35.0,98.60001323505288
52.0,36.0,98.95605073364587
52.0,37.0,99.2987129190245
52.0,38.0,99.6097599860801
52.0,39.0,99.87266232858556
52.0,40.0,100.0732383375062
52.0,41.0,100.20017332619558
52.0,42.0,100.24541958247606
52.0,43.0,100.20447754760387
52.0,44.0,100.07655812211915
52.0,45.0,99.86462609858064
52.0,46.0,99.575324721185
52.0,47.0,99.2187813722711
52.0,48.0,98.80829438570872
52.0,49.0,98.35990098717235
52.0,50.0,97.89182636129941
52.0,51.0,97.43056352262208
52.0,52.0,97.02514233395102
52.0,53.0,96.71796151457154
52.0,54.0,96.53803451093201
52.0,55.0,96.50238058415572
52.0,56.0,96.61739769036419
52.0,57.0,96.88021715381139
52.0,58.0,97.2800401328294
52.0,59.0,97.79945587858504
52.0,60.0,98.41574178664777
52.0,61.0,99.10214524136883
52.0,62.0,99.82914725307145
52.0,63.0,100.56570788805236
52.0,64.0,101.28049349139432
52.0,65.0,101.94308570259005
52.0,66.0,102.52517226397718
52.0,67.0,103.00171962198439
52.0,68.0,103.35212732118882
52.0,69.0,103.56136419118465
52.0,70.0,103.62108632626273
52.0,71.0,103.53073685790162
52.0,72.0,103.29862752006952
52.0,73.0,102.94300200733772
52.0,74.0,102.49308112580502
52.0,75.0,101.99008973683324
52.0,76.0,101.47082078545515
52.0,77.0,100.91917828435487
52.0,78.0,100.321835216007
52.0,79.0,99.68189834089871
52.0,80.0,99.01453152715676
52.0,81.0,98.34301923979044
52.0,82.0,97.69527018955024
52.0,83.0,97.10076114140254
52.0,84.0,96.58792088262012
52.0,85.0,96.18195435048851
52.0,86.0,95.90310691962829
52.0,87.0,95.76536884893328
52.0,88.0,95.7756198881245
52.0,89.0,95.93321404392015
52.0,90.0,96.23000450582137
52.0,91.0,96.65080873151389
52.0,92.0,97.17431369188567
52.0,93.0,97.77442127566022
52.0,94.0,98.422033853646
52.0,95.0,99.08728000260155
52.0,96.0,99.74218038871663
52.0,97.0,100.36375381070914
52.0,98.0,100.9375634025379
52.0,99.0,101.4617029957315
53.0,0.0,100.56275391562556
53.0,1.0,99.49511041957294
53.0,2.0,98.43686364781219
53.0,3.0,97.40530188789305
53.0,4.0,96.42328737724728
53.0,5.0,95.51626900921684
53.0,6.0,94.70967960521384
53.0,7.0,94.02671775301258
53.0,8.0,93.48651421117354
53.0,9.0,93.10268287959931
53.0,10.0,92.88225633622248
53.0,11.0,92.82500593982554
53.0,12.0,92.92314649899271
53.0,13.0,93.16142550719371
53.0,14.0,93.51759694399959
53.0,15.0,93.96327964243048
53.0,16.0,94.46520022243523
53.0,17.0,94.98682059050313
53.0,18.0,95.49035000540752
53.0,19.0,95.93914171008147
53.0,20.0,96.30047412962529
53.0,21.0,96.548716635446
53.0,22.0,96.66887987552909
53.0,23.0,96.66055067084164
53.0,24.0,96.54221147786811
53.0,25.0,96.35594441727748
53.0,26.0,96.16390647850578
53.0,27.0,96.01065344958296
53.0,28.0,95.92275319868503
53.0,29.0,95.91525677500083
53.0,30.0,95.99357838081715
53.0,31.0,96.15525274100939
53.0,32.0,96.39156986993737
53.0,33.0,96.68908723574678
53.0,34.0,97.03101932207599
53.0,35.0,97.39850458716816
53.0,36.0,97.77174982038882
53.0,37.0,98.13105189614892
53.0,38.0,98.45769692523317
53.0,39.0,98.73473680353386
53.0,40.0,98.94764315819006
53.0,41.0,99.08483869113222
53.0,42.0,99.13810592003223
53.0,43.0,99.10287331665876
53.0,44.0,98.97837884263815
53.0,45.0,98.76771088262065
53.0,46.0,98.47772657485197
53.0,47.0,98.11884753915042
53.0,48.0,97.70473300228932
53.0,49.0,97.25183032078483
53.0,50.0,96.77880290108924
53.0,51.0,96.31383484804127
53.0,52.0,95.91198940012846
53.0,53.0,95.62124536288191
53.0,54.0,95.47449102244815
53.0,55.0,95.49108014589756
53.0,56.0,95.67836938164916
53.0,57.0,96.03323706001196
53.0,58.0,96.54358339384275
53.0,59.0,97.18981207932053
53.0,60.0,97.94629329683724
53.0,61.0,98.7828081120052
53.0,62.0,99.66597427678087
53.0,63.0,100.56065343070529
53.0,64.0,101.4313397022608
53.0,65.0,102.24352971034453
53.0,66.0,102.96507396585814
53.0,67.0,103.56750967341422
53.0,68.0,104.02737493315915
53.0,69.0,104.32750434271244
53.0,70.0,104.45830599922259
53.0,71.0,104.41901990153944
53.0,72.0,104.21895775250306
53.0,73.0,103.87872416134904
53.0,74.0,103.4314192462305
53.0,75.0,102.9238226368563
53.0,76.0,102.39876214138201
53.0,77.0,101.84197201012337
53.0,78.0,101.24053914723
53.0,79.0,100.59777209378606
53.0,80.0,99.92886418679971
53.0,81.0,99.25699380536258
53.0,82.0,98.60986170397952
53.0,83.0,98.01666543306847
53.0,84.0,97.50551084663056
53.0,85.0,97.1012606970902
53.0,86.0,96.82382031730563
53.0,87.0,96.68686038974936
53.0,88.0,96.69697680285891
53.0,89.0,96.85328759455774
53.0,90.0,97.14746698294627
53.0,91.0,97.5642164841631
53.0,92.0,98.08217311741643
53.0,93.0,98.6752546971856
53.0,94.0,99.31444221259282
53.0,95.0,99.9699992939451
53.0,96.0,100.61412876644623
53.0,97.0,101.2240662910791
53.0,98.0,101.78561109265807
53.0,99.0,102.29709377505154
54.0,0.0,100.49135950648315
54.0,1.0,99.45212901457397
54.0,2.0,98.41715032012696
54.0,3.0,97.3994918189746
54.0,4.0,96.4187874411449
54.0,5.0,95.49822065792884
54.0,6.0,94.66188276357903
54.0,7.0,93.9325054316399
54.0,8.0,93.32956754590924
54.0,9.0,92.8677763060312
54.0,10.0,92.5559226077205
54.0,11.0,92.39611069761825
54.0,12.0,92.383362102779
54.0,13.0,92.50559383478927
54.0,14.0,92.74397086851741
54.0,15.0,93.07363289549494
54.0,16.0,93.46479535192918
54.0,17.0,93.88422472134735
54.0,18.0,94.29708811187199
54.0,19.0,94.66917710812784
54.0,20.0,94.96950589778011
54.0,21.0,95.17328367270402
54.0,22.0,95.26526130478595
54.0,23.0,95.24345229635571
54.0,24.0,95.12322800525055
54.0,25.0,94.94178714451013
54.0,26.0,94.75610206524708
54.0,27.0,94.61073594619116
54.0,28.0,94.53326054984608
54.0,29.0,94.53923911813422
54.0,30.0,94.63419559433228
54.0,31.0,94.81545460120876
54.0,32.0,95.07385217536316
54.0,33.0,95.39531725776709
54.0,34.0,95.76232394050707
54.0,35.0,96.1552144697293
54.0,36.0,96.55339300478599
54.0,37.0,96.9363901335837
54.0,38.0,97.28479814413342
54.0,39.0,97.5810770523024
54.0,40.0,97.81023138576786
54.0,41.0,97.96035772417245
54.0,42.0,98.02306299548154
54.0,43.0,97.99375352854227
54.0,44.0,97.8717948618445
54.0,45.0,97.66054230848344
54.0,46.0,97.36724227732417
54.0,47.0,97.0028043503679
54.0,48.0,96.5814441163201
54.0,49.0,96.12019676036043
54.0,50.0,95.63830141011435
54.0,51.0,95.16574217000502
54.0,52.0,94.76379413448602
54.0,53.0,94.48616759535298
54.0,54.0,94.36972248282764
54.0,55.0,94.43619643660715
54.0,56.0,94.69391357774599
54.0,57.0,95.13947398137019
54.0,58.0,95.75942385022415
54.0,59.0,96.53190638904985
54.0,60.0,97.42829337979862
54.0,61.0,98.41479745767522
54.0,62.0,99.45406508801463
54.0,63.0,100.50675024399112
54.0,64.0,101.53306878515983
54.0,65.0,102.49433353683091
54.0,66.0,103.35447007027598
54.0,67.0,104.0815131837673
54.0,68.0,104.64908408444909
54.0,69.0,105.03784827104163
54.0,70.0,105.2369541173776
54.0,71.0,105.24545215677114
54.0,72.0,105.07369506721899
54.0,73.0,104.74471835743459
54.0,74.0,104.29560175371432
54.0,75.0,103.77881128763623
54.0,76.0,103.24344070072871
54.0,77.0,102.67750419493251
54.0,78.0,102.06883887114756
54.0,79.0,101.42112171944204
54.0,80.0,100.74960408264113
54.0,81.0,100.07727773588346
54.0,82.0,99.43147258214474
54.0,83.0,98.84088596372904
54.0,84.0,98.33304358972728
54.0,85.0,97.93219207944327
54.0,86.0,97.65762312178714
54.0,87.0,97.52242925063624
54.0,88.0,97.53269123616336
54.0,89.0,97.68709709213243
54.0,90.0,97.97699269916174
54.0,91.0,98.38686404395438
54.0,92.0,98.89525107449624
54.0,93.0,99.47609317122149
54.0,94.0,100.10050623414529
54.0,95.0,100.73899138596407
54.0,96.0,101.36407529112323
54.0,97.0,101.95338209085223
54.0,98.0,102.49313695416704
54.0,99.0,102.98210124484017
55.0,0.0,100.26214361640086
55.0,1.0,99.26599276074221
55.0,2.0,98.26889986129405
55.0,3.0,97.27954105342094
55.0,4.0,96.31405708207093
55.0,5.0,95.39305029467322
55.0,6.0,94.53894047054
55.0,7.0,93.7736794867728
55.0,8.0,93.11682482067307
55.0,9.0,92.58397188865705
55.0,10.0,92.18554522167501
55.0,11.0,91.92594847713494
55.0,12.0,91.80307328733026
55.0,13.0,91.8081669443722
55.0,14.0,91.92605892162629
55.0,15.0,92.13574623165323
55.0,16.0,92.41133762065415
55.0,17.0,92.72335659942006
55.0,18.0,93.04040331078579
55.0,19.0,93.33117523358817
55.0,20.0,93.56684672312848
55.0,21.0,93.72380738813936
55.0,22.0,93.786759304256
55.0,23.0,93.75217306399152
55.0,24.0,93.63210266321694
55.0,25.0,93.45835922414525
55.0,26.0,93.28216476940857
55.0,27.0,93.1483742868572
55.0,28.0,93.0858994704359
55.0,29.0,93.11095629789415
55.0,30.0,93.2291633352256
55.0,31.0,93.4375008349387
55.0,32.0,93.72613062815802
55.0,33.0,94.08007681055678
55.0,34.0,94.48076722212024
55.0,35.0,94.90743572074012
55.0,36.0,95.33838524963994
55.0,37.0,95.75211169863142
55.0,38.0,96.12828855920179
55.0,39.0,96.44861237343204
55.0,40.0,96.6975089767463
55.0,41.0,96.86270053449208
55.0,42.0,96.93563337235145
55.0,43.0,96.91176660058329
55.0,44.0,96.79072153209654
55.0,45.0,96.57629189435428
55.0,46.0,96.27631483510898
55.0,47.0,95.9024027219685
55.0,48.0,95.46953573579331
55.0,49.0,94.99551525792452
55.0,50.0,94.50027805124296
55.0,51.0,94.01566446261492
55.0,52.0,93.60921796385428
55.0,53.0,93.34042283542489
55.0,54.0,93.25013040796028
55.0,55.0,93.36246360408786
55.0,56.0,93.68670113210008
55.0,57.0,94.21914133147247
55.0,58.0,94.94494567022862
55.0,59.0,95.83996189415198
55.0,60.0,96.87252682784462
55.0,61.0,98.00524882763281
55.0,62.0,99.19676988631953
55.0,63.0,100.40350738978394
55.0,64.0,101.58137552542756
55.0,65.0,102.68748634246758
55.0,66.0,103.68183046407687
55.0,67.0,104.52893745137095
55.0,68.0,105.19951581924187
55.0,69.0,105.672072704039
55.0,70.0,105.9345131830966
55.0,71.0,105.98571924610845
55.0,72.0,105.83710841834917
55.0,73.0,105.51417203574269
55.0,74.0,105.0579931717774
55.0,75.0,104.52674421626816
55.0,76.0,103.97591683009053
55.0,77.0,103.39632001801053
55.0,78.0,102.77695525880453
55.0,79.0,102.1220794195699
55.0,80.0,101.44704731054071
55.0,81.0,100.77457764860097
55.0,82.0,100.13144242949527
55.0,83.0,99.54557970873702
55.0,84.0,99.04362979121419
55.0,85.0,98.64889482949235
55.0,86.0,98.37972183081551
55.0,87.0,98.24830907280426
55.0,88.0,98.25993592785139
55.0,89.0,98.41261609621516
55.0,90.0,98.69717424780993
55.0,91.0,99.09774607269436
55.0,92.0,99.59270174025706
55.0,93.0,100.15599276709973
55.0,94.0,100.75892229361797
55.0,95.0,101.37233876927925
55.0,96.0,101.96925304659871
55.0,97.0,102.52787888381228
55.0,98.0,103.0350968562473
55.0,99.0,103.49034167639083
56.0,0.0,99.88368838191623
56.0,1.0,98.94606139860106
56.0,2.0,98.00237585844944
56.0,3.0,97.05683326474224
56.0,4.0,96.12187152362004
56.0,5.0,95.21522160995204
56.0,6.0,94.3573022202825
56.0,7.0,93.5689524128547
56.0,8.0,92.86950223471233
56.0,9.0,92.27518133587834
56.0,10.0,91.79786557061139
56.0,11.0,91.44416158573966
56.0,12.0,91.21482939607222
56.0,13.0,91.10454294688783
56.0,14.0,91.1019886635013
56.0,15.0,91.1903019879073
56.0,16.0,91.34784190250157
56.0,17.0,91.54930344087977
56.0,18.0,91.76716818571369
56.0,19.0,91.97349275370502
56.0,20.0,92.14203526761655
56.0,21.0,92.25071981538092
56.0,22.0,92.28443889628679
56.0,23.0,92.23819385424245
56.0,24.0,92.12057329811716
56.0,25.0,91.95756950915964
56.0,26.0,91.79415517987786
56.0,27.0,91.67575603509124
56.0,28.0,91.63293625152004
56.0,29.0,91.68268392392477
56.0,30.0,91.83067915435413
56.0,31.0,92.07340948088955
56.0,32.0,92.40013264588659
56.0,33.0,92.79468670371296
56.0,34.0,93.23714746798335
56.0,35.0,93.70533329829094
56.0,36.0,94.17615722643562
56.0,37.0,94.62682642214904
56.0,38.0,95.03588899831625
56.0,39.0,95.38412815569419
56.0,40.0,95.65530366712682
56.0,41.0,95.83674070125703
56.0,42.0,95.91976598573527
56.0,43.0,95.8999913099249
56.0,44.0,95.77744436710425
56.0,45.0,95.55654693616549
56.0,46.0,95.24594040281006
56.0,47.0,94.85815862024107
56.0,48.0,94.40914810935219
56.0,49.0,93.91763559841343
56.0,50.0,93.40434290225355
56.0,51.0,92.90294638213807
56.0,52.0,92.48714563687224
56.0,53.0,92.22209163900075
56.0,54.0,92.15254205192788
56.0,55.0,92.30494247408966
56.0,56.0,92.68948591830167
56.0,57.0,93.30215052628284
56.0,58.0,94.12671551835498
56.0,59.0,95.1367553783181
56.0,60.0,96.29761227350154
56.0,61.0,97.56834670999103
56.0,62.0,98.90366642303145
56.0,63.0,100.25583350260538
56.0,64.0,101.57654975418761
56.0,65.0,102.8188202946753
56.0,66.0,103.93879538349405
56.0,67.0,104.89759048887981
56.0,68.0,105.66308458933645
56.0,69.0,106.21169671026942
56.0,70.0,106.53014069579484
56.0,71.0,106.6171582157248
56.0,72.0,106.4852300077282
56.0,73.0,106.16226535466754
56.0,74.0,105.69326979711147
56.0,75.0,105.14199108102312
56.0,76.0,104.57030395295982
56.0,77.0,103.9723557656905
56.0,78.0,103.33878360304803
56.0,79.0,102.67467140331902
56.0,80.0,101.99554031734665
56.0,81.0,101.32375139128746
56.0,82.0,100.68532057402197
56.0,83.0,100.10714604921928
56.0,84.0,99.61464789205533
56.0,85.0,99.22982005058525
56.0,86.0,98.9696946517694
56.0,87.0,98.84521863215349
56.0,88.0,98.86054269320228
56.0,89.0,99.01272258128748
56.0,90.0,99.29183269232922
56.0,91.0,99.68149200109164
56.0,92.0,100.15980231513215
56.0,93.0,100.70069885340472
56.0,94.0,101.27571314951692
56.0,95.0,101.85614827964089
56.0,96.0,102.41566641507822
56.0,97.0,102.93328869947857
56.0,98.0,103.39680745071232
56.0,99.0,103.80661068739698
57.0,0.0,99.37653309353371
57.0,1.0,98.51272464785534
57.0,2.0,97.63796284717876
57.0,3.0,96.7520046667876
57.0,4.0,95.8634555813818
57.0,5.0,94.9869352844589
57.0,6.0,94.14055519568252
57.0,7.0,93.34370775623783
57.0,8.0,92.61516751217422
57.0,9.0,91.97150398573508
57.0,10.0,91.4258063346746
57.0,11.0,90.9867197995618
57.0,12.0,90.65779393907155
57.0,13.0,90.43714265326287
57.0,14.0,90.31741599484408
57.0,15.0,90.28608376842536
57.0,16.0,90.32603091775813
57.0,17.0,90.41646470096181
57.0,18.0,90.53413365373748
57.0,19.0,90.65485834056875
57.0,20.0,90.7553738939097
57.0,21.0,90.81548434136002
57.0,22.0,90.82052872082708
57.0,23.0,90.76415898367532
57.0,24.0,90.65142968586257
57.0,25.0,90.50219946706362
57.0,26.0,90.35480643269669
57.0,27.0,90.25550009867052
57.0,28.0,90.23676012161663
57.0,29.0,90.31643270504381
57.0,30.0,90.50020738213675
57.0,31.0,90.78392423152812
57.0,32.0,91.15571152604421
57.0,33.0,91.59795381442405
57.0,34.0,92.08909043601204
57.0,35.0,92.60524446842417
57.0,36.0,93.12168210818761
57.0,37.0,93.614102484354
57.0,38.0,94.05975790508609
57.0,39.0,94.43840453721793
57.0,40.0,94.7330835187887
57.0,41.0,94.9307325045499
57.0,42.0,95.02262764444609
57.0,43.0,95.0046559950692
57.0,44.0,94.87741836408631
57.0,45.0,94.64616258764096
57.0,46.0,94.32054724072796
57.0,47.0,93.91423578054173
57.0,48.0,93.44432112279809
57.0,49.0,92.93058065102976
57.0,50.0,92.39456165885505
57.0,51.0,91.87166698507313
57.0,52.0,91.44144769263013
57.0,53.0,91.17444389950293
57.0,54.0,91.11911609240943
57.0,55.0,91.30409834403139
57.0,56.0,91.74042798524461
57.0,57.0,92.42375173235632
57.0,58.0,93.33650826934995
57.0,59.0,94.45008728513707
57.0,60.0,95.72696496581668
57.0,61.0,97.12281594194174
57.0,62.0,98.58860169079307
57.0,63.0,100.07263539366038
57.0,64.0,101.52262324813071
57.0,65.0,102.88768223538413
57.0,66.0,104.12033434249665
57.0,67.0,105.17847723975048
57.0,68.0,106.02733141295153
57.0,69.0,106.64136375075428
57.0,70.0,107.00618758699373
57.0,71.0,107.12043919802493
57.0,72.0,106.99763075506944
57.0,73.0,106.66797973156939
57.0,74.0,106.1802147655487
57.0,75.0,105.60335797698139
57.0,76.0,105.00547923068612
57.0,77.0,104.38460408268716
57.0,78.0,103.7335114111505
57.0,79.0,103.05838468898652
57.0,80.0,102.3749905711232
57.0,81.0,101.70525587838324
57.0,82.0,101.07424297796486
57.0,83.0,100.50752356052658
57.0,84.0,100.02895081387575
57.0,85.0,99.65882999326085
57.0,86.0,99.41248738826762
57.0,87.0,99.29923768631906
57.0,88.0,99.32174973277921
57.0,89.0,99.47581068766074
57.0,90.0,99.75048857893631
57.0,91.0,100.1286932524539
57.0,92.0,100.58813571845573
57.0,93.0,101.1026858947012
57.0,94.0,101.64412874619349
57.0,95.0,102.1843188215101
57.0,96.0,102.69773318573714
57.0,97.0,103.16442275000739
57.0,98.0,103.5733619976423
57.0,99.0,103.9261971068977
58.0,0.0,98.76993028017479
58.0,1.0,97.99427960844461
58.0,2.0,97.2031498899658
58.0,3.0,96.39200586672486
58.0,4.0,95.56558577470996
58.0,5.0,94.73522590725001
58.0,6.0,93.91646576202501
58.0,7.0,93.1269337717472
58.0,8.0,92.38451361851337
58.0,9.0,91.70579113182825
58.0,10.0,91.10478177029889
58.0,11.0,90.59193868700005
58.0,12.0,90.17344137851072
58.0,13.0,89.85076491762163
58.0,14.0,89.62052976971377
58.0,15.0,89.47463219280809
58.0,16.0,89.40065522128606
58.0,17.0,89.38256023328138
58.0,18.0,89.4016591017428
58.0,19.0,89.43786692916777
58.0,20.0,89.47123536600739
58.0,21.0,89.48376651274218
58.0,22.0,89.46150740562909
58.0,23.0,89.39692508611935
58.0,24.0,89.29156225394757
58.0,25.0,89.15897350389173
58.0,26.0,89.03062216190516
58.0,27.0,88.95379303735508
58.0,28.0,88.96307614445935
58.0,29.0,89.07722060516777
58.0,30.0,89.30185504902745
58.0,31.0,89.63201830957851
58.0,32.0,90.05450041728002
58.0,33.0,90.54999388896653
58.0,34.0,91.09505531383468
58.0,35.0,91.66387723596051
58.0,36.0,92.22987033334677
58.0,37.0,92.76705589350087
58.0,38.0,93.25126858554307
58.0,39.0,93.6611695288451
58.0,40.0,93.97906965819897
58.0,41.0,94.19156338551642
58.0,42.0,94.28997255805851
58.0,43.0,94.27060071319562
58.0,44.0,94.13479762969791
58.0,45.0,93.88883417555601
58.0,46.0,93.54358745233216
58.0,47.0,93.11403623604168
58.0,48.0,92.6185667145648
58.0,49.0,92.07808852158891
58.0,50.0,91.514961067081
58.0,51.0,90.96611153578006
58.0,52.0,90.51644185091439
58.0,53.0,90.24143076947858
58.0,54.0,90.19291830402366
58.0,55.0,90.40152097016504
58.0,56.0,90.87902136883558
58.0,57.0,91.62073210328373
58.0,58.0,92.60783403081672
58.0,59.0,93.80968884928878
58.0,60.0,95.18612601833439
58.0,61.0,96.68970401534673
58.0,62.0,98.26794592620101
58.0,63.0,99.865549370723
58.0,64.0,101.42657076290251
58.0,65.0,102.89658390585207
58.0,66.0,104.22481292151042
58.0,67.0,105.36623951509144
58.0,68.0,106.2836845742777
58.0,69.0,106.94986410315951
58.0,70.0,107.34941949091854
58.0,71.0,107.48092211525704
58.0,72.0,107.35885228057164
58.0,73.0,107.01555249087252
58.0,74.0,106.50315505744756
58.0,75.0,105.89548404127137
58.0,76.0,105.26643569352267
58.0,77.0,104.61842165374671
58.0,78.0,103.94688107502817
58.0,79.0,103.25938314116254
58.0,80.0,102.5720330039652
58.0,81.0,101.90625952823903
58.0,82.0,101.28598484440066
58.0,83.0,100.7351757087652
58.0,84.0,100.27577667148948
58.0,85.0,99.92602505217398
58.0,86.0,99.69914772312318
58.0,87.0,99.60243970026451
58.0,88.0,99.63672454172593
58.0,89.0,99.79619655407191
58.0,90.0,100.06864480619814
58.0,91.0,100.43605895088454
58.0,92.0,100.87561685400723
58.0,93.0,101.36105403140857
58.0,94.0,101.86441489342613
58.0,95.0,102.35818579708003
58.0,96.0,102.8178099059189
58.0,97.0,103.22458385752437
58.0,98.0,103.56893623867404
58.0,99.0,103.85408786816326
59.0,0.0,98.09889942119601
59.0,1.0,97.42410620534203
59.0,2.0,96.72981490951885
59.0,3.0,96.00747124106974
59.0,4.0,95.25801201384115
59.0,5.0,94.48939654874108
59.0,6.0,93.71438303215804
59.0,7.0,92.94854983224086
59.0,8.0,92.20856177303929
59.0,9.0,91.51068136650537
59.0,10.0,90.8695250023556
59.0,11.0,90.29706409579394
59.0,12.0,89.80187119309547
59.0,13.0,89.38861103505099
59.0,14.0,89.05777657827228
59.0,15.0,88.8056699743583
59.0,16.0,88.62462850692194
59.0,17.0,88.50349548647782
59.0,18.0,88.42833610319069
59.0,19.0,88.38339823748473
59.0,20.0,88.35231822851351
59.0,21.0,88.31957160049095
59.0,22.0,88.27216874688278
59.0,23.0,88.20159557245906
59.0,24.0,88.1059990932073
59.0,25.0,87.99261799410651
59.0,26.0,87.88596298468212
59.0,27.0,87.83451278692348
59.0,28.0,87.87508274212314
59.0,29.0,88.02732465465306
59.0,30.0,88.29672000606057
59.0,31.0,88.67736047601908
59.0,32.0,89.15451577013357
59.0,33.0,89.70698875460087
59.0,34.0,90.30925789772475
59.0,35.0,90.93340701828575
59.0,36.0,91.55084234076585
59.0,37.0,92.13379685742788
59.0,38.0,92.65662199724974
59.0,39.0,93.09686660171337
59.0,40.0,93.43614320744858
59.0,41.0,93.66078163573157
59.0,42.0,93.76226988883833
59.0,43.0,93.73748235325276
59.0,44.0,93.58869530972956
59.0,45.0,93.32338975021199
59.0,46.0,92.95384150160439
59.0,47.0,92.49649865639934
59.0,48.0,91.97114631015988
59.0,49.0,91.39985860585625
59.0,50.0,90.80573808505756
59.0,51.0,90.22694640367304
59.0,52.0,89.75305332405469
59.0,53.0,89.46386509875408
59.0,54.0,89.41416721960863
59.0,55.0,89.63628674818146
59.0,56.0,90.14262656025352
59.0,57.0,90.92817150436818
59.0,58.0,91.9729664744282
59.0,59.0,93.24456639634501
59.0,60.0,94.70045812874038
59.0,61.0,96.29045427770053
59.0,62.0,97.95905892558251
59.0,63.0,99.6478052738731
59.0,64.0,101.29756520009991
59.0,65.0,102.85083072879497
59.0,66.0,104.25396741651072
59.0,67.0,105.45943965088827
59.0,68.0,106.42800786377809
59.0,69.0,107.13089765841316
59.0,70.0,107.55194085063422
59.0,71.0,107.68968842416787
59.0,72.0,107.55949539995646
59.0,73.0,107.19557761954084
59.0,74.0,106.65304044249534
59.0,75.0,106.0098793579149
59.0,76.0,105.34527582175961
59.0,77.0,104.66647931566926
59.0,78.0,103.97209741905519
59.0,79.0,103.27137274331933
59.0,80.0,102.5808522273994
59.0,81.0,101.92141930145729
59.0,82.0,101.31568891871107
59.0,83.0,100.78576545541034
59.0,84.0,100.35136347895492
59.0,85.0,100.02829138415716
59.0,86.0,99.82729789764745
59.0,87.0,99.75328145042337
59.0,88.0,99.80486241854209
59.0,89.0,99.97431823195626
59.0,90.0,100.24788135149342
59.0,91.0,100.60640011397861
59.0,92.0,101.02636244550064
59.0,93.0,101.48128244282161
59.0,94.0,101.94344982292998
59.0,95.0,102.38604224073697
59.0,96.0,102.78560047491645
59.0,97.0,103.1248664818882
59.0,98.0,103.39598431794464
59.0,99.0,103.60406392952096
60.0,0.0,97.40157828597532
60.0,1.0,96.83814067709854
60.0,2.0,96.25180977697495
60.0,3.0,95.63039583476413
60.0,4.0,94.97119886236311
60.0,5.0,94.27879098853015
60.0,6.0,93.56300450308233
60.0,7.0,92.83712559116653
60.0,8.0,92.11629375760404
60.0,9.0,91.41610694130878
60.0,10.0,90.75143231977893
60.0,11.0,90.13542280366227
60.0,12.0,89.57873922139503
60.0,13.0,89.08897819391424
60.0,14.0,88.6703056994438
60.0,15.0,88.32329632835392
60.0,16.0,88.04497822809425
60.0,17.0,87.8290837382005
60.0,18.0,87.66650571537468
60.0,19.0,87.5459595486389
60.0,20.0,87.45485086456263
60.0,21.0,87.38034892256366
60.0,22.0,87.3106657002825
60.0,23.0,87.2365406690305
60.0,24.0,87.15293125931129
60.0,25.0,87.060909016416
60.0,26.0,86.97812152078231
60.0,27.0,86.95433979952897
60.0,28.0,87.02863384351318
60.0,29.0,87.22151241705316
60.0,30.0,87.53821124546832
60.0,31.0,87.97174316959607
60.0,32.0,88.50571026728537
60.0,33.0,89.11687794186707
60.0,34.0,89.77751097760076
60.0,35.0,90.45747156209843
60.0,36.0,91.12607927572478
60.0,37.0,91.75373304797424
60.0,38.0,92.31329508082462
60.0,39.0,92.78123673906755
60.0,40.0,93.13854640761554
60.0,41.0,93.37139931578571
60.0,42.0,93.4715893285603
60.0,43.0,93.43672270482381
60.0,44.0,93.27017382257674
60.0,45.0,92.98080287112626
60.0,46.0,92.58243551025332
60.0,47.0,92.0931044963566
60.0,48.0,91.53405327557309
60.0,49.0,90.92850154387537
60.0,50.0,90.3001727741456
60.0,51.0,89.68809704997707
60.0,52.0,89.18567405037336
60.0,53.0,88.87629038913894
60.0,54.0,88.81714977943868
60.0,55.0,89.04196308725815
60.0,56.0,89.56360763075955
60.0,57.0,90.3767557255332
60.0,58.0,91.4604724757448
60.0,59.0,92.78078281117831
60.0,60.0,94.29320777017442
60.0,61.0,95.9452700284647
60.0,62.0,97.67896867390145
60.0,63.0,99.43322322708312
60.0,64.0,101.14628690787545
60.0,65.0,102.7581291478282
60.0,66.0,104.21278734848755
60.0,67.0,105.4606878856042
60.0,68.0,106.46093635923701
60.0,69.0,107.18357708975245
60.0,70.0,107.61182185971946
60.0,71.0,107.74424790170025
60.0,72.0,107.59696513193649
60.0,73.0,107.20575262993134
60.0,74.0,106.62816436392704
60.0,75.0,105.94560416227809
60.0,76.0,105.2418465769438
60.0,77.0,104.52935459970409
60.0,78.0,103.81038012547305
60.0,79.0,103.0961161058438
60.0,80.0,102.40366052037287
60.0,81.0,101.75332234033246
60.0,82.0,101.16626948493096
60.0,83.0,100.66251877000133
60.0,84.0,100.25926784915757
60.0,85.0,99.96956914741928
60.0,86.0,99.80134578730421
60.0,87.0,99.75674950738883
60.0,88.0,99.831860573337
60.0,89.0,100.01672968139658
60.0,90.0,100.29576185436426
60.0,91.0,100.64844233001816
60.0,92.0,101.05040444201875
60.0,93.0,101.47483949327757
60.0,94.0,101.89424862179422
60.0,95.0,102.2825366589611
60.0,96.0,102.61744798033654
60.0,97.0,102.88334434888559
60.0,98.0,103.07432475068917
60.0,99.0,103.19768722312114
61.0,0.0,96.71687190106633
61.0,1.0,96.27264710813266
61.0,2.0,95.80284615498186
61.0,3.0,95.29211978330386
61.0,4.0,94.73438637503232
61.0,5.0,94.13090359804627
61.0,6.0,93.48850376397623
61.0,7.0,92.81799289811445
61.0,8.0,92.13271352142985
61.0,9.0,91.44727114468701
61.0,10.0,90.77642447466975
61.0,11.0,90.13413933250897
61.0,12.0,89.5328062841149
61.0,13.0,88.98262198271371
61.0,14.0,88.49113422348847
61.0,15.0,88.06295071032457
61.0,16.0,87.69961153465928
61.0,17.0,87.39962536643604
61.0,18.0,87.15866935716272
61.0,19.0,86.96995275507462
61.0,20.0,86.82474423240149
61.0,21.0,86.71306292473922
61.0,22.0,86.62453318252574
61.0,23.0,86.54940303462126
61.0,24.0,86.47972636399304
61.0,25.0,86.41070879550433
61.0,26.0,86.35338594626955
61.0,27.0,86.35885560037556
61.0,28.0,86.46838565821662
61.0,29.0,86.7032531112916
61.0,30.0,87.0683414213705
61.0,31.0,87.5554727778533
61.0,32.0,88.14647523332103
61.0,33.0,88.81598471727922
61.0,34.0,89.5339819280936
61.0,35.0,90.26806410311801
61.0,36.0,90.98545166701477
61.0,37.0,91.65472975826718
61.0,38.0,92.2473246338844
61.0,39.0,92.7387149522986
61.0,40.0,93.10937793445434
61.0,41.0,93.34547040309039
61.0,42.0,93.43924470021368
61.0,43.0,93.38919948276558
61.0,44.0,93.19996539648058
61.0,45.0,92.8819256279371
61.0,46.0,92.45057133480069
61.0,47.0,91.92559195425949
61.0,48.0,91.32970038965202
61.0,49.0,90.68719307528718
61.0,50.0,90.02224491945657
61.0,51.0,89.37432910404779
61.0,52.0,88.8397208492367
61.0,53.0,88.5045382656787
61.0,54.0,88.42780696837845
61.0,55.0,88.64425497754863
61.0,56.0,89.16707401305716
61.0,57.0,89.99064718246241
61.0,58.0,91.09324306263677
61.0,59.0,92.43967617497846
61.0,60.0,93.98393385421143
61.0,61.0,95.67176951077373
61.0,62.0,97.44326228679384
61.0,63.0,99.23534310565545
61.0,64.0,100.98428711515034
61.0,65.0,102.62817252421956
61.0,66.0,104.10930583328278
61.0,67.0,105.37661345815596
61.0,68.0,106.3879997475571
61.0,69.0,107.11267139420045
61.0,70.0,107.53342823947864
61.0,71.0,107.64892047173339
61.0,72.0,107.47587221811416
61.0,73.0,107.05127153002516
61.0,74.0,106.43452676216069
61.0,75.0,105.70958934512838
61.0,76.0,104.9640158831851
61.0,77.0,104.21576670431757
61.0,78.0,103.47116103739573
61.0,79.0,102.7435962095139
61.0,80.0,102.05083158982814
61.0,81.0,101.41259220939007
61.0,82.0,100.84849205697698
61.0,83.0,100.37627705091857
61.0,84.0,100.01038768691997
61.0,85.0,99.76084136188129
61.0,86.0,99.63243437371369
61.0,87.0,99.62426359715171
61.0,88.0,99.72956783556214
61.0,89.0,99.93588884874939
61.0,90.0,100.22555205675725
61.0,91.0,100.57646691966704
61.0,92.0,100.9632469933923
61.0,93.0,101.35864966146983
61.0,94.0,101.73533554284734
61.0,95.0,102.06794757566725
61.0,96.0,102.3355097770473
61.0,97.0,102.5241456788573
61.0,98.0,102.63011643949244
61.0,99.0,102.66317863164315
62.0,0.0,96.0823991449209
62.0,1.0,95.76228700476557
62.0,2.0,95.41468209565816
62.0,3.0,95.02162025791554
62.0,4.0,94.57397051094117
62.0,5.0,94.0698268780241
62.0,6.0,93.51302027565612
62.0,7.0,92.9117504673668
62.0,8.0,92.27733808207674
62.0,9.0,91.6230966969688
62.0,10.0,90.96332498487743
62.0,11.0,90.31241892619603
62.0,12.0,89.68410408530238
62.0,13.0,89.09078795150216
62.0,14.0,88.54303234449044
62.0,15.0,88.04914588433137
62.0,16.0,87.61489652595577
62.0,17.0,87.24334415817692
62.0,18.0,86.93479326722434
62.0,19.0,86.6868656647956
62.0,20.0,86.49469328062628
62.0,21.0,86.3512310195779
62.0,22.0,86.24768968324395
62.0,23.0,86.174088956074
62.0,24.0,86.11993045601585
62.0,25.0,86.07499084967569
62.0,26.0,86.04409208154637
62.0,27.0,86.07962876071453
62.0,28.0,86.22492807571754
62.0,29.0,86.50190838925086
62.0,30.0,86.9149915705363
62.0,31.0,87.45472203967847
62.0,32.0,88.10109252400913
62.0,33.0,88.82657652641961
62.0,34.0,89.59886750568123
62.0,35.0,90.38332476875377
62.0,36.0,91.1451260750819
62.0,37.0,91.85112695287972
62.0,38.0,92.47142672740327
62.0,39.0,92.98064126121096
62.0,40.0,93.35888240641225
62.0,41.0,93.59244416890414
62.0,42.0,93.67419558459576
62.0,43.0,93.60368030762106
62.0,44.0,93.38692291053928
62.0,45.0,93.03594189652378
62.0,46.0,92.56796942353856
62.0,47.0,92.00437774050302
62.0,48.0,91.36931233544468
62.0,49.0,90.68803179563983
62.0,50.0,89.98495437974238
62.0,51.0,89.29953252925478
62.0,52.0,88.72989249770853
62.0,53.0,88.36397446445712
62.0,54.0,88.26198944097425
62.0,55.0,88.4592937511136
62.0,56.0,88.96922693920274
62.0,57.0,89.78591310597089
62.0,58.0,90.88702567231115
62.0,59.0,92.23651557087669
62.0,60.0,93.787302865511
62.0,61.0,95.48393179851243
62.0,62.0,97.26518926573283
62.0,63.0,99.06668671951019
62.0,64.0,100.82340549943551
62.0,65.0,102.47220559095388
62.0,66.0,103.95429781179949
62.0,67.0,105.21767942626495
62.0,68.0,106.21953318730462
62.0,69.0,106.92858980647219
62.0,70.0,107.32745385169218
62.0,71.0,107.41489307286592
62.0,72.0,107.20809115531122
62.0,73.0,106.74486390103655
62.0,74.0,106.08583883784921
62.0,75.0,105.31659825629747
62.0,76.0,104.52759055854926
62.0,77.0,103.74245389833403
62.0,78.0,102.97192633941029
62.0,79.0,102.23182938441855
62.0,80.0,101.5406901038654
62.0,81.0,100.91765973702476
62.0,82.0,100.38072876475654
62.0,83.0,99.9452384542424
62.0,84.0,99.62268887563908
62.0,85.0,99.41984339064871
62.0,86.0,99.33812961300661
62.0,87.0,99.37333684088637
62.0,88.0,99.515609961222
62.0,89.0,99.7497398259477
62.0,90.0,100.05575010015464
62.0,91.0,100.40978058216513
62.0,92.0,100.78526699552414
62.0,93.0,101.15441725290793
62.0,94.0,101.48998419195019
62.0,95.0,101.76733478298524
62.0,96.0,101.96681580870874
62.0,97.0,102.07641601575547
62.0,98.0,102.09472473819451
62.0,99.0,102.0341869929418
63.0,0.0,95.53273697017961
63.0,1.0,95.33848691500172
63.0,2.0,95.11560939343089
63.0,3.0,94.84411093378279
63.0,4.0,94.51220312203452
63.0,5.0,94.11503665080424
63.0,6.0,93.65351122147221
63.0,7.0,93.13316129944319
63.0,8.0,92.56311772255032
63.0,9.0,91.95514516260023
63.0,10.0,91.32275544005974
63.0,11.0,90.68039669188376
63.0,12.0,90.04271839248466
63.0,13.0,89.42391222784309
63.0,14.0,88.83712882276005
63.0,15.0,88.29397032125043
63.0,16.0,87.80405882007798
63.0,17.0,87.37468065543156
63.0,18.0,87.01050654274289
63.0,19.0,86.71338756964553
63.0,20.0,86.48222704207551
63.0,21.0,86.31292818351302
63.0,22.0,86.19841768736578
63.0,23.0,86.12874512249358
63.0,24.0,86.0912581918744
63.0,25.0,86.07085384441174
63.0,26.0,86.06666401368017
63.0,27.0,86.13228828716093
63.0,28.0,86.31290068997477
63.0,29.0,86.6309027687773
63.0,30.0,87.09014803321841
63.0,31.0,87.6798445793657
63.0,32.0,88.37813589509287
63.0,33.0,89.15535984743205
63.0,34.0,89.97698585189099
63.0,35.0,90.80623022373439
63.0,36.0,91.60634971122994
63.0,37.0,92.3426132108585
63.0,38.0,92.98395166448904
63.0,39.0,93.5042861385178
63.0,40.0,93.88353408497198
63.0,41.0,94.10829378457788
63.0,42.0,94.17220697179349
63.0,43.0,94.07599964180545
63.0,44.0,93.82720103949059
63.0,45.0,93.43954083034174
63.0,46.0,92.93202445335817
63.0,47.0,92.32768665590035
63.0,48.0,91.65202321050918
63.0,49.0,90.93110081368971
63.0,50.0,90.1893451666592
63.0,51.0,89.46570887842834
63.0,52.0,88.85912572880599
63.0,53.0,88.45843333694738
63.0,54.0,88.32438313448252
63.0,55.0,88.492568036294
63.0,56.0,88.9763105350665
63.0,57.0,89.76951121960812
63.0,58.0,90.8494577169433
63.0,59.0,92.17959405817783
63.0,60.0,93.71225046813518
63.0,61.0,95.39133357876501
63.0,62.0,97.15497706632311
63.0,63.0,98.93815271232336
63.0,64.0,100.67524188826118
63.0,65.0,102.30256746410902
63.0,66.0,103.76088614058337
63.0,67.0,104.9978412051837
63.0,68.0,105.97037571200302
63.0,69.0,106.64710608531037
63.0,70.0,107.01065614690478
63.0,71.0,107.05995156724141
63.0,72.0,106.812474740329
63.0,73.0,106.30648008239935
63.0,74.0,105.60316975434867
63.0,75.0,104.78882980795018
63.0,76.0,103.95587569653748
63.0,77.0,103.13369335444916
63.0,78.0,102.33770361577288
63.0,79.0,101.58632752432135
63.0,80.0,100.89895699749145
63.0,81.0,100.29419845823722
63.0,82.0,99.78838943515683
63.0,83.0,99.39438813069361
63.0,84.0,99.12063595745093
63.0,85.0,98.97049304262109
63.0,86.0,98.94184670052819
63.0,87.0,99.02699287328501
63.0,88.0,99.2127905395637
63.0,89.0,99.48108909148063
63.0,90.0,99.80942867959506
63.0,91.0,100.17201352602186
63.0,92.0,100.54095820565819
63.0,93.0,100.88780689552402
63.0,94.0,101.18532559221688
63.0,95.0,101.4095672974803
63.0,96.0,101.54221017188635
63.0,97.0,101.57316865663216
63.0,98.0,101.50347756345037
63.0,99.0,101.34844913263356
64.0,0.0,95.0979622535306
64.0,1.0,95.02810409205492
64.0,2.0,94.92924169275129
64.0,3.0,94.77994898132178
64.0,4.0,94.5662115169759
64.0,5.0,94.28051490745963
64.0,6.0,93.92096542963971
64.0,7.0,93.4904428556427
64.0,8.0,92.9957854845495
64.0,9.0,92.44700737964462
64.0,10.0,91.85654781122071
64.0,11.0,91.23855290493813
64.0,12.0,90.60818949573957
64.0,13.0,89.98099118731977
64.0,14.0,89.37223661715035
64.0,15.0,88.79635992705958
64.0,16.0,88.2663934393675
64.0,17.0,87.79344253857579
64.0,18.0,87.38619275861298
64.0,19.0,87.05044907563457
64.0,20.0,86.78870740637838
64.0,21.0,86.59975831207481
64.0,22.0,86.4783229079123
64.0,23.0,86.41472097805786
64.0,24.0,86.39457129623257
64.0,25.0,86.39852415184232
64.0,26.0,86.42064325302553
64.0,27.0,86.51558442733038
64.0,28.0,86.7300934493627
64.0,29.0,87.086873722102
64.0,30.0,87.58911157405922
64.0,31.0,88.2246515721945
64.0,32.0,88.96982185059531
64.0,33.0,89.7929094549146
64.0,34.0,90.65728570256917
64.0,35.0,91.52418155869827
64.0,36.0,92.35511302788233
64.0,37.0,93.11395656162185
64.0,38.0,93.76867448157647
64.0,39.0,94.29269041856425
64.0,40.0,94.66591476732113
64.0,41.0,94.87542015702043
64.0,42.0,94.91576693755277
64.0,43.0,94.78897868156595
64.0,44.0,94.50416770226504
64.0,45.0,94.07681058697275
64.0,46.0,93.52767374644996
64.0,47.0,92.88138897997622
64.0,48.0,92.16467905619069
64.0,49.0,91.40423330969317
64.0,50.0,90.62423325340515
64.0,51.0,89.86266163886967
64.0,52.0,89.21825015135728
64.0,53.0,88.77984087091265
64.0,54.0,88.6081048698356
64.0,55.0,88.73849690552561
64.0,56.0,89.18416757134375
64.0,57.0,89.93883290549246
64.0,58.0,90.9796014579129
64.0,59.0,92.26975881519995
64.0,60.0,93.76150958353483
64.0,61.0,95.39867682963555
64.0,62.0,97.11935897972478
64.0,63.0,98.8585441765156
64.0,64.0,100.5506820942147
64.0,65.0,102.13221321154342
64.0,66.0,103.54405554277636
64.0,67.0,104.73404882679766
64.0,68.0,105.65935617417485
64.0,69.0,106.28882317225063
64.0,70.0,106.60529444825188
64.0,71.0,106.60788769041682
64.0,72.0,106.31422512713937
64.0,73.0,105.76262246413145
64.0,74.0,105.01423527960301
64.0,75.0,104.15516287745929
64.0,76.0,103.27887549765238
64.0,77.0,102.42046341311637
64.0,78.0,101.60019378620046
64.0,79.0,100.83920953646786
64.0,80.0,100.15785055095574
64.0,81.0,99.57422465846992
64.0,82.0,99.10302836791442
64.0,83.0,98.75461737065586
64.0,84.0,98.53432680692255
64.0,85.0,98.44204129623849
64.0,86.0,98.47201473189214
64.0,87.0,98.61293983944
64.0,88.0,98.84826749924501
64.0,89.0,99.15677583304969
64.0,90.0,99.51338905458422
64.0,91.0,99.89024608420924
64.0,92.0,100.2580189275934
64.0,93.0,100.58748081842585
64.0,94.0,100.85132412516353
64.0,95.0,101.02622802181304
64.0,96.0,101.09517592274771
64.0,97.0,101.0500226815591
64.0,98.0,100.89431155394348
64.0,99.0,100.64634092462326
65.0,0.0,94.80249127313628
65.0,1.0,94.85239020161978
65.0,2.0,94.87360335068833
65.0,3.0,94.84384958050599
65.0,4.0,94.74733760036291
65.0,5.0,94.57421030974766
65.0,6.0,94.31997936700543
65.0,7.0,93.98494998558215
65.0,8.0,93.57363595785439
65.0,9.0,93.09416490654537
65.0,10.0,92.55767376372657
65.0,11.0,91.97769447740548
65.0,12.0,91.36952994569904
65.0,13.0,90.74962017859315
65.0,14.0,90.13489868728786
65.0,15.0,89.54213910112867
65.0,16.0,88.9872920121235
65.0,17.0,88.48481204704574
65.0,18.0,88.046975167123
65.0,19.0,87.68318619531195
65.0,20.0,87.39927657115884
65.0,21.0,87.19679233324607
65.0,22.0,87.07227232922455
65.0,23.0,87.01651665343199
65.0,24.0,87.01384531209708
65.0,25.0,87.04134711612947
65.0,26.0,87.0887064241431
65.0,27.0,87.21143689179603
65.0,28.0,87.4575319319753
65.0,29.0,87.84980141967742
65.0,30.0,88.3906787030693
65.0,31.0,89.06665054152506
65.0,32.0,89.85230997063854
65.0,33.0,90.7140320942116
65.0,34.0,91.61327280321822
65.0,35.0,92.50949042174435
65.0,36.0,93.36269027990352
65.0,37.0,94.1355922137283
65.0,38.0,94.79542099203742
65.0,39.0,95.31531967027877
65.0,40.0,95.67538587134811
65.0,41.0,95.86333099338357
65.0,42.0,95.87476234453598
65.0,43.0,95.71308820471484
65.0,44.0,95.38904581431022
65.0,45.0,94.91985228989037
65.0,46.0,94.32797846687502
65.0,47.0,93.63954566918463
65.0,48.0,92.88234540586527
65.0,49.0,92.08348199468932
65.0,50.0,91.26663811273198
65.0,51.0,90.46838966692437
65.0,52.0,89.78634209146175
65.0,53.0,89.3085262278557
65.0,54.0,89.09496794054462
65.0,55.0,89.18064521659562
65.0,56.0,89.57839987111637
65.0,57.0,90.28180385837744
65.0,58.0,91.26798018864469
65.0,59.0,92.50037845072198
65.0,60.0,93.93150494020416
65.0,61.0,95.5056073934402
65.0,62.0,97.16131432720661
65.0,63.0,98.83422898409113
65.0,64.0,100.4594778835866
65.0,65.0,101.97421397889511
65.0,66.0,103.32007441944235
65.0,67.0,104.44559291910227
65.0,68.0,105.30856673013182
65.0,69.0,105.87837822281625
65.0,70.0,106.13827107082417
65.0,71.0,106.08758104227337
65.0,72.0,105.74392139650641
65.0,73.0,105.1453228865768
65.0,74.0,104.35232836744534
65.0,75.0,103.45004200988639
65.0,76.0,102.53213555105067
65.0,77.0,101.63924827680574
65.0,78.0,100.79654791925785
65.0,79.0,100.02796202683658
65.0,80.0,99.35484324067313
65.0,81.0,98.79486201854186
65.0,82.0,98.36112680636484
65.0,83.0,98.06153165727979
65.0,84.0,97.89833129827124
65.0,85.0,97.86794364436477
65.0,86.0,97.96097976038463
65.0,87.0,98.1625012702744
65.0,88.0,98.45250521398101
65.0,89.0,98.80663635190189
65.0,90.0,99.19712691689534
65.0,91.0,99.59396381385423
65.0,92.0,99.96628326684267
65.0,93.0,100.28399291379613
65.0,94.0,100.51962134878471
65.0,95.0,100.65039511183947
65.0,96.0,100.66054312634228
65.0,97.0,100.5438285839785
65.0,98.0,100.30630827725325
65.0,99.0,99.96931937957069
66.0,0.0,94.66421681362836
66.0,1.0,94.82625307288869
66.0,2.0,94.96051905440007
66.0,3.0,95.04440795824024
66.0,4.0,95.06079658729239
66.0,5.0,94.9978363468882
66.0,6.0,94.8486952042499
66.0,7.0,94.61125060773071
66.0,8.0,94.28773336585411
66.0,9.0,93.88432248615169
66.0,10.0,93.4106909737997
66.0,11.0,92.87950259005427
66.0,12.0,92.30585957048518
66.0,13.0,91.70670130300849
66.0,14.0,91.1001539657176
66.0,15.0,90.50483112451317
66.0,16.0,89.9390852905316
66.0,17.0,89.42021043737213
66.0,18.0,88.96359547812276
66.0,19.0,88.58182870218461
66.0,20.0,88.28375317189514
66.0,21.0,88.07347307894993
66.0,22.0,87.94931106062309
66.0,23.0,87.90271647578648
66.0,24.0,87.91712464072734
66.0,25.0,87.96676702476488
66.0,26.0,88.03767149101468
66.0,27.0,88.18597049236566
66.0,28.0,88.4605472462929
66.0,29.0,88.88411812943014
66.0,30.0,89.45829519667798
66.0,31.0,90.16824628740999
66.0,32.0,90.98695271877631
66.0,33.0,91.87906456610506
66.0,34.0,92.80435353040129
66.0,35.0,93.7207633929438
66.0,36.0,94.58705805697944
66.0,37.0,95.36506717651525
66.0,38.0,96.02152937220816
66.0,39.0,96.52953303435243
66.0,40.0,96.86955471296477
66.0,41.0,97.03009509496714
66.0,42.0,97.00791256846719
66.0,43.0,96.8078543741364
66.0,44.0,96.44228534368595
66.0,45.0,95.93011422544019
66.0,46.0,95.29541759700784
66.0,47.0,94.56566136505081
66.0,48.0,93.76951985215082
66.0,49.0,92.93429247077356
66.0,50.0,92.08291798433059
66.0,51.0,91.25018371211955
66.0,52.0,90.53177735555202
66.0,53.0,90.01422179701774
66.0,54.0,89.75641768953966
66.0,55.0,89.79258114734093
66.0,56.0,90.13513337396496
66.0,57.0,90.77754222794947
66.0,58.0,91.69711572605362
66.0,59.0,92.857747484039
66.0,60.0,94.21261409500379
66.0,61.0,95.70682444527083
66.0,62.0,97.28002096782883
66.0,63.0,98.86893283332738
66.0,64.0,100.40988107862522
66.0,65.0,101.84123567289227
66.0,66.0,103.10582452126499
66.0,67.0,104.15329440605537
66.0,68.0,104.94242386551325
66.0,69.0,105.44338801014251
66.0,70.0,105.63997527657031
66.0,71.0,105.53175611897026
66.0,72.0,105.1362036380388
66.0,73.0,104.49076614752522
66.0,74.0,103.65489167831541
66.0,75.0,102.71200442006851
66.0,76.0,101.75522656628239
66.0,77.0,100.83048513463594
66.0,78.0,99.96778892334041
66.0,79.0,99.19384922083353
66.0,80.0,98.53107436273373
66.0,81.0,97.99677086068219
66.0,82.0,97.60255110307263
66.0,83.0,97.35394762766906
66.0,84.0,97.25023396611121
66.0,85.0,97.28445206030793
66.0,86.0,97.44364625071829
66.0,87.0,97.70930383652063
66.0,88.0,98.05800220766933
66.0,89.0,98.46226254883948
66.0,90.0,98.89161011525933
66.0,91.0,99.3138410804306
66.0,92.0,99.69649595573665
66.0,93.0,100.00853958193835
66.0,94.0,100.22224769255797
66.0,95.0,100.31530004915065
66.0,96.0,100.27308014846405
66.0,97.0,100.09118150148535
66.0,98.0,99.77812048437659
66.0,99.0,99.3582557612975
67.0,0.0,94.69394289867083
67.0,1.0,94.95781649331417
67.0,2.0,95.19530419348284
67.0,3.0,95.38392894878409
67.0,4.0,95.50565529327483
67.0,5.0,95.5470071471676
67.0,6.0,95.49910095252471
67.0,7.0,95.35759414294098
67.0,8.0,95.12254894721471
67.0,9.0,94.7982115270072
67.0,10.0,94.39270644849061
67.0,11.0,93.9176464879842
67.0,12.0,93.38765777157901
67.0,13.0,92.81982024875096
67.0,14.0,92.23302349996226
67.0,15.0,91.64723787825137
67.0,16.0,91.08270098481127
67.0,17.0,90.55901947855608
67.0,18.0,90.09418621967625
67.0,19.0,89.70351274718197
67.0,20.0,89.39847709043514
67.0,21.0,89.18548691466964
67.0,22.0,89.0645580005
67.0,23.0,89.02790805741864
67.0,24.0,89.0584658712812
67.0,25.0,89.12829578578061
67.0,26.0,89.22049251655483
67.0,27.0,89.39153819667906
67.0,28.0,89.69083055721214
67.0,29.0,90.14079727142946
67.0,30.0,90.74218181885615
67.0,31.0,91.47890394672237
67.0,32.0,92.32249472884064
67.0,33.0,93.23610622190532
67.0,34.0,94.17809571921423
67.0,35.0,95.1051846018123
67.0,36.0,95.97519178705734
67.0,37.0,96.74934177460798
67.0,38.0,97.39414728983358
67.0,39.0,97.88286652464636
67.0,40.0,98.1965349757556
67.0,41.0,98.32457188034387
67.0,42.0,98.26496124916555
67.0,43.0,98.0240074970672
67.0,44.0,97.61566567093023
67.0,45.0,97.06044627503557
67.0,46.0,96.38389469385048
67.0,47.0,95.61464521223748
67.0,48.0,94.78204963308534
67.0,49.0,93.91338049236217
67.0,50.0,93.03060887159066
67.0,51.0,92.16642603086423
67.0,52.0,91.41398291505831
67.0,53.0,90.85775176592642
67.0,54.0,90.55513707394712
67.0,55.0,90.53937592378806
67.0,56.0,90.82238785663094
67.0,57.0,91.39757424935723
67.0,58.0,92.24256721059477
67.0,59.0,93.3219279936252
67.0,60.0,94.58979492615212
67.0,61.0,95.99248085693029
67.0,62.0,97.47102011925537
67.0,63.0,98.96366501131484
67.0,64.0,100.40833179339934
67.0,65.0,101.74499620197524
67.0,66.0,102.91803848061772
67.0,67.0,103.87853792780493
67.0,68.0,104.58651696157271
67.0,69.0,105.01313470103051
67.0,70.0,105.14283006473768
67.0,71.0,104.97541438594102
67.0,72.0,104.5281135446728
67.0,73.0,103.83755961670998
67.0,74.0,102.9617320393939
67.0,75.0,101.98184829431094
67.0,76.0,100.9898695551166
67.0,77.0,100.03665371737861
67.0,78.0,99.15687811525217
67.0,79.0,98.37997211943065
67.0,80.0,97.72941842899947
67.0,81.0,97.22224199566254
67.0,82.0,96.8686865803416
67.0,83.0,96.67207894214802
67.0,84.0,96.62888065972744
67.0,85.0,96.72892758497716
67.0,86.0,96.95585692913605
67.0,87.0,97.2877219812473
67.0,88.0,97.69779445899388
67.0,89.0,98.15555449190656
67.0,90.0,98.62786823694476
67.0,91.0,99.08035312645008
67.0,92.0,99.47893074847245
67.0,93.0,99.79156735946903
67.0,94.0,99.99020202937591
67.0,95.0,100.05286241905226
67.0,96.0,99.96596819009744
67.0,97.0,99.72682204704064
67.0,98.0,99.34628841190327
67.0,99.0,98.85165973113413
68.0,0.0,94.8951171510912
68.0,1.0,95.24827804711674
68.0,2.0,95.57675598719852
68.0,3.0,95.85856407722437
68.0,4.0,96.0751299994984
68.0,5.0,96.21171094436836
68.0,6.0,96.2576926715254
68.0,7.0,96.20677270097617
68.0,8.0,96.05702763368716
68.0,9.0,95.81086460190147
68.0,10.0,95.47485684912792
68.0,11.0,95.05946343980243
68.0,12.0,94.57863309862182
68.0,13.0,94.04929217954988
68.0,14.0,93.49071676449579
68.0,15.0,92.92378889166491
68.0,16.0,92.37013691358192
68.0,17.0,91.85115998478615
68.0,18.0,91.38693667919954
68.0,19.0,90.9950177371666
68.0,20.0,90.68910294216698
68.0,21.0,90.4776021272002
68.0,22.0,90.3620803108428
68.0,23.0,90.33558696297786
68.0,24.0,90.38086940019673
68.0,25.0,90.46847031087322
68.0,26.0,90.57924295641872
68.0,27.0,90.7697315991255
68.0,28.0,91.0894722374388
68.0,29.0,91.56042212797192
68.0,30.0,92.18243224231126
68.0,31.0,92.93827418480019
68.0,32.0,93.79822157130187
68.0,33.0,94.72418586894109
68.0,34.0,95.67340669682503
68.0,35.0,96.60169658774292
68.0,36.0,97.46624021084475
68.0,37.0,98.22794805529882
68.0,38.0,98.85336457492839
68.0,39.0,99.31613079382707
68.0,40.0,99.59800137295336
68.0,41.0,99.68941613770401
68.0,42.0,99.58962606646645
68.0,43.0,99.30637374015
68.0,44.0,98.8551282526962
68.0,45.0,98.25787458256802
68.0,46.0,97.54145742521797
68.0,47.0,96.7354794865353
68.0,48.0,95.86975423727195
68.0,49.0,94.97131312844766
68.0,50.0,94.06096726773389
68.0,51.0,93.16909308971317
68.0,52.0,92.38588751267478
68.0,53.0,91.793409207493
68.0,54.0,91.44732221780421
68.0,55.0,91.3797457417351
68.0,56.0,91.60205131022931
68.0,57.0,92.10760736197275
68.0,58.0,92.87447121491759
68.0,59.0,93.86802843440478
68.0,60.0,95.04357959788513
68.0,61.0,96.34887445623919
68.0,62.0,97.72659349169547
68.0,63.0,99.11677687234751
68.0,64.0,100.45920080326943
68.0,65.0,101.69570127423006
68.0,66.0,102.7724452040058
68.0,67.0,103.64214898129204
68.0,68.0,104.26624440221298
68.0,69.0,104.61699200443054
68.0,70.0,104.67954179785127
68.0,71.0,104.45394139193245
68.0,72.0,103.95709151958627
68.0,73.0,103.22464895768306
68.0,74.0,102.31287684415292
68.0,75.0,101.30044239168583
68.0,76.0,100.27770246345388
68.0,77.0,99.30000828283586
68.0,78.0,98.40642666637957
68.0,79.0,97.62897689074778
68.0,80.0,96.9922093357878
68.0,81.0,96.51295517102865
68.0,82.0,96.20024708560545
68.0,83.0,96.05541106161137
68.0,84.0,96.07232919087701
68.0,85.0,96.23787353517717
68.0,86.0,96.53251102986513
68.0,87.0,96.93107943093428
68.0,88.0,97.4037343055072
68.0,89.0,97.91706706575232
68.0,90.0,98.43539404622781
68.0,91.0,98.922216624653
68.0,92.0,99.34185238610733
68.0,93.0,99.66123733065649
68.0,94.0,99.85189912440636
68.0,95.0,99.89210139398396
68.0,96.0,99.76915906444624
68.0,97.0,99.48192474061601
68.0,98.0,99.04344613184544
68.0,99.0,98.48379452020708
69.0,0.0,95.26386078057975
69.0,1.0,95.69206499753818
69.0,2.0,96.09744536657931
69.0,3.0,96.45875616599719
69.0,4.0,96.75720389344234
69.0,5.0,96.97712119902486
69.0,6.0,97.10649874899973
69.0,7.0,97.13737502003387
69.0,8.0,97.06608402405536
69.0,9.0,96.89336096368437
69.0,10.0,96.62430581824637
69.0,11.0,96.26820486036704
69.0,12.0,95.83821010314924
69.0,13.0,95.35087667793194
69.0,14.0,94.82555814263117
69.0,15.0,94.2836597206628
69.0,16.0,93.74774947044739
69.0,17.0,93.24052738549699
69.0,18.0,92.78365242508386
69.0,19.0,92.39642747549114
69.0,20.0,92.0943422418456
69.0,21.0,91.8874740705322
69.0,22.0,91.77874670219073
69.0,23.0,91.76204695529434
69.0,24.0,91.82019934031004
69.0,25.0,91.92279860444123
69.0,26.0,92.04908748710652
69.0,27.0,92.2553788080815
69.0,28.0,92.5909856442438
69.0,29.0,93.07723420908178
69.0,30.0,93.71308316975448
69.0,31.0,94.48028051860717
69.0,32.0,95.34805799914278
69.0,33.0,96.27736308644894
69.0,34.0,97.22462852208086
69.0,35.0,98.14507940339989
69.0,36.0,98.99557782736778
69.0,37.0,99.73700508879679
69.0,38.0,100.33618143305544
69.0,39.0,100.76732336322999
69.0,40.0,101.01303850174175
69.0,41.0,101.06485800641998
69.0,42.0,100.92330654103075
69.0,43.0,100.59750980026125
69.0,44.0,100.10433958916008
69.0,45.0,99.46709645703312
69.0,46.0,98.71372988579526
69.0,47.0,97.87459603277776
69.0,48.0,96.97975302799138
69.0,49.0,96.05579382584527
69.0,50.0,95.12221661132159
69.0,51.0,94.20696135819422
69.0,52.0,93.39707119022833
69.0,53.0,92.77202168365874
69.0,54.0,92.38562795271088
69.0,55.0,92.26883588177519
69.0,56.0,92.43245897401158
69.0,57.0,92.86986081638396
69.0,58.0,93.55958316112493
69.0,59.0,94.46791962363045
69.0,60.0,95.55143499678455
69.0,61.0,96.75943018171435
69.0,62.0,98.03635273497477
69.0,63.0,99.3241530321637
69.0,64.0,100.56458604796694
69.0,65.0,101.70145875263349
69.0,66.0,102.6828231248806
69.0,67.0,103.46311478122921
69.0,68.0,104.00523722176919
69.0,69.0,104.28259169235494
69.0,70.0,104.2810526632307
69.0,71.0,104.00088892408634
69.0,72.0,103.45863029554283
69.0,73.0,102.68887995706815
69.0,74.0,101.74607239132303
69.0,75.0,100.70617694493676
69.0,76.0,99.65768825332505
69.0,77.0,98.65995203159014
69.0,78.0,97.75605192646054
69.0,79.0,96.9804124970781
69.0,80.0,96.35862030514207
69.0,81.0,95.90740212043035
69.0,82.0,95.63476024169842
69.0,83.0,95.54026493295535
69.0,84.0,95.61550397511746
69.0,85.0,95.84468933303907
69.0,86.0,96.2054209379209
69.0,87.0,96.6696075850957
69.0,88.0,97.20454494719131
69.0,89.0,97.77415070267107
69.0,90.0,98.34035677975166
69.0,91.0,98.86465871569828
69.0,92.0,99.30982213149727
69.0,93.0,99.64174632190593
69.0,94.0,99.83148496088008
69.0,95.0,99.85742392237852
69.0,96.0,99.70761621654536
69.0,97.0,99.38227404126937
69.0,98.0,98.89641794912085
69.0,99.0,98.28268312966597
70.0,0.0,95.78929619895696
70.0,1.0,96.2772882128403
70.0,2.0,96.74430961141067
70.0,3.0,97.16999146445903
70.0,4.0,97.5355640848399
70.0,5.0,97.8247453745049
70.0,6.0,98.02446625169131
70.0,7.0,98.125433159266
70.0,8.0,98.12252765422416
70.0,9.0,98.01504307834342
70.0,10.0,97.80675830999297
70.0,11.0,97.50584859709774
70.0,12.0,97.12463347125784
70.0,13.0,96.67916174302303
70.0,14.0,96.18863357832232
70.0,15.0,95.67465965604876
70.0,16.0,95.16035740679918
70.0,17.0,94.66928433276928
70.0,18.0,94.22420840880365
70.0,19.0,93.84571556460102
70.0,20.0,93.55065424807458
70.0,21.0,93.35041706986742
70.0,22.0,93.2490595290231
70.0,23.0,93.24125581981143
70.0,24.0,93.31009171970912
70.0,25.0,93.42469455853589
70.0,26.0,93.5632423683639
70.0,27.0,93.78152974946858
70.0,28.0,94.12831552158204
70.0,29.0,94.62416127342743
70.0,30.0,95.26715665524004
70.0,31.0,96.03816877140991
70.0,32.0,96.90561567324602
70.0,33.0,97.82976395186178
70.0,34.0,98.76655043118228
70.0,35.0,99.67092796107275
70.0,36.0,100.49973531058866
70.0,37.0,101.21409116134733
70.0,38.0,101.78131220102087
70.0,39.0,102.1763553169508
70.0,40.0,102.38278388988408
70.0,41.0,102.3932581878305
70.0,42.0,102.20954986004179
70.0,43.0,101.84208053111206
70.0,44.0,101.30898449519977
70.0,45.0,100.63469551037115
70.0,46.0,99.8480576930652
70.0,47.0,98.9799605126801
70.0,48.0,98.0604978862811
70.0,49.0,97.11565137342996
70.0,50.0,96.1634974711358
70.0,51.0,95.22951619119895
70.0,52.0,94.39761373814909
70.0,53.0,93.74470536559032
70.0,54.0,93.3227833464186
70.0,55.0,93.16164701776184
70.0,56.0,93.27157702567914
70.0,57.0,93.64595376961901
70.0,58.0,94.26382004663657
70.0,59.0,95.09238789536973
70.0,60.0,96.0894896397744
70.0,61.0,97.20597313261864
70.0,62.0,98.3880411987359
70.0,63.0,99.5795352780372
70.0,64.0,100.72416326828221
70.0,65.0,101.76767156760955
70.0,66.0,102.65996131682587
70.0,67.0,103.35714884145408
70.0,68.0,103.82357029354039
70.0,69.0,104.03373049322067
70.0,70.0,103.97419597004536
70.0,71.0,103.64543220406385
70.0,72.0,103.06358506666741
70.0,73.0,102.26220646119148
70.0,74.0,101.29392416327681
70.0,75.0,100.23205586098942
70.0,76.0,99.16316443497692
70.0,77.0,98.15005395312727
70.0,78.0,97.23937862494934
70.0,79.0,96.46773755735776
70.0,80.0,95.86169959868899
70.0,81.0,95.43797421405094
70.0,82.0,95.20372839200658
70.0,83.0,95.15704958259109
70.0,84.0,95.28755466666291
70.0,85.0,95.5771449565885
70.0,86.0,96.0009072282608
70.0,87.0,96.52816078445154
70.0,88.0,97.12365054949727
70.0,89.0,97.74888619531906
70.0,90.0,98.3636272987761
70.0,91.0,98.92751453035294
70.0,92.0,99.40184687418056
70.0,93.0,99.75150487939113
70.0,94.0,99.94701994280658
70.0,95.0,99.96678962296085
70.0,96.0,99.79943898545602
70.0,97.0,99.44632797965204
70.0,98.0,98.92420484669036
70.0,99.0,98.26800555885123
71.0,0.0,96.45417226300899
71.0,1.0,96.986494136049
71.0,2.0,97.49954574209198
71.0,3.0,97.97385930150725
71.0,4.0,98.39085819699079
71.0,5.0,98.73391136791703
71.0,6.0,98.98920934771876
71.0,7.0,99.14646194429508
71.0,8.0,99.19941756344753
71.0,9.0,99.14620417534398
71.0,10.0,98.98949192401098
71.0,11.0,98.73647737985375
71.0,12.0,98.39868943520462
71.0,13.0,97.99161684289912
71.0,14.0,97.53415739788055
71.0,15.0,97.04788876183224
71.0,16.0,96.55616093083809
71.0,17.0,96.0830103460711
71.0,18.0,95.65189564750995
71.0,19.0,95.28425507068353
71.0,20.0,94.99788548644383
71.0,21.0,94.80514308376657
71.0,22.0,94.71096569557994
71.0,23.0,94.71071676762166
71.0,24.0,94.78785097032369
71.0,25.0,94.91140145372535
71.0,26.0,95.05892433987921
71.0,27.0,95.28542888663144
71.0,28.0,95.63883102757437
71.0,29.0,96.13882500465371
71.0,30.0,96.78267462557683
71.0,31.0,97.55051865897151
71.0,32.0,98.4101903672956
71.0,33.0,99.32155117749711
71.0,34.0,100.24033848942517
71.0,35.0,101.12152762199148
71.0,36.0,101.92220789708252
71.0,37.0,102.6039728612224
71.0,38.0,103.1348246449864
71.0,39.0,103.49059246016506
71.0,40.0,103.65586523467913
71.0,41.0,103.6244383852449
71.0,42.0,103.39927472779056
71.0,43.0,102.99197952562285
71.0,44.0,102.42178967534466
71.0,45.0,101.71407703052304
71.0,46.0,100.89836586310818
71.0,47.0,100.00586446260273
71.0,48.0,99.066510872982
71.0,49.0,98.10553276736474
71.0,50.0,97.13952146043457
71.0,51.0,96.19156380093686
71.0,52.0,95.3426420665435
71.0,53.0,94.6673076704247
71.0,54.0,94.21587721935674
71.0,55.0,94.0171037187161
71.0,56.0,94.08079092824694
71.0,57.0,94.40035086860208
71.0,58.0,94.95530447865728
71.0,59.0,95.71372542359907
71.0,60.0,96.63462705378585
71.0,61.0,97.67029251438254
71.0,62.0,98.76854800576851
71.0,63.0,99.87497919471912
71.0,64.0,100.93509077636044
71.0,65.0,101.8964091868976
71.0,66.0,102.71052846711635
71.0,67.0,103.33509927665828
71.0,68.0,103.73576105906919
71.0,69.0,103.88801735762114
71.0,70.0,103.77905428190762
71.0,71.0,103.40950212521248
71.0,72.0,102.79514013265192
71.0,73.0,101.96854442009023
71.0,74.0,100.98067904382869
71.0,75.0,99.90243022106797
71.0,76.0,98.81853404904417
71.0,77.0,97.79470810233188
71.0,78.0,96.88068494997663
71.0,79.0,96.11497644507848
71.0,80.0,95.52506200408286
71.0,81.0,95.12771471013514
71.0,82.0,94.9294652404991
71.0,83.0,94.92720361803927
71.0,84.0,95.10891878676699
71.0,85.0,95.45457601145037
71.0,86.0,95.93713210128806
71.0,87.0,96.52368845764683
71.0,88.0,97.17678194586306
71.0,89.0,97.8558135911079
71.0,90.0,98.5186150983165
71.0,91.0,99.12315319618075
71.0,92.0,99.62937180520618
71.0,93.0,100.00117202983239
71.0,94.0,100.2085299746176
71.0,95.0,100.22975238448674
71.0,96.0,100.05387010904366
71.0,97.0,99.68316939094677
71.0,98.0,99.13586097834906
71.0,99.0,98.44888706140145
72.0,0.0,97.2357871448914
72.0,1.0,97.7977147984441
72.0,2.0,98.34180466637513
72.0,3.0,98.84941926124984
72.0,4.0,99.30227053342294
72.0,5.0,99.68359159584394
72.0,6.0,99.97911980039012
72.0,7.0,100.1778911657271
72.0,8.0,100.27284615669667
72.0,9.0,100.26124681523231
72.0,10.0,100.14490524280205
72.0,11.0,99.93022343437895
72.0,12.0,99.62804446393882
72.0,13.0,99.25331502148578
72.0,14.0,98.82455930160488
72.0,15.0,98.36316424354263
72.0,16.0,97.89247612281461
72.0,17.0,97.43670849434089
72.0,18.0,97.0196614871087
72.0,19.0,96.66325245036273
72.0,20.0,96.38585795132279
72.0,21.0,96.20046712442907
72.0,22.0,96.11264637211478
72.0,23.0,96.11831541710637
72.0,24.0,96.20133470625109
72.0,25.0,96.3309041658722
72.0,26.0,96.48428805227685
72.0,27.0,96.71547535653623
72.0,28.0,97.07130338735247
72.0,29.0,97.57052834313019
72.0,30.0,98.20964560181207
72.0,31.0,98.96821750726144
72.0,32.0,99.81370865219196
72.0,33.0,100.70582865764429
72.0,34.0,101.60038244900994
72.0,35.0,102.45262802860205
72.0,36.0,103.2201417447733
72.0,37.0,103.86519105758092
72.0,38.0,104.35661480099859
72.0,39.0,104.67121094167565
72.0,40.0,104.79463183424316
72.0,41.0,104.72178697316711
72.0,42.0,104.45675324114866
72.0,43.0,104.01219265407148
72.0,44.0,103.40827760249611
72.0,45.0,102.6711235897014
72.0,46.0,101.83072946627297
72.0,47.0,100.9184251612388
72.0,48.0,99.96382690975184
72.0,49.0,98.99129997731966
72.0,50.0,98.01592888058116
72.0,51.0,97.05854631845285
72.0,52.0,96.1975764978693
72.0,53.0,95.50553841456286
72.0,54.0,95.03131364909586
72.0,55.0,94.80276514417538
72.0,56.0,94.82929843345751
72.0,57.0,95.10436532184085
72.0,58.0,95.60791001724954
72.0,59.0,96.30875771390562
72.0,60.0,97.1669456270907
72.0,61.0,98.13599647939716
72.0,62.0,99.16513443846861
72.0,63.0,100.20144350622986
72.0,64.0,101.19196835960614
72.0,65.0,102.08575764273176
72.0,66.0,102.83584971064825
72.0,67.0,103.40120082449177
72.0,68.0,103.74855579816986
72.0,69.0,103.85426109652784
72.0,70.0,103.70602038500421
72.0,71.0,103.3045925307758
72.0,72.0,102.66543205539205
72.0,73.0,101.82027203889879
72.0,74.0,100.81864947545151
72.0,75.0,99.72937308041769
72.0,76.0,98.63559809880812
72.0,77.0,97.60543530635583
72.0,78.0,96.69119350490536
72.0,79.0,95.93302462164448
72.0,80.0,95.3592360940369
72.0,81.0,94.98673560761607
72.0,82.0,94.82160818663998
72.0,83.0,94.85982563760713
72.0,84.0,95.08808834563357
72.0,85.0,95.48479942369093
72.0,86.0,96.0211712147057
72.0,87.0,96.66246414651947
72.0,88.0,97.36935793971024
72.0,89.0,98.09945516827497
72.0,90.0,98.808917173173
72.0,91.0,99.4542323287307
72.0,92.0,99.99411666190721
72.0,93.0,100.39154682442113
72.0,94.0,100.6159254177385
72.0,95.0,100.6453786709216
72.0,96.0,100.46918647133914
72.0,97.0,100.09034474823724
72.0,98.0,99.5282602091717
72.0,99.0,98.82157742930134
73.0,0.0,98.10720883010082
73.0,1.0,98.6858158767942
73.0,2.0,99.24768608098084
73.0,3.0,99.7748758817244
73.0,4.0,100.24941781990388
73.0,5.0,100.65456473490147
73.0,6.0,100.97583953345287
73.0,7.0,101.20189053066032
73.0,8.0,101.32515236316826
73.0,9.0,101.34231247450154
73.0,10.0,101.25458317256641
73.0,11.0,101.06777925931407
73.0,12.0,100.79220123256673
73.0,13.0,100.44232406000653
73.0,14.0,100.036291525327
73.0,15.0,99.59521614654705
73.0,16.0,99.1422846664877
73.0,17.0,98.70166911541148
73.0,18.0,98.29724344582438
73.0,19.0,97.95110573944044
73.0,20.0,97.68190598630899
73.0,21.0,97.50297943610461
73.0,22.0,97.4202855215795
73.0,23.0,97.43015235417876
73.0,24.0,97.51682679181809
73.0,25.0,97.64983007882422
73.0,26.0,97.80635203240696
73.0,27.0,98.03917052228891
73.0,28.0,98.39386817126683
73.0,29.0,98.88822247311532
73.0,30.0,99.51802362078723
73.0,31.0,100.26239610168183
73.0,32.0,101.08862405998067
73.0,33.0,101.95648042605123
73.0,34.0,102.82205981291825
73.0,35.0,103.64111517980282
73.0,36.0,104.37189826272919
73.0,37.0,104.97750377219927
73.0,38.0,105.42771735793502
73.0,39.0,105.70036734068835
73.0,40.0,105.78218021111886
73.0,41.0,105.66913989573942
73.0,42.0,105.36635078992924
73.0,43.0,104.88740455801491
73.0,44.0,104.253250700419
73.0,45.0,103.49057088787649
73.0,46.0,102.62965706271886
73.0,47.0,101.70179330722607
73.0,48.0,100.73614147904597
73.0,49.0,99.75613061368176
73.0,50.0,98.77535009404704
73.0,51.0,97.81255994470831
73.0,52.0,96.94407598121266
73.0,53.0,96.24078948351291
73.0,54.0,95.75043746274835
73.0,55.0,95.50017793298414
73.0,56.0,95.49910724174534
73.0,57.0,95.7407194593456
73.0,58.0,96.20530782701074
73.0,59.0,96.86230826379678
73.0,60.0,97.67258493230288
73.0,61.0,98.59065786317889
73.0,62.0,99.5668726384276
73.0,63.0,100.54951213350178
73.0,64.0,101.48685031819579
73.0,65.0,102.32914811633206
73.0,66.0,103.03059132424208
73.0,67.0,103.5511705880423
73.0,68.0,103.85850343970453
73.0,69.0,103.92959839192133
73.0,70.0,103.75256109176568
73.0,71.0,103.32824253314583
73.0,72.0,102.67182932805444
73.0,73.0,101.81437603661274
73.0,74.0,100.80427955590929
73.0,75.0,99.70869556763323
73.0,76.0,98.6095294325419
73.0,77.0,97.57682730185934
73.0,78.0,96.66500714248194
73.0,79.0,95.91560320517257
73.0,80.0,95.35766725794123
73.0,81.0,95.0082990998411
73.0,82.0,94.8733063551799
73.0,83.0,94.9479935481468
73.0,84.0,95.21808045785438
73.0,85.0,95.66074975379634
73.0,86.0,96.24582391172027
73.0,87.0,96.93707140991597
73.0,88.0,97.69364220591913
73.0,89.0,98.47163249363025
73.0,90.0,99.2257787408491
73.0,91.0,99.91128100722442
73.0,92.0,100.48575554261915
73.0,93.0,100.91131666589075
73.0,94.0,101.15678792408735
73.0,95.0,101.20004253205867
73.0,96.0,101.0304730924829
73.0,97.0,100.65159059630852
73.0,98.0,100.08375270361176
73.0,99.0,99.36702130486937
74.0,0.0,99.03879324301482
74.0,1.0,99.62414279433726
74.0,2.0,100.19353412809306
74.0,3.0,100.7295608766665
74.0,4.0,101.21456452180156
74.0,5.0,101.63191511712375
74.0,6.0,101.96709526777911
74.0,7.0,102.20858736719076
74.0,8.0,102.34856409093261
74.0,9.0,102.38338214772057
74.0,10.0,102.31387928752096
74.0,11.0,102.14547456677637
74.0,12.0,101.88807187074882
74.0,13.0,101.5557666929802
74.0,14.0,101.16635617187022
74.0,15.0,100.74065238437153
74.0,16.0,100.30159889680226
74.0,17.0,99.87319057277591
74.0,18.0,99.47919663824855
74.0,19.0,99.1416870036834
74.0,20.0,98.8793618433327
74.0,21.0,98.70568443163698
74.0,22.0,98.62681723674163
74.0,23.0,98.63936127113087
74.0,24.0,98.72789869937891
74.0,25.0,98.86233870301874
74.0,26.0,99.01991318293175
74.0,27.0,99.25205294197397
74.0,28.0,99.6029721984577
74.0,29.0,100.08945346533669
74.0,30.0,100.70663935676623
74.0,31.0,101.43332666781023
74.0,32.0,102.2367627272951
74.0,33.0,103.07694402381053
74.0,34.0,103.91041710485725
74.0,35.0,104.69358174914159
74.0,36.0,105.385496412017
74.0,37.0,105.95018594407243
74.0,38.0,106.35845158286767
74.0,39.0,106.58918321781546
74.0,40.0,106.63017392821065
74.0,41.0,106.47843679440618
74.0,42.0,106.14002398213594
74.0,43.0,105.62934809998455
74.0,44.0,104.96800583000405
74.0,45.0,104.18310383147748
74.0,46.0,103.30508691782936
74.0,47.0,102.36506850668304
74.0,48.0,101.391663343065
74.0,49.0,100.40732249575598
74.0,50.0,99.42417062678902
74.0,51.0,98.45907619122544
74.0,52.0,97.58668222816759
74.0,53.0,96.87664301828231
74.0,54.0,96.37582971730632
74.0,55.0,96.11087128552629
74.0,56.0,96.09063731875165
74.0,57.0,96.30866278077997
74.0,58.0,96.74551463735506
74.0,59.0,97.37110039161763
74.0,60.0,98.14691852104869
74.0,61.0,99.02825081590557
74.0,62.0,99.96629661915051
74.0,63.0,100.91024896787206
74.0,64.0,101.809312636199
74.0,65.0,102.6146640797069
74.0,66.0,103.28135328131745
74.0,67.0,103.77014749869035
74.0,68.0,104.0493169131078
74.0,69.0,104.09636217985184
74.0,70.0,103.899683880074
74.0,71.0,103.46019387415802
74.0,72.0,102.79286855657483
74.0,73.0,101.92824401223048
74.0,74.0,100.91385307430653
74.0,75.0,99.8156042835931
74.0,76.0,98.71448807594227
74.0,77.0,97.68213330262475
74.0,78.0,96.77468967658297
74.0,79.0,96.0348627747362
74.0,80.0,95.49237650606793
74.0,81.0,95.16456362939648
74.0,82.0,95.05708432082848
74.0,83.0,95.1647727908956
74.0,84.0,95.47261195137425
74.0,85.0,95.95683613178842
74.0,86.0,96.58616184559554
74.0,87.0,97.32314660605542
74.0,88.0,98.12567579178236
74.0,89.0,98.94857756198012
74.0,90.0,99.74536582136028
74.0,91.0,100.47011123474331
74.0,92.0,101.07944029134308
74.0,93.0,101.53466241873404
74.0,94.0,101.80402514650201
74.0,95.0,101.8650973195774
74.0,96.0,101.70728036125207
74.0,97.0,101.33444758587893
74.0,98.0,100.76771156125471
74.0,99.0,100.04831952068594
75.0,0.0,100.0
75.0,1.0,100.58646486550668
75.0,2.0,101.15753380673098
75.0,3.0,101.69622288032721
75.0,4.0,102.18515773679462
75.0,5.0,102.607869780174
75.0,6.0,102.94989522948639
75.0,7.0,103.19967708191379
75.0,8.0,103.34926997772207
75.0,9.0,103.39484796692582
75.0,10.0,103.33701517769546
75.0,11.0,103.1809193865063
75.0,12.0,102.93616849002977
75.0,13.0,102.6165498787667
75.0,14.0,102.2395527124227
75.0,15.0,101.82569309702562
75.0,16.0,101.39764216378515
75.0,17.0,100.9791570496944
75.0,18.0,100.59381477987368
75.0,19.0,100.26354905165634
75.0,20.0,100.00698992041657
75.0,21.0,99.83760638713959
75.0,22.0,99.7616518877335
75.0,23.0,99.77591268408372
75.0,24.0,99.86525915684902
75.0,25.0,100.0
75.0,26.0,100.1574498162078
75.0,27.0,100.38762075381314
75.0,28.0,100.73330506578895
75.0,29.0,101.21028857498688
75.0,30.0,101.81310344313553
75.0,31.0,102.52028298365852
75.0,32.0,103.29911851831245
75.0,33.0,104.1099182776447
75.0,34.0,104.90976834527102
75.0,35.0,105.65579564597311
75.0,36.0,106.30793297761595
75.0,37.0,106.8311860868849
75.0,38.0,107.19740278884292
75.0,39.0,107.38654413030733
75.0,40.0,107.38745759704668
75.0,41.0,107.19815236479725
75.0,42.0,106.82557659409963
75.0,43.0,106.28489676895495
75.0,44.0,105.59827907930108
75.0,45.0,104.79317284730863
75.0,46.0,103.90009599749686
75.0,47.0,102.94992257066939
75.0,48.0,101.97067228166972
75.0,49.0,100.98380212095675
75.0,50.0,100.0
75.0,51.0,99.03436621029508
75.0,52.0,98.16016277031731
75.0,53.0,97.44606811831923
75.0,54.0,96.9382731679165
75.0,55.0,96.66299423939928
75.0,56.0,96.6289278683894
75.0,57.0,96.82964749184315
75.0,58.0,97.24594201139979
75.0,59.0,97.8480962340759
75.0,60.0,98.59811319030517
75.0,61.0,99.45187832932422
75.0,62.0,100.36126559190386
75.0,63.0,101.27618536042628
75.0,64.0,102.14657428630774
75.0,65.0,102.92432699476713
75.0,66.0,103.56516966694016
75.0,67.0,104.03047549933935
75.0,68.0,104.28902204065953
75.0,69.0,104.31869040592937
75.0,70.0,104.10810636800822
75.0,71.0,103.65822332642907
75.0,72.0,102.98384715358686
75.0,73.0,102.1151029182728
75.0,74.0,101.09884348655419
75.0,75.0,100.0
75.0,76.0,98.89887801464802
75.0,77.0,97.8684889975433
75.0,78.0,96.96649147155765
75.0,79.0,96.23663641005308
75.0,80.0,95.70927504636309
75.0,81.0,95.4019945440312
75.0,82.0,95.3203815278068
75.0,83.0,95.45891347539835
75.0,84.0,95.80197796998361
75.0,85.0,96.32501981347741
75.0,86.0,96.99581600055649
75.0,87.0,97.77587855344164
75.0,88.0,98.62198521743727
75.0,89.0,99.48783801722794
75.0,90.0,100.32584967393247
75.0,91.0,101.08905788291507
75.0,92.0,101.73316745235398
75.0,93.0,102.21872030256706
75.0,94.0,102.51339332609503
75.0,95.0,102.59442410854155
75.0,96.0,102.45116451017097
75.0,97.0,102.08776210826306
75.0,98.0,101.52596950022517
75.0,99.0,100.80808146746156
76.0,0.0,100.94924019867649
76.0,1.0,101.53537085601555
76.0,2.0,102.10672017010262
76.0,3.0,102.64677272288493
76.0,4.0,103.13847683481231
76.0,5.0,103.56555543357184
76.0,6.0,103.91361969649516
76.0,7.0,104.171085466638
76.0,8.0,104.32989244253237
76.0,9.0,104.38602614161115
76.0,10.0,104.33984263730517
76.0,11.0,104.19619606981274
76.0,12.0,103.96436893054167
76.0,13.0,103.65780512022377
76.0,14.0,103.29364578070187
76.0,15.0,102.89206790038915
76.0,16.0,102.47542569340119
76.0,17.0,102.06719475236022
76.0,18.0,101.69071897487211
76.0,19.0,101.3677602636756
76.0,20.0,101.11685100046421
76.0,21.0,100.95144929338042
76.0,22.0,100.87789699818249
76.0,23.0,100.89318051308373
76.0,24.0,100.98249434726408
76.0,25.0,101.11660746305441
76.0,26.0,101.2729863411057
76.0,27.0,101.50024283553165
76.0,28.0,101.83977101067487
76.0,29.0,102.3064015644142
76.0,30.0,102.89410818962887
76.0,31.0,103.58121663873132
76.0,32.0,104.33511649126865
76.0,33.0,105.11647562459282
76.0,34.0,105.8829573875993
76.0,35.0,106.59244047753457
76.0,36.0,107.20574151987205
76.0,37.0,107.68884035125687
76.0,38.0,108.01460800551914
76.0,39.0,108.1640374027559
76.0,40.0,108.12697674148174
76.0,41.0,107.902365593848
76.0,42.0,107.49797370393073
76.0,43.0,106.92964248908707
76.0,44.0,106.22002924438056
76.0,45.0,105.39685405007482
76.0,46.0,104.49064938219603
76.0,47.0,103.53201242616399
76.0,48.0,102.54836009349192
76.0,49.0,101.56018674155466
76.0,50.0,100.57682459642582
76.0,51.0,99.61171577878052
76.0,52.0,98.73676618066479
76.0,53.0,98.019669531492
76.0,54.0,97.50592163323168
76.0,55.0,97.22130783876713
76.0,56.0,97.1743320744936
76.0,57.0,97.35858740715702
76.0,58.0,97.75506815493314
76.0,59.0,98.33442354274752
76.0,60.0,99.05915290183566
76.0,61.0,99.88574241354408
76.0,62.0,100.76674339737167
76.0,63.0,101.65279214325169
76.0,64.0,102.49457128807428
76.0,65.0,103.2447127364496
76.0,66.0,103.85964212571139
76.0,67.0,104.30136483516124
76.0,68.0,104.53919353955314
76.0,69.0,104.551417306819
76.0,70.0,104.32691224003418
76.0,71.0,103.8666936636241
76.0,72.0,103.18540985381095
76.0,73.0,102.31277731330128
76.0,74.0,101.29495759021398
76.0,75.0,100.19587564124873
76.0,76.0,99.0950826238189
76.0,77.0,98.06683068303455
76.0,78.0,97.17017769594317
76.0,79.0,96.44986102477824
76.0,80.0,95.93684195582759
76.0,81.0,95.6489784218556
76.0,82.0,95.59182600807944
76.0,83.0,95.75956724169933
76.0,84.0,96.13606916498273
76.0,85.0,96.69606919190251
76.0,86.0,97.40648924832918
76.0,87.0,98.22787819577698
76.0,88.0,99.11598253870415
76.0,89.0,100.0234454153669
76.0,90.0,100.90163387222768
76.0,91.0,101.70259442191717
76.0,92.0,102.38113688475048
76.0,93.0,102.89704651379708
76.0,94.0,103.21742440350508
76.0,95.0,103.31915618187895
76.0,96.0,103.19150898621193
76.0,97.0,102.83885672237167
76.0,98.0,102.28353360764052
76.0,99.0,101.56881599710941
77.0,0.0,101.80661675703094
77.0,1.0,102.39004890996183
77.0,2.0,102.95982841469467
77.0,3.0,103.5002846201526
77.0,4.0,103.99493065062424
77.0,5.0,104.42780626675366
77.0,6.0,104.78462266591028
77.0,7.0,105.05370922193856
77.0,8.0,105.22676216428762
77.0,9.0,105.29939519652054
77.0,10.0,105.27149205420356
77.0,11.0,105.14736100217524
77.0,12.0,104.93569127119524
77.0,13.0,104.649311433973
77.0,14.0,104.30474972057642
77.0,15.0,103.92159627322012
77.0,16.0,103.5216673404337
77.0,17.0,103.12797141060975
77.0,18.0,102.76347728493181
77.0,19.0,102.44968408968197
77.0,20.0,102.20499322792848
77.0,21.0,102.04288227059315
77.0,22.0,101.96988078689846
77.0,23.0,101.98334811419473
77.0,24.0,102.06905306716688
77.0,25.0,102.19855558642122
77.0,26.0,102.3498184531042
77.0,27.0,102.57020900551163
77.0,28.0,102.89989019139517
77.0,29.0,103.3529562403541
77.0,30.0,103.92306448396256
77.0,31.0,104.58857417355495
77.0,32.0,105.31719229566934
77.0,33.0,106.07012638514904
77.0,34.0,106.80574433590195
77.0,35.0,107.48274120931829
77.0,36.0,108.06281304034614
77.0,37.0,108.51283764122508
77.0,38.0,108.80656240287799
77.0,39.0,108.92579909396073
77.0,40.0,108.86112565757001
77.0,41.0,108.6120950056092
77.0,42.0,108.18695081081232
77.0,43.0,107.60185029642588
77.0,44.0,106.87959402354898
77.0,45.0,106.04786267613136
77.0,46.0,105.13696084362942
77.0,47.0,104.1770678013205
77.0,48.0,103.19499528827497
77.0,49.0,102.21045228298651
77.0,50.0,101.23181677666042
77.0,51.0,100.27133510874265
77.0,52.0,99.39938948286984
77.0,53.0,98.68237049979739
77.0,54.0,98.16480541163267
77.0,55.0,97.8718275963706
77.0,56.0,97.8115854066999
77.0,57.0,97.97759039308025
77.0,58.0,98.3510049010902
77.0,59.0,98.90286904304608
77.0,60.0,99.59626704389146
77.0,61.0,100.38843296135775
77.0,62.0,101.23279578039535
77.0,63.0,102.08096388187587
77.0,64.0,102.88464888556501
77.0,65.0,103.59752886736635
77.0,66.0,104.17705095083588
77.0,67.0,104.58617327296754
77.0,68.0,104.79504632424938
77.0,69.0,104.78263366299072
77.0,70.0,104.53827200391997
77.0,71.0,104.06317068105348
77.0,72.0,103.37185048483498
77.0,73.0,102.49352187354613
77.0,74.0,101.4734025589877
77.0,75.0,100.37397446643153
77.0,76.0,99.27341368644072
77.0,77.0,98.24663591824194
77.0,78.0,97.35372475164294
77.0,79.0,96.64020935393924
77.0,80.0,96.13761359272937
77.0,81.0,95.8641361965376
77.0,82.0,95.82546195324429
77.0,83.0,96.01570394632368
77.0,84.0,96.41847682888928
77.0,85.0,97.00810113554668
77.0,86.0,97.75093863205406
77.0,87.0,98.60685870279008
77.0,88.0,99.53083577602938
77.0,89.0,100.47467778702553
77.0,90.0,101.38888567890167
77.0,91.0,102.22464394134849
77.0,92.0,102.93594218712985
77.0,93.0,103.4818277663959
77.0,94.0,103.8287894188038
77.0,95.0,103.95327196344577
77.0,96.0,103.84432202658499
77.0,97.0,103.50636480719864
77.0,98.0,102.96211188032885
77.0,99.0,102.25560003824098
78.0,0.0,102.50339387268276
78.0,1.0,103.07994138637996
78.0,2.0,103.64483788102461
78.0,3.0,104.1838950153242
78.0,4.0,104.68159955715242
78.0,5.0,105.12251799270051
78.0,6.0,105.49250099224918
78.0,7.0,105.77968773256137
78.0,8.0,105.97531007589589
78.0,9.0,106.07429660564155
78.0,10.0,106.0756765185724
78.0,11.0,105.9827833737235
78.0,12.0,105.80325869788757
78.0,13.0,105.54885544773234
78.0,14.0,105.23504132853877
78.0,15.0,104.88040196955997
78.0,16.0,104.50584395600085
78.0,17.0,104.13359771761867
78.0,18.0,103.78602027394426
78.0,19.0,103.48419783612403
78.0,20.0,103.24634826538274
78.0,21.0,103.08602338810712
78.0,22.0,103.01011116755018
78.0,23.0,103.01663773215627
78.0,24.0,103.09236926050698
78.0,25.0,103.21021372288783
78.0,26.0,103.34920351691993
78.0,27.0,103.55570257318517
78.0,28.0,103.86891203438512
78.0,29.0,104.30255807114536
78.0,30.0,104.85039867270132
78.0,31.0,105.49124815641443
78.0,32.0,106.19351939611826
78.0,33.0,106.91928376929502
78.0,34.0,107.62784882308206
78.0,35.0,108.27885365910879
78.0,36.0,108.83488203716355
78.0,37.0,109.2635931976908
78.0,38.0,109.53937040311841
78.0,39.0,109.64448719801526
78.0,40.0,109.56979138807884
78.0,41.0,109.3149067379532
78.0,42.0,108.88795238787695
78.0,43.0,108.3047799891616
78.0,44.0,107.58772855849988
78.0,45.0,106.7638970511044
78.0,46.0,105.8629346526764
78.0,47.0,104.91434879020484
78.0,48.0,103.94433086159542
78.0,49.0,102.97209968412994
78.0,50.0,102.00576266175591
78.0,51.0,101.05717170156487
78.0,52.0,100.19493575674167
78.0,53.0,99.48362892005333
78.0,54.0,98.9663609965329
78.0,55.0,98.66724357489092
78.0,56.0,98.59379005600496
78.0,57.0,98.73924963848715
78.0,58.0,99.08487526132974
78.0,59.0,99.60212550362868
78.0,60.0,100.25480044138519
78.0,61.0,101.00111146138538
78.0,62.0,101.79568503215792
78.0,63.0,102.59150043200964
78.0,64.0,103.34176143413924
78.0,65.0,104.00170194882897
78.0,66.0,104.53032562271429
78.0,67.0,104.8920793951317
78.0,68.0,105.0584610115444
78.0,69.0,105.0095604940461
78.0,70.0,104.73553556894278
78.0,71.0,104.23802105141253
78.0,72.0,103.53147218724332
78.0,73.0,102.64444195164891
78.0,74.0,101.62079230516271
78.0,75.0,100.52083940660957
78.0,76.0,99.42034015600639
78.0,77.0,98.39386658174742
78.0,78.0,97.50186870010872
78.0,79.0,96.79032436011747
78.0,80.0,96.29123661277372
78.0,81.0,96.02326899390029
78.0,82.0,95.9925187206208
78.0,83.0,96.1934278014658
78.0,84.0,96.6098320601071
78.0,85.0,97.21614807272015
78.0,86.0,97.97869801897471
78.0,87.0,98.85717244665346
78.0,88.0,99.80623094989893
78.0,89.0,100.77724076108844
78.0,90.0,101.72015325633721
78.0,91.0,102.58551837462971
78.0,92.0,103.32663695057897
78.0,93.0,103.90185096081416
78.0,94.0,104.27697168399628
78.0,95.0,104.42784577446193
78.0,96.0,104.34305924949533
78.0,97.0,104.02677939022833
78.0,98.0,103.50173455616871
78.0,99.0,102.81233191335657
79.0,0.0,102.993636489316
79.0,1.0,103.55783752823186
79.0,2.0,104.113473395189
79.0,3.0,104.64862793562236
79.0,4.0,105.14926585685714
79.0,5.0,105.60073667029275
79.0,6.0,105.98907478137133
79.0,7.0,106.30209572733133
79.0,8.0,106.53028856274578
79.0,9.0,106.66750439284539
79.0,10.0,106.71144105462652
79.0,11.0,106.66392394574402
79.0,12.0,106.53098300118873
79.0,13.0,106.32272581775001
79.0,14.0,106.05300692626298
79.0,15.0,105.73889321164053
79.0,16.0,105.39992548069034
79.0,17.0,105.05717617771656
79.0,18.0,104.73210324790637
79.0,19.0,104.44520014850141
79.0,20.0,104.21444200775396
79.0,21.0,104.053527931668
79.0,22.0,103.96991945852507
79.0,23.0,103.962675161195
79.0,24.0,104.02008139723137
79.0,25.0,104.11707920675192
79.0,26.0,104.23446511557235
79.0,27.0,104.4178633484134
79.0,28.0,104.70582577541725
79.0,29.0,105.11216372020581
79.0,30.0,105.6312628568298
79.0,31.0,106.2429349170837
79.0,32.0,106.91680620818613
79.0,33.0,107.6162429408262
79.0,34.0,108.3018133675753
79.0,35.0,108.9342867316648
79.0,36.0,109.47716902612915
79.0,37.0,109.89877556331501
79.0,38.0,110.17384035475585
79.0,39.0,110.28466230141221
79.0,40.0,110.2217881942778
79.0,41.0,109.98423252535122
79.0,42.0,109.5792341089733
79.0,43.0,109.02154951353019
79.0,44.0,108.33228330352223
79.0,45.0,107.53725509199828
79.0,46.0,106.66490340335595
79.0,47.0,105.74372634650742
79.0,48.0,104.79925909841094
79.0,49.0,103.85058819796807
79.0,50.0,102.90640265028657
79.0,51.0,101.97918006290875
79.0,52.0,101.13549959955331
79.0,53.0,100.43752290928155
79.0,54.0,99.92640832082292
79.0,55.0,99.62479463042784
79.0,56.0,99.53920920022954
79.0,57.0,99.66240036711449
79.0,58.0,99.97559416210184
79.0,59.0,100.45067534023165
79.0,60.0,101.0522927209618
79.0,61.0,101.7398888390739
79.0,62.0,102.46965390608793
79.0,63.0,103.19640408218574
79.0,64.0,103.87538405864328
79.0,65.0,104.46399395077178
79.0,66.0,104.9234405013677
79.0,67.0,105.22031259467144
79.0,68.0,105.32808108083495
79.0,69.0,105.2285229108982
79.0,70.0,104.91306958227425
79.0,71.0,104.38407989474345
79.0,72.0,103.65603701695622
79.0,73.0,102.75666986344477
79.0,74.0,101.72799878214367
79.0,75.0,100.62730555241903
79.0,76.0,99.52664592086158
79.0,77.0,98.49895549180056
79.0,78.0,97.6041938348124
79.0,79.0,96.88834184419656
79.0,80.0,96.38377389963672
79.0,81.0,96.10978018448488
79.0,82.0,96.073239161668
79.0,83.0,96.2694402072174
79.0,84.0,96.68305640142088
79.0,85.0,97.28926747759748
79.0,86.0,98.05503292849494
79.0,87.0,98.94051527030992
79.0,88.0,99.90065346433084
79.0,89.0,100.88688649620347
79.0,90.0,101.84902711281921
79.0,91.0,102.73728571682601
79.0,92.0,103.50444441876205
79.0,93.0,104.10818124681207
79.0,94.0,104.51354451418653
79.0,95.0,104.69557734412318
79.0,96.0,104.64209235251167
79.0,97.0,104.35659648814055
79.0,98.0,103.8613660305672
79.0,99.0,103.20067174561039
80.0,0.0,103.25160039695248
80.0,1.0,103.79721313801467
80.0,2.0,104.33851733024986
80.0,3.0,104.86671935323255
80.0,4.0,105.36980182522922
80.0,5.0,105.83416828526072
80.0,6.0,106.24607845938003
80.0,7.0,106.59287411116499
80.0,8.0,106.86399547642621
80.0,9.0,107.05178828213019
80.0,10.0,107.15210134953752
80.0,11.0,107.16467478155622
80.0,12.0,107.09331873431027
80.0,13.0,106.94588277292328
80.0,14.0,106.73401581151727
80.0,15.0,106.47271663742657
80.0,16.0,106.179675019627
80.0,17.0,105.87440340138001
80.0,18.0,105.57715917709211
80.0,19.0,105.30765755338939
80.0,20.0,105.0835749944071
80.0,21.0,104.91884325129462
80.0,22.0,104.82173397593525
80.0,23.0,104.79273391888141
80.0,24.0,104.82221071150485
80.0,25.0,104.88786923236204
80.0,26.0,104.97299707278378
80.0,27.0,105.12271664500133
80.0,28.0,105.3752392521803
80.0,29.0,105.74494504329789
80.0,30.0,106.22742836824762
80.0,31.0,106.80410858223811
80.0,32.0,107.44640629948648
80.0,33.0,108.11948509620602
80.0,34.0,108.78555866288822
80.0,35.0,109.40676340587918
80.0,36.0,109.94759649825042
80.0,37.0,110.37691937996401
80.0,38.0,110.66952670733211
80.0,39.0,110.80728075177082
80.0,40.0,110.77981124784843
80.0,41.0,110.58478069062812
80.0,42.0,110.22771508230484
80.0,43.0,109.72140012813675
80.0,44.0,109.08484288167091
80.0,45.0,108.34179883926332
80.0,46.0,107.51886448389351
80.0,47.0,106.64313527827325
80.0,48.0,105.73942910724979
80.0,49.0,104.82707516950339
80.0,50.0,103.91626831853931
80.0,51.0,103.02124596699468
80.0,52.0,102.20635047408989
80.0,53.0,101.53074217411573
80.0,54.0,101.03308207239562
80.0,55.0,100.73406006635518
80.0,56.0,100.63883300642544
80.0,57.0,100.73937259677982
80.0,58.0,101.01672313590485
80.0,59.0,101.44316909700474
80.0,60.0,101.98431254823936
80.0,61.0,102.60106041279631
80.0,62.0,103.25152156879653
80.0,63.0,103.89281378903365
80.0,64.0,104.48278052054708
80.0,65.0,104.98161750402893
80.0,66.0,105.3534092330645
80.0,67.0,105.56757525320663
80.0,68.0,105.60022630088365
80.0,69.0,105.4354302821413
80.0,70.0,105.06638809121803
80.0,71.0,104.49651926895443
80.0,72.0,103.74045750103593
80.0,73.0,102.82495595606979
80.0,74.0,101.78970246349525
80.0,75.0,100.68804453132785
80.0,76.0,99.58697194097954
80.0,77.0,98.55633322031468
80.0,78.0,97.65462240135177
80.0,79.0,96.92731670645539
80.0,80.0,96.40703978210146
80.0,81.0,96.11389345729967
80.0,82.0,96.0559580266726
80.0,83.0,96.22996105819203
80.0,84.0,96.62211472557213
80.0,85.0,97.20912166531961
80.0,86.0,97.95934935844089
80.0,87.0,98.8341730368061
80.0,88.0,99.78948711417029
80.0,89.0,100.77738514185131
80.0,90.0,101.74800828906496
80.0,91.0,102.65156234791682
80.0,92.0,103.44050326305134
80.0,93.0,104.07189118595754
80.0,94.0,104.50991305393211
80.0,95.0,104.72857369369903
80.0,96.0,104.71455544968659
80.0,97.0,104.47024633696093
80.0,98.0,104.01693671881696
80.0,99.0,103.39818450902607
81.0,0.0,103.26919096558119
81.0,1.0,103.78963863804381
81.0,2.0,104.31118843229919
81.0,3.0,104.82900426669362
81.0,4.0,105.33361327306295
81.0,5.0,105.81273304679004
81.0,6.0,106.25288196739146
81.0,7.0,106.64077258963327
81.0,8.0,106.964488105176
81.0,9.0,107.21444187474879
81.0,10.0,107.38412003085257
81.0,11.0,107.47060715099265
81.0,12.0,107.4748950014401
81.0,13.0,107.40197435152263
81.0,14.0,107.2607098584444
81.0,15.0,107.06349802263509
81.0,16.0,106.82570821362805
81.0,17.0,106.56490676646767
81.0,18.0,106.29986414864588
81.0,19.0,106.04934519756779
81.0,20.0,105.83068242854644
81.0,21.0,105.65813241332685
81.0,22.0,105.54101522913906
81.0,23.0,105.4816369782804
81.0,24.0,105.4729953782269
81.0,25.0,105.49626842227387
81.0,26.0,105.53792293020416
81.0,27.0,105.64275620952081
81.0,28.0,105.84890780382378
81.0,29.0,106.17179639331547
81.0,30.0,106.60881235404052
81.0,31.0,107.14361444373125
81.0,32.0,107.75003061425899
81.0,33.0,108.39556295069119
81.0,34.0,109.04449673695434
81.0,35.0,109.66061364810267
81.0,36.0,110.20950906919263
81.0,37.0,110.66051354076323
81.0,38.0,110.98821833092211
81.0,39.0,111.17360513403739
81.0,40.0,111.20477989603546
81.0,41.0,111.07731076630442
81.0,42.0,110.79417017620332
81.0,43.0,110.36528104417732
81.0,44.0,109.80666710747855
81.0,45.0,109.13920738049273
81.0,46.0,108.38699473967176
81.0,47.0,107.57529863507192
81.0,48.0,106.72813192849792
81.0,49.0,105.8654218582528
81.0,50.0,104.99978513049366
81.0,51.0,104.14837697722885
81.0,52.0,103.3731852220766
81.0,53.0,102.72985580780824
81.0,54.0,102.25405236933632
81.0,55.0,101.96406004604144
81.0,56.0,101.86327959106451
81.0,57.0,101.94261177756472
81.0,58.0,102.18273210194299
81.0,59.0,102.55625578403112
81.0,60.0,103.0297930642464
81.0,61.0,103.56589479771195
81.0,62.0,104.12488834534243
81.0,63.0,104.66660376189564
81.0,64.0,105.15199028098934
81.0,65.0,105.54462309708401
81.0,66.0,105.81210044443088
81.0,67.0,105.92733097298586
81.0,68.0,105.86971142128866
81.0,69.0,105.62619458630796
81.0,70.0,105.19224759025175
81.0,71.0,104.57270044434355
81.0,72.0,103.78248490956395
81.0,73.0,102.84726365435797
81.0,74.0,101.803949709308
81.0,75.0,100.70111621877199
81.0,76.0,99.5993657297946
81.0,77.0,98.56396232474734
81.0,78.0,97.65091191724449
81.0,79.0,96.90465713109354
81.0,80.0,96.35794366027088
81.0,81.0,96.03187995851542
81.0,82.0,95.93619025853997
81.0,83.0,96.06966092086046
81.0,84.0,96.42078011224291
81.0,85.0,96.96857081376827
81.0,86.0,97.68361715851508
81.0,87.0,98.52928409885988
81.0,88.0,99.46313040339551
81.0,89.0,100.43851498346714
81.0,90.0,101.40639654932619
81.0,91.0,102.31732659590199
81.0,92.0,103.12363571819132
81.0,93.0,103.78181325626569
81.0,94.0,104.2550802698966
81.0,95.0,104.51615584279823
81.0,96.0,104.55021671648848
81.0,97.0,104.3580502537673
81.0,98.0,103.95940073181328
81.0,99.0,103.39650896489769
82.0,0.0,103.05349051214371
82.0,1.0,103.54225551541145
82.0,2.0,104.03858741120138
82.0,3.0,104.54236650274456
82.0,4.0,105.04713862751025
82.0,5.0,105.54216439978175
82.0,6.0,106.01424208217134
82.0,7.0,106.44930408607455
82.0,8.0,106.83378710106372
82.0,9.0,107.15577585322063
82.0,10.0,107.40592049240854
82.0,11.0,107.5781276084833
82.0,12.0,107.67002487644379
82.0,13.0,107.68319933052159
82.0,14.0,107.62320926720984
82.0,15.0,107.49936977723138
82.0,16.0,107.32431190644601
82.0,17.0,107.11331544569715
82.0,18.0,106.88341534959763
82.0,19.0,106.65228178425467
82.0,20.0,106.4368738039342
82.0,21.0,106.25186665666439
82.0,22.0,106.10785271877826
82.0,23.0,106.0093160583958
82.0,24.0,105.95238062784499
82.0,25.0,105.92233208502242
82.0,26.0,105.9094108794602
82.0,27.0,105.95818107544117
82.0,28.0,106.10691327746865
82.0,29.0,106.37248523259241
82.0,30.0,106.754637468528
82.0,31.0,107.23988165973579
82.0,32.0,107.80506172146004
82.0,33.0,108.4205676317279
82.0,34.0,109.05320198130845
82.0,35.0,109.66869925163138
82.0,36.0,110.23389782066599
82.0,37.0,110.71856469675988
82.0,38.0,111.09687298043767
82.0,39.0,111.34853205415953
82.0,40.0,111.45957050003996
82.0,41.0,111.42277174552612
82.0,42.0,111.23776243703637
82.0,43.0,110.91075354155863
82.0,44.0,110.45393417620878
82.0,45.0,109.88451816574884
82.0,46.0,109.22344332806526
82.0,47.0,108.493723487607
82.0,48.0,107.71845321678367
82.0,49.0,106.91846530532356
82.0,50.0,106.1096409575916
82.0,51.0,105.3131592231763
82.0,52.0,104.58864974298614
82.0,53.0,103.98785651483519
82.0,54.0,103.54303479477724
82.0,55.0,103.26966476443533
82.0,56.0,103.16903093800956
82.0,57.0,103.23066730896278
82.0,58.0,103.4346682363846
82.0,59.0,103.75386507103336
82.0,60.0,104.15586852105625
82.0,61.0,104.60497675738758
82.0,62.0,105.06394925882502
82.0,63.0,105.49564639678412
82.0,64.0,105.86453475973083
82.0,65.0,106.13805821729207
82.0,66.0,106.28787472404454
82.0,67.0,106.2909588629816
82.0,68.0,106.13057012865808
82.0,69.0,105.79708695001352
82.0,70.0,105.28870645287317
82.0,71.0,104.61200996212737
82.0,72.0,103.78239424358881
82.0,73.0,102.82436848552805
82.0,74.0,101.77171701988718
82.0,75.0,100.66752778317134
82.0,76.0,99.56483818109456
82.0,77.0,98.52287899786488
82.0,78.0,97.59416009141036
82.0,79.0,96.82156669418944
82.0,80.0,96.23784204085719
82.0,81.0,95.86529449510704
82.0,82.0,95.71572917568801
82.0,83.0,95.7906040815972
82.0,84.0,96.08141071644782
82.0,85.0,96.5702792120126
82.0,86.0,97.23080795094253
82.0,87.0,98.02911768866119
82.0,88.0,98.9251301744343
82.0,89.0,99.87407127161481
82.0,90.0,100.82819857706333
82.0,91.0,101.73875353974408
82.0,92.0,102.55813807849611
82.0,93.0,103.24231569898004
82.0,94.0,103.7534371098002
82.0,95.0,104.06269033780207
82.0,96.0,104.15337534254536
82.0,97.0,104.02420312995227
82.0,98.0,103.69281936513129
82.0,99.0,103.19955248437645
83.0,0.0,102.62435430087585
83.0,1.0,103.07532115162063
83.0,2.0,103.54120929601378
83.0,3.0,104.02725123862778
83.0,4.0,104.5304035319156
83.0,5.0,105.04165275276704
83.0,6.0,105.5480838626388
83.0,7.0,106.03471095125772
83.0,8.0,106.48607036389738
83.0,9.0,106.88757621222827
83.0,10.0,107.22663826874118
83.0,11.0,107.49354224474408
83.0,12.0,107.68209245193225
83.0,13.0,107.79001684753202
83.0,14.0,107.81913446301765
83.0,15.0,107.77528521640177
83.0,16.0,107.66802210809917
83.0,17.0,107.51006580036386
83.0,18.0,107.31652158029972
83.0,19.0,107.10385870644437
83.0,20.0,106.88865213892649
83.0,21.0,106.6860866531965
83.0,22.0,106.50822333733069
83.0,23.0,106.3620284729087
83.0,24.0,106.24716479946431
83.0,25.0,106.15354516250974
83.0,26.0,106.07564414902913
83.0,27.0,106.05778634256795
83.0,28.0,106.13849314168365
83.0,29.0,106.33644605273265
83.0,30.0,106.65422467308697
83.0,31.0,107.0817552887484
83.0,32.0,107.59947008636065
83.0,33.0,108.18117697961912
83.0,34.0,108.79664005007851
83.0,35.0,109.41387060235805
83.0,36.0,110.00112883374469
83.0,37.0,110.5286361181939
83.0,38.0,110.96999790472823
83.0,39.0,111.30333723023372
83.0,40.0,111.51213884665397
83.0,41.0,111.58580396258199
83.0,42.0,111.51991559924987
83.0,43.0,111.31621456091611
83.0,44.0,110.98228601965084
83.0,45.0,110.53095671451857
83.0,46.0,109.97940276515895
83.0,47.0,109.34796809976518
83.0,48.0,108.65869349746009
83.0,49.0,107.93355624507012
83.0,50.0,107.19242040829698
83.0,51.0,106.46148043388023
83.0,52.0,105.79812983822582
83.0,53.0,105.24998126309995
83.0,54.0,104.8455897914168
83.0,55.0,104.59731237851645
83.0,56.0,104.50400377426715
83.0,57.0,104.5535489359922
83.0,58.0,104.72523193222109
83.0,59.0,104.99194133726522
83.0,60.0,105.322212116618
83.0,61.0,105.6821040031795
83.0,62.0,106.03691636430536
83.0,63.0,106.35273955968033
83.0,64.0,106.59784279001624
83.0,65.0,106.74389843657428
83.0,66.0,106.76704289151189
83.0,67.0,106.64877387905403
83.0,68.0,106.37668426748883
83.0,69.0,105.94503237198786
83.0,70.0,105.3551487482507
83.0,71.0,104.61567947697404
83.0,72.0,103.74266593914511
83.0,73.0,102.75946108215976
83.0,74.0,101.69648217676487
83.0,75.0,100.59080006482513
83.0,76.0,99.4869277409718
83.0,77.0,98.43674213539127
83.0,78.0,97.48831734334186
83.0,79.0,96.6824943950911
83.0,80.0,96.05189898154816
83.0,81.0,95.62022080344181
83.0,82.0,95.4017545440438
83.0,83.0,95.40120246543779
83.0,84.0,95.61373862833383
83.0,85.0,96.02533473542822
83.0,86.0,96.61334759830895
83.0,87.0,97.3473682279067
83.0,88.0,98.19033254849118
83.0,89.0,99.0998937352131
83.0,90.0,100.03005617519163
83.0,91.0,100.93307105214727
83.0,92.0,101.76159355458034
83.0,93.0,102.47110170749485
83.0,94.0,103.02257682766809
83.0,95.0,103.38544560246531
83.0,96.0,103.54078379220041
83.0,97.0,103.4847815560417
83.0,98.0,103.2324704014634
83.0,99.0,102.82171175724271
84.0,0.0,102.0120751770055
84.0,1.0,102.41982203689467
84.0,2.0,102.85052255508515
84.0,3.0,103.31524024484875
84.0,4.0,103.81463096443191
84.0,5.0,104.34153392147671
84.0,6.0,104.88331222223782
84.0,7.0,105.4239429655955
84.0,8.0,105.94585688186429
84.0,9.0,106.43152751639786
84.0,10.0,106.86480995798966
84.0,11.0,107.23202911206945
84.0,12.0,107.52281751869589
84.0,13.0,107.7307027153449
84.0,14.0,107.85344414449413
84.0,15.0,107.89311960600314
84.0,16.0,107.85596125428967
84.0,17.0,107.75194114030171
84.0,18.0,107.59410629828568
84.0,19.0,107.39766337735023
84.0,20.0,107.1788128178263
84.0,21.0,106.95333257242285
84.0,22.0,106.73491137217864
84.0,23.0,106.53323153720993
84.0,24.0,106.35180133225398
84.0,25.0,106.1855368670087
84.0,26.0,106.03344684593708
84.0,27.0,105.93950788178935
84.0,28.0,105.94251970692757
84.0,29.0,106.06321760196192
84.0,30.0,106.30741914375186
84.0,31.0,106.66894765645898
84.0,32.0,107.13233236565189
84.0,33.0,107.67528525546274
84.0,34.0,108.27095462879569
84.0,35.0,108.88995537058719
84.0,36.0,109.50217591411807
84.0,37.0,110.0783619103775
84.0,38.0,110.59147660047867
84.0,39.0,111.01783789112652
84.0,40.0,111.338032133137
84.0,41.0,111.5376046030085
84.0,42.0,111.60752668754479
84.0,43.0,111.54443977153001
84.0,44.0,111.35067582845544
84.0,45.0,111.03405471429801
84.0,46.0,110.60745816435075
84.0,47.0,110.08818049310509
84.0,48.0,109.49705599718477
84.0,49.0,108.85736306133195
84.0,50.0,108.1935049674448
84.0,51.0,107.53751922752748
84.0,52.0,106.94481122070428
84.0,53.0,106.45880836373492
84.0,54.0,106.10421141570345
84.0,55.0,105.89003569661067
84.0,56.0,105.81245540352239
84.0,57.0,105.85745102427326
84.0,58.0,106.0032598487265
84.0,59.0,106.22262957758937
84.0,60.0,106.48487502878443
84.0,61.0,106.75773794137645
84.0,62.0,107.00904987705525
84.0,63.0,107.20819821917416
84.0,64.0,107.3273952693444
84.0,65.0,107.34275044158497
84.0,66.0,107.23514555402863
84.0,67.0,106.99091321818342
84.0,68.0,106.60231832574993
84.0,69.0,106.06784263299456
84.0,70.0,105.39227244267823
84.0,71.0,104.58658938354118
84.0,72.0,103.66766428734323
84.0,73.0,102.65775416346004
84.0,74.0,101.58380227103505
84.0,75.0,100.47654128868707
84.0,76.0,99.37127192483315
84.0,77.0,98.31138982154114
84.0,78.0,97.33970692196291
84.0,79.0,96.49459261123933
84.0,80.0,95.80845494444984
84.0,81.0,95.3065258828138
84.0,82.0,95.00595053814325
84.0,83.0,94.91518042554732
84.0,84.0,95.03367072438819
84.0,85.0,95.35188154748857
84.0,86.0,95.85158321859092
84.0,87.0,96.50646555806802
84.0,88.0,97.28305117688527
84.0,89.0,98.14191277881449
84.0,90.0,99.03919447089936
84.0,91.0,99.92843708217235
84.0,92.0,100.76270749062326
84.0,93.0,101.4970319584193
84.0,94.0,102.09113347537692
84.0,95.0,102.51247311068485
84.0,96.0,102.73959537287914
84.0,97.0,102.76577757806936
84.0,98.0,102.60298322641678
84.0,99.0,102.28611938686379
85.0,0.0,101.2551168338064
85.0,1.0,101.6151553691622
85.0,2.0,102.00661498083223
85.0,3.0,102.44668984839171
85.0,4.0,102.93990687541748
85.0,5.0,103.48102228806533
85.0,6.0,104.05765362717581
85.0,7.0,104.65264713390789
85.0,8.0,105.24618052890085
85.0,9.0,105.81760118496429
85.0,10.0,106.3469996932962
85.0,11.0,106.81651882322923
85.0,12.0,107.21139787550504
85.0,13.0,107.52075242907672
85.0,14.0,107.73808948143943
85.0,15.0,107.86155798248909
85.0,16.0,107.8939347619092
85.0,17.0,107.84234585008576
85.0,18.0,107.71772319255045
85.0,19.0,107.53399675795167
85.0,20.0,107.30702203955393
85.0,21.0,107.05324295026523
85.0,22.0,106.78809011119269
85.0,23.0,106.52411453372608
85.0,24.0,106.26885669514974
85.0,25.0,106.02245100778237
85.0,26.0,105.7885652522818
85.0,27.0,105.61062096513068
85.0,28.0,105.52762945295737
85.0,29.0,105.56252342000093
85.0,30.0,105.72464928659086
85.0,31.0,106.01210905548383
85.0,32.0,106.41395172605742
85.0,33.0,106.91221425636074
85.0,34.0,107.48381207302218
85.0,35.0,108.10227912901394
85.0,36.0,108.7393575092737
85.0,37.0,109.36643658418322
85.0,38.0,109.95584171090385
85.0,39.0,110.48197248256909
85.0,40.0,110.92229052533413
85.0,41.0,111.25815684328226
85.0,42.0,111.47551871118843
85.0,43.0,111.56544611513958
85.0,44.0,111.52451774101215
85.0,45.0,111.35505651080642
85.0,46.0,111.06521466683787
85.0,47.0,110.66890840378558
85.0,48.0,110.18560204859737
85.0,49.0,109.63994178825237
85.0,50.0,109.06123894538004
85.0,51.0,108.48800065746025
85.0,52.0,107.97400868977785
85.0,53.0,107.55863097850192
85.0,54.0,107.26270545168411
85.0,55.0,107.0917976265709
85.0,56.0,107.03922449745568
85.0,57.0,107.08884471407055
85.0,58.0,107.21761505051776
85.0,59.0,107.39791316474107
85.0,60.0,107.59962664853657
85.0,61.0,107.79200836810342
85.0,62.0,107.94529809513432
85.0,63.0,108.03211042844555
85.0,64.0,108.02858900614689
85.0,65.0,107.91532700835123
85.0,66.0,107.67805395042377
85.0,67.0,107.30808876677128
85.0,68.0,106.80255918517062
85.0,69.0,106.16438739163742
85.0,70.0,105.40204198583422
85.0,71.0,104.52905622701843
85.0,72.0,103.56331257052997
85.0,73.0,102.52609349481877
85.0,74.0,101.44089861901179
85.0,75.0,100.33202811101994
85.0,76.0,99.22518617946862
85.0,77.0,98.15440323243692
85.0,78.0,97.15655262417596
85.0,79.0,96.26718297642371
85.0,80.0,95.518404058606
85.0,81.0,94.93712339392475
85.0,82.0,94.54363359133347
85.0,83.0,94.35055040339961
85.0,84.0,94.36210151005416
85.0,85.0,94.57376602822848
85.0,86.0,94.97226474737809
85.0,87.0,95.53590109089359
85.0,88.0,96.2352528033988
85.0,89.0,97.03421436393596
85.0,90.0,97.89139012503804
85.0,91.0,98.76183817768819
85.0,92.0,99.59916494216633
85.0,93.0,100.35797048478273
85.0,94.0,100.99664456049904
85.0,95.0,101.48051338143593
85.0,96.0,101.78533711126838
85.0,97.0,101.90115808550772
85.0,98.0,101.83649975767091
85.0,99.0,101.62291637133708
86.0,0.0,100.3979157130083
86.0,1.0,100.70687903771758
86.0,2.0,101.05590633919427
86.0,3.0,101.46843161639211
86.0,4.0,101.95290134361369
86.0,5.0,102.50598867599014
86.0,6.0,103.11552792052983
86.0,7.0,103.76316927273585
86.0,8.0,104.42675381879245
86.0,9.0,105.08240880332032
86.0,10.0,105.70636316270091
86.0,11.0,106.27648332396943
86.0,12.0,106.77352926927693
86.0,13.0,107.18213086592124
86.0,14.0,107.49148446194668
86.0,15.0,107.69576974731285
86.0,16.0,107.79428688063224
86.0,17.0,107.79131388147665
86.0,18.0,107.69568428825269
86.0,19.0,107.52008508164599
86.0,20.0,107.28007487363445
86.0,21.0,106.99282236207031
86.0,22.0,106.67556505083115
86.0,23.0,106.34378823553978
86.0,24.0,106.00912425485299
86.0,25.0,105.67697200731926
86.0,26.0,105.35560457658006
86.0,27.0,105.08759282111663
86.0,28.0,104.91200246320211
86.0,29.0,104.85399568046017
86.0,30.0,104.92661886085845
86.0,31.0,105.132517777963
86.0,32.0,105.46558018645352
86.0,33.0,105.91250583789946
86.0,34.0,106.45430391679699
86.0,35.0,107.06771789686672
86.0,36.0,107.72657781761242
86.0,37.0,108.40307998114051
86.0,38.0,109.06899406924035
86.0,39.0,109.69679768072551
86.0,40.0,110.26073828903579
86.0,41.0,110.73782262010009
86.0,42.0,111.10873345046022
86.0,43.0,111.35867382565547
86.0,44.0,111.47813869886802
86.0,45.0,111.46361398982933
86.0,46.0,111.3182030639872
86.0,47.0,111.05218063193385
86.0,48.0,110.68347406909473
86.0,49.0,110.23807215567822
86.0,50.0,109.75036123688625
86.0,51.0,109.26571801453389
86.0,52.0,108.83676447157629
86.0,53.0,108.49910705479077
86.0,54.0,108.26985688451737
86.0,55.0,108.15113538282242
86.0,56.0,108.13330684484123
86.0,57.0,108.19793795329977
86.0,58.0,108.32048423621556
86.0,59.0,108.47270346777756
86.0,60.0,108.62479601240518
86.0,61.0,108.74727211198642
86.0,62.0,108.81254611629504
86.0,63.0,108.79625765658683
86.0,64.0,108.67831976237505
86.0,65.0,108.44369392138488
86.0,66.0,108.08289208268694
86.0,67.0,107.59220560301
86.0,68.0,106.9736611362327
86.0,69.0,106.23470346605441
86.0,70.0,105.38760528184513
86.0,71.0,104.44860389767454
86.0,72.0,103.4367649145201
86.0,73.0,102.37257282565423
86.0,74.0,101.27624856521066
86.0,75.0,100.16579399992979
86.0,76.0,99.05725009017891
86.0,77.0,97.97467795741031
86.0,78.0,96.94851411309723
86.0,79.0,96.01123018247104
86.0,80.0,95.19457979159422
86.0,81.0,94.52724612231141
86.0,82.0,94.03289013507815
86.0,83.0,93.7285994596676
86.0,84.0,93.62373795375504
86.0,85.0,93.71919592938019
86.0,86.0,94.00704104728753
86.0,87.0,94.47056987914428
86.0,88.0,95.0847601376364
86.0,89.0,95.81712357444232
86.0,90.0,96.62895954608464
86.0,91.0,97.47700924765951
86.0,92.0,98.31551061444411
86.0,93.0,99.0986538913817
86.0,94.0,99.78343787044486
86.0,95.0,100.33292679587615
86.0,96.0,100.71990793730707
86.0,97.0,100.93094983075454
86.0,98.0,100.97086118749544
86.0,99.0,100.86755047081894
87.0,0.0,99.48875153856315
87.0,1.0,99.7445299915569
87.0,2.0,100.04892778376572
87.0,3.0,100.43153576026512
87.0,4.0,100.90464525110387
87.0,5.0,101.4667829405446
87.0,6.0,102.10595027222013
87.0,7.0,102.80256739020513
87.0,8.0,103.53212161600335
87.0,9.0,104.26752046145042
87.0,10.0,104.98114917753196
87.0,11.0,105.64663283911737
87.0,12.0,106.24030296560902
87.0,13.0,106.74236867750695
87.0,14.0,107.13779238888911
87.0,15.0,107.41687003580704
87.0,16.0,107.57551584059708
87.0,17.0,107.61525161210709
87.0,18.0,107.5429005818386
87.0,19.0,107.36998577600455
87.0,20.0,107.1118329235025
87.0,21.0,106.78637789980328
87.0,22.0,106.41267870675517
87.0,23.0,106.00913198830364
87.0,24.0,105.59139408212644
87.0,25.0,105.17000660718442
87.0,26.0,104.75762115993963
87.0,27.0,104.3955891154415
87.0,28.0,104.12279196610284
87.0,29.0,103.9665423407564
87.0,30.0,103.94363220992426
87.0,31.0,104.06138948102186
87.0,32.0,104.31874298349652
87.0,33.0,104.70729584390071
87.0,34.0,105.21240725089966
87.0,35.0,105.81428261021378
87.0,36.0,106.4890720894955
87.0,37.0,107.20997755314077
87.0,38.0,107.94836788703512
87.0,39.0,108.67490271323425
87.0,40.0,109.3606644945793
87.0,41.0,109.97829902924661
87.0,42.0,110.50316433523213
87.0,43.0,110.9144879247703
87.0,44.0,111.19653246868762
87.0,45.0,111.33976985069081
87.0,46.0,111.3420636115894
87.0,47.0,111.20985978345308
87.0,48.0,110.95938611370343
87.0,49.0,110.61785967914055
87.0,50.0,110.22470288990384
87.0,51.0,109.83232088582092
87.0,52.0,109.49271572470846
87.0,53.0,109.23818568821643
87.0,54.0,109.08238673365113
87.0,55.0,109.02411345227355
87.0,56.0,109.05076605842771
87.0,57.0,109.14150340949956
87.0,58.0,109.27008205670587
87.0,59.0,109.40738132671353
87.0,60.0,109.523614434089
87.0,61.0,109.59022562457804
87.0,62.0,109.58147334921571
87.0,63.0,109.47569946926662
87.0,64.0,109.25628449199534
87.0,65.0,108.9122888372672
87.0,66.0,108.4387801349792
87.0,67.0,107.83684655332127
87.0,68.0,107.11329615786767
87.0,69.0,106.28004230149882
87.0,70.0,105.35317504515315
87.0,71.0,104.35171860940935
87.0,72.0,103.2960748568988
87.0,73.0,102.20615280554833
87.0,74.0,101.09918417265311
87.0,75.0,99.98722494977987
87.0,76.0,98.8769009329616
87.0,77.0,97.78200273818784
87.0,78.0,96.72622983598032
87.0,79.0,95.73882370436637
87.0,80.0,94.85114903019871
87.0,81.0,94.09372750671906
87.0,82.0,93.49372422736565
87.0,83.0,93.0728866758247
87.0,84.0,92.8459363123259
87.0,85.0,92.81941275618156
87.0,86.0,92.99097056457
87.0,87.0,93.3491286075626
87.0,88.0,93.87347203939494
87.0,89.0,94.53530686598174
87.0,90.0,95.29876710867583
87.0,91.0,96.12237456427096
87.0,92.0,96.96105116124853
87.0,93.0,97.76858391226834
87.0,94.0,98.50054246290316
87.0,95.0,99.1176492366172
87.0,96.0,99.58960217598865
87.0,97.0,99.89935008017592
87.0,98.0,100.04782053862807
87.0,99.0,100.05910046103895
88.0,0.0,98.57768648376734
88.0,1.0,98.77951099238926
88.0,2.0,99.03816803460664
88.0,3.0,99.38913726029061
88.0,4.0,99.84836247705293
88.0,5.0,100.41610127504666
88.0,6.0,101.08046325485097
88.0,7.0,101.82063685844012
88.0,8.0,102.60980480323663
88.0,9.0,103.41774811924853
88.0,10.0,104.21313878929078
88.0,11.0,104.96552099229089
88.0,12.0,105.64698094967864
88.0,13.0,106.23350537485993
88.0,14.0,106.70602852577487
88.0,15.0,107.05116786053989
88.0,16.0,107.26164829617417
88.0,17.0,107.33641507041003
88.0,18.0,107.2804352065876
88.0,19.0,107.10418758163362
88.0,20.0,106.82284159712435
88.0,21.0,106.45512445343266
88.0,22.0,106.02187702695929
88.0,23.0,105.54429835044817
88.0,24.0,105.04187869638604
88.0,25.0,104.53002126348603
88.0,26.0,104.02537013705562
88.0,27.0,103.56763435694728
88.0,28.0,103.1952039834182
88.0,29.0,102.9373575995505
88.0,30.0,102.81455259997807
88.0,31.0,102.83880588509666
88.0,32.0,103.01416496075745
88.0,33.0,103.33726944344386
88.0,34.0,103.79800297093182
88.0,35.0,104.38023551843338
88.0,36.0,105.06265612022361
88.0,37.0,105.81969599675101
88.0,38.0,106.62254208723105
88.0,39.0,107.44024098772339
88.0,40.0,108.24089329469209
88.0,41.0,108.99293835404949
88.0,42.0,109.66652941568333
88.0,43.0,110.23499919346722
88.0,44.0,110.67641583075444
88.0,45.0,110.97522927135522
88.0,46.0,111.12400803599725
88.0,47.0,111.12526640426967
88.0,48.0,110.99338200205024
88.0,49.0,110.75660379441624
88.0,50.0,110.45915048403818
88.0,51.0,110.16036946966139
88.0,52.0,109.91223121134733
88.0,53.0,109.74430991281443
88.0,54.0,109.66719824566509
88.0,55.0,109.67658531909107
88.0,56.0,109.75697923960072
88.0,57.0,109.8850742607678
88.0,58.0,110.0327625230022
88.0,59.0,110.16979038334244
88.0,60.0,110.26605933526973
88.0,61.0,110.29357151854401
88.0,62.0,110.22801981906166
88.0,63.0,110.05002255873492
88.0,64.0,109.74600277539317
88.0,65.0,109.30871209270583
88.0,66.0,108.73739918012723
88.0,67.0,108.03762280286297
88.0,68.0,107.22070946185826
88.0,69.0,106.30285562380793
88.0,70.0,105.30387454118816
88.0,71.0,104.2455876623101
88.0,72.0,103.149860631395
88.0,73.0,102.03628387867144
88.0,74.0,100.919497800494
88.0,75.0,99.80616252948393
88.0,76.0,98.69403457175626
88.0,77.0,97.58664562596076
88.0,78.0,96.500867541828
88.0,79.0,95.46266744880668
88.0,80.0,94.50301457015959
88.0,81.0,93.65429223242162
88.0,82.0,92.94721507022007
88.0,83.0,92.40825142645696
88.0,84.0,92.05755094785347
88.0,85.0,91.9073773758567
88.0,86.0,91.96104653290833
88.0,87.0,92.21236950407553
88.0,88.0,92.64560101404408
88.0,89.0,93.23589299947346
88.0,90.0,93.95025337671426
88.0,91.0,94.74901000488754
88.0,92.0,95.58777984432648
88.0,93.0,96.4199433103801
88.0,94.0,97.19962382257917
88.0,95.0,97.88517254916411
88.0,96.0,98.44315834697525
88.0,97.0,98.85286289670505
88.0,98.0,99.11128103351248
88.0,99.0,99.23862627299975
89.0,0.0,97.7145729717403
89.0,1.0,97.86304575232374
89.0,2.0,98.0759863217315
89.0,3.0,98.39432471065444
89.0,4.0,98.83735761022804
89.0,5.0,99.40689823268171
89.0,6.0,100.09109904541899
89.0,7.0,100.86794737852819
89.0,8.0,101.70843390572414
89.0,9.0,102.57939399872043
89.0,10.0,103.44602195503256
89.0,11.0,104.27405809921167
89.0,12.0,105.03164875750923
89.0,13.0,105.69087910597229
89.0,14.0,106.22897889196962
89.0,15.0,106.6292010291485
89.0,16.0,106.88137306582234
89.0,17.0,106.98212152678902
89.0,18.0,106.93476912857986
89.0,19.0,106.74890486813962
89.0,20.0,106.43962698493698
89.0,21.0,106.02645879650588
89.0,22.0,105.53193740741764
89.0,23.0,104.97987529168374
89.0,24.0,104.39329474858948
89.0,25.0,103.79203523195821
89.0,26.0,103.19620855203154
89.0,27.0,102.6434262289096
89.0,28.0,102.17122708549597
89.0,29.0,101.81057566170706
89.0,30.0,101.58539366651112
89.0,31.0,101.51226280512437
89.0,32.0,101.60029898136409
89.0,33.0,101.85119787515906
89.0,34.0,102.25945189521674
89.0,35.0,102.81273850684788
89.0,36.0,103.49247993494795
89.0,37.0,104.27457424213586
89.0,38.0,105.13029778204964
89.0,39.0,106.02737902779926
89.0,40.0,106.93124377557655
89.0,41.0,107.80643172342215
89.0,42.0,108.61818442514966
89.0,43.0,109.3342046194268
89.0,44.0,109.92658693401361
89.0,45.0,110.37391996515787
89.0,46.0,110.66355973214752
89.0,47.0,110.79407450702023
89.0,48.0,110.7778610194299
89.0,49.0,110.6439320366706
89.0,50.0,110.44087531885714
89.0,51.0,110.2346551470592
89.0,52.0,110.07781713369472
89.0,53.0,109.99789591883481
89.0,54.0,110.00291244677761
89.0,55.0,110.08576394834083
89.0,56.0,110.2282176008272
89.0,57.0,110.40450786566282
89.0,58.0,110.58453750370843
89.0,59.0,110.73668226824363
89.0,60.0,110.83019927562387
89.0,61.0,110.83723905361062
89.0,62.0,110.73446126737416
89.0,63.0,110.50425412316947
89.0,64.0,110.13555744968504
89.0,65.0,109.6242894570644
89.0,66.0,108.97337717360087
89.0,67.0,108.1923905601049
89.0,68.0,107.29678030194458
89.0,69.0,106.30671927875893
89.0,70.0,105.24554771184414
89.0,71.0,104.13782198921272
89.0,72.0,103.00696716832556
89.0,73.0,101.87253315649691
89.0,74.0,100.74705456897227
89.0,75.0,99.63251426467923
89.0,76.0,98.51861370074825
89.0,77.0,97.39894755633891
89.0,78.0,96.28368239869235
89.0,79.0,95.19557732618718
89.0,80.0,94.16522601499898
89.0,81.0,93.22685588948802
89.0,82.0,92.41468441631523
89.0,83.0,91.75983252228627
89.0,84.0,91.287795135924
89.0,85.0,91.01646885276885
89.0,86.0,90.95473672440777
89.0,87.0,91.10161017123103
89.0,88.0,91.44592801891753
89.0,89.0,91.966612658648
89.0,90.0,92.63348333104678
89.0,91.0,93.40862653385142
89.0,92.0,94.24832355331078
89.0,93.0,95.10553511931117
89.0,94.0,95.93294318423082
89.0,95.0,96.68654982552236
89.0,96.0,97.32983327202376
89.0,97.0,97.83846105399725
89.0,98.0,98.2055602768966
89.0,99.0,98.44754501886256
90.0,0.0,96.94713010925905
90.0,1.0,97.04420245623172
90.0,2.0,97.21259209327577
90.0,3.0,97.49809188494615
90.0,4.0,97.92295918030015
90.0,5.0,98.49034346400029
90.0,6.0,99.18837175288883
90.0,7.0,99.9938917380338
90.0,8.0,100.87587267224644
90.0,9.0,101.79846400307034
90.0,10.0,102.72371175124195
90.0,11.0,103.61393263462273
90.0,12.0,104.4337459376028
90.0,13.0,105.15176312597606
90.0,14.0,105.74193520728693
90.0,15.0,106.18455783664854
90.0,16.0,106.46693416803248
90.0,17.0,106.58369545103012
90.0,18.0,106.53677937308538
90.0,19.0,106.33506614719904
90.0,20.0,105.99367234510467
90.0,21.0,105.53290247591598
90.0,22.0,104.97685831024573
90.0,23.0,104.35170594979617
90.0,24.0,103.68360064242108
90.0,25.0,102.99626934265922
90.0,26.0,102.31265392902478
90.0,27.0,101.66780384563162
90.0,28.0,101.09801225351052
90.0,29.0,100.6355678107755
90.0,30.0,100.30754396857375
90.0,31.0,100.13483751459641
90.0,32.0,100.13145636415044
90.0,33.0,100.30405659879129
90.0,34.0,100.65172875251676
90.0,35.0,101.1660333455216
90.0,36.0,101.8312856655132
90.0,37.0,102.6250897965883
90.0,38.0,103.51912189567041
90.0,39.0,104.48016271650856
90.0,40.0,105.47137938123669
90.0,41.0,106.4538563994942
90.0,42.0,107.38837593510739
90.0,43.0,108.23744732033188
90.0,44.0,108.96758581765602
90.0,45.0,109.55184062916517
90.0,46.0,109.97257215346707
90.0,47.0,110.22447849017814
90.0,48.0,110.3178711919706
90.0,49.0,110.28220026418091
90.0,50.0,110.16982841197868
90.0,51.0,110.05278730942473
90.0,52.0,109.98479213582557
90.0,53.0,109.99208869813435
90.0,54.0,110.08069305501749
90.0,55.0,110.24110102849315
90.0,56.0,110.45256204588179
90.0,57.0,110.68691731206934
90.0,58.0,110.91200231208232
90.0,59.0,111.09461364397544
90.0,60.0,111.20304018203139
90.0,61.0,111.209158570273
90.0,62.0,111.09009304628756
90.0,63.0,110.82943959536347
90.0,64.0,110.41805443493922
90.0,65.0,109.85440682936458
90.0,66.0,109.14449623497411
90.0,67.0,108.30133377547294
90.0,68.0,107.34398804763478
90.0,69.0,106.29619525731228
90.0,70.0,105.18453368575967
90.0,71.0,104.03616248626763
90.0,72.0,102.87612481111042
90.0,73.0,101.72421526880537
90.0,74.0,100.59141171168464
90.0,75.0,99.47587135377916
90.0,76.0,98.36028343173139
90.0,77.0,97.22892334218905
90.0,78.0,96.08558271066305
90.0,79.0,94.94998674602003
90.0,80.0,93.85239908392367
90.0,81.0,92.82883369599494
90.0,82.0,91.91687386469127
90.0,83.0,91.15209822390472
90.0,84.0,90.565113865279
90.0,85.0,90.17919651024557
90.0,86.0,90.00853774777848
90.0,87.0,90.0570993378683
90.0,88.0,90.31807458071495
90.0,89.0,90.77395675163949
90.0,90.0,91.39721460171474
90.0,91.0,92.15157492411498
90.0,92.0,92.9939121861845
90.0,93.0,93.87674522722516
90.0,94.0,94.75134102200276
90.0,95.0,95.5714255099725
90.0,96.0,96.2975014902233
90.0,97.0,96.90177358214103
90.0,98.0,97.37368025179077
90.0,99.0,97.72603290401794
91.0,0.0,96.31908875394899
91.0,1.0,96.36798566878468
91.0,2.0,96.49409148834052
91.0,3.0,96.74735202211292
91.0,4.0,97.15251840792664
91.0,5.0,97.7138231700704
91.0,6.0,98.41929987163635
91.0,7.0,99.24474636106318
91.0,8.0,100.15733161288297
91.0,9.0,101.11884616267177
91.0,10.0,102.08859613620392
91.0,11.0,103.02594087281007
91.0,12.0,103.89247414293891
91.0,13.0,104.65384895992273
91.0,14.0,105.28124598594647
91.0,15.0,105.75248553222085
91.0,16.0,106.0527831533588
91.0,17.0,106.17514883595602
91.0,18.0,106.12042978137498
91.0,19.0,105.89699678273276
91.0,20.0,105.52007419609262
91.0,21.0,105.01071350585926
91.0,22.0,104.39441048437779
91.0,23.0,103.69936594573647
91.0,24.0,102.95439009377321
91.0,25.0,102.18645046428566
91.0,26.0,101.42059829771671
91.0,27.0,100.68886993434579
91.0,28.0,100.02590284866594
91.0,29.0,99.46488278899271
91.0,30.0,99.03562465080914
91.0,31.0,98.76297544247684
91.0,32.0,98.66553934331338
91.0,33.0,98.75472485403549
91.0,34.0,99.0341140395686
91.0,35.0,99.49915386422246
91.0,36.0,100.1371696192327
91.0,37.0,100.92770044266872
91.0,38.0,101.84315693170758
91.0,39.0,102.84980084727398
91.0,40.0,103.90904691104639
91.0,41.0,104.97908669482929
91.0,42.0,106.01683460229152
91.0,43.0,106.98019594307073
91.0,44.0,107.83065709924384
91.0,45.0,108.53619778416389
91.0,46.0,109.07452539366268
91.0,47.0,109.43663144961971
91.0,48.0,109.63067013589706
91.0,49.0,109.6861589266408
91.0,50.0,109.65850130694784
91.0,51.0,109.6250464426637
91.0,52.0,109.64123147091188
91.0,53.0,109.73279411716726
91.0,54.0,109.90436075206019
91.0,55.0,110.14447497279335
91.0,56.0,110.43015370785514
91.0,57.0,110.7309708450291
91.0,58.0,111.01266838269967
91.0,59.0,111.24029510445419
91.0,60.0,111.3808727769811
91.0,61.0,111.40558987126438
91.0,62.0,111.29152280707433
91.0,63.0,111.02288472075445
91.0,64.0,110.59180175630462
91.0,65.0,109.99861687976056
91.0,66.0,109.25172121686948
91.0,67.0,108.366912914062
91.0,68.0,107.36628352272027
91.0,69.0,106.27663190674238
91.0,70.0,105.12740567340298
91.0,71.0,103.94817012751015
91.0,72.0,102.76560474885854
91.0,73.0,101.60002719297864
91.0,74.0,100.46144481518247
91.0,75.0,99.3451337179054
91.0,76.0,98.22799422652932
91.0,77.0,97.08587008435718
91.0,78.0,95.916703234544
91.0,79.0,94.73746003578587
91.0,80.0,93.5781433288045
91.0,81.0,92.47645828618602
91.0,82.0,91.47313204557446
91.0,83.0,90.60788712621957
91.0,84.0,89.91606862887926
91.0,85.0,89.42592521907633
91.0,86.0,89.15654389370997
91.0,87.0,89.11643853102147
91.0,88.0,89.30279222391461
91.0,89.0,89.70135339663037
91.0,90.0,90.28698570477631
91.0,91.0,91.02487171871029
91.0,92.0,91.87237039027872
91.0,93.0,92.78152830290935
91.0,94.0,93.70224470505848
91.0,95.0,94.58609032701263
91.0,96.0,95.39077998104482
91.0,97.0,96.0852989449252
91.0,98.0,96.65568312878627
91.0,99.0,97.11145302534253
92.0,0.0,95.86840521483074
92.0,1.0,95.87349662616754
92.0,2.0,95.96060057451517
92.0,3.0,96.1830148328699
92.0,4.0,96.56746347361468
92.0,5.0,97.11898627128463
92.0,6.0,97.82545886075893
92.0,7.0,98.66174365087882
92.0,8.0,99.5934714934919
92.0,9.0,100.58045410792279
92.0,10.0,101.57972726086986
92.0,11.0,102.5482247017284
92.0,12.0,103.44508285334
92.0,13.0,104.23357625816811
92.0,14.0,104.88268377989996
92.0,15.0,105.3682855604747
92.0,16.0,105.67399073253782
92.0,17.0,105.79159588732179
92.0,18.0,105.72117429795301
92.0,19.0,105.470795898185
92.0,20.0,105.05587801655783
92.0,21.0,104.49816686598383
92.0,22.0,103.82434978875966
92.0,23.0,103.06429825700435
92.0,24.0,102.24894162852402
92.0,25.0,101.40777165810243
92.0,26.0,100.56717767360726
92.0,27.0,99.75576694242343
92.0,28.0,99.0061146883652
92.0,29.0,98.35183048480734
92.0,30.0,97.82498021326343
92.0,31.0,97.45389620298435
92.0,32.0,97.26137555157689
92.0,33.0,97.26326662664258
92.0,34.0,97.46744374843668
92.0,35.0,97.8731700535474
92.0,36.0,98.47084853959525
92.0,37.0,99.24216129095261
92.0,38.0,100.16059688548347
92.0,39.0,101.19236598230333
92.0,40.0,102.29770509055938
92.0,41.0,103.43256851923067
92.0,42.0,104.55070850794871
92.0,43.0,105.6061435388381
92.0,44.0,106.55601482937728
92.0,45.0,107.36383100627968
92.0,46.0,108.00310096039487
92.0,47.0,108.46135488263002
92.0,48.0,108.74455348089124
92.0,49.0,108.88188537804581
92.0,50.0,108.9309526909036
92.0,51.0,108.9735034676121
92.0,52.0,109.06718033382617
92.0,53.0,109.23798741757432
92.0,54.0,109.48979681472866
92.0,55.0,109.80968767949729
92.0,56.0,110.17277944494411
92.0,57.0,110.54655917353631
92.0,58.0,110.89470303771924
92.0,59.0,111.18039193051908
92.0,60.0,111.36912120617285
92.0,61.0,111.43100455078611
92.0,62.0,111.34257198301812
92.0,63.0,111.08806198479465
92.0,64.0,110.66020776204824
92.0,65.0,110.06051763548616
92.0,66.0,109.29904956138576
92.0,67.0,108.39367978241751
92.0,68.0,107.3688656084955
92.0,69.0,106.25390232765558
92.0,70.0,105.08067424696104
92.0,71.0,103.8808998634357
92.0,72.0,102.6828711650248
92.0,73.0,101.50768706158333
92.0,74.0,100.36498094589174
92.0,75.0,99.24814238469963
92.0,76.0,98.1296321744757
92.0,77.0,96.97798300027522
92.0,78.0,95.7859860962182
92.0,79.0,94.56821378321779
92.0,80.0,93.35449826023222
92.0,81.0,92.18410656357734
92.0,82.0,91.10061169429957
92.0,83.0,90.14745991360958
92.0,84.0,89.36423420637642
92.0,85.0,88.78361391268226
92.0,86.0,88.4290305274376
92.0,87.0,88.31301966805724
92.0,88.0,88.4362692101965
92.0,89.0,88.78736359154834
92.0,90.0,89.34322428370074
92.0,91.0,90.0702464320548
92.0,92.0,90.92613166380343
92.0,93.0,91.8624170639704
92.0,94.0,92.82770031951024
92.0,95.0,93.7715610314684
92.0,96.0,94.64917819520214
92.0,97.0,95.42664384866202
92.0,98.0,96.08697288873375
92.0,99.0,96.63680905564084
93.0,0.0,95.62554358622336
93.0,1.0,95.59216191246743
93.0,2.0,95.64442535007824
93.0,3.0,95.83812622656701
93.0,4.0,96.20140930536576
93.0,5.0,96.73983529182195
93.0,6.0,97.44106384925352
93.0,7.0,98.27915612506442
93.0,8.0,99.21849678692047
93.0,9.0,100.21733556898566
93.0,10.0,101.23094832821891
93.0,11.0,102.21441761073122
93.0,12.0,103.12503272820318
93.0,13.0,103.92430934436301
93.0,14.0,104.57962857152489
93.0,15.0,105.06549557718786
93.0,16.0,105.36441770069491
93.0,17.0,105.46740207995278
93.0,18.0,105.37407278821185
93.0,19.0,105.09240748090677
93.0,20.0,104.63809355255725
93.0,21.0,104.03350380372937
93.0,22.0,103.3062916180574
93.0,23.0,102.48760564932577
93.0,24.0,101.60992401861178
93.0,25.0,100.70450802148846
93.0,26.0,99.79829699313407
93.0,27.0,98.91610706989245
93.0,28.0,98.08806622934515
93.0,29.0,97.34770892792564
93.0,30.0,96.72880238897216
93.0,31.0,96.26261895823862
93.0,32.0,95.9756545268635
93.0,33.0,95.88779302179663
93.0,34.0,96.01091696368424
93.0,35.0,96.34796409221167
93.0,36.0,96.89243005890438
93.0,37.0,97.62831718738676
93.0,38.0,98.53052930109907
93.0,39.0,99.56571261847226
93.0,40.0,100.69354271556094
93.0,41.0,101.8684575561342
93.0,42.0,103.04183658922454
93.0,43.0,104.16462591413476
93.0,44.0,105.19040951290282
93.0,45.0,106.07892655022478
93.0,46.0,106.80003474083566
93.0,47.0,107.33811978434841
93.0,48.0,107.69695086755057
93.0,49.0,107.90498223415963
93.0,50.0,108.02110082203541
93.0,51.0,108.13040533681739
93.0,52.0,108.29313635912467
93.0,53.0,108.53629814437026
93.0,54.0,108.86363610615896
93.0,55.0,109.26127005097172
93.0,56.0,109.70279229402391
93.0,57.0,110.15383065629771
93.0,58.0,110.57607634274807
93.0,59.0,110.93077670168282
93.0,60.0,111.18169286531662
93.0,61.0,111.29752227149874
93.0,62.0,111.2537860666148
93.0,63.0,111.03418138966246
93.0,64.0,110.6313985375009
93.0,65.0,110.04740301127431
93.0,66.0,109.29318244400918
93.0,67.0,108.38795840938555
93.0,68.0,107.3578631116822
93.0,69.0,106.23408095689567
93.0,70.0,105.0504550050332
93.0,71.0,103.84055830357958
93.0,72.0,102.63423010213788
93.0,73.0,101.45357694824419
93.0,74.0,100.30843866435603
93.0,75.0,99.19131920601497
93.0,76.0,98.07165661495324
93.0,77.0,96.91197867045173
93.0,78.0,95.70076930670086
93.0,79.0,94.45064610201793
93.0,80.0,93.19137788265027
93.0,81.0,91.96363561900938
93.0,82.0,90.81347661433531
93.0,83.0,89.78756198579201
93.0,84.0,88.92910743799308
93.0,85.0,88.27456732895841
93.0,86.0,87.85105202850121
93.0,87.0,87.6744785690459
93.0,88.0,87.74845458887648
93.0,89.0,88.06389556781573
93.0,90.0,88.59937535533477
93.0,91.0,89.32220999109362
93.0,92.0,90.1902748179121
93.0,93.0,91.15455488717153
93.0,94.0,92.16242865664714
93.0,95.0,93.16168498077083
93.0,96.0,94.10527339332496
93.0,97.0,94.95678768256653
93.0,98.0,95.69668275878202
93.0,99.0,96.32922481427306
94.0,0.0,95.61182671500328
94.0,1.0,95.54603052073792
94.0,2.0,95.56830851087595
94.0,3.0,95.7360707585118
94.0,4.0,96.07832288510093
94.0,5.0,96.60086195976402
94.0,6.0,97.2910824670617
94.0,7.0,98.12239234323975
94.0,8.0,99.0582390809448
94.0,9.0,100.05574590241054
94.0,10.0,101.06895800111437
94.0,11.0,102.05169885190463
94.0,12.0,102.96003658959827
94.0,13.0,103.75436045604903
94.0,14.0,104.40106731568605
94.0,15.0,104.87385823952313
94.0,16.0,105.15464515763833
94.0,17.0,105.2340675801241
94.0,18.0,105.11161938650801
94.0,19.0,104.79538568364381
94.0,20.0,104.30138973207312
94.0,21.0,103.65254994085751
94.0,22.0,102.87724693088121
94.0,23.0,102.00750066662411
94.0,24.0,101.07675765640549
94.0,25.0,100.11728822109808
94.0,26.0,99.15581050361611
94.0,27.0,98.21305622726247
94.0,28.0,97.31635885777712
94.0,29.0,96.49867459187877
94.0,30.0,95.79488712932266
94.0,31.0,95.2386071137706
94.0,32.0,94.85946624247292
94.0,33.0,94.68090604476274
94.0,34.0,94.71846132936234
94.0,35.0,94.9785383005017
94.0,36.0,95.45768734284907
94.0,37.0,96.14237047525381
94.0,38.0,97.00922347330135
94.0,39.0,98.0258126606802
94.0,40.0,99.15188636936124
94.0,41.0,100.34112106858903
94.0,42.0,101.54336216268534
94.0,43.0,102.70735945766482
94.0,44.0,103.78399729666275
94.0,45.0,104.730019364175
94.0,46.0,105.51224815911011
94.0,47.0,106.11229913665352
94.0,48.0,106.53178951894381
94.0,49.0,106.79804177456153
94.0,50.0,106.97028176682942
94.0,51.0,107.13582688766591
94.0,52.0,107.3578012844099
94.0,53.0,107.66487150172979
94.0,54.0,108.06124942663043
94.0,55.0,108.53259627165981
94.0,56.0,109.05136688200221
94.0,57.0,109.58159436645764
94.0,58.0,110.08311505230779
94.0,59.0,110.51523376406847
94.0,60.0,110.83982942612828
94.0,61.0,111.02390098927386
94.0,62.0,111.04155368110153
94.0,63.0,110.87542558031534
94.0,64.0,110.51755451491145
94.0,65.0,109.96968528424912
94.0,66.0,109.24301720500797
94.0,67.0,108.35739198103172
94.0,68.0,107.33992189705832
94.0,69.0,106.22305833633654
94.0,70.0,105.04210062212896
94.0,71.0,103.8321451831014
94.0,72.0,102.62447504259872
94.0,73.0,101.4423896318071
94.0,74.0,100.29647492680269
94.0,75.0,99.17931390948677
94.0,76.0,98.05874510499137
94.0,77.0,96.89272570284695
94.0,78.0,95.66638287788082
94.0,79.0,94.39087382100668
94.0,80.0,93.09602363856393
94.0,81.0,91.82372771364527
94.0,82.0,90.62211852941252
94.0,83.0,89.54049695440071
94.0,84.0,88.62502798981036
94.0,85.0,87.91520097878814
94.0,86.0,87.44105427769554
94.0,87.0,87.22116438936614
94.0,88.0,87.26139955835069
94.0,89.0,87.55443782815084
94.0,90.0,88.08004956044084
94.0,91.0,88.80614441627768
94.0,92.0,89.69058279929925
94.0,93.0,90.68375176091104
94.0,94.0,91.7319053674608
94.0,95.0,92.78126952940165
94.0,96.0,93.78291129244333
94.0,97.0,94.69837259069173
94.0,98.0,95.50606846177668
94.0,99.0,96.20844972396797
95.0,0.0,95.83785580121986
95.0,1.0,95.7461392987388
95.0,2.0,95.74374298187914
95.0,3.0,95.88883679774908
95.0,4.0,96.21074407386728
95.0,5.0,96.71522752286661
95.0,6.0,97.38937780198256
95.0,7.0,98.20610462732597
95.0,8.0,99.12823044294038
95.0,9.0,100.11218664464391
95.0,10.0,101.1113123586555
95.0,11.0,102.07875577500583
95.0,12.0,102.96997803573258
95.0,13.0,103.74485967786033
95.0,14.0,104.36940963116486
95.0,15.0,104.81707677072201
95.0,16.0,105.06966402424104
95.0,17.0,105.11784503418242
95.0,18.0,104.96128337466028
95.0,19.0,104.60835432312922
95.0,20.0,104.07546918685561
95.0,21.0,103.38600218417358
95.0,22.0,102.56881988052524
95.0,23.0,101.65641317928568
95.0,24.0,100.68263186737225
95.0,25.0,99.68002171563849
95.0,26.0,98.67435760802205
95.0,27.0,97.68207191865851
95.0,28.0,96.72740728633386
95.0,29.0,95.84225600411192
95.0,30.0,95.06202469719318
95.0,31.0,94.4220323468972
95.0,32.0,93.95444166076852
95.0,33.0,93.68572378880626
95.0,34.0,93.63465638581712
95.0,35.0,93.81085501989217
95.0,36.0,94.21383792700702
95.0,37.0,94.83262411174567
95.0,38.0,95.64586479414791
95.0,39.0,96.62250820268025
95.0,40.0,97.7229977133305
95.0,41.0,98.90100333482587
95.0,42.0,100.10568653997466
95.0,43.0,101.28449844313148
95.0,44.0,102.38651132378614
95.0,45.0,103.36628349627601
95.0,46.0,104.18825752562199
95.0,47.0,104.83169178948813
95.0,48.0,105.29612538626458
95.0,49.0,105.60737638927458
95.0,50.0,105.8240734471044
95.0,51.0,106.03458895185636
95.0,52.0,106.3051017790731
95.0,53.0,106.66650613637175
95.0,54.0,107.12401522406036
95.0,55.0,107.66330684491163
95.0,56.0,108.25608979495513
95.0,57.0,108.86509103528752
95.0,58.0,109.44846364490132
95.0,59.0,109.9636155545318
95.0,60.0,110.37045906152214
95.0,61.0,110.63408112570693
95.0,62.0,110.72683444631387
95.0,63.0,110.62984931988387
95.0,64.0,110.33396627920924
95.0,65.0,109.84008951329034
95.0,66.0,109.15896106831038
95.0,67.0,108.31035582962852
95.0,68.0,107.32169728479133
95.0,69.0,106.22609406756234
95.0,70.0,105.0597972829701
95.0,71.0,103.85907861337428
95.0,72.0,102.65652920555026
95.0,73.0,101.4767793387918
95.0,74.0,100.33163887403212
95.0,75.0,99.21465848398326
95.0,76.0,98.09344573192288
95.0,77.0,96.922882815132
95.0,78.0,95.68575253795011
95.0,79.0,94.39227759670452
95.0,80.0,93.0724657618263
95.0,81.0,91.7692443269155
95.0,82.0,90.53238382475529
95.0,83.0,89.41321101027526
95.0,84.0,88.4601111104639
95.0,85.0,87.71481934122994
95.0,86.0,87.20950169121309
95.0,87.0,86.96462497254358
95.0,88.0,86.98761613855096
95.0,89.0,87.27231086842203
95.0,90.0,87.79919141880762
95.0,91.0,88.53641374237878
95.0,92.0,89.44162387333182
95.0,93.0,90.46456357984252
95.0,94.0,91.55046528346952
95.0,95.0,92.64423624550659
95.0,96.0,93.69543202028424
95.0,97.0,94.66401917542025
95.0,98.0,95.5269272790193
95.0,99.0,96.28539015382185
96.0,0.0,96.30199863206673
96.0,1.0,96.19094677935117
96.0,2.0,96.16935221341785
96.0,3.0,96.29534441529644
96.0,4.0,96.59806195582502
96.0,5.0,97.08298777998527
96.0,6.0,97.73688148245257
96.0,7.0,98.53230857436078
96.0,8.0,99.43176674128196
96.0,9.0,100.39140909242089
96.0,10.0,101.36436440102432
96.0,11.0,102.30365433600522
96.0,12.0,103.16470768478163
96.0,13.0,103.90747156733053
96.0,14.0,104.49811964145641
96.0,15.0,104.91035729927468
96.0,16.0,105.12632385490997
96.0,17.0,105.13709172340917
96.0,18.0,104.94276259086932
96.0,19.0,104.55216057578032
96.0,20.0,103.98212238158251
96.0,21.0,103.25638444043896
96.0,22.0,102.40406704822271
96.0,23.0,101.4577554907187
96.0,24.0,100.45117816104063
96.0,25.0,99.41648166826266
96.0,26.0,98.3778541645628
96.0,27.0,97.34729505026188
96.0,28.0,96.34572005822179
96.0,29.0,95.40351066359473
96.0,30.0,94.55602286786774
96.0,31.0,93.83965796795971
96.0,32.0,93.28849531037056
96.0,33.0,92.93148703038263
96.0,34.0,92.79021477631437
96.0,35.0,92.87720841882636
96.0,36.0,93.1948267452794
96.0,37.0,93.73470013914502
96.0,38.0,94.47773524446814
96.0,39.0,95.39468161538205
96.0,40.0,96.44726035067563
96.0,41.0,97.58985471341273
96.0,42.0,98.77176273560399
96.0,43.0,99.94001180793069
96.0,44.0,101.04273525452103
96.0,45.0,102.03311089277862
96.0,46.0,102.87386157826315
96.0,47.0,103.5423177346234
96.0,48.0,104.03604186858232
96.0,49.0,104.3790150699749
96.0,50.0,104.6283854968374
96.0,51.0,104.87244272121964
96.0,52.0,105.18047943841601
96.0,53.0,105.5860683485419
96.0,54.0,106.09588066416356
96.0,55.0,106.69604038867955
96.0,56.0,107.3578849050452
96.0,57.0,108.04313187484037
96.0,58.0,108.70845244768034
96.0,59.0,109.3094507809699
96.0,60.0,109.80404987000051
96.0,61.0,110.15528368839095
96.0,62.0,110.33349563887077
96.0,63.0,110.31794331440723
96.0,64.0,110.09780956967519
96.0,65.0,109.67261990287045
96.0,66.0,109.05206614786594
96.0,67.0,108.25523647671145
96.0,68.0,107.30925171247624
96.0,69.0,106.24730795243502
96.0,70.0,105.10612550159708
96.0,71.0,103.92280411657853
96.0,72.0,102.73108455981776
96.0,73.0,101.55701646413422
96.0,74.0,100.41403250763014
96.0,75.0,99.29742889893558
96.0,76.0,98.17583677109924
96.0,77.0,97.0025443348323
96.0,78.0,95.75901104652196
96.0,79.0,94.45505494934628
96.0,80.0,93.12099304000084
96.0,81.0,91.8005892694089
96.0,82.0,90.54481017741486
96.0,83.0,89.40638816146094
96.0,84.0,88.43519237924752
96.0,85.0,87.67440728537656
96.0,86.0,87.15751880197855
96.0,87.0,86.90610812332272
96.0,88.0,86.92845315441075
96.0,89.0,87.21893758355365
96.0,90.0,87.75826758893218
96.0,91.0,88.51449617914052
96.0,92.0,89.44485516771337
96.0,93.0,90.49839478163632
96.0,94.0,91.61943090383978
96.0,95.0,92.75179994967596
96.0,96.0,93.84392137737953
96.0,97.0,94.85466783251145
96.0,98.0,95.7600429263862
96.0,99.0,96.56066664848245
97.0,0.0,96.98894644920952
97.0,1.0,96.8648353956683
97.0,2.0,96.82933724209434
97.0,3.0,96.93983599283655
97.0,4.0,97.22484670101586
97.0,5.0,97.68936282815605
97.0,6.0,98.31979688619315
97.0,7.0,99.0885143618641
97.0,8.0,99.95796092347399
97.0,9.0,100.88438291004226
97.0,10.0,101.82114110282784
97.0,11.0,102.72161777923313
97.0,12.0,103.54171704908676
97.0,13.0,104.24195847330542
97.0,14.0,104.78916396493437
97.0,15.0,105.157737972567
97.0,16.0,105.33054094614309
97.0,17.0,105.29935608512609
97.0,18.0,105.06494936905924
97.0,19.0,104.63672287050046
97.0,20.0,104.03196135033639
97.0,21.0,103.27467213547489
97.0,22.0,102.39401827891683
97.0,23.0,101.42234500220648
97.0,24.0,100.39279942026096
97.0,25.0,99.33654354857835
97.0,26.0,98.27563924110905
97.0,27.0,97.21759566405946
97.0,28.0,96.17983015817957
97.0,29.0,95.1908252659535
97.0,30.0,94.28536323772772
97.0,31.0,93.50034161442682
97.0,32.0,92.87116988685722
97.0,33.0,92.4287472315985
97.0,34.0,92.19702132348263
97.0,35.0,92.19112822466074
97.0,36.0,92.41611335025796
97.0,37.0,92.86623351061564
97.0,38.0,93.52484003012175
97.0,39.0,94.36484294262863
97.0,40.0,95.3497562634588
97.0,41.0,96.43532433799834
97.0,42.0,97.5717292668782
97.0,43.0,98.70637940774304
97.0,44.0,99.78727895360811
97.0,45.0,100.76697858780359
97.0,46.0,101.60710721550694
97.0,47.0,102.28348477186289
97.0,48.0,102.79181610669104
97.0,49.0,103.15396594578176
97.0,50.0,103.42481492877903
97.0,51.0,103.6915203698847
97.0,52.0,104.02644994315251
97.0,53.0,104.46618273059394
97.0,54.0,105.0192120602763
97.0,55.0,105.67247419007859
97.0,56.0,106.39727365522121
97.0,57.0,107.15460527956992
97.0,58.0,107.89987285071342
97.0,59.0,108.58700445881533
97.0,60.0,109.17196449923973
97.0,61.0,109.61566233895104
97.0,62.0,109.8862576466877
97.0,63.0,109.96086238690985
97.0,64.0,109.82663947752108
97.0,65.0,109.48129811136408
97.0,66.0,108.9329857414903
97.0,67.0,108.19957673020363
97.0,68.0,107.30735766187802
97.0,69.0,106.28910931954911
97.0,70.0,105.18158532527985
97.0,71.0,104.02238744430014
97.0,72.0,102.84623755292026
97.0,73.0,101.68064627021866
97.0,74.0,100.54097825350334
97.0,75.0,99.4249141575475
97.0,76.0,98.30319368866463
97.0,77.0,97.1288931173551
97.0,78.0,95.88311710943691
97.0,79.0,94.57578122232822
97.0,80.0,93.23763098580062
97.0,81.0,91.9130808607102
97.0,82.0,90.65387307570656
97.0,83.0,89.51355634191975
97.0,84.0,88.5427844456252
97.0,85.0,87.78543471888639
97.0,86.0,87.27554638817571
97.0,87.0,87.03507880097291
97.0,88.0,87.07248953034181
97.0,89.0,87.38213235748466
97.0,90.0,87.94447513227458
97.0,91.0,88.72713751176583
97.0,92.0,89.68674857668212
97.0,93.0,90.77162432588263
97.0,94.0,91.92526504880622
97.0,95.0,93.09067257589334
97.0,96.0,94.21548740698591
97.0,97.0,95.2579457177053
97.0,98.0,96.1936562438079
97.0,99.0,97.02319704351895
98.0,0.0,97.8683394494695
98.0,1.0,97.73668208076158
98.0,2.0,97.69199051637368
98.0,3.0,97.7903295518654
98.0,4.0,98.05923694691205
98.0,5.0,98.5030515253306
98.0,6.0,99.1078324747254
98.0,7.0,99.84586984575361
98.0,8.0,100.67978625101071
98.0,9.0,101.56622976353552
98.0,10.0,102.45915801493524
98.0,11.0,103.31271349313026
98.0,12.0,104.08369003971872
98.0,13.0,104.73359054696093
98.0,14.0,105.23027585438365
98.0,15.0,105.5492048450041
98.0,16.0,105.6742657411738
98.0,17.0,105.59819860004235
98.0,18.0,105.32260900864078
98.0,19.0,104.85757297858498
98.0,20.0,104.22083304039872
98.0,21.0,103.43658553745666
98.0,22.0,102.53385911954709
98.0,23.0,101.54448443605443
98.0,24.0,100.5006550287617
98.0,25.0,99.43207942427262
98.0,26.0,98.35827732443288
98.0,27.0,97.28227259690067
98.0,28.0,96.21787573044217
98.0,29.0,95.19135923612485
98.0,30.0,94.23649064071938
98.0,31.0,93.39015727786132
98.0,32.0,92.68858287697273
98.0,33.0,92.1641359499437
98.0,34.0,91.84272997557375
98.0,35.0,91.74181538177311
98.0,36.0,91.8689633255239
98.0,37.0,92.22104127060119
98.0,38.0,92.78398036305408
98.0,39.0,93.53313460444637
98.0,40.0,94.43423182285751
98.0,41.0,95.44491644164306
98.0,42.0,96.51688404595536
98.0,43.0,97.59860774702393
98.0,44.0,98.63865634419574
98.0,45.0,99.58960428473546
98.0,46.0,100.41253342138555
98.0,47.0,101.0821265676863
98.0,48.0,101.59235285105557
98.0,49.0,101.96274486362884
98.0,50.0,102.24526761085859
98.0,51.0,102.52505193279075
98.0,52.0,102.87743138428961
98.0,53.0,103.34219923316908
98.0,54.0,103.9299346628451
98.0,55.0,104.62867351881201
98.0,56.0,105.4099703017001
98.0,57.0,106.23435140691446
98.0,58.0,107.05615961085476
98.0,59.0,107.82778980371654
98.0,60.0,108.50331596887327
98.0,61.0,109.04150940883993
98.0,62.0,109.40824821781766
98.0,63.0,109.57831800081948
98.0,64.0,109.53660383937729
98.0,65.0,109.27867350383013
98.0,66.0,108.81075191219335
98.0,67.0,108.14908683560924
98.0,68.0,107.31870585037865
98.0,69.0,106.35156453657392
98.0,70.0,105.28408592323282
98.0,71.0,104.15409118013389
98.0,72.0,102.99712155615266
98.0,73.0,101.84215156419943
98.0,74.0,100.70669341273779
98.0,75.0,99.59129268388472
98.0,76.0,98.469663489389
98.0,77.0,97.29586088190139
98.0,78.0,96.05148189325723
98.0,79.0,94.74697846508754
98.0,80.0,93.41362841760419
98.0,81.0,92.09633317218368
98.0,82.0,90.84724222774939
98.0,83.0,89.72020439095238
98.0,84.0,88.76604576015069
98.0,85.0,88.0286744631872
98.0,86.0,87.54201214896607
98.0,87.0,87.32775223282754
98.0,88.0,87.39394489572143
98.0,89.0,87.73440883717915
98.0,90.0,88.32896978208409
98.0,91.0,89.14452574124068
98.0,92.0,90.13693902574204
98.0,93.0,91.25375501513587
98.0,94.0,92.43774767938923
98.0,95.0,93.63129185465156
98.0,96.0,94.78156227281646
98.0,97.0,95.84655934488174
98.0,98.0,96.80196169810826
98.0,99.0,97.64880546697712
99.0,0.0,98.89346091886348
99.0,1.0,98.75849725212228
99.0,2.0,98.70827648685271
99.0,3.0,98.79713480329718
99.0,4.0,99.0513826987464
99.0,5.0,99.47459066876631
99.0,6.0,100.05246525375233
99.0,7.0,100.75731545081058
99.0,8.0,101.55210949096647
99.0,9.0,102.39412198170037
99.0,10.0,103.23817141481041
99.0,11.0,104.03944803960259
99.0,12.0,104.75593210140794
99.0,13.0,105.35040244542684
99.0,14.0,105.79203548590071
99.0,15.0,106.05759454061061
99.0,16.0,106.13220953070316
99.0,17.0,106.0097470458437
99.0,18.0,105.69277077469641
99.0,19.0,105.19209230073184
99.0,20.0,104.52591226336143
99.0,21.0,103.71855188439932
99.0,22.0,102.79877485985126
99.0,23.0,101.79769961703077
99.0,24.0,100.74630193700241
99.0,25.0,99.67250794235221
99.0,26.0,98.59301598427422
99.0,27.0,97.50640706486226
99.0,28.0,96.422830903671
99.0,29.0,95.36613156853093
99.0,30.0,94.36873567259775
99.0,31.0,93.46713666375118
99.0,32.0,92.69797520634292
99.0,33.0,92.09471565529404
99.0,34.0,91.68491862254157
99.0,35.0,91.48810963583446
99.0,36.0,91.5142438898788
99.0,37.0,91.76276708983232
99.0,38.0,92.22227238714832
99.0,39.0,92.8707534077687
99.0,40.0,93.67645337266646
99.0,41.0,94.5993103107374
99.0,42.0,95.59299836404114
99.0,43.0,96.60756518539154
99.0,44.0,97.59266542829624
99.0,45.0,98.50139032924564
99.0,46.0,99.29469338235111
99.0,47.0,99.94641210633262
99.0,48.0,100.44888590385534
99.0,49.0,100.81917001321615
99.0,50.0,101.10584555237872
99.0,51.0,101.39134844054549
99.0,52.0,101.7538417533882
99.0,53.0,102.23643665897387
99.0,54.0,102.85196180857994
99.0,55.0,103.58974969946159
99.0,56.0,104.42181211423058
99.0,57.0,105.30840463684555
99.0,58.0,106.20298024521365
99.0,59.0,107.05653198040386
99.0,60.0,107.82132469247148
99.0,61.0,108.45401586289434
99.0,62.0,108.91816550362032
99.0,63.0,109.18613513272636
99.0,64.0,109.24037582668899
99.0,65.0,109.07410534926616
99.0,66.0,108.69137435699076
99.0,67.0,108.10652168127541
99.0,68.0,107.3430186871287
99.0,69.0,106.43170270848312
99.0,70.0,105.40839956013417
99.0,71.0,104.31093512629108
99.0,72.0,103.17553602573896
99.0,73.0,102.03261935361242
99.0,74.0,100.90197149978057
99.0,75.0,99.78731604384366
99.0,76.0,98.66594640955962
99.0,77.0,97.49379596526175
99.0,78.0,96.25360313944964
99.0,79.0,94.95669223941448
99.0,80.0,93.634952449048
99.0,81.0,92.33364633470343
99.0,82.0,91.10504785910862
99.0,83.0,90.00290990333112
99.0,84.0,89.0777612967954
99.0,85.0,88.37303335535215
99.0,86.0,87.92201592739966
99.0,87.0,87.74564294805717
99.0,88.0,87.85110750139047
99.0,89.0,88.23130639068944
99.0,90.0,88.86511421679766
99.0,91.0,89.71848696449419
99.0,92.0,90.74639509692737
99.0,93.0,91.89558615810063
99.0,94.0,93.10817688341054
99.0,95.0,94.32607481823669
99.0,96.0,95.49622944458393
99.0,97.0,96.57671281577643
99.0,98.0,97.54362969920396
99.0,99.0,98.39885722712026
