0.0,0.0,100.0
0.0,10.0,99.67458635621627
0.0,20.0,99.43487699157862
0.0,30.0,99.33783696151163
0.0,40.0,99.41363887534023
0.0,50.0,99.67037006624798
0.0,60.0,100.09840230744155
0.0,70.0,100.6744240745218
0.0,80.0,101.36513535406115
0.0,90.0,102.13060499838747
0.0,100.0,102.92729062657429
0.0,110.0,103.71072107163752
0.0,120.0,104.43784137393855
0.0,130.0,105.06902032079374
0.0,140.0,105.56972053229035
0.0,150.0,105.91183109330892
0.0,160.0,106.07466273175207
0.0,170.0,106.04560554297964
0.0,180.0,105.82044926045033
0.0,190.0,105.40336607256974
0.0,200.0,104.80655598574478
0.0,210.0,104.04955473364461
0.0,220.0,103.1582042326679
0.0,230.0,102.16328558361643
0.0,240.0,101.09881461957545
0.0,250.0,100.0
0.0,260.0,98.90608806903715
0.0,270.0,97.87201999897209
0.0,280.0,96.94865307936011
0.0,290.0,96.17667754401837
0.0,300.0,95.58638785125976
0.0,310.0,95.19764136113572
0.0,320.0,95.02000440968813
0.0,330.0,95.05308578021003
0.0,340.0,95.28705757151543
0.0,350.0,95.70336346321807
0.0,360.0,96.2756143780191
0.0,370.0,96.97067154100384
0.0,380.0,97.74991693594734
0.0,390.0,98.57071115862918
0.0,400.0,99.38803866715693
0.0,410.0,100.15634042929885
0.0,420.0,100.83153396682543
0.0,430.0,101.37322079685991
0.0,440.0,101.74708127023783
0.0,450.0,101.92745680687548
0.0,460.0,101.90011952814744
0.0,470.0,101.66522928627298
0.0,480.0,101.24047809071133
0.0,490.0,100.66442193156647
0.0,500.0,100.0
0.0,510.0,99.32416627283835
0.0,520.0,98.67734249229842
0.0,530.0,98.0860431482894
0.0,540.0,97.57328849065262
0.0,550.0,97.15790326744263
0.0,560.0,96.85397734747944
0.0,570.0,96.6704882271714
0.0,580.0,96.61108542160923
0.0,590.0,96.67403673993088
0.0,600.0,96.85233644495734
0.0,610.0,97.13397529709944
0.0,620.0,97.50237248253546
0.0,630.0,97.93696942565983
0.0,640.0,98.41398548580258
0.0,650.0,98.90733553821994
0.0,660.0,99.38970943935561
0.0,670.0,99.83381337637324
0.0,680.0,100.21377310095961
0.0,690.0,100.50669904739891
0.0,700.0,100.6944133349178
0.0,710.0,100.76533865430157
0.0,720.0,100.71654903878108
0.0,730.0,100.55598251919075
0.0,740.0,100.30481566339739
0.0,750.0,100.0
0.0,760.0,99.67779824828911
0.0,770.0,99.31881557113361
0.0,780.0,98.90450976983192
0.0,790.0,98.43238841555642
0.0,800.0,97.91211528800274
0.0,810.0,97.36198706646205
0.0,820.0,96.80578027331616
0.0,830.0,96.26996846995549
0.0,840.0,95.78130970512008
0.0,850.0,95.36480421566336
0.0,860.0,95.04202237973888
0.0,870.0,94.82980292241
0.0,880.0,94.73932137368227
0.0,890.0,94.77552877895906
0.0,900.0,94.93696066191971
0.0,910.0,95.21591623982087
0.0,920.0,95.59900789122057
0.0,930.0,96.06808087612526
0.0,940.0,96.60150330855981
0.0,950.0,97.1758263815602
0.0,960.0,97.76781484458938
0.0,970.0,98.35684773337586
0.0,980.0,98.92768935217524
0.0,990.0,99.47363050845463
10.0,0.0,98.93202491451832
10.0,10.0,98.6067676126473
10.0,20.0,98.36992966064793
10.0,30.0,98.28057537152431
10.0,40.0,98.37035493964652
10.0,50.0,98.64826725596309
10.0,60.0,99.10508582701169
10.0,70.0,99.71744779772771
10.0,80.0,100.45160607805117
10.0,90.0,101.2668445733315
10.0,100.0,102.11855651853062
10.0,110.0,102.96098591622396
10.0,120.0,103.74963207839959
10.0,130.0,104.44331727205555
10.0,140.0,105.00591746859516
10.0,150.0,105.40775619702045
10.0,160.0,105.62666150092369
10.0,170.0,105.64868599927709
10.0,180.0,105.46849005102044
10.0,190.0,105.08938802344689
10.0,200.0,104.52305766438698
10.0,210.0,103.78891257819056
10.0,220.0,102.91313780550685
10.0,230.0,101.92738850686266
10.0,240.0,100.86715175003869
10.0,250.0,99.76977140124386
10.0,260.0,98.67637181094693
10.0,270.0,97.64053358825696
10.0,280.0,96.71135056941714
10.0,290.0,95.92827319338821
10.0,300.0,95.3208325770379
10.0,310.0,94.90855156977987
10.0,320.0,94.70104278766189
10.0,330.0,94.6982936269035
10.0,340.0,94.89113825688315
10.0,350.0,95.26191659257447
10.0,360.0,95.78532024643216
10.0,370.0,96.42942545972721
10.0,380.0,97.15691301333139
10.0,390.0,97.92647511795127
10.0,400.0,98.69440928381157
10.0,410.0,99.41639916978782
10.0,420.0,100.04948241198863
10.0,430.0,100.55420543178704
10.0,440.0,100.89696522330146
10.0,450.0,101.052538120326
10.0,460.0,101.00679554271005
10.0,470.0,100.75960672218741
10.0,480.0,100.32792840765457
10.0,490.0,99.7490815498988
10.0,500.0,99.08421496577505
10.0,510.0,98.40825018968542
10.0,520.0,97.76067461219792
10.0,530.0,97.16752673195181
10.0,540.0,96.65149599552961
10.0,550.0,96.23120755620026
10.0,560.0,95.9206689407463
10.0,570.0,95.7288786243754
10.0,580.0,95.65959651371578
10.0,590.0,95.71127633789597
10.0,600.0,95.87715994770855
10.0,610.0,96.1455335228581
10.0,620.0,96.5001456872933
10.0,630.0,96.92078753262304
10.0,640.0,97.38403454961683
10.0,650.0,97.8641504677892
10.0,660.0,98.33415300306832
10.0,670.0,98.76704151354872
10.0,680.0,99.13718656332807
10.0,690.0,99.42188139442831
10.0,700.0,99.60305530680061
10.0,710.0,99.66914894641474
10.0,720.0,99.61715150143229
10.0,730.0,99.45479980646435
10.0,740.0,99.2029393549131
10.0,750.0,98.89804721939748
10.0,760.0,98.57594566924206
10.0,770.0,98.21742103572467
10.0,780.0,97.80420709905104
10.0,790.0,97.3340049343057
10.0,800.0,96.81659690613132
10.0,810.0,96.27033096259878
10.0,820.0,95.71897522826757
10.0,830.0,95.18894289643683
10.0,840.0,94.70688742058694
10.0,850.0,94.29766800501153
10.0,860.0,93.98268539464021
10.0,870.0,93.77858796405165
10.0,880.0,93.69634810567727
10.0,890.0,93.7407089171955
10.0,900.0,93.9100011881165
10.0,910.0,94.19633068555746
10.0,920.0,94.58613573920842
10.0,930.0,95.06111512548867
10.0,940.0,95.59952625089358
10.0,950.0,96.17785363453201
10.0,960.0,96.77284768985434
10.0,970.0,97.36393380557092
10.0,980.0,97.93599172576107
10.0,990.0,98.48250522917267
20.0,0.0,97.92426209636966
20.0,10.0,97.5972534777649
20.0,20.0,97.36107756214805
20.0,30.0,97.27674680013881
20.0,40.0,97.37737026716356
20.0,50.0,97.67293987260673
20.0,60.0,98.15478330511785
20.0,70.0,98.79968371407409
20.0,80.0,99.57366612719855
20.0,90.0,100.4354506043341
20.0,100.0,101.33957212737276
20.0,110.0,102.23916722634092
20.0,120.0,103.08842734163994
20.0,130.0,103.8447189224425
20.0,140.0,104.47037026124453
20.0,150.0,104.93412506457277
20.0,160.0,105.21226275984792
20.0,170.0,105.28938553840348
20.0,180.0,105.15887213466004
20.0,190.0,104.82299834145547
20.0,200.0,104.29272426153044
20.0,210.0,103.58714829516965
20.0,220.0,102.73262786399886
20.0,230.0,101.76156687093719
20.0,240.0,100.71086989630541
20.0,250.0,99.62006313008953
20.0,260.0,98.53219368657224
20.0,270.0,97.4991072526539
20.0,280.0,96.56769316834745
20.0,290.0,95.77579013993608
20.0,300.0,95.15187123654569
20.0,310.0,94.71491314602986
20.0,320.0,94.47444969016715
20.0,330.0,94.43080959917096
20.0,340.0,94.57553854551165
20.0,350.0,94.89200543705131
20.0,360.0,95.35619296949075
20.0,370.0,95.9376724381291
20.0,380.0,96.60076280893571
20.0,390.0,97.3058740489346
20.0,400.0,98.01103471590119
20.0,410.0,98.67360380737168
20.0,420.0,99.25216686896461
20.0,430.0,99.7086163620151
20.0,440.0,100.01041629052133
20.0,450.0,100.13305108740356
20.0,460.0,100.06265876007555
20.0,470.0,99.79884829532843
20.0,480.0,99.3577013235269
20.0,490.0,98.77495804211819
20.0,500.0,98.10938739845291
20.0,510.0,97.43317795457897
20.0,520.0,96.78467236144895
20.0,530.0,96.18938696587414
20.0,540.0,95.66965196125106
20.0,550.0,95.24387964125833
20.0,560.0,94.92599471676529
20.0,570.0,94.72502669595299
20.0,580.0,94.64486432764714
20.0,590.0,94.68417210786315
20.0,600.0,94.8364688495632
20.0,610.0,95.09036831562555
20.0,620.0,95.42998191502568
20.0,630.0,95.83548346222982
20.0,640.0,96.28383599980026
20.0,650.0,96.74968068421302
20.0,660.0,97.20638773488729
20.0,670.0,97.6272694464273
20.0,680.0,97.98695526407597
20.0,690.0,98.26292892238085
20.0,700.0,98.43722764707195
20.0,710.0,98.49830342015191
20.0,720.0,98.44304630819796
20.0,730.0,98.27896985387622
20.0,740.0,98.02655853066786
20.0,750.0,97.7217772608075
20.0,760.0,97.40004731571858
20.0,770.0,97.04267506657712
20.0,780.0,96.63200176223908
20.0,790.0,96.1661600843281
20.0,800.0,95.65520294464142
20.0,810.0,95.1176028864078
20.0,820.0,94.57712208939775
20.0,830.0,94.06005297888565
20.0,840.0,93.59282943846421
20.0,850.0,93.20000862671083
20.0,860.0,92.90262339770625
20.0,870.0,92.71690532540532
20.0,880.0,92.65337833185973
20.0,890.0,92.71632291929296
20.0,900.0,92.90361100602748
20.0,910.0,93.20691136626371
20.0,920.0,93.61226567371158
20.0,930.0,94.10103514907372
20.0,940.0,94.6512178113812
20.0,950.0,95.23913633318104
20.0,960.0,95.84149649957607
20.0,970.0,96.43781627111682
20.0,980.0,97.01322545054549
20.0,990.0,97.5616359533922
30.0,0.0,97.02746420909774
30.0,10.0,96.69532359506071
30.0,20.0,96.45584986011747
30.0,30.0,96.3717012771778
30.0,40.0,96.4773882497563
30.0,50.0,96.78402488414307
30.0,60.0,97.28375636568218
30.0,70.0,97.95386213915758
30.0,80.0,98.76053489328653
30.0,90.0,99.66233534932061
30.0,100.0,100.6133228537543
30.0,110.0,101.56586177514092
30.0,120.0,102.4731037050164
30.0,130.0,103.29114546293033
30.0,140.0,103.98086290558466
30.0,150.0,104.50942054007994
30.0,160.0,104.85145694126913
30.0,170.0,104.98994597321881
30.0,180.0,104.91673381477808
30.0,190.0,104.63275178925495
30.0,200.0,104.14790499820023
30.0,210.0,103.480636759299
30.0,220.0,102.65716884836962
30.0,230.0,101.71041754547022
30.0,240.0,100.67858548511286
30.0,250.0,99.60342931058501
30.0,260.0,98.52997855643078
30.0,270.0,97.50775526727456
30.0,280.0,96.5807409331897
30.0,290.0,95.78455816512053
30.0,300.0,95.14613318579474
30.0,310.0,94.68353578929741
30.0,320.0,94.40599676930674
30.0,330.0,94.31410281599163
30.0,340.0,94.40016888157095
30.0,350.0,94.64878801453456
30.0,360.0,95.03755866252611
30.0,370.0,95.53798944388761
30.0,380.0,96.11658138786571
30.0,390.0,96.73608764347972
30.0,400.0,97.35695065705146
30.0,410.0,97.93891681839673
30.0,420.0,98.44282857567879
30.0,430.0,98.83259401892319
30.0,440.0,99.07733393219473
30.0,450.0,99.15370631443604
30.0,460.0,99.04840836896776
30.0,470.0,98.76085596165079
30.0,480.0,98.30604054770988
30.0,490.0,97.71756356721953
30.0,500.0,97.05084830925097
30.0,510.0,96.37419616998352
30.0,520.0,95.7244639318285
30.0,530.0,95.12657616328616
30.0,540.0,94.6024618508327
30.0,550.0,94.17030202926611
30.0,560.0,93.84393986253127
30.0,570.0,93.63245317502428
30.0,580.0,93.53988943337606
30.0,590.0,93.56516317871512
30.0,600.0,93.70211590940973
30.0,610.0,93.93973841428912
30.0,620.0,94.26255555634414
30.0,630.0,94.65117350690697
30.0,640.0,95.08298943031028
30.0,650.0,95.53306361902538
30.0,660.0,95.97515407927987
30.0,670.0,96.3829135671544
30.0,680.0,96.7312490751586
30.0,690.0,96.99784376928649
30.0,700.0,97.16484137655088
30.0,710.0,97.2206930229972
30.0,720.0,97.16216652219642
30.0,730.0,96.99651811421735
30.0,740.0,96.74382665507818
30.0,750.0,96.43949025667705
30.0,760.0,96.11859756603985
30.0,770.0,95.76351305023049
30.0,780.0,95.35771156929279
30.0,790.0,94.90013664012736
30.0,800.0,94.40135511627898
30.0,810.0,93.88008323214461
30.0,820.0,93.36008401160204
30.0,830.0,92.86743604105897
30.0,840.0,92.42817360692287
30.0,850.0,92.06629819749126
30.0,860.0,91.80216136926278
30.0,870.0,91.6512189776686
30.0,880.0,91.62315677222465
30.0,890.0,91.72138735610427
30.0,900.0,91.94291851013159
30.0,910.0,92.27859288119535
30.0,920.0,92.7136990350835
30.0,930.0,93.22895387373812
30.0,940.0,93.80185641693129
30.0,950.0,94.40841294836117
30.0,960.0,95.02523352616898
30.0,970.0,95.63199985787634
30.0,980.0,96.21430453974337
30.0,990.0,96.7668616605473
40.0,0.0,96.28183230390763
40.0,10.0,95.9401443026455
40.0,20.0,95.69213575489829
40.0,30.0,95.60166536956835
40.0,40.0,95.70453396148363
40.0,50.0,96.01312431067095
40.0,60.0,96.52073297332991
40.0,70.0,97.20559404450763
40.0,80.0,98.03459487247413
40.0,90.0,98.96668372479846
40.0,100.0,99.95596940612555
40.0,110.0,100.9545128276538
40.0,120.0,101.91481052831335
40.0,130.0,102.79197014764515
40.0,140.0,103.54557785038058
40.0,150.0,104.14125770272206
40.0,160.0,104.5519230003241
40.0,170.0,104.7587195479753
40.0,180.0,104.75166089098092
40.0,190.0,104.52995549824624
40.0,200.0,104.10202589706063
40.0,210.0,103.48521975958234
40.0,220.0,102.70521294102403
40.0,230.0,101.79510446953894
40.0,240.0,100.79420348780795
40.0,250.0,99.74650814632714
40.0,260.0,98.69907951719729
40.0,270.0,97.69845651656823
40.0,280.0,96.78490876571617
40.0,290.0,95.99113366689214
40.0,300.0,95.34192121478026
40.0,310.0,94.85398418428811
40.0,320.0,94.53595369466915
40.0,330.0,94.38854014997703
40.0,340.0,94.40485955585203
40.0,350.0,94.57092521263951
40.0,360.0,94.86630478484028
40.0,370.0,95.26494274689315
40.0,380.0,95.73614820528934
40.0,390.0,96.245748097019
40.0,400.0,96.75740576434974
40.0,410.0,97.23410490593712
40.0,420.0,97.63979890426724
40.0,430.0,97.9412255294313
40.0,440.0,98.10988701923223
40.0,450.0,98.12419553562319
40.0,460.0,97.97178399747825
40.0,470.0,97.65198228969517
40.0,480.0,97.17845884862973
40.0,490.0,96.58202762386283
40.0,500.0,95.91362041629881
40.0,510.0,95.23627181212761
40.0,520.0,94.58495363811257
40.0,530.0,93.98392558424298
40.0,540.0,93.45467303330445
40.0,550.0,93.01512921244488
40.0,560.0,92.67906048483877
40.0,570.0,92.45561478144994
40.0,580.0,92.34903317289233
40.0,590.0,92.3585245813894
40.0,600.0,92.47830363283161
40.0,610.0,92.6977916489324
40.0,620.0,93.00198077948231
40.0,630.0,93.37196127470162
40.0,640.0,93.78561189769113
40.0,650.0,94.2184534769813
40.0,660.0,94.64466559917983
40.0,670.0,95.03826644171738
40.0,680.0,95.37445574569169
40.0,690.0,95.63112092881008
40.0,700.0,95.79050633843008
40.0,710.0,95.84104564469862
40.0,720.0,95.77935737378938
40.0,730.0,95.61240358123841
40.0,740.0,95.3598116653783
40.0,750.0,95.05635932087036
40.0,760.0,94.73688961221573
40.0,770.0,94.38543632498754
40.0,780.0,93.98720530435573
40.0,790.0,93.542383616514
40.0,800.0,93.06233199980787
40.0,810.0,92.56615003465193
40.0,820.0,92.07761403223657
40.0,830.0,91.62248764202387
40.0,840.0,91.2262051780328
40.0,850.0,90.91192766391376
40.0,860.0,90.69897159681233
40.0,870.0,90.6016104300224
40.0,880.0,90.62824877442856
40.0,890.0,90.78096931873766
40.0,900.0,91.05545246849991
40.0,910.0,91.44126870391901
40.0,920.0,91.92254365645175
40.0,930.0,92.47899590419682
40.0,940.0,93.08734748607293
40.0,950.0,93.7231071347862
40.0,960.0,94.36272622858687
40.0,970.0,94.98612746181527
40.0,980.0,95.57960623423716
40.0,990.0,96.13910475916822
50.0,0.0,95.71691821563121
50.0,10.0,95.36063131096864
50.0,20.0,95.09801527407559
50.0,30.0,94.99355671817175
50.0,40.0,95.08417542783013
50.0,50.0,95.38366272560367
50.0,60.0,95.88683601311715
50.0,70.0,96.57340948662444
50.0,80.0,97.4115810270309
50.0,90.0,98.36133526438124
50.0,100.0,99.3774628168124
50.0,110.0,100.41229570397198
50.0,120.0,101.41815893490178
50.0,130.0,102.34953827038663
50.0,140.0,103.16496415976854
50.0,150.0,103.82861185222612
50.0,160.0,104.31161768251926
50.0,170.0,104.59311153119904
50.0,180.0,104.66096545928308
50.0,190.0,104.51225851739589
50.0,200.0,104.15345772937484
50.0,210.0,103.60031525034105
50.0,220.0,102.87748169923591
50.0,230.0,102.01783566582249
50.0,240.0,101.06152939215261
50.0,250.0,100.05475062849891
50.0,260.0,99.04661229413907
50.0,270.0,98.08005202406602
50.0,280.0,97.19085052534238
50.0,290.0,96.40806868089385
50.0,300.0,95.75374704791186
50.0,310.0,95.24275259306445
50.0,320.0,94.88277266451483
50.0,330.0,94.67445620074787
50.0,340.0,94.61170217620452
50.0,350.0,94.68209528372411
50.0,360.0,94.86748885379458
50.0,370.0,95.14473501061052
50.0,380.0,95.48656206493919
50.0,390.0,95.86259914379444
50.0,400.0,96.24054805691841
50.0,410.0,96.58750240007127
50.0,420.0,96.8714138951288
50.0,430.0,97.0627059669878
50.0,440.0,97.13603455727952
50.0,450.0,97.07219617489085
50.0,460.0,96.86018318329357
50.0,470.0,96.49938632468135
50.0,480.0,96.0019444809146
50.0,490.0,95.39524167127358
50.0,500.0,94.72455128701884
50.0,510.0,94.0462219534262
50.0,520.0,93.39294183755545
50.0,530.0,92.78824434463831
50.0,540.0,92.2531381970457
50.0,550.0,91.80529920425056
50.0,560.0,91.45842620737643
50.0,570.0,91.22176119833156
50.0,580.0,91.09977361352864
50.0,590.0,91.09200880219032
50.0,600.0,91.19310066924018
50.0,610.0,91.39294849277954
50.0,620.0,91.67705791614964
50.0,630.0,92.0270461145798
50.0,640.0,92.4213111364209
50.0,650.0,92.83586541896472
50.0,660.0,93.24533347884878
50.0,670.0,93.62411377704693
50.0,680.0,93.94770475844545
50.0,690.0,94.19419506600502
50.0,700.0,94.34591792950795
50.0,710.0,94.39126972889147
50.0,720.0,94.32669273216635
50.0,730.0,94.15882200792129
50.0,740.0,93.90679651241302
50.0,750.0,93.60473435124182
50.0,760.0,93.2873297741578
50.0,770.0,92.94087113430034
50.0,780.0,92.55286679926867
50.0,790.0,92.12516445624824
50.0,800.0,91.67019171919296
50.0,810.0,91.20757148646514
50.0,820.0,90.76111204893314
50.0,830.0,90.3561719485265
50.0,840.0,90.01739958724886
50.0,850.0,89.76684758664854
50.0,860.0,89.62246189774665
50.0,870.0,89.5969456614229
50.0,880.0,89.69699781925915
50.0,890.0,89.92292647484054
50.0,900.0,90.26863700551412
50.0,910.0,90.72199492460548
50.0,920.0,91.26556349409266
50.0,930.0,91.87771608773795
50.0,940.0,92.53412330467725
50.0,950.0,93.20961483346707
50.0,960.0,93.88041606658922
50.0,970.0,94.52675946541314
50.0,980.0,95.1358706756158
50.0,990.0,95.70532939305946
60.0,0.0,95.35169956269726
60.0,10.0,94.97548466747742
60.0,20.0,94.69176028487786
60.0,30.0,94.56496363973781
60.0,40.0,94.63290077800742
60.0,50.0,94.91088686605448
60.0,60.0,95.39563537765054
60.0,70.0,96.06889616863639
60.0,80.0,96.90084243926732
60.0,90.0,97.8532065842375
60.0,100.0,98.88216493038406
60.0,110.0,99.94097136207063
60.0,120.0,100.98233983425023
60.0,130.0,101.9605757732078
60.0,140.0,102.83345636498201
60.0,150.0,103.56385973146685
60.0,160.0,104.12114299419228
60.0,170.0,104.48226922578475
60.0,180.0,104.63268328910695
60.0,190.0,104.56693656407714
60.0,200.0,104.2890605621679
60.0,210.0,103.81268942858442
60.0,220.0,103.16093133212225
60.0,230.0,102.36598874270436
60.0,240.0,101.46852759659807
60.0,250.0,100.51679534931095
60.0,260.0,99.56193642715574
60.0,270.0,98.64279375891982
60.0,280.0,97.79000561083348
60.0,290.0,97.02836230041567
60.0,300.0,96.37657913983226
60.0,310.0,95.84719211835743
60.0,320.0,95.44657632393785
60.0,330.0,95.17508710386006
60.0,340.0,95.02732396452073
60.0,350.0,94.99251721029984
60.0,360.0,95.055037321537
60.0,370.0,95.1950270716107
60.0,380.0,95.38915638312045
60.0,390.0,95.61149992317209
60.0,400.0,95.83453743776592
60.0,410.0,96.0302768252879
60.0,420.0,96.17149994910386
60.0,430.0,96.23313118925665
60.0,440.0,96.19372873326624
60.0,450.0,96.03709860603294
60.0,460.0,95.75403143884348
60.0,470.0,95.34416197748018
60.0,480.0,94.81795132943292
60.0,490.0,94.19879195021443
60.0,500.0,93.5252353687782
60.0,510.0,92.84563248116278
60.0,520.0,92.19003454910342
60.0,530.0,91.58120978113293
60.0,540.0,91.03967334632307
60.0,550.0,90.58284434943654
60.0,560.0,90.22436837775555
60.0,570.0,89.97360561958702
60.0,580.0,89.83528455444434
60.0,590.0,89.80932121490576
60.0,600.0,89.89080402014937
60.0,610.0,90.07014418116474
60.0,620.0,90.33339167764095
60.0,630.0,90.66271680653153
60.0,640.0,91.03705730229574
60.0,650.0,91.43293102881651
60.0,660.0,91.82541424299511
60.0,670.0,92.18928543002227
60.0,680.0,92.5003347103259
60.0,690.0,92.73683881819554
60.0,700.0,92.88120165208322
60.0,710.0,92.92176039658113
60.0,720.0,92.85475721607573
60.0,730.0,92.68647652007843
60.0,740.0,92.43554780023314
60.0,750.0,92.13541403899998
60.0,760.0,91.8207194808771
60.0,770.0,91.4804917306457
60.0,780.0,91.10501437880013
60.0,790.0,90.69814495693305
60.0,800.0,90.27361091190812
60.0,810.0,89.85168307428961
60.0,820.0,89.45622662102872
60.0,830.0,89.11212953240691
60.0,840.0,88.843108543236
60.0,850.0,88.66989258831512
60.0,860.0,88.60878374214462
60.0,870.0,88.67059565289671
60.0,880.0,88.85996947064298
60.0,890.0,89.17506726983889
60.0,900.0,89.60764296606501
60.0,910.0,90.14349072702515
60.0,920.0,90.76327087780126
60.0,930.0,91.44371330036545
60.0,940.0,92.15919832734849
60.0,950.0,92.88371513006553
60.0,960.0,93.5931976007984
60.0,970.0,94.268237729335
60.0,980.0,94.89717647376527
60.0,990.0,95.47957212553438
70.0,0.0,95.19482735110643
70.0,10.0,94.79339600821584
70.0,20.0,94.48200572803874
70.0,30.0,94.32428979398324
70.0,40.0,94.35865128032506
70.0,50.0,94.60200735242792
70.0,60.0,95.05332356159872
70.0,70.0,95.6969381345773
70.0,80.0,96.50567625766095
70.0,90.0,97.44375435546362
70.0,100.0,98.46947436430969
70.0,110.0,99.53770800026257
70.0,120.0,100.60217102178791
70.0,130.0,101.61748748705148
70.0,140.0,102.54104400585175
70.0,150.0,103.33463398618714
70.0,160.0,103.96589187545803
70.0,170.0,104.4095173963033
70.0,180.0,104.64828977707168
70.0,190.0,104.67387197692773
70.0,200.0,104.48740490559251
70.0,210.0,104.09989163771894
70.0,220.0,103.53237162190182
70.0,230.0,102.8158848843225
70.0,240.0,101.99122622702842
70.0,250.0,101.10848942084702
70.0,260.0,100.2207832504235
70.0,270.0,99.36254471923569
70.0,280.0,98.55880801080728
70.0,290.0,97.82959449510392
70.0,300.0,97.18980276662371
70.0,310.0,96.64919063812668
70.0,320.0,96.2124490900029
70.0,330.0,95.87936817527942
70.0,340.0,95.64509488026607
70.0,350.0,95.50048294083989
70.0,360.0,95.43253461436849
70.0,370.0,95.42493440727218
70.0,380.0,95.45867475822472
70.0,390.0,95.5127736769931
70.0,400.0,95.56508433891594
70.0,410.0,95.59319663502069
70.0,420.0,95.5754306777797
70.0,430.0,95.49192226250499
70.0,440.0,95.3258002843818
70.0,450.0,95.06445611114104
70.0,460.0,94.70090491137039
70.0,470.0,94.23523893846425
70.0,480.0,93.67617277021242
70.0,490.0,93.04268050402771
70.0,500.0,92.3657249078122
70.0,510.0,91.68456581243106
70.0,520.0,91.02634277234293
70.0,530.0,90.41304927199837
70.0,540.0,89.86471038103096
70.0,550.0,89.39850140851637
70.0,560.0,89.02803388447249
70.0,570.0,88.76280886860059
70.0,580.0,88.60783758626746
70.0,590.0,88.56342939172865
70.0,600.0,88.62514705859277
70.0,610.0,88.78392939752669
70.0,620.0,89.02638120120196
70.0,630.0,89.33523051648208
70.0,640.0,89.689953243851
70.0,650.0,90.06756506408242
70.0,660.0,90.44358069215038
70.0,670.0,90.7931404583807
70.0,680.0,91.09230421684352
70.0,690.0,91.31951258098688
70.0,700.0,91.45721548651132
70.0,710.0,91.49366808148554
70.0,720.0,91.42489394370304
70.0,730.0,91.25681562527988
70.0,740.0,91.00755252449345
70.0,750.0,90.7098860848621
70.0,760.0,90.39850491866677
70.0,770.0,90.06550762989002
70.0,780.0,89.7042756776568
70.0,790.0,89.32092093715774
70.0,800.0,88.93063998636929
70.0,810.0,88.55444933484955
70.0,820.0,88.21630159460952
70.0,830.0,87.9405825930599
70.0,840.0,87.74998942803356
70.0,850.0,87.66378946488337
70.0,860.0,87.69646027565572
70.0,870.0,87.85671052033952
70.0,880.0,88.14688177019073
70.0,890.0,88.56273127313246
70.0,900.0,89.09359566123062
70.0,910.0,89.72293560024508
70.0,920.0,90.42926138125641
70.0,930.0,91.1874394543681
70.0,940.0,91.97037990448445
70.0,950.0,92.75110486916383
70.0,960.0,93.5051978985476
70.0,970.0,94.2136342573646
70.0,980.0,94.86599216901104
70.0,990.0,95.46404500170608
80.0,0.0,95.2450461824105
80.0,10.0,94.81342809636314
80.0,20.0,94.46809107311978
80.0,30.0,94.27106391579439
80.0,40.0,94.26101026063093
80.0,50.0,94.45648251721664
80.0,60.0,94.85901476359574
80.0,70.0,95.45605459628314
80.0,80.0,96.22373393517864
80.0,90.0,97.12947878338127
80.0,100.0,98.13445794190392
80.0,110.0,99.19587067928823
80.0,120.0,100.2690733561198
80.0,130.0,101.30954500444358
80.0,140.0,102.27469186207951
80.0,150.0,103.12549086183854
80.0,160.0,103.82797207563887
80.0,170.0,104.35454011352229
80.0,180.0,104.68513447757107
80.0,190.0,104.80822887072483
80.0,200.0,104.72166946049795
80.0,210.0,104.43335209759695
80.0,220.0,103.96173848943839
80.0,230.0,103.33621132856682
80.0,240.0,102.59726837597324
80.0,250.0,101.79655549931354
80.0,260.0,100.9890306656436
80.0,270.0,100.20463029220181
80.0,280.0,99.46255782303423
80.0,290.0,98.77774232842484
80.0,300.0,98.16089241240212
80.0,310.0,97.61860541136926
80.0,320.0,97.15353188385784
80.0,330.0,96.76459539140528
80.0,340.0,96.4472675705558
80.0,350.0,96.193898495985
80.0,360.0,95.99410233474813
80.0,370.0,95.83519829165188
80.0,380.0,95.70270684574979
80.0,390.0,95.58090127796133
80.0,400.0,95.45341448981458
80.0,410.0,95.30390111331242
80.0,420.0,95.1167549119225
80.0,430.0,94.87788147269065
80.0,440.0,94.57552618947804
80.0,450.0,94.20115753732185
80.0,460.0,93.75040563791964
80.0,470.0,93.22405611623724
80.0,480.0,92.62909924824025
80.0,490.0,91.9798343997494
80.0,500.0,91.29902975641902
80.0,510.0,90.61605760533615
80.0,520.0,89.95497150618327
80.0,530.0,89.33701351387587
80.0,540.0,88.78174425963464
80.0,550.0,88.3061209166266
80.0,560.0,87.92374458380502
80.0,570.0,87.6442770879478
80.0,580.0,87.47302720389474
80.0,590.0,87.41070629298326
80.0,600.0,87.45335335968282
80.0,610.0,87.5924295264281
80.0,620.0,87.81508192665068
80.0,630.0,88.10457701600949
80.0,640.0,88.44090330181982
80.0,650.0,88.80154349068104
80.0,660.0,89.16241605430301
80.0,670.0,89.49898621353101
80.0,680.0,89.78754634056942
80.0,690.0,90.00666577940409
80.0,700.0,90.13881008442323
80.0,710.0,90.17212967723707
80.0,720.0,90.10241792169612
80.0,730.0,89.93523861710807
80.0,740.0,89.68822290965342
80.0,750.0,89.39353562199962
80.0,760.0,89.08599434626935
80.0,770.0,88.76091501614344
80.0,780.0,88.41491782927407
80.0,790.0,88.05648564189178
80.0,800.0,87.70237466849225
80.0,810.0,87.37441023010872
80.0,820.0,87.09666755116959
80.0,830.0,86.8930376049417
80.0,840.0,86.78517800755887
80.0,850.0,86.79084896063605
80.0,860.0,86.92263424246873
80.0,870.0,87.18704724781794
80.0,880.0,87.58402207628065
80.0,890.0,88.10678966924553
80.0,900.0,88.74213899543429
80.0,910.0,89.4710632850284
80.0,920.0,90.26979131238116
80.0,930.0,91.1112037273154
80.0,940.0,91.9666344350065
80.0,950.0,92.80805702445078
80.0,960.0,93.61065624551956
80.0,970.0,94.35578453459846
80.0,980.0,95.03430358881218
80.0,990.0,95.65031098883486
90.0,0.0,95.49178706569663
90.0,10.0,95.02556664771178
90.0,20.0,94.64057199529455
90.0,30.0,94.39641461255422
90.0,40.0,94.33164790382118
90.0,50.0,94.46644434300416
90.0,60.0,94.8051674955361
90.0,70.0,95.33883889290851
90.0,80.0,96.04749975979425
90.0,90.0,96.90246759375903
90.0,100.0,97.86848759756121
90.0,110.0,98.90577896404028
90.0,120.0,99.97197601359377
90.0,130.0,101.02396418424279
90.0,140.0,102.01961087428583
90.0,150.0,102.91939113754148
90.0,160.0,103.6879082311793
90.0,170.0,104.29530901613943
90.0,180.0,104.71859421014057
90.0,190.0,104.94282349327665
90.0,200.0,104.96221546620188
90.0,210.0,104.78114246090436
90.0,220.0,104.41502020406823
90.0,230.0,103.89109233302428
90.0,240.0,103.24910976428922
90.0,250.0,102.54190491469326
90.0,260.0,101.82612470889536
90.0,270.0,101.1273408910112
90.0,280.0,100.45895524253395
90.0,290.0,99.83067857388257
90.0,300.0,99.24879645129894
90.0,310.0,98.7164483551767
90.0,320.0,98.23392026982151
90.0,330.0,97.79895070464299
90.0,340.0,97.4070501467782
90.0,350.0,97.05183394514671
90.0,360.0,96.7253686259372
90.0,370.0,96.41853163952564
90.0,380.0,96.12138453882521
90.0,390.0,95.82355958906747
90.0,400.0,95.51465980901541
90.0,410.0,95.18467244360792
90.0,420.0,94.82439586803588
90.0,430.0,94.42587992324975
90.0,440.0,93.98287968289888
90.0,450.0,93.49132265170229
90.0,460.0,92.949789395251
90.0,470.0,92.36000760124203
90.0,480.0,91.72735957214391
90.0,490.0,91.06140314929375
90.0,500.0,90.376406068426
90.0,510.0,89.69140246645556
90.0,520.0,89.02729846727371
90.0,530.0,88.40464125445044
90.0,540.0,87.84257474531606
90.0,550.0,87.35787581678969
90.0,560.0,86.96416233664253
90.0,570.0,86.67127300019524
90.0,580.0,86.48481897244986
90.0,590.0,86.40590733565615
90.0,600.0,86.43103634231232
90.0,610.0,86.55216247360022
90.0,620.0,86.75693930325485
90.0,630.0,87.0291281668684
90.0,640.0,87.34918063662867
90.0,650.0,87.6949928014918
90.0,660.0,88.04283135278956
90.0,670.0,88.36843147527108
90.0,680.0,88.64826654357874
90.0,690.0,88.86098962415882
90.0,700.0,88.98904678260627
90.0,710.0,89.02046219644416
90.0,720.0,88.95079507333725
90.0,730.0,88.78526837474027
90.0,740.0,88.54106934498043
90.0,750.0,88.24982184577436
90.0,760.0,87.94654307702872
90.0,770.0,87.62971229710341
90.0,780.0,87.29913302638656
90.0,790.0,86.96563688712905
90.0,800.0,86.64754383737557
90.0,810.0,86.36751214186268
90.0,820.0,86.14977807988403
90.0,830.0,86.01778539012255
90.0,840.0,85.99220445244987
90.0,850.0,86.08934120669264
90.0,860.0,86.31993580836611
90.0,870.0,86.68835102137469
90.0,880.0,87.19215034767957
90.0,890.0,87.82206589393353
90.0,900.0,88.56235597508268
90.0,910.0,89.39155245493544
90.0,920.0,90.28359782369847
90.0,930.0,91.2093720124798
90.0,940.0,92.13860894475893
90.0,950.0,93.04220282482399
90.0,960.0,93.89490416317622
90.0,970.0,94.67840553890122
90.0,980.0,95.38481709900748
90.0,990.0,96.02053179473191
100.0,0.0,95.91593283357605
100.0,10.0,95.41144444308527
100.0,20.0,94.98190227359378
100.0,30.0,94.68371022659353
100.0,40.0,94.55492193841974
100.0,50.0,94.61726650967313
100.0,60.0,94.87813069926177
100.0,70.0,95.33249758306259
100.0,80.0,95.9648416772024
100.0,90.0,96.75098052595854
100.0,100.0,97.65988275427921
100.0,110.0,98.65543258492328
100.0,120.0,99.69815082021984
100.0,130.0,100.74687228844716
100.0,140.0,101.76037975483149
100.0,150.0,102.69899429716529
100.0,160.0,103.52612214604503
100.0,170.0,104.20975798972884
100.0,180.0,104.72394474361349
100.0,190.0,105.05018978433105
100.0,200.0,105.17883764846533
100.0,210.0,105.1103991958876
100.0,220.0,104.85683723771218
100.0,230.0,104.44280862887153
100.0,240.0,103.90686282531097
100.0,250.0,103.30259690580291
100.0,260.0,102.68814791109342
100.0,270.0,102.08508586857873
100.0,280.0,101.50129701846862
100.0,290.0,100.94135272999165
100.0,300.0,100.40703412483082
100.0,310.0,99.89782399304084
100.0,320.0,99.41136600144699
100.0,330.0,98.94389119452524
100.0,340.0,98.4906117877641
100.0,350.0,98.046082253508
100.0,360.0,97.60452769928204
100.0,370.0,97.16013953859832
100.0,380.0,96.70733845424384
100.0,390.0,96.24100465404985
100.0,400.0,95.75667541914272
100.0,410.0,95.25070994467639
100.0,420.0,94.72042147304619
100.0,430.0,94.16417671958436
100.0,440.0,93.58146259073696
100.0,450.0,92.97292019472233
100.0,460.0,92.3403461446711
100.0,470.0,91.6866611542476
100.0,480.0,91.01584592575294
100.0,490.0,90.33284433070953
100.0,500.0,89.64343388292708
100.0,510.0,88.95622865455954
100.0,520.0,88.28904250815503
100.0,530.0,87.66181548104016
100.0,540.0,87.09334273532218
100.0,550.0,86.60026936757686
100.0,560.0,86.19625965525039
100.0,570.0,85.89134073977517
100.0,580.0,85.69142074639966
100.0,590.0,85.59798134073202
100.0,600.0,85.60794472199798
100.0,610.0,85.71371505301242
100.0,620.0,85.90339432686508
100.0,630.0,86.16117267032023
100.0,640.0,86.46789308393015
100.0,650.0,86.80179061886282
100.0,660.0,87.13940599044338
100.0,670.0,87.45667362840962
100.0,680.0,87.73018416388148
100.0,690.0,87.9386213530445
100.0,700.0,88.06437343754715
100.0,710.0,88.09531894161226
100.0,720.0,88.02678690586234
100.0,730.0,87.86369155785886
100.0,740.0,87.62284141935555
100.0,750.0,87.33542285026562
100.0,760.0,87.03670612802702
100.0,770.0,86.72807980988763
100.0,780.0,86.41227945337856
100.0,790.0,86.10232394378235
100.0,800.0,85.81801365010823
100.0,810.0,85.58282348570289
100.0,820.0,85.42119087349671
100.0,830.0,85.35619861588538
100.0,840.0,85.40765266924694
100.0,850.0,85.59055482309442
100.0,860.0,85.9139702838637
100.0,870.0,86.38029016333705
100.0,880.0,86.98488887170191
100.0,890.0,87.71617641524527
100.0,900.0,88.55604559868338
100.0,910.0,89.480714132127
100.0,920.0,90.46196164268206
100.0,930.0,91.46876159068569
100.0,940.0,92.46930809057787
100.0,950.0,93.43343763640834
100.0,960.0,94.33544573197906
100.0,970.0,95.15729842562212
100.0,980.0,95.89223874961303
100.0,990.0,96.54878806421952
110.0,0.0,96.49075616217749
110.0,10.0,95.94523772769531
110.0,20.0,95.46728591061172
110.0,30.0,95.10936376276645
110.0,40.0,94.90863420422733
110.0,50.0,94.88827455081949
110.0,60.0,95.05881337064099
110.0,70.0,95.41948966956494
110.0,80.0,95.95963440572788
110.0,90.0,96.66007433300489
110.0,100.0,97.49455817347079
110.0,110.0,98.43120511884813
110.0,120.0,99.4339756609413
110.0,130.0,100.46416475105733
110.0,140.0,101.48191728841293
110.0,150.0,102.44776593752813
110.0,160.0,103.32419127460626
110.0,170.0,104.07720426290037
110.0,180.0,104.6779510570661
110.0,190.0,105.10434013650107
110.0,200.0,105.34269176767054
110.0,210.0,105.38940979541968
110.0,220.0,105.25267576327217
110.0,230.0,104.95416536271517
110.0,240.0,104.53078721147102
110.0,250.0,104.03644396075501
110.0,260.0,103.53053445204941
110.0,270.0,103.03119870805298
110.0,280.0,102.54133537983313
110.0,290.0,102.06065443400392
110.0,300.0,101.58650481465695
110.0,310.0,101.11462007440812
110.0,320.0,100.63978197456034
110.0,330.0,100.15640205438223
110.0,340.0,99.65902116950268
110.0,350.0,99.14272699942153
110.0,360.0,98.60348952413605
110.0,370.0,98.03841446988342
110.0,380.0,97.44591472399922
110.0,390.0,96.82579971889179
110.0,400.0,96.17928278513259
110.0,410.0,95.50890647366255
110.0,420.0,94.81838584711426
110.0,430.0,94.11236974025024
110.0,440.0,93.39611998951712
110.0,450.0,92.67510863171566
110.0,460.0,91.95453307178697
110.0,470.0,91.23874921971444
110.0,480.0,90.53062259654179
110.0,490.0,89.83079740950693
110.0,500.0,89.13688359629195
110.0,510.0,88.44736178059122
110.0,520.0,87.77712173514571
110.0,530.0,87.14561106510077
110.0,540.0,86.57136117351618
110.0,550.0,86.07094232517112
110.0,560.0,85.6580959599679
110.0,570.0,85.34304425593491
110.0,580.0,85.13197694182858
110.0,590.0,85.02671535933428
110.0,600.0,85.02455377486629
110.0,610.0,85.11827794096686
110.0,620.0,85.29636090730418
110.0,630.0,85.54333608126942
110.0,640.0,85.84034753817288
110.0,650.0,86.16587758103901
110.0,660.0,86.49665155000059
110.0,670.0,86.80871988129186
110.0,680.0,87.07871741584069
110.0,690.0,87.28529995745983
110.0,700.0,87.41075808063707
110.0,710.0,87.44280818792458
110.0,720.0,87.37656081692707
110.0,730.0,87.21666619688922
110.0,740.0,86.97963705488198
110.0,750.0,86.69634867158784
110.0,760.0,86.40235853620612
110.0,770.0,86.10152367735634
110.0,780.0,85.7990775904147
110.0,790.0,85.50993416082837
110.0,800.0,85.25520795570242
110.0,810.0,85.05913494435241
110.0,820.0,84.94639364782267
110.0,830.0,84.93982671737015
110.0,840.0,85.05856294191403
110.0,850.0,85.31653968445097
110.0,860.0,85.72142574743593
110.0,870.0,86.27394466712877
110.0,880.0,86.96759843690647
110.0,890.0,87.78879165954095
110.0,900.0,88.71735612844262
110.0,910.0,89.72747583786956
110.0,920.0,90.78901242210243
110.0,930.0,91.86923102358482
110.0,940.0,92.93492659002962
110.0,950.0,93.95495060049065
110.0,960.0,94.9031382204003
110.0,970.0,95.76163588557256
110.0,980.0,96.52462931517192
110.0,990.0,97.20247195364774
120.0,0.0,97.18303019514528
120.0,10.0,96.59473489743881
120.0,20.0,96.06569947367373
120.0,30.0,95.64380288115024
120.0,40.0,95.36494310304
120.0,50.0,95.25359811937219
120.0,60.0,95.32347769103892
120.0,70.0,95.57826595682066
120.0,80.0,96.01245484343106
120.0,90.0,96.61226828858149
120.0,100.0,97.35667727706526
120.0,110.0,98.21850568986139
120.0,120.0,99.16562696625817
120.0,130.0,100.16225157899626
120.0,140.0,101.17030532243137
120.0,150.0,102.15089841371683
120.0,160.0,103.06588540700552
120.0,170.0,103.87951592067164
120.0,180.0,104.56017617755202
120.0,190.0,105.08222135820719
120.0,200.0,105.42789876720192
120.0,210.0,105.5893618124056
120.0,220.0,105.57077479731211
120.0,230.0,105.39050852637939
120.0,240.0,105.08342672338877
120.0,250.0,104.70326326282367
120.0,260.0,104.31043210813792
120.0,270.0,103.92039349012254
120.0,280.0,103.5317994299419
120.0,290.0,103.1399592743898
120.0,300.0,102.73800961072425
120.0,310.0,102.31795086548223
120.0,320.0,101.87155058727458
120.0,330.0,101.39111341356075
120.0,340.0,100.87011772140379
120.0,350.0,100.30371896220528
120.0,360.0,99.68911968042029
120.0,370.0,99.02580621625242
120.0,380.0,98.31565209232886
120.0,390.0,97.56288808435548
120.0,400.0,96.77393897575199
120.0,410.0,95.95712699626714
120.0,420.0,95.12224194457389
120.0,430.0,94.27997799484471
120.0,440.0,93.4412371873069
120.0,450.0,92.61629960277786
120.0,460.0,91.81386022118056
120.0,470.0,91.03993246403893
120.0,480.0,90.29661842095328
120.0,490.0,89.58074576005583
120.0,500.0,88.88237132244632
120.0,510.0,88.19047750390631
120.0,520.0,87.51730132596236
120.0,530.0,86.88193386264527
120.0,540.0,86.30274054613102
120.0,550.0,85.79627939983024
120.0,560.0,85.37639944584045
120.0,570.0,85.05351928676104
120.0,580.0,84.83408586187116
120.0,590.0,84.72021337767025
120.0,600.0,84.70950241278153
120.0,610.0,84.79503919721813
120.0,620.0,84.9655750660121
120.0,630.0,85.20588608720621
120.0,640.0,85.49731286420857
120.0,650.0,85.81848051250986
120.0,660.0,86.1461988107637
120.0,670.0,86.45654252622944
120.0,680.0,86.726111914578
120.0,690.0,86.9334733940604
120.0,700.0,87.06078039403909
120.0,710.0,87.0955743778821
120.0,720.0,87.03276604021997
120.0,730.0,86.87679667856546
120.0,740.0,86.64397973929607
120.0,750.0,86.36502253799938
120.0,760.0,86.07578334147395
120.0,770.0,85.781983814924
120.0,780.0,85.49076188935037
120.0,790.0,85.21851932770288
120.0,800.0,84.98744499815106
120.0,810.0,84.82244432037334
120.0,820.0,84.74847488486489
120.0,830.0,84.78828824526431
120.0,840.0,84.96057788369876
120.0,850.0,85.27853334914789
120.0,860.0,85.74880056882638
120.0,870.0,86.37084833258511
120.0,880.0,87.13674095033106
120.0,890.0,88.03131708246576
120.0,900.0,89.03277474334259
120.0,910.0,90.11366247774242
120.0,920.0,91.24227671036832
120.0,930.0,92.38446526835853
120.0,940.0,93.50583707681838
120.0,950.0,94.57437802737067
120.0,960.0,95.5634730197249
120.0,970.0,96.45533417626491
120.0,980.0,97.24483522965548
120.0,990.0,97.94375208346732
130.0,0.0,97.95431177164203
130.0,10.0,97.32257747213444
130.0,20.0,96.74108465746495
130.0,30.0,96.25260495486924
130.0,40.0,95.89143193243731
130.0,50.0,95.68316536241866
130.0,60.0,95.64465566618003
130.0,70.0,95.78410854081542
130.0,80.0,96.10134976740883
130.0,90.0,96.58825020094922
130.0,100.0,97.2293109418981
130.0,110.0,98.0024086894095
130.0,120.0,98.87970127620245
130.0,130.0,99.82869338508588
130.0,140.0,100.81346244713605
130.0,150.0,101.79604472152634
130.0,160.0,102.73798155700966
130.0,170.0,103.60202583505318
130.0,180.0,104.35400859462557
130.0,190.0,104.96486583863673
130.0,200.0,105.41282552202998
130.0,210.0,105.68575472152668
130.0,220.0,105.7836669870234
130.0,230.0,105.72138987464135
130.0,240.0,105.53139266142863
130.0,250.0,105.2667742417145
130.0,260.0,104.98871099356698
130.0,270.0,104.71087263711686
130.0,280.0,104.42857900971254
130.0,290.0,104.13335700207405
130.0,300.0,103.81448517480017
130.0,310.0,103.46035311127565
130.0,320.0,103.05963550697926
130.0,330.0,102.6022809951921
130.0,340.0,102.08031570910657
130.0,350.0,101.4884615803357
130.0,360.0,100.82456937382315
130.0,370.0,100.08986645915354
130.0,380.0,99.28901931826339
130.0,390.0,98.43001078955254
130.0,400.0,97.52383204839599
130.0,410.0,96.58398932405638
130.0,420.0,95.62582535299684
130.0,430.0,94.66565556859442
130.0,440.0,93.71971902725397
130.0,450.0,92.80294407092258
130.0,460.0,91.92752872600443
130.0,470.0,91.10133583867623
130.0,480.0,90.32610294660316
130.0,490.0,89.5954668870551
130.0,500.0,88.89280314142378
130.0,510.0,88.19854322477222
130.0,520.0,87.5226310470748
130.0,530.0,86.88395127057908
130.0,540.0,86.30080896072586
130.0,550.0,85.78981498674985
130.0,560.0,85.3649545591855
130.0,570.0,85.03683890427855
130.0,580.0,84.81214007530264
130.0,590.0,84.6932089007814
130.0,600.0,84.677876069616
130.0,610.0,84.75943635311792
130.0,620.0,84.92681596394709
130.0,630.0,85.16492305195553
130.0,640.0,85.45518133693625
130.0,650.0,85.7762468782775
130.0,660.0,86.10490798152249
130.0,670.0,86.41716824183435
130.0,680.0,86.68951272436655
130.0,690.0,86.90035728153867
130.0,700.0,87.03168100721749
130.0,710.0,87.07084182780346
130.0,720.0,87.01257523022261
130.0,730.0,86.86117612682372
130.0,740.0,86.63286385718096
130.0,750.0,86.35833032680173
130.0,760.0,86.07372723679552
130.0,770.0,85.7859060878604
130.0,780.0,85.50318782142239
130.0,790.0,85.24296177594645
130.0,800.0,85.02819040861046
130.0,810.0,84.88432600824595
130.0,820.0,84.83663939954587
130.0,830.0,84.90796063853908
130.0,840.0,85.11683169933181
130.0,850.0,85.4760711521159
130.0,860.0,85.99175083244396
130.0,870.0,86.66258450177133
130.0,880.0,87.47972849926501
130.0,890.0,88.42699438487938
130.0,900.0,89.48147357369876
130.0,910.0,90.6145739615469
130.0,920.0,91.79346854186328
130.0,930.0,92.98295601384635
130.0,940.0,94.14773338186355
130.0,950.0,95.2550805461282
130.0,960.0,96.27795688464334
130.0,970.0,97.19850982641236
130.0,980.0,98.01199541591647
130.0,990.0,98.73111086885916
140.0,0.0,98.762397258356
140.0,10.0,98.0876733556987
140.0,20.0,97.45371106812023
140.0,30.0,96.89779719304326
140.0,40.0,96.45233310263984
140.0,50.0,96.14383940523606
140.0,60.0,95.99218927240247
140.0,70.0,96.01007043172997
140.0,80.0,96.20267582529164
140.0,90.0,96.56762293378996
140.0,100.0,97.09510176638996
140.0,110.0,97.76825151623787
140.0,120.0,98.56376588166547
140.0,130.0,99.45272705308025
140.0,140.0,100.40166836554097
140.0,150.0,101.37386561701922
140.0,160.0,102.33085705234637
140.0,170.0,103.2341920128464
140.0,180.0,104.04740825165425
140.0,190.0,104.7382379147199
140.0,200.0,105.28104218749823
140.0,210.0,105.65947460732433
140.0,220.0,105.86937304147469
140.0,230.0,105.9218803309139
140.0,240.0,105.8467935997272
140.0,250.0,105.69614223023855
140.0,260.0,105.53161909525275
140.0,270.0,105.36608593390184
140.0,280.0,105.19257102974619
140.0,290.0,104.99956214042595
140.0,300.0,104.7729498993933
140.0,310.0,104.4977346689093
140.0,320.0,104.1594968443053
140.0,330.0,103.74563060950882
140.0,340.0,103.24634114383434
140.0,350.0,102.65540528003828
140.0,360.0,101.9706956136388
140.0,370.0,101.19446806350015
140.0,380.0,100.33341288368166
140.0,390.0,99.39846912655108
140.0,400.0,98.40440255716283
140.0,410.0,97.36914701890056
140.0,420.0,96.31290925038454
140.0,430.0,95.25703715364335
140.0,440.0,94.22265151355047
140.0,450.0,93.2290411685252
140.0,460.0,92.29182163249827
140.0,470.0,91.42085716814208
140.0,480.0,90.61794631136547
140.0,490.0,89.874270847073
140.0,500.0,89.16760823618903
140.0,510.0,88.47104877312711
140.0,520.0,87.79267247079547
140.0,530.0,87.15131423894992
140.0,540.0,86.56532680834505
140.0,550.0,86.05143817132647
140.0,560.0,85.62379508409249
140.0,570.0,85.29319263062467
140.0,580.0,85.06648984828766
140.0,590.0,84.94621141509802
140.0,600.0,84.93033539866245
140.0,610.0,85.01226706678483
140.0,620.0,85.18099875974258
140.0,630.0,85.4214558242322
140.0,640.0,85.71502860898373
140.0,650.0,86.0402905220446
140.0,660.0,86.37390214973239
140.0,670.0,86.69170143725692
140.0,680.0,86.9699799310113
140.0,690.0,87.18694508253225
140.0,700.0,87.32436861412944
140.0,710.0,87.3694209461841
140.0,720.0,87.31669168611661
140.0,730.0,87.17039617902337
140.0,740.0,86.94676811998269
140.0,750.0,86.67663822802984
140.0,760.0,86.39642388526869
140.0,770.0,86.11327861908092
140.0,780.0,85.83589429671953
140.0,790.0,85.58208022010035
140.0,800.0,85.37522648670762
140.0,810.0,85.24118508581954
140.0,820.0,85.20556873005357
140.0,830.0,85.2914674222317
140.0,840.0,85.51758275756556
140.0,850.0,85.89677996116127
140.0,860.0,86.43505766084436
140.0,870.0,87.13093539530442
140.0,880.0,87.97525885755957
140.0,890.0,88.95142287374097
140.0,900.0,90.03601211719702
140.0,910.0,91.19985955791745
140.0,920.0,92.40952264727743
140.0,930.0,93.62917723810129
140.0,940.0,94.82292924004636
140.0,950.0,95.95754401030644
140.0,960.0,97.00559347963528
140.0,970.0,97.94902101368996
140.0,980.0,98.7831240096939
140.0,990.0,99.52095422842011
150.0,0.0,99.5629509855132
150.0,10.0,98.84678238326171
150.0,20.0,98.16170922877517
150.0,30.0,97.53932182886004
150.0,40.0,97.0099082364365
150.0,50.0,96.60069694452812
150.0,60.0,96.33439411030416
150.0,70.0,96.22801530917434
150.0,80.0,96.29201181893613
150.0,90.0,96.52969143397448
150.0,100.0,96.93693380951422
150.0,110.0,97.50220033592474
150.0,120.0,98.20683854307744
150.0,130.0,99.02568103475541
150.0,140.0,99.92793895311586
150.0,150.0,100.8783899732049
150.0,160.0,101.83886082752493
150.0,170.0,102.77000436065441
150.0,180.0,103.6333711139203
150.0,190.0,104.39377544012292
150.0,200.0,105.02195614831324
150.0,210.0,105.49753167862283
150.0,220.0,105.8122498071463
150.0,230.0,105.97353188087602
150.0,240.0,106.00831158268976
150.0,250.0,105.96716822639038
150.0,260.0,105.91208460129864
150.0,270.0,105.85614082556977
150.0,280.0,105.79118827120472
150.0,290.0,105.70350699400385
150.0,300.0,105.57616236206178
150.0,310.0,105.39107581216109
150.0,320.0,105.13080973406522
150.0,330.0,104.78006648271032
150.0,340.0,104.3269015182961
150.0,350.0,103.76365067427568
150.0,360.0,103.08757155324464
150.0,370.0,102.3011990507289
150.0,380.0,101.41241500687164
150.0,390.0,100.4342319860194
150.0,400.0,99.38429118420703
150.0,410.0,98.28407446454179
150.0,420.0,97.15783052048633
150.0,430.0,96.03121516704088
150.0,440.0,94.92964575982434
150.0,450.0,93.87636974205441
150.0,460.0,92.89024731942673
150.0,470.0,91.98324826289314
150.0,480.0,91.15766283933887
150.0,490.0,90.40302687015871
150.0,500.0,89.69276091773239
150.0,510.0,88.99402609359822
150.0,520.0,88.31351589210351
150.0,530.0,87.67017073911344
150.0,540.0,87.08249600887969
150.0,550.0,86.56739700882078
150.0,560.0,86.13920283885669
150.0,570.0,85.80887912529768
150.0,580.0,85.58342962928717
150.0,590.0,85.46548672979898
150.0,600.0,85.45309078118868
150.0,610.0,85.53965834529909
150.0,620.0,85.71413929812005
150.0,630.0,85.9613628110024
150.0,640.0,86.26257220642604
150.0,650.0,86.59614868832226
150.0,660.0,86.93852394695028
150.0,670.0,87.26528163832796
150.0,680.0,87.55244773821664
150.0,690.0,87.77796977066029
150.0,700.0,87.92338491107871
150.0,710.0,87.97567696391516
150.0,720.0,87.92932221483781
150.0,730.0,87.78852415749577
150.0,740.0,87.5696370948291
150.0,750.0,87.30377861493298
150.0,760.0,87.02758490418475
150.0,770.0,86.7476322474265
150.0,780.0,86.47212145543313
150.0,790.0,86.21867533785283
150.0,800.0,86.01073777097275
150.0,810.0,85.87439602513493
150.0,820.0,85.83562635180205
150.0,830.0,85.91796283027357
150.0,840.0,86.14058947405168
150.0,850.0,86.51685559685745
150.0,860.0,87.0532144382971
150.0,870.0,87.74858504917817
150.0,880.0,88.59413743647599
150.0,890.0,89.57350096795004
150.0,900.0,90.66339603641052
150.0,910.0,91.83468898363489
150.0,920.0,93.05387028393461
150.0,930.0,94.28495598737182
150.0,940.0,95.49181242262615
150.0,950.0,96.6409041595117
150.0,960.0,97.70446523114396
150.0,970.0,98.66409361575684
150.0,980.0,99.51476897816984
150.0,990.0,100.2692936709053
160.0,0.0,100.31130628689395
160.0,10.0,99.55627415522265
160.0,20.0,98.82277380657835
160.0,30.0,98.13666637277208
160.0,40.0,97.52598415218117
160.0,50.0,97.01844895086772
160.0,60.0,96.63934656578071
160.0,70.0,96.40975741004164
160.0,80.0,96.3451432803137
160.0,90.0,96.45429026625474
160.0,100.0,96.73860780205358
160.0,110.0,97.19178386005008
160.0,120.0,97.79979628643876
160.0,130.0,98.54128027905594
160.0,140.0,99.38825200725061
160.0,150.0,100.30718837383876
160.0,160.0,101.26046291914132
160.0,170.0,102.20813786710582
160.0,180.0,103.11011231351146
160.0,190.0,103.92862655625788
160.0,200.0,104.63112256773749
160.0,210.0,105.19346060929139
160.0,220.0,105.60349198774895
160.0,230.0,105.86498795405075
160.0,240.0,106.00192474395548
160.0,250.0,106.06312476083012
160.0,260.0,106.11066502307885
160.0,270.0,106.15886399192406
160.0,280.0,106.19953065548448
160.0,290.0,106.21761705605425
160.0,300.0,106.19399207510929
160.0,310.0,106.10788320726272
160.0,320.0,105.938986323169
160.0,330.0,105.6692434213774
160.0,340.0,105.28428836913405
160.0,350.0,104.77456063213326
160.0,360.0,104.1360869932176
160.0,370.0,103.3709312600271
160.0,380.0,102.48731196159729
160.0,390.0,101.49938803390621
160.0,400.0,100.4267124943706
160.0,410.0,99.29335410529072
160.0,420.0,98.12668702624435
160.0,430.0,96.95584845542975
160.0,440.0,95.8098642599575
160.0,450.0,94.71544259509135
160.0,460.0,93.69443551243806
160.0,470.0,92.76096855708614
160.0,480.0,91.9182383536937
160.0,490.0,91.1549781815249
160.0,500.0,90.44159153843593
160.0,510.0,89.74085792678
160.0,520.0,89.05858694520309
160.0,530.0,88.41397068781359
160.0,540.0,87.82576383963203
160.0,550.0,87.3111020784207
160.0,560.0,86.88451198234696
160.0,570.0,86.5571124434803
160.0,580.0,86.33600758712328
160.0,590.0,86.22387119697598
160.0,600.0,86.21872264613437
160.0,610.0,86.3138943339224
160.0,620.0,86.49819062855778
160.0,630.0,86.7562383156515
160.0,640.0,87.06902855254117
160.0,650.0,87.41465032845804
160.0,660.0,87.76921543052777
160.0,670.0,88.10797491560497
160.0,680.0,88.40662708794147
160.0,690.0,88.64281698268833
160.0,700.0,88.7978273552316
160.0,710.0,88.85846117636183
160.0,720.0,88.81911563327726
160.0,730.0,88.6840476364209
160.0,740.0,88.4698308321512
160.0,750.0,88.20800412124655
160.0,760.0,87.9353585160736
160.0,770.0,87.65700513643267
160.0,780.0,87.3797838308877
160.0,790.0,87.1205150894359
160.0,800.0,86.9023128983966
160.0,810.0,86.75132602261874
160.0,820.0,86.69390771500662
160.0,830.0,86.75421385336426
160.0,840.0,86.95222950455812
160.0,850.0,87.30222391599824
160.0,860.0,87.8116339344379
160.0,870.0,88.4803758520916
160.0,880.0,89.3005856800716
160.0,890.0,90.25678784914291
160.0,900.0,91.32649233779655
160.0,910.0,92.48122022764143
160.0,920.0,93.68795768611466
160.0,930.0,94.91103837651015
160.0,940.0,96.11445429532583
160.0,950.0,97.2645950369292
160.0,960.0,98.33341548554137
160.0,970.0,99.3020319345395
160.0,980.0,100.16474663307777
160.0,990.0,100.93350076002669
170.0,0.0,100.96443914385436
170.0,10.0,100.17405815824466
170.0,20.0,99.39603706116485
170.0,30.0,98.65065893081777
170.0,40.0,97.96364472985898
170.0,50.0,97.36300348034527
170.0,60.0,96.87629447845524
170.0,70.0,96.52830154898146
170.0,80.0,96.33911933959486
170.0,90.0,96.3226516548805
170.0,100.0,96.48552183014563
170.0,110.0,96.82639514499924
170.0,120.0,97.33571327670373
170.0,130.0,97.99584079329824
170.0,140.0,98.78162368649393
170.0,150.0,99.66135994434103
170.0,160.0,100.59818216366784
170.0,170.0,101.5518522022915
170.0,180.0,102.48096787100059
170.0,190.0,103.34558166530964
170.0,200.0,104.11023153698547
170.0,210.0,104.74738370534534
170.0,220.0,105.24128750832703
170.0,230.0,105.59224229333059
170.0,240.0,105.8212763478322
170.0,250.0,105.97523786976966
170.0,260.0,106.11614311092613
170.0,270.0,106.26051419875844
170.0,280.0,106.40121898268708
170.0,290.0,106.5227688147652
170.0,300.0,106.60450253066902
170.0,310.0,106.62339655994519
170.0,320.0,106.55650116551499
170.0,330.0,106.38300281243552
170.0,340.0,106.08591266591789
170.0,350.0,105.65338121860214
170.0,360.0,105.07963904708926
170.0,370.0,104.36556369773012
170.0,380.0,103.51887270167123
170.0,390.0,102.55394271915753
170.0,400.0,101.49125481309206
170.0,410.0,100.35646585185258
170.0,420.0,99.17910604136509
170.0,430.0,97.99090258643432
170.0,440.0,96.82372948133107
170.0,450.0,95.70718342963664
170.0,460.0,94.66578589334397
170.0,470.0,93.71581127121584
170.0,480.0,92.86174120640011
170.0,490.0,92.09234502330152
170.0,500.0,91.37638629371087
170.0,510.0,90.67387548677173
170.0,520.0,89.9902429198163
170.0,530.0,89.34506232717845
170.0,540.0,88.75742134708231
170.0,550.0,88.24472931170479
170.0,560.0,87.82171893030747
170.0,570.0,87.49964186543826
170.0,580.0,87.28565820220234
170.0,590.0,87.18241981060268
170.0,600.0,87.1878476009501
170.0,610.0,87.29510267234284
170.0,620.0,87.49275135421559
170.0,630.0,87.76512414095804
170.0,640.0,88.09286851960296
170.0,650.0,88.45369569058381
170.0,660.0,88.82332118156175
170.0,670.0,89.17659935432235
170.0,680.0,89.48885180474151
170.0,690.0,89.73738965582132
170.0,700.0,89.90322974379491
170.0,710.0,89.97300469730129
170.0,720.0,89.94106690962936
170.0,730.0,89.81178640403155
170.0,740.0,89.60204259210713
170.0,750.0,89.34390992525458
170.0,760.0,89.07425586673395
170.0,770.0,88.79587153358818
170.0,780.0,88.51339888435155
170.0,790.0,88.24225977627225
170.0,800.0,88.00486275311263
170.0,810.0,87.82724294864931
170.0,820.0,87.73613510587353
170.0,830.0,87.75647971189159
170.0,840.0,87.90936224852517
170.0,850.0,88.21038555861206
170.0,860.0,88.66847532800661
170.0,870.0,89.28511868328056
170.0,880.0,90.05403590512374
170.0,890.0,90.96128525744501
170.0,900.0,91.98580093217313
170.0,910.0,93.10036410975783
170.0,920.0,94.27300713537095
170.0,930.0,95.4688508108075
170.0,940.0,96.65237480208708
170.0,950.0,97.79012116275511
170.0,960.0,98.85383097288435
170.0,970.0,99.82401409377633
170.0,980.0,100.69395203836294
170.0,990.0,101.47413395730818
180.0,0.0,101.48311443335218
180.0,10.0,100.66168617318948
180.0,20.0,99.84411251459063
180.0,30.0,99.04542858806663
180.0,40.0,98.2890786602221
180.0,50.0,97.60317059542271
180.0,60.0,97.01719131749988
180.0,70.0,96.55918327149305
180.0,80.0,96.25338188542929
180.0,90.0,96.1183140321403
180.0,100.0,96.16535749111704
180.0,110.0,96.39776141040146
180.0,120.0,96.81012776851601
180.0,130.0,97.38835383643035
180.0,140.0,98.11003563956552
180.0,150.0,98.94533241983565
180.0,160.0,99.85829209772692
180.0,170.0,100.80863773441415
180.0,180.0,101.75401499391462
180.0,190.0,102.6527006052795
180.0,200.0,103.4667718248226
180.0,210.0,104.16573689838648
180.0,220.0,104.7306265236463
180.0,230.0,105.15854631245055
180.0,240.0,105.46769025319989
180.0,250.0,105.70281517326282
180.0,260.0,105.92576956342407
180.0,270.0,106.15614642593076
180.0,280.0,106.38889113888666
180.0,290.0,106.6089299582742
180.0,300.0,106.79474654117512
180.0,310.0,106.92154793373278
180.0,320.0,106.96402002385645
180.0,330.0,106.89867245866711
180.0,340.0,106.70577302668511
180.0,350.0,106.37087150475965
180.0,360.0,105.8859129697399
180.0,370.0,105.24994057488794
180.0,380.0,104.46938779103343
180.0,390.0,103.55796011247
180.0,400.0,102.53610622759354
180.0,410.0,101.43007865428206
180.0,420.0,100.27058384001741
180.0,430.0,99.09102172674869
180.0,440.0,97.92531478049753
180.0,450.0,96.80532648570502
180.0,460.0,95.75786930432038
180.0,470.0,94.80130209963146
180.0,480.0,93.94171702483703
180.0,490.0,93.1687158763606
180.0,500.0,92.45077591190629
180.0,510.0,91.74674513497484
180.0,520.0,91.06215877721058
180.0,530.0,90.41708006063125
180.0,540.0,89.83099634185831
180.0,550.0,89.32162209550535
180.0,560.0,88.90389788159337
180.0,570.0,88.58918529699338
180.0,580.0,88.38465791089611
180.0,590.0,88.29288818430868
180.0,600.0,88.31163037357855
180.0,610.0,88.43379941794466
180.0,620.0,88.64764581111538
180.0,630.0,88.93712645687401
180.0,640.0,89.28247150871103
180.0,650.0,89.66094719348368
180.0,660.0,90.04781461910265
180.0,670.0,90.41748456624582
180.0,680.0,90.74486826409915
180.0,690.0,91.0069241501248
180.0,700.0,91.18440061385616
180.0,710.0,91.26377472472016
180.0,720.0,91.2393869438868
180.0,730.0,91.11577182014545
180.0,740.0,90.91018466980874
180.0,750.0,90.65532424064315
180.0,760.0,90.38804501024788
180.0,770.0,90.10803468008282
180.0,780.0,89.81697091162737
180.0,790.0,89.52832683887267
180.0,800.0,89.26345490420424
180.0,810.0,89.04810791649432
180.0,820.0,88.90939733140435
180.0,830.0,88.87318875389744
180.0,840.0,88.96193466296067
180.0,850.0,89.1929443585376
180.0,860.0,89.57709113067051
180.0,870.0,90.1179566508528
180.0,880.0,90.81141258559134
180.0,890.0,91.6456394321787
180.0,900.0,92.60158257667545
180.0,910.0,93.65384557410248
180.0,920.0,94.77202065084315
180.0,930.0,95.92245642925556
180.0,940.0,97.07046287449478
180.0,950.0,98.18295346354493
180.0,960.0,99.23152457646145
180.0,970.0,100.19597210982315
180.0,980.0,101.06824531239437
180.0,990.0,101.85683784299711
190.0,0.0,101.83420477997753
190.0,10.0,100.98662696999168
190.0,20.0,100.13530884272855
190.0,30.0,99.290530857189
190.0,40.0,98.47358307699508
190.0,50.0,97.71250939499316
190.0,60.0,97.03835386484938
190.0,70.0,96.48190913963792
190.0,80.0,96.0709670174219
190.0,90.0,95.82807109382688
190.0,100.0,95.76877152160688
190.0,110.0,95.90038187720332
190.0,120.0,96.22123813429626
190.0,130.0,96.72045974434855
190.0,140.0,97.3782128241424
190.0,150.0,98.16647545030878
190.0,160.0,99.05030506084931
190.0,170.0,99.98960796365078
190.0,180.0,100.94141095199247
190.0,190.0,101.86263502704587
190.0,200.0,102.71337122736725
190.0,210.0,103.46065856538272
190.0,220.0,104.08276407086599
190.0,230.0,104.5739649414087
190.0,240.0,104.94983279988355
190.0,250.0,105.25302005889976
190.0,260.0,105.54515253030367
190.0,270.0,105.84962727223132
190.0,280.0,106.16436077219403
190.0,290.0,106.4754819784305
190.0,300.0,106.76127387522206
190.0,310.0,106.99567373948554
190.0,320.0,107.15133207864358
190.0,330.0,107.20223024977251
190.0,340.0,107.12585676002787
190.0,350.0,106.9049422483474
190.0,360.0,106.52875314843153
190.0,370.0,105.99394403300165
190.0,380.0,105.3049686393356
190.0,390.0,104.47404957608101
190.0,400.0,103.52070671134601
190.0,410.0,102.47084424206756
190.0,420.0,101.35539644465733
190.0,430.0,100.20853210692509
190.0,440.0,99.06541764127974
190.0,450.0,97.95953887920777
190.0,460.0,96.91958154702938
190.0,470.0,95.96587042293208
190.0,480.0,95.10636717528196
190.0,490.0,94.33222688221217
190.0,500.0,93.61291323248953
190.0,510.0,92.90764405014971
190.0,520.0,92.22250286596055
190.0,530.0,91.57812374471654
190.0,540.0,90.99444097690761
190.0,550.0,90.48949264917195
190.0,560.0,90.07842195434027
190.0,570.0,89.77267624107164
190.0,580.0,89.57940380308101
190.0,590.0,89.50104840795808
190.0,600.0,89.53514156557799
190.0,610.0,89.67429253610331
190.0,620.0,89.90637607757779
190.0,630.0,90.2149179331116
190.0,640.0,90.57967805765803
190.0,650.0,90.97743158438197
190.0,660.0,91.38294753061984
190.0,670.0,91.77016524343091
190.0,680.0,92.11356858474052
190.0,690.0,92.38975785607462
190.0,700.0,92.5792194628859
190.0,710.0,92.6682933184716
190.0,720.0,92.6513379874827
190.0,730.0,92.53309356902489
190.0,740.0,92.33124231935089
190.0,750.0,92.07916701414445
190.0,760.0,91.81361256098054
190.0,770.0,91.5304838710448
190.0,780.0,91.22783032142299
190.0,790.0,90.91669539398379
190.0,800.0,90.61706433263693
190.0,810.0,90.35425247062017
190.0,820.0,90.15573422781473
190.0,830.0,90.04841277808964
190.0,840.0,90.05633038667446
190.0,850.0,90.19881941756091
190.0,860.0,90.48909401093312
190.0,870.0,90.93328243062633
190.0,880.0,91.52990008161464
190.0,890.0,92.269763197527
190.0,900.0,93.13634319819222
190.0,910.0,94.10656171721244
190.0,920.0,95.15202629956532
190.0,930.0,96.24070676923488
190.0,940.0,97.3390522668711
190.0,950.0,98.41454895747796
190.0,960.0,99.43871840813047
190.0,970.0,100.39055663572005
190.0,980.0,101.26041382472874
190.0,990.0,102.05431471503209
200.0,0.0,101.99318201198815
200.0,10.0,101.12471328947247
200.0,20.0,100.24601398812513
200.0,30.0,99.36323819214982
200.0,40.0,98.49572307214973
200.0,50.0,97.67131715364648
200.0,60.0,96.92224340580619
200.0,70.0,96.28149715037216
200.0,80.0,95.77977879080456
200.0,90.0,95.44296136162677
200.0,100.0,95.29009289797875
200.0,110.0,95.33193362537705
200.0,120.0,95.57002796968182
200.0,130.0,95.99631138727058
200.0,140.0,96.59325201541878
200.0,150.0,97.33452714288731
200.0,160.0,98.18623450071668
200.0,170.0,99.10863837322825
200.0,180.0,100.05845052923205
200.0,190.0,100.99164597344168
200.0,200.0,101.86681351809582
200.0,210.0,102.64904117478673
200.0,220.0,103.31433636649555
200.0,230.0,103.8545809598343
200.0,240.0,104.28302111749498
200.0,250.0,104.64029197090525
200.0,260.0,104.98779390894425
200.0,270.0,105.35330163704593
200.0,280.0,105.73843843761762
200.0,290.0,106.13122517331176
200.0,300.0,106.51035118881175
200.0,310.0,106.84897939619032
200.0,320.0,107.11808554384064
200.0,330.0,107.28933166898
200.0,340.0,107.33747373372621
200.0,350.0,107.24230344474663
200.0,360.0,106.99012425647966
200.0,370.0,106.57476155792925
200.0,380.0,105.9981070430317
200.0,390.0,105.27019726459523
200.0,400.0,104.40882637181228
200.0,410.0,103.43869303134433
200.0,420.0,102.39008153197938
200.0,430.0,101.29707707286217
200.0,440.0,100.19531523529692
200.0,450.0,99.11926563812284
200.0,460.0,98.09904977666211
200.0,470.0,97.15679304524069
200.0,480.0,96.30251094328173
200.0,490.0,95.52952946497138
200.0,500.0,94.80943967249773
200.0,510.0,94.10322489473218
200.0,520.0,93.41790233744427
200.0,530.0,92.77472943684158
200.0,540.0,92.19411390887241
200.0,550.0,91.69442267623475
200.0,560.0,91.29098993206783
200.0,570.0,90.99532434032604
200.0,580.0,90.81451537283546
200.0,590.0,90.75083878303298
200.0,600.0,90.80156121638775
200.0,610.0,90.95894395750541
200.0,620.0,91.21044581391452
200.0,630.0,91.53912513653584
200.0,640.0,91.92424097683389
200.0,650.0,92.34205338065112
200.0,660.0,92.76682281872466
200.0,670.0,93.17200875388545
200.0,680.0,93.53166734493998
200.0,690.0,93.82204828723462
200.0,700.0,94.02339078990228
200.0,710.0,94.12191868979177
200.0,720.0,94.11203470207958
200.0,730.0,93.9987138075642
200.0,740.0,93.80009577664306
200.0,750.0,93.55027682997172
200.0,760.0,93.28579301256434
200.0,770.0,92.99821566626726
200.0,780.0,92.68142828550194
200.0,790.0,92.34365051098605
200.0,800.0,92.00324044731525
200.0,810.0,91.68494039437296
200.0,820.0,91.41656599256791
200.0,830.0,91.22613878189968
200.0,840.0,91.13946217485191
200.0,850.0,91.17814084311367
200.0,860.0,91.3580435181284
200.0,870.0,91.68820920547097
200.0,880.0,92.17019681305247
200.0,890.0,92.7978781931529
200.0,900.0,93.55767459828178
200.0,910.0,94.4292365508666
200.0,920.0,95.38656712676914
200.0,930.0,96.3995886526296
200.0,940.0,97.43615281703885
200.0,950.0,98.46449419553811
200.0,960.0,99.45612718944705
200.0,970.0,100.38918637851927
200.0,980.0,101.25221028742597
200.0,990.0,102.04836856606737
210.0,0.0,101.94678122134935
210.0,10.0,101.06276111209318
210.0,20.0,100.16324949431869
210.0,30.0,99.25099556702685
210.0,40.0,98.34364709424945
210.0,50.0,97.46876057014026
210.0,60.0,96.65937042703763
210.0,70.0,95.95011728649847
210.0,80.0,95.3739352533036
210.0,90.0,94.95929825243455
210.0,100.0,94.72802540902165
210.0,110.0,94.69364547126362
210.0,120.0,94.86032027631842
210.0,130.0,95.22232725916564
210.0,140.0,95.7641010044401
210.0,150.0,96.46083384123706
210.0,160.0,97.27963548088859
210.0,170.0,98.18125169771147
210.0,180.0,99.12234205272645
210.0,190.0,100.05831666034886
210.0,200.0,100.94673199805071
210.0,210.0,101.75124575899396
210.0,220.0,102.44613074763555
210.0,230.0,103.0213478183033
210.0,240.0,103.48817785674379
210.0,250.0,103.88541280464112
210.0,260.0,104.2742724344788
210.0,270.0,104.68731067881336
210.0,280.0,105.13041521072105
210.0,290.0,105.59406604849536
210.0,300.0,106.0578942519883
210.0,310.0,106.49475666300035
210.0,320.0,106.87432668971876
210.0,330.0,107.16620113520446
210.0,340.0,107.34252306992757
210.0,350.0,107.3801207483512
210.0,360.0,107.26216256956403
210.0,370.0,106.97932808196126
210.0,380.0,106.53049503197407
210.0,390.0,105.92294245684774
210.0,400.0,105.17206982146813
210.0,410.0,104.30063219923677
210.0,420.0,103.33749149699446
210.0,430.0,102.31588372399337
210.0,440.0,101.27120230491767
210.0,450.0,100.2382974369527
210.0,460.0,99.24829149090269
210.0,470.0,98.32491045635682
210.0,480.0,97.48033143090412
210.0,490.0,96.71054615339652
210.0,500.0,95.99024058126082
210.0,510.0,95.28336947740955
210.0,520.0,94.59819826107407
210.0,530.0,93.95663159893297
210.0,540.0,93.37955704266699
210.0,550.0,92.8856632904679
210.0,560.0,92.49045861971712
210.0,570.0,92.20548949083425
210.0,580.0,92.03775932229543
210.0,590.0,91.98934743682152
210.0,600.0,92.05722817873617
210.0,610.0,92.23329020249369
210.0,620.0,92.50455593237673
210.0,630.0,92.85360119336397
210.0,640.0,93.25917501316735
210.0,650.0,93.69701959543953
210.0,660.0,94.1408904641508
210.0,670.0,94.56377677913615
210.0,680.0,94.93932182281196
210.0,690.0,95.24344365806277
210.0,700.0,95.45615595729753
210.0,710.0,95.5635890026761
210.0,720.0,95.56021085750531
210.0,730.0,95.45124870880498
210.0,740.0,95.25531038104381
210.0,750.0,95.00720602104494
210.0,760.0,94.74316572386795
210.0,770.0,94.4500192514244
210.0,780.0,94.11708676061416
210.0,790.0,93.74946722754225
210.0,800.0,93.36369039026482
210.0,810.0,92.98381413703127
210.0,820.0,92.63796734002266
210.0,830.0,92.35533813458633
210.0,840.0,92.1636076439668
210.0,850.0,92.08682914953275
210.0,860.0,92.14375270650046
210.0,870.0,92.34659520515332
210.0,880.0,92.70025587755757
210.0,890.0,93.20197724977437
210.0,900.0,93.84145153956807
210.0,910.0,94.60137249961063
210.0,920.0,95.45843270618236
210.0,930.0,96.38476629336893
210.0,940.0,97.34983713275442
210.0,950.0,98.32277245861084
210.0,960.0,99.27514193858377
210.0,970.0,100.1841821898742
210.0,980.0,101.03646674091661
210.0,990.0,101.83202143855341
220.0,0.0,101.6958374277787
220.0,10.0,100.80136121364835
220.0,20.0,99.88739506161876
220.0,30.0,98.95404111995298
220.0,40.0,98.01755822986333
220.0,50.0,97.1051491250768
220.0,60.0,96.25032282196484
220.0,70.0,95.48883220023767
220.0,80.0,94.85518677420332
220.0,90.0,94.37974065459116
220.0,100.0,94.08635570094003
220.0,110.0,93.99063986455086
220.0,120.0,94.09876072200395
220.0,130.0,94.40683419924083
220.0,140.0,94.90088848621063
220.0,150.0,95.557403142081
220.0,160.0,96.34442339101373
220.0,170.0,97.22324960850482
220.0,180.0,98.1507019982891
220.0,190.0,99.08196045980962
220.0,200.0,99.9739796462514
220.0,210.0,100.78947921313971
220.0,220.0,101.50150925750333
220.0,230.0,102.09859094760174
220.0,240.0,102.59043234321749
220.0,250.0,103.01421940651275
220.0,260.0,103.43107356350366
220.0,270.0,103.87856105027753
220.0,280.0,104.3672087700776
220.0,290.0,104.89038711708382
220.0,300.0,105.42911247086059
220.0,310.0,105.95635364252337
220.0,320.0,106.44084227262407
220.0,330.0,106.85038718075518
220.0,340.0,107.15469266687275
220.0,350.0,107.32768076433808
220.0,360.0,107.34931744467833
220.0,370.0,107.20694277406574
220.0,380.0,106.89610502151574
220.0,390.0,106.42089871880388
220.0,400.0,105.79380667210148
220.0,410.0,105.03504592533005
220.0,420.0,104.1714176752346
220.0,430.0,103.23466113817558
220.0,440.0,102.25931136863984
220.0,450.0,101.28006102947008
220.0,460.0,100.32862611381333
220.0,470.0,99.43011561878811
220.0,480.0,98.59890517087044
220.0,490.0,97.83401460299845
220.0,500.0,97.11398948339613
220.0,510.0,96.40673141195637
220.0,520.0,95.72199043926183
220.0,530.0,95.08231675700847
220.0,540.0,94.50906685925798
220.0,550.0,94.02123421635314
220.0,560.0,93.63448080962202
220.0,570.0,93.36036952687125
220.0,580.0,93.205797418668
220.0,590.0,93.17262981541103
220.0,600.0,93.25753530519056
220.0,610.0,93.45202157243716
220.0,620.0,93.74267209735943
220.0,630.0,94.11158371617071
220.0,640.0,94.53700504210462
220.0,650.0,94.99417574721957
220.0,660.0,95.45636670499215
220.0,670.0,95.89612099369945
220.0,680.0,96.28669576059035
220.0,690.0,96.60370494684558
220.0,700.0,96.82696287332688
220.0,710.0,96.94252868711492
220.0,720.0,96.94495166883623
220.0,730.0,96.839717400779
220.0,740.0,96.64589479579784
220.0,750.0,96.39898398700741
220.0,760.0,96.13481957195013
220.0,770.0,95.8352259497769
220.0,780.0,95.48470388220674
220.0,790.0,95.08503430449633
220.0,800.0,94.6507786309393
220.0,810.0,94.20522586023064
220.0,820.0,93.7767864806959
220.0,830.0,93.39583317538536
220.0,840.0,93.09198832703316
220.0,850.0,92.89185832288132
220.0,860.0,92.81721465936874
220.0,870.0,92.8836218466851
220.0,880.0,93.09951211318972
220.0,890.0,93.46570690969526
220.0,900.0,93.97538521361653
220.0,910.0,94.61449863298407
220.0,920.0,95.3626333103227
220.0,930.0,96.19431862639512
220.0,940.0,97.08078270381021
220.0,950.0,97.99215471049651
220.0,960.0,98.90011396304047
220.0,970.0,99.78098582988972
220.0,980.0,100.61928443442117
220.0,990.0,101.41170215787423
230.0,0.0,101.25829484679505
230.0,10.0,100.35784300789821
230.0,20.0,99.43508332434637
230.0,30.0,98.48819186218282
230.0,40.0,97.53234136804943
230.0,50.0,96.59435054778557
230.0,60.0,95.70791760354342
230.0,70.0,94.9094380294199
230.0,80.0,94.23440666560502
230.0,90.0,93.71440401104675
230.0,100.0,93.37466679463233
230.0,110.0,93.2322428048862
230.0,120.0,93.29472997818421
230.0,130.0,93.55959974548458
230.0,140.0,94.01410463757513
230.0,150.0,94.63577014883712
230.0,160.0,95.39347085952559
230.0,170.0,96.24909081656612
230.0,180.0,97.1597681728681
230.0,190.0,98.08072408515457
230.0,200.0,98.96867587030847
230.0,210.0,99.78583442023542
230.0,220.0,100.50448587524296
230.0,230.0,101.11215755593629
230.0,240.0,101.6173681536306
230.0,250.0,102.05596217927967
230.0,260.0,102.4890661513925
230.0,270.0,102.95934541053407
230.0,280.0,103.48217194852118
230.0,290.0,104.05409909848484
230.0,300.0,104.65786570501247
230.0,310.0,105.26689745535815
230.0,320.0,105.84930537172109
230.0,330.0,106.37138146459206
230.0,340.0,106.80059154716807
230.0,350.0,107.10806521083501
230.0,360.0,107.27058296171853
230.0,370.0,107.27206051830295
230.0,380.0,107.1045302701183
230.0,390.0,106.76861989749544
230.0,400.0,106.27352815238932
230.0,410.0,105.63649780027035
230.0,420.0,104.88178572308381
230.0,430.0,104.03913018327749
230.0,440.0,103.14171524889727
230.0,450.0,102.22363237975098
230.0,460.0,101.31683917464024
230.0,470.0,100.44761527966041
230.0,480.0,99.63251545756881
230.0,490.0,98.87381981822077
230.0,500.0,98.15448121007402
230.0,510.0,97.44706777232949
230.0,520.0,96.76297192211861
230.0,530.0,96.12536861666399
230.0,540.0,95.55606032664693
230.0,550.0,95.07432226394315
230.0,560.0,94.6959488574144
230.0,570.0,94.43250147675647
230.0,580.0,94.29075740440301
230.0,590.0,94.27236005548549
230.0,600.0,94.37367044584934
230.0,610.0,94.58581990812608
230.0,620.0,94.8949640558615
230.0,630.0,95.28273799570002
230.0,640.0,95.72691278762503
230.0,650.0,96.20225315325541
230.0,660.0,96.68157643219797
230.0,670.0,97.13701278645618
230.0,680.0,97.54146665289477
230.0,690.0,97.87027944376058
230.0,700.0,98.10309349525932
230.0,710.0,98.22591726418862
230.0,720.0,98.23339177262692
230.0,730.0,98.13125830067864
230.0,740.0,97.93902732727533
230.0,750.0,97.69284871903287
230.0,760.0,97.42808527199816
230.0,770.0,97.12142288436652
230.0,780.0,96.75241472991452
230.0,790.0,96.31941772002229
230.0,800.0,95.83494284965201
230.0,810.0,95.32145310375957
230.0,820.0,94.80760892413976
230.0,830.0,94.32496123670481
230.0,840.0,93.90509203919638
230.0,850.0,93.5772025493309
230.0,860.0,93.3661489133784
230.0,870.0,93.29092547517459
230.0,880.0,93.36359560556652
230.0,890.0,93.58867009229151
230.0,900.0,93.9629330902896
230.0,910.0,94.47571563244924
230.0,920.0,95.10961670078659
230.0,930.0,95.84167185805805
230.0,940.0,96.64496943980627
230.0,950.0,97.49071430683958
230.0,960.0,98.35073915814475
230.0,970.0,99.20046340423326
230.0,980.0,100.02229960092087
230.0,990.0,100.80950744354067
240.0,0.0,100.67238876177278
240.0,10.0,99.76941067614129
240.0,20.0,98.84226484953582
240.0,30.0,97.88779445228381
240.0,40.0,96.92034624790807
240.0,50.0,95.96634839241153
240.0,60.0,95.05947612443613
240.0,70.0,94.23640534629558
240.0,80.0,93.53315409588222
240.0,90.0,92.9820119094479
240.0,100.0,92.60905707525887
240.0,110.0,92.43226177812463
240.0,120.0,92.46018513480087
240.0,130.0,92.69125412026644
240.0,140.0,93.11363238487425
240.0,150.0,93.70567696237626
240.0,160.0,94.43698286882247
240.0,170.0,95.27001559233389
240.0,180.0,96.16233147374962
240.0,190.0,97.0693859781478
240.0,200.0,97.94792985724081
240.0,210.0,98.75999320264414
240.0,220.0,99.4774573900197
240.0,230.0,100.0872149140927
240.0,240.0,100.59691711454303
240.0,250.0,101.04130979277019
240.0,260.0,101.48162592321484
240.0,270.0,101.96561421387182
240.0,280.0,102.51356375319445
240.0,290.0,103.12537551594585
240.0,300.0,103.78573338030098
240.0,310.0,104.46876958587984
240.0,320.0,105.14222463271184
240.0,330.0,105.77110162113135
240.0,340.0,106.3208150326043
240.0,350.0,106.75983395148609
240.0,360.0,107.06181972771046
240.0,370.0,107.20725808040973
240.0,380.0,107.18458564246603
240.0,390.0,106.99081094599372
240.0,400.0,106.63162984875302
240.0,410.0,106.12103540149477
240.0,420.0,105.48042215623626
240.0,430.0,104.73718491546838
240.0,440.0,103.92281192229373
240.0,450.0,103.0704724914961
240.0,460.0,102.21209908154088
240.0,470.0,101.37496380750677
240.0,480.0,100.57774939494864
240.0,490.0,99.82611457469142
240.0,500.0,99.10775391855536
240.0,510.0,98.40035974402315
240.0,520.0,97.71705322188895
240.0,530.0,97.08160463447587
240.0,540.0,96.51623539405594
240.0,550.0,96.04047907812536
240.0,560.0,95.67024386786349
240.0,570.0,95.41707638977618
240.0,580.0,95.28762696052296
240.0,590.0,95.28331623492822
240.0,600.0,95.4002032571766
240.0,610.0,95.6290549151922
240.0,620.0,95.95561679820197
240.0,630.0,96.36108545748304
240.0,640.0,96.82278207029414
240.0,650.0,97.31502750699099
240.0,660.0,97.81021880132576
240.0,670.0,98.28010702393055
240.0,680.0,98.69727655898492
240.0,690.0,99.03682578406735
240.0,700.0,99.27824915319086
240.0,710.0,99.4075206830226
240.0,720.0,99.41937884228741
240.0,730.0,99.31981284435555
240.0,740.0,99.12875034301432
240.0,750.0,98.88294653142376
240.0,760.0,98.61723536425117
240.0,770.0,98.30313079070045
240.0,780.0,97.91520746483089
240.0,790.0,97.44836390302396
240.0,800.0,96.91302611013295
240.0,810.0,96.33079907072752
240.0,820.0,95.73056610543334
240.0,830.0,95.1450360923666
240.0,840.0,94.60773855366357
240.0,850.0,94.1504666071052
240.0,860.0,93.80116778283661
240.0,870.0,93.58228270518165
240.0,880.0,93.5095316395524
240.0,890.0,93.59114890445365
240.0,900.0,93.82756514858241
240.0,910.0,94.21153749302243
240.0,920.0,94.72872753853363
240.0,930.0,95.35872723793655
240.0,940.0,96.07653263359182
240.0,950.0,96.85446545997462
240.0,960.0,97.66454261134406
240.0,970.0,98.48129347450767
240.0,980.0,99.28502512668067
240.0,990.0,100.06553539844053
250.0,0.0,100.0
250.0,10.0,99.09645158372605
250.0,20.0,98.16744335709745
250.0,30.0,97.20884103545121
250.0,40.0,96.2343263892041
250.0,50.0,95.26994172320904
250.0,60.0,94.34922280457718
250.0,70.0,93.50892023896569
250.0,80.0,92.78530929533123
250.0,90.0,92.21108817914912
250.0,100.0,91.81286475409814
250.0,110.0,91.60923171221114
250.0,120.0,91.60943019249125
250.0,130.0,91.81260184799376
250.0,140.0,92.20762936137383
250.0,150.0,92.77356540889971
250.0,160.0,93.48065007293178
250.0,170.0,94.29191670286721
250.0,180.0,95.16538622455039
250.0,190.0,96.05684989814893
250.0,200.0,96.92324052449548
250.0,210.0,97.72659209989519
250.0,220.0,98.4385879193988
250.0,230.0,99.04569712854146
250.0,240.0,99.55489972354742
250.0,250.0,100.0
250.0,260.0,100.44240573825869
250.0,270.0,100.93489877540844
250.0,280.0,101.50268285439327
250.0,290.0,102.14906969284272
250.0,300.0,102.86079589704197
250.0,310.0,103.61283389927344
250.0,320.0,104.37269691852995
250.0,330.0,105.10423794459949
250.0,340.0,105.77094274552141
250.0,350.0,106.33871689841442
250.0,360.0,106.77816684367596
250.0,370.0,107.0663749625532
250.0,380.0,107.18816867808556
250.0,390.0,107.13688357941894
250.0,400.0,106.91462056949128
250.0,410.0,106.53199703608992
250.0,420.0,106.00739204628037
250.0,430.0,105.3656855642067
250.0,440.0,104.63649169226348
250.0,450.0,103.85188593563934
250.0,460.0,103.04362649023203
250.0,470.0,102.23986955393497
250.0,480.0,101.46137866129567
250.0,490.0,100.71722804154525
250.0,500.0,100.0
250.0,510.0,99.29272227168326
250.0,520.0,98.61027622711948
250.0,530.0,97.97700404531828
250.0,540.0,97.41552606931559
250.0,550.0,96.94561816228543
250.0,560.0,96.58329049064888
250.0,570.0,96.3400677341803
250.0,580.0,96.22247072311082
250.0,590.0,96.23169950222896
250.0,600.0,96.36351782197855
250.0,610.0,96.60833905655389
250.0,620.0,96.95151354899201
250.0,630.0,97.37381738326242
250.0,640.0,97.85214258335374
250.0,650.0,98.36038873935786
250.0,660.0,98.87055606055118
250.0,670.0,99.35403985547306
250.0,680.0,99.7831264390016
250.0,690.0,100.1326904664266
250.0,700.0,100.38209369451958
250.0,710.0,100.51728516960146
250.0,720.0,100.53310284260694
250.0,730.0,100.43577661114647
250.0,740.0,100.24563278856535
250.0,750.0,100.0
250.0,760.0,99.73315186790812
250.0,770.0,99.41144597992465
250.0,780.0,99.00449483855851
250.0,790.0,98.50374270578462
250.0,800.0,97.91752532121028
250.0,810.0,97.26657753210436
250.0,820.0,96.57998883528897
250.0,830.0,95.89160683089378
250.0,840.0,95.23688858797296
250.0,850.0,94.6501999219848
250.0,860.0,94.16256258413387
250.0,870.0,93.79984936257588
250.0,880.0,93.58142709548511
250.0,890.0,93.51924759598442
250.0,900.0,93.61738648893802
250.0,910.0,93.87202995960672
250.0,920.0,94.27190941416589
250.0,930.0,94.79918405208598
250.0,940.0,95.43077135037572
250.0,950.0,96.14012545968794
250.0,960.0,96.89946351228791
250.0,970.0,97.68243984188447
250.0,980.0,98.46726811532362
250.0,990.0,99.24029137614484
260.0,0.0,99.30778448313202
260.0,10.0,98.40392164278639
260.0,20.0,97.4735110786846
260.0,30.0,96.51158011514322
260.0,40.0,95.53122336695519
260.0,50.0,94.5581240433329
260.0,60.0,93.62566358262461
260.0,70.0,92.77061961780447
260.0,80.0,92.02945227273563
260.0,90.0,91.435178789207
260.0,100.0,91.01483648474333
260.0,110.0,90.78753404118858
260.0,120.0,90.76309112406291
260.0,130.0,90.94126633269283
260.0,140.0,91.31157348111486
260.0,150.0,91.85368620975264
260.0,160.0,92.53843092786731
260.0,170.0,93.32936808678139
260.0,180.0,94.18496178387595
260.0,190.0,95.06133769736137
260.0,200.0,95.91562935182121
260.0,210.0,96.70991271452974
260.0,220.0,97.41572912254274
260.0,230.0,98.01919654056167
260.0,240.0,98.52670914957136
260.0,250.0,98.97122526625095
260.0,260.0,99.41440368278532
260.0,270.0,99.91404686810928
260.0,280.0,100.50026136849446
260.0,290.0,101.17977973285473
260.0,300.0,101.94141707121702
260.0,310.0,102.76102187072082
260.0,320.0,103.60592106914632
260.0,330.0,104.43885938597113
260.0,340.0,105.22143291095574
260.0,350.0,105.91701695025752
260.0,360.0,106.49318813007343
260.0,370.0,106.92364075781133
260.0,380.0,107.18959744078991
260.0,390.0,107.28071396246736
260.0,400.0,107.19547841619855
260.0,410.0,106.94110459652097
260.0,420.0,106.53291964796917
260.0,430.0,105.99324597141796
260.0,440.0,105.34977738795425
260.0,450.0,104.63344956027744
260.0,460.0,103.8758046716285
260.0,470.0,103.10585036224768
260.0,480.0,102.34641292336094
260.0,490.0,101.60998474869481
260.0,500.0,100.89406604352018
260.0,510.0,100.18705239378198
260.0,520.0,99.50552064348841
260.0,530.0,98.87430875042368
260.0,540.0,98.31637859145596
260.0,550.0,97.85170885280895
260.0,560.0,97.49638921517335
260.0,570.0,97.26191583365762
260.0,580.0,97.15468811257871
260.0,590.0,97.17570677509211
260.0,600.0,97.32047322766176
260.0,610.0,97.5790902193695
260.0,620.0,97.93656379606409
260.0,630.0,98.37330654935002
260.0,640.0,98.86584216041574
260.0,650.0,99.38771123870171
260.0,660.0,99.91057845540794
260.0,670.0,100.4055409718413
260.0,680.0,100.84463816260225
260.0,690.0,101.20256263361149
260.0,700.0,101.4585725349759
260.0,710.0,101.5986051686944
260.0,720.0,101.6175918912033
260.0,730.0,101.52197431076128
260.0,740.0,101.33242177967406
260.0,750.0,101.08675018135858
260.0,760.0,100.8185819756599
260.0,770.0,100.48911936357759
260.0,780.0,100.06303263865347
260.0,790.0,99.5283242726651
260.0,800.0,98.89124576112609
260.0,810.0,98.17166237683524
260.0,820.0,97.39886583147504
260.0,830.0,96.60783484525892
260.0,840.0,95.83594362462779
260.0,850.0,95.12011824799538
260.0,860.0,94.4944409595429
260.0,870.0,93.9882023710625
260.0,880.0,93.62440157184993
260.0,890.0,93.41869414664617
260.0,900.0,93.37878810162816
260.0,910.0,93.50428769844851
260.0,920.0,93.78698519632432
260.0,930.0,94.21160050217502
260.0,940.0,94.75696872880923
260.0,950.0,95.39767566116073
260.0,960.0,96.10614113057339
260.0,970.0,96.85515029713527
260.0,980.0,97.62083284006158
260.0,990.0,98.38609005612686
270.0,0.0,98.5989273439687
270.0,10.0,97.69419922464002
270.0,20.0,96.76235978434089
270.0,30.0,95.79798353029703
270.0,40.0,94.81382816488444
270.0,50.0,93.83534974832132
270.0,60.0,92.89580542544233
270.0,70.0,92.03194371655546
270.0,80.0,91.28028237238124
270.0,90.0,90.67397379307427
270.0,100.0,90.2402580113275
270.0,110.0,89.99850323955866
270.0,120.0,89.95883398117925
270.0,130.0,90.121346705946
270.0,140.0,90.47591308939468
270.0,150.0,91.00257081635647
270.0,160.0,91.67250194855664
270.0,170.0,92.4495988562958
270.0,180.0,93.29261771421342
270.0,190.0,94.15791956113407
270.0,200.0,95.00279892399575
270.0,210.0,95.78940000586095
270.0,220.0,96.48922043801005
270.0,230.0,97.08820259611701
270.0,240.0,97.59241248050785
270.0,250.0,98.03430616050119
270.0,260.0,98.47611979168185
270.0,270.0,98.98066081752953
270.0,280.0,99.58288423225741
270.0,290.0,100.29294190306436
270.0,300.0,101.10176549269168
270.0,310.0,101.98614516489424
270.0,320.0,102.91330407282534
270.0,330.0,103.84496863033593
270.0,340.0,104.74093456618769
270.0,350.0,105.56212876118035
270.0,360.0,106.27316686819285
270.0,370.0,106.84440671513882
270.0,380.0,107.25349749083593
270.0,390.0,107.48642471378936
270.0,400.0,107.5380509838894
270.0,410.0,107.41215251702306
270.0,420.0,107.12095146259969
270.0,430.0,106.68414400399077
270.0,440.0,106.12742424188372
270.0,450.0,105.48050386054973
270.0,460.0,104.77462757702577
270.0,470.0,104.03958437321052
270.0,480.0,103.30021451087448
270.0,490.0,102.57241232958405
270.0,500.0,101.85862482753981
270.0,510.0,101.15259822952069
270.0,520.0,100.47224584611503
270.0,530.0,99.84253074493557
270.0,540.0,99.2864776983852
270.0,550.0,98.82407749830368
270.0,560.0,98.47139170453092
270.0,570.0,98.23985782738657
270.0,580.0,98.13579494406586
270.0,590.0,98.16010974895197
270.0,600.0,98.30820303784456
270.0,610.0,98.57007662610492
270.0,620.0,98.9306407007172
270.0,630.0,99.37022160626621
270.0,640.0,99.86527006483142
270.0,650.0,100.3892698297975
270.0,660.0,100.91384677358101
270.0,670.0,101.41007840927367
270.0,680.0,101.85000384620172
270.0,690.0,102.20833417940199
270.0,700.0,102.46436331301395
270.0,710.0,102.60407921758842
270.0,720.0,102.62247562131243
270.0,730.0,102.52606413515065
270.0,740.0,102.33558681190296
270.0,750.0,102.08892913917849
270.0,760.0,101.81862017850558
270.0,770.0,101.48070169872547
270.0,780.0,101.03499455118293
270.0,790.0,100.4661234270592
270.0,800.0,99.77829370331101
270.0,810.0,98.99051617181576
270.0,820.0,98.1322796517226
270.0,830.0,97.23967148500965
270.0,840.0,96.35194591524706
270.0,850.0,95.50854034956615
270.0,860.0,94.74653950383465
270.0,870.0,94.09858743103783
270.0,880.0,93.5912474328656
270.0,890.0,93.24380985450581
270.0,900.0,93.06754776264333
270.0,910.0,93.06542050666529
270.0,920.0,93.23222516307226
270.0,930.0,93.55519586309548
270.0,940.0,94.01505100352001
270.0,950.0,94.58748834071406
270.0,960.0,95.24512796786405
270.0,970.0,95.95990317541604
270.0,980.0,96.70589919472279
270.0,990.0,97.46263982489711
280.0,0.0,97.87202544846838
280.0,10.0,96.96545092526831
280.0,20.0,96.03208801216314
280.0,30.0,95.06670902966798
280.0,40.0,94.0821555684978
280.0,50.0,93.10387672802871
280.0,60.0,92.16505300484611
280.0,70.0,91.30230583137951
280.0,80.0,90.55199276462403
280.0,90.0,89.94708832494872
280.0,100.0,89.51465048499162
280.0,110.0,89.27387280864141
280.0,120.0,89.234722240106
280.0,130.0,89.39716254306761
280.0,140.0,89.75096338992486
280.0,150.0,90.27609510112134
280.0,160.0,90.94370903456101
280.0,170.0,91.7177036251104
280.0,180.0,92.55687607418743
280.0,190.0,93.41765968943699
280.0,200.0,94.25744687449333
280.0,210.0,95.03849776882903
280.0,220.0,95.7324345376909
280.0,230.0,96.32532131212238
280.0,240.0,96.8233297790729
280.0,250.0,97.2589904215938
280.0,260.0,97.69564778950684
280.0,270.0,98.20102127692158
280.0,280.0,98.8147638147635
280.0,290.0,99.5504060155725
280.0,300.0,100.40104040929826
280.0,310.0,101.34450527003801
280.0,320.0,102.34806803371735
280.0,330.0,103.37260830671366
280.0,340.0,104.37630046542232
280.0,350.0,105.31779584676575
280.0,360.0,106.15890452964511
280.0,370.0,106.8667767073349
280.0,380.0,107.41558365082012
280.0,390.0,107.78769826307642
280.0,400.0,107.97437522429284
280.0,410.0,107.97593072803741
280.0,420.0,107.80142180836546
280.0,430.0,107.46782525787076
280.0,440.0,106.99871613667926
280.0,450.0,106.42244587238588
280.0,460.0,105.76981995093372
280.0,470.0,105.07127519843635
280.0,480.0,104.3535566539426
280.0,490.0,103.63589403314431
280.0,500.0,102.92567778302669
280.0,510.0,102.22192899494989
280.0,520.0,101.54330718335608
280.0,530.0,100.91429894457687
280.0,540.0,100.35753675677813
280.0,550.0,99.8927090061628
280.0,560.0,99.53566829784963
280.0,570.0,99.29773805142713
280.0,580.0,99.18521738118358
280.0,590.0,99.19908426101223
280.0,600.0,99.33489697399237
280.0,610.0,99.5828938466459
280.0,620.0,99.92829126786957
280.0,630.0,100.35177999254272
280.0,640.0,100.83021972981072
280.0,650.0,101.33753201604405
280.0,660.0,101.84579137247283
280.0,670.0,102.32651474749714
280.0,680.0,102.75214924367276
280.0,690.0,103.09775812937274
280.0,700.0,103.34290513512434
280.0,710.0,103.47373703462179
280.0,720.0,103.48526451041445
280.0,730.0,103.38384130427075
280.0,740.0,103.18984165221771
280.0,750.0,102.9405360042559
280.0,760.0,102.66664911618007
280.0,770.0,102.3191276363129
280.0,780.0,101.853164694947
280.0,790.0,101.25016055981376
280.0,800.0,100.51236623078287
280.0,810.0,99.65797485574853
280.0,820.0,98.71666096770278
280.0,830.0,97.72556754299562
280.0,840.0,96.7257408807822
280.0,850.0,95.75901330365672
280.0,860.0,94.86533367947348
280.0,870.0,94.0805457643547
280.0,880.0,93.43461436688533
280.0,890.0,92.95029933349474
280.0,900.0,92.64227735502543
280.0,910.0,92.5167115944885
280.0,920.0,92.57126913600622
280.0,930.0,92.79558625494138
280.0,940.0,93.17218150921367
280.0,950.0,93.67781665180293
280.0,960.0,94.28530536443927
280.0,970.0,94.96576981248032
280.0,980.0,95.6913450209751
280.0,990.0,96.43833107191507
290.0,0.0,97.13832241906657
290.0,10.0,96.22861286931811
290.0,20.0,95.29353326329506
290.0,30.0,94.32885565070279
290.0,40.0,93.34802189833745
290.0,50.0,92.37674174252922
290.0,60.0,91.44817308335875
290.0,70.0,90.59868452064667
290.0,80.0,89.8642001317162
290.0,90.0,89.27712649092888
290.0,100.0,88.86386193099335
290.0,110.0,88.64288804604743
290.0,120.0,88.62344343651299
290.0,130.0,88.80477969572419
290.0,140.0,89.17599963832876
290.0,150.0,89.71647777046235
290.0,160.0,90.39686300169593
290.0,170.0,91.18066359875647
290.0,180.0,92.02641438102054
290.0,190.0,92.89042615778118
290.0,200.0,93.73011740728774
290.0,210.0,94.50792819755884
290.0,220.0,95.19581634896869
290.0,230.0,95.78033583860598
290.0,240.0,96.2682974464065
290.0,250.0,96.69301164305844
290.0,260.0,97.11955562829476
290.0,270.0,97.62034363915531
290.0,280.0,98.23945059991989
290.0,290.0,98.993677376672
290.0,300.0,99.87830138800919
290.0,310.0,100.8723335877753
290.0,320.0,101.9432818198144
290.0,330.0,103.05142054474652
290.0,340.0,104.1535669387651
290.0,350.0,105.20636336445615
290.0,360.0,106.16906621363927
290.0,370.0,107.00584112223035
290.0,380.0,107.687564557126
290.0,390.0,108.19313177510978
290.0,400.0,108.51027115378017
290.0,410.0,108.63586489450029
290.0,420.0,108.57577609736937
290.0,430.0,108.34418220821597
290.0,440.0,107.9624148376129
290.0,450.0,107.45730595191404
290.0,460.0,106.85904043631274
290.0,470.0,106.19851502992205
290.0,480.0,105.50420363287677
290.0,490.0,104.79852898545705
290.0,500.0,104.09374071923402
290.0,510.0,103.39396952098359
290.0,520.0,102.71791749848373
290.0,530.0,102.08889007687415
290.0,540.0,101.52858947348133
290.0,550.0,101.05602527443115
290.0,560.0,100.68661946871532
290.0,570.0,100.43150593971113
290.0,580.0,100.29702441415499
290.0,590.0,100.28440886856947
290.0,600.0,100.38967039314385
290.0,610.0,100.60367451306841
290.0,620.0,100.91241296732214
290.0,630.0,101.29746994491414
290.0,640.0,101.73668277857857
290.0,650.0,102.20499709592313
290.0,660.0,102.67551642803117
290.0,670.0,103.12074627551745
290.0,680.0,103.51403263203724
290.0,690.0,103.83119496524938
290.0,700.0,104.0523536552325
290.0,710.0,104.16395189035514
290.0,720.0,104.16097202059932
290.0,730.0,104.04934636833767
290.0,740.0,103.84856249656421
290.0,750.0,103.59446293457864
290.0,760.0,103.31514627998902
290.0,770.0,102.95665812227624
290.0,780.0,102.46993741633798
290.0,790.0,101.8334187755488
290.0,800.0,101.04755405560888
290.0,810.0,100.12978164914061
290.0,820.0,99.1099434910324
290.0,830.0,98.02614977453025
290.0,840.0,96.92109137807695
290.0,850.0,95.8388000028985
290.0,860.0,94.82185602133842
290.0,870.0,93.90904403593947
290.0,880.0,93.13345614927289
290.0,890.0,92.52104294451522
290.0,900.0,92.0896121767727
290.0,910.0,91.84827517515323
290.0,920.0,91.79734095558577
290.0,930.0,91.9286580443874
290.0,940.0,92.22640401257797
290.0,950.0,92.66832272094211
290.0,960.0,93.227409275839
290.0,970.0,93.87404269575956
290.0,980.0,94.57856628863124
290.0,990.0,95.31431573987034
300.0,0.0,96.41773048153334
300.0,10.0,95.50340264923395
300.0,20.0,94.56629847933436
300.0,30.0,93.60404757361682
300.0,40.0,92.63124148181157
300.0,50.0,91.67413182824556
300.0,60.0,90.76590556750375
300.0,70.0,89.94253736910261
300.0,80.0,89.23921913117653
300.0,90.0,88.68736662317623
300.0,100.0,88.31220325758017
300.0,110.0,88.13092099061802
300.0,120.0,88.15141835200691
300.0,130.0,88.3716156037
300.0,140.0,88.77934702764765
300.0,150.0,89.35283034257104
300.0,160.0,90.06171324974825
300.0,170.0,90.86869710781289
300.0,180.0,91.7317377365652
300.0,190.0,92.60682334979556
300.0,200.0,93.4513296171207
300.0,210.0,94.22795185483217
300.0,220.0,94.90921434575745
300.0,230.0,95.48255678813341
300.0,240.0,95.9559978734925
300.0,250.0,96.36437599356121
300.0,260.0,96.77512883068799
300.0,270.0,97.26499794003261
300.0,280.0,97.88206564654278
300.0,290.0,98.6462097903926
300.0,300.0,99.55487797417449
300.0,310.0,100.58837835430862
300.0,320.0,101.71468697666998
300.0,330.0,102.89377165643293
300.0,340.0,104.08143240213343
300.0,350.0,105.23265838394872
300.0,360.0,106.30450144619458
300.0,370.0,107.2584661640403
300.0,380.0,108.06241644444097
300.0,390.0,108.69199867128756
300.0,400.0,109.13158139477441
300.0,410.0,109.37471156498441
300.0,420.0,109.42408730969163
300.0,430.0,109.29104725638156
300.0,440.0,108.99457639848897
300.0,450.0,108.55982850585326
300.0,460.0,108.01616507939139
300.0,470.0,107.39471084998836
300.0,480.0,106.72542582160536
300.0,490.0,106.03369385860535
300.0,500.0,105.33642781729625
300.0,510.0,104.64259627505223
300.0,520.0,103.97022282810738
300.0,530.0,103.34072644167817
300.0,540.0,102.7743340550566
300.0,550.0,102.28898867007507
300.0,560.0,101.89944615586609
300.0,570.0,101.61656076991645
300.0,580.0,101.44675939541634
300.0,590.0,101.39170449490292
300.0,600.0,101.44814578019886
300.0,610.0,101.60796059864523
300.0,620.0,101.85838303562947
300.0,630.0,102.1824217334078
300.0,640.0,102.55946642622234
300.0,650.0,102.96608319171311
300.0,660.0,103.3769984186245
300.0,670.0,103.7662714908066
300.0,680.0,104.10865618751116
300.0,690.0,104.38115079998227
300.0,700.0,104.56473696434165
300.0,710.0,104.64630721076888
300.0,720.0,104.62078122897596
300.0,730.0,104.4934108499769
300.0,740.0,104.2822737441519
300.0,750.0,104.02095583560606
300.0,760.0,103.73412218693657
300.0,770.0,103.36327487058037
300.0,780.0,102.8556306511959
300.0,790.0,102.18702740024818
300.0,800.0,101.35633955252072
300.0,810.0,100.38034110770653
300.0,820.0,99.28901617707818
300.0,830.0,98.12131707523704
300.0,840.0,96.92136995694152
300.0,850.0,95.7351279990144
300.0,860.0,94.60747212732932
300.0,870.0,93.57975928887635
300.0,880.0,92.68781826890651
300.0,890.0,91.96039305315557
300.0,900.0,91.41803373514682
300.0,910.0,91.07243496857296
300.0,920.0,90.92622196475708
300.0,930.0,90.97318403519267
300.0,940.0,91.19895567916288
300.0,950.0,91.58214521643869
300.0,960.0,92.09591096505623
300.0,970.0,92.70998496417326
300.0,980.0,93.39314424200461
300.0,990.0,94.11612962883676
310.0,0.0,95.73528654610475
310.0,10.0,94.81476521923659
310.0,20.0,93.8752106542897
310.0,30.0,92.9169455657657
310.0,40.0,91.95624262321684
310.0,50.0,91.02016306342979
310.0,60.0,90.14196552676052
310.0,70.0,89.35708511762019
310.0,80.0,88.69968268911212
310.0,90.0,88.1997643518198
310.0,100.0,87.88087120674584
310.0,110.0,87.75833930240219
310.0,120.0,87.83812981605114
310.0,130.0,88.11622945909754
310.0,140.0,88.57862110663203
310.0,150.0,89.20182465112522
310.0,160.0,89.95400808027307
310.0,170.0,90.7966687789932
310.0,180.0,91.68688505557219
310.0,190.0,92.58013789196417
310.0,200.0,93.43370291824016
310.0,210.0,94.21061261118857
310.0,220.0,94.88418871706688
310.0,230.0,95.44314489850407
310.0,240.0,95.89725960555445
310.0,250.0,96.28361917090217
310.0,260.0,96.67258357591682
310.0,270.0,97.14469530785229
310.0,280.0,97.75149161458447
310.0,290.0,98.515642917759
310.0,300.0,99.43670238961566
310.0,310.0,100.49638581173627
310.0,320.0,101.66338171571635
310.0,330.0,102.89769180576039
310.0,340.0,104.15450166320088
310.0,350.0,105.38758173294097
310.0,360.0,106.55221859182075
310.0,370.0,107.60767649890727
310.0,380.0,108.51918922770815
310.0,390.0,109.25948218030905
310.0,400.0,109.80982478343451
310.0,410.0,110.16061316643271
310.0,420.0,110.31148312118384
310.0,430.0,110.27095334393206
310.0,440.0,110.05559895904125
310.0,450.0,109.68875532467429
310.0,460.0,109.19875212039615
310.0,470.0,108.61667771670061
310.0,480.0,107.97367382646054
310.0,490.0,107.29776043830206
310.0,500.0,106.61019103190213
310.0,510.0,105.92438927494015
310.0,520.0,105.25703714643481
310.0,530.0,104.62704059042453
310.0,540.0,104.05265830559159
310.0,550.0,103.55040747600394
310.0,560.0,103.13415046462863
310.0,570.0,102.81436246961717
310.0,580.0,102.59758014336248
310.0,590.0,102.48603117432782
310.0,600.0,102.4774448316473
310.0,610.0,102.56504347249833
310.0,620.0,102.73771501224564
310.0,630.0,102.98036635735734
310.0,640.0,103.27445780109247
310.0,650.0,103.59871838196057
310.0,660.0,103.93004220495278
310.0,670.0,104.24456572554503
310.0,680.0,104.51892599647259
310.0,690.0,104.73169987727682
310.0,700.0,104.86502420662335
310.0,710.0,104.90639693739223
310.0,720.0,104.85065923453978
310.0,730.0,104.70215853573224
310.0,740.0,104.47709257475118
310.0,750.0,104.20603436767067
310.0,760.0,103.9095183614831
310.0,770.0,103.52503803467029
310.0,780.0,102.99677094995869
310.0,790.0,102.2984322258293
310.0,800.0,101.42760414131733
310.0,810.0,100.40051306215321
310.0,820.0,99.24725368824487
310.0,830.0,98.00746062250124
310.0,840.0,96.72642726099723
310.0,850.0,95.45167200447972
310.0,860.0,94.22995179121519
310.0,870.0,93.10472295117836
310.0,880.0,92.11404938158226
310.0,890.0,91.28895804374955
310.0,900.0,90.65224178132515
310.0,910.0,90.21770945983022
310.0,920.0,89.98988342755729
310.0,930.0,89.96414429780688
310.0,940.0,90.12732305246517
310.0,950.0,90.45874046692326
310.0,960.0,90.93169385633742
310.0,970.0,91.5153911432309
310.0,980.0,92.17733224643688
310.0,990.0,92.88613779138268
320.0,0.0,95.11804252288837
320.0,10.0,94.18975274414777
320.0,20.0,93.24721158108736
320.0,30.0,92.29418601631147
320.0,40.0,91.34910307195427
320.0,50.0,90.44006669299608
320.0,60.0,89.60043617818107
320.0,70.0,88.86496615853628
320.0,80.0,88.26650812349183
320.0,90.0,87.8332734946025
320.0,100.0,87.58665824687061
320.0,110.0,87.53962907767024
320.0,120.0,87.69567112327258
320.0,130.0,88.04829722297283
320.0,140.0,88.58111873081816
320.0,150.0,89.26847787493718
320.0,160.0,90.0766416644705
320.0,170.0,90.96555734410279
320.0,180.0,91.891169396196
320.0,190.0,92.80829809052398
320.0,200.0,93.67407958160823
320.0,210.0,94.45196755365517
320.0,220.0,95.11629641309467
320.0,230.0,95.65740602871958
320.0,240.0,96.08732801942706
320.0,250.0,96.44603358956078
320.0,260.0,96.80724952862782
320.0,270.0,97.25464095922482
320.0,280.0,97.84252235750465
320.0,290.0,98.59598399176186
320.0,300.0,99.51656526957623
320.0,310.0,100.58747562948439
320.0,320.0,101.77836297717924
320.0,330.0,103.04962966623734
320.0,340.0,104.35629602337409
320.0,350.0,105.65141141822693
320.0,360.0,106.88901287766629
320.0,370.0,108.02663124463456
320.0,380.0,109.02734488151287
320.0,390.0,109.8613809180158
320.0,400.0,110.50726404361392
320.0,410.0,110.95251284448433
320.0,420.0,111.19388368498905
320.0,430.0,111.23716213368118
320.0,440.0,111.09650193383919
320.0,450.0,110.79331151852887
320.0,460.0,110.35468807019329
320.0,470.0,109.81139912477067
320.0,480.0,109.19541172034006
320.0,490.0,108.536969090295
320.0,500.0,107.86121490104497
320.0,510.0,107.18553989480807
320.0,520.0,106.52473615537309
320.0,530.0,105.89470692413462
320.0,540.0,105.31134566277784
320.0,550.0,104.78944330684314
320.0,560.0,104.3417667390971
320.0,570.0,103.97830848270958
320.0,580.0,103.70570761423706
320.0,590.0,103.52684189641214
320.0,600.0,103.44059113073932
320.0,610.0,103.4417717298969
320.0,620.0,103.5212425099451
320.0,630.0,103.66618170234044
320.0,640.0,103.86053518575628
320.0,650.0,104.08563593770955
320.0,660.0,104.32099470599377
320.0,670.0,104.54526189991809
320.0,680.0,104.73736070135277
320.0,690.0,104.87779139558073
320.0,700.0,104.95010692195521
320.0,710.0,104.94255964436393
320.0,720.0,104.84991934149909
320.0,730.0,104.67546241693387
320.0,740.0,104.433132329005
320.0,750.0,104.14987124050154
320.0,760.0,103.84156512493342
320.0,770.0,103.44240707733738
320.0,780.0,102.8943501661073
320.0,790.0,102.16955249169101
320.0,800.0,101.26464501805529
320.0,810.0,100.19544644434659
320.0,820.0,98.9921251167472
320.0,830.0,97.69480798052717
320.0,840.0,96.34963657229171
320.0,850.0,95.0052700524242
320.0,860.0,93.70983527772489
320.0,870.0,92.50832391424514
320.0,880.0,91.44043659031716
320.0,890.0,90.53887408977953
320.0,900.0,89.82807558539814
320.0,910.0,89.32340391248289
320.0,920.0,89.0307778826998
320.0,930.0,88.94675163807892
320.0,940.0,89.05904104521767
320.0,950.0,89.34749712967987
320.0,960.0,89.7855265505903
320.0,970.0,90.341959115425
320.0,980.0,90.98336233499687
320.0,990.0,91.67680301863726
330.0,0.0,94.59238987154296
330.0,10.0,93.6548384030608
330.0,20.0,92.70868073262764
330.0,30.0,91.7617475611831
330.0,40.0,90.83500498893784
330.0,50.0,89.9577826127055
330.0,60.0,89.16355283666798
330.0,70.0,88.48626139657392
330.0,80.0,87.95720909737074
330.0,90.0,87.60248476426975
330.0,100.0,87.44094940724477
330.0,110.0,87.4827715989641
330.0,120.0,87.72851406615563
330.0,130.0,88.16877149440546
330.0,140.0,88.78435954638982
330.0,150.0,89.54705509354027
330.0,160.0,90.42088766114223
330.0,170.0,91.36398208686695
330.0,180.0,92.33095239273662
330.0,190.0,93.27584687052303
330.0,200.0,94.15564438057936
330.0,210.0,94.93430186410546
330.0,220.0,95.58735306884643
330.0,230.0,96.1070584882243
330.0,240.0,96.50810651390353
330.0,250.0,96.83386580178929
330.0,260.0,97.16172241056037
330.0,270.0,97.57765374113724
330.0,280.0,98.13797108078582
330.0,290.0,98.86973388804192
330.0,300.0,99.77629443852886
330.0,310.0,100.84241057585481
330.0,320.0,102.03892656759007
330.0,330.0,103.3270220663241
330.0,340.0,104.66202917580249
330.0,350.0,105.99681762214355
330.0,360.0,107.28474803013495
330.0,370.0,108.48219330461
330.0,380.0,109.55062811690391
330.0,390.0,110.45828649638969
330.0,400.0,111.18138752709409
330.0,410.0,111.70492914939321
330.0,420.0,112.02305006678795
330.0,430.0,112.13895975775938
330.0,440.0,112.06443659270379
330.0,450.0,111.81889405594772
330.0,460.0,111.42801507284267
330.0,470.0,110.92195444193976
330.0,480.0,110.33310937224407
330.0,490.0,109.693458125549
330.0,500.0,109.03146676385028
330.0,510.0,108.36791456340012
330.0,520.0,107.71531012046889
330.0,530.0,107.0862402101569
330.0,540.0,106.49396217225605
330.0,550.0,105.95132049345857
330.0,560.0,105.46982300505394
330.0,570.0,105.05887669611415
330.0,580.0,104.7251831421669
330.0,590.0,104.47229354935706
330.0,600.0,104.30032341409637
330.0,610.0,104.20582679820123
330.0,620.0,104.18183021951862
330.0,630.0,104.21802615804025
330.0,640.0,104.3011261775049
330.0,650.0,104.41537366248883
330.0,660.0,104.54321617098446
330.0,670.0,104.66613740246714
330.0,680.0,104.7656487814501
330.0,690.0,104.8244406565276
330.0,700.0,104.82769311490625
330.0,710.0,104.76454641242447
330.0,720.0,104.62973101906003
330.0,730.0,104.42535727992598
330.0,740.0,104.16286469175455
330.0,750.0,103.86513079486923
330.0,760.0,103.54309919245516
330.0,770.0,103.12852483900042
330.0,780.0,102.56205380790551
330.0,790.0,101.81492460324033
330.0,800.0,100.88320123502685
330.0,810.0,99.78245299985986
330.0,820.0,98.54288096686598
330.0,830.0,97.20489116900085
330.0,840.0,95.81511449968451
330.0,850.0,94.42287331477498
330.0,860.0,93.07709473988001
330.0,870.0,91.82367068300718
330.0,880.0,90.70326455255193
330.0,890.0,89.74956468062403
330.0,900.0,88.98798445171212
330.0,910.0,88.43480913668651
330.0,920.0,88.09678943214011
330.0,930.0,87.97118170506764
330.0,940.0,88.04623494288293
330.0,950.0,88.30212440877463
330.0,960.0,88.71233200239979
330.0,970.0,89.24547332591595
330.0,980.0,89.86757145535128
330.0,990.0,90.54477741731284
340.0,0.0,94.18181838523196
340.0,10.0,93.23366414785765
340.0,20.0,92.28319027739118
340.0,30.0,91.34274529833147
340.0,40.0,90.43610941119633
340.0,50.0,89.59396021270288
340.0,60.0,88.84987783091385
340.0,70.0,88.23688947534966
340.0,80.0,87.78455340206642
340.0,90.0,87.51658229370005
340.0,100.0,87.44900605447587
340.0,110.0,87.58887402018446
340.0,120.0,87.93349658312317
340.0,130.0,88.47022623200364
340.0,140.0,89.17677800682515
340.0,150.0,90.02208936871388
340.0,160.0,90.96771948472808
340.0,170.0,91.96978792762904
340.0,180.0,92.98145279061808
340.0,190.0,93.95592821703929
340.0,200.0,94.8500413450483
340.0,210.0,95.62832866724678
340.0,220.0,96.26767180528303
340.0,230.0,96.76247269941815
340.0,240.0,97.13036821305853
340.0,250.0,97.41848415225377
340.0,260.0,97.70798631507138
340.0,270.0,98.08625221926825
340.0,280.0,98.61073706659255
340.0,290.0,99.30995755128704
340.0,300.0,100.1888567248391
340.0,310.0,101.23376043968882
340.0,320.0,102.41692537189563
340.0,330.0,103.70067862276282
340.0,340.0,105.04114889942075
340.0,350.0,106.39158927436787
340.0,360.0,107.70529152397039
340.0,370.0,108.93809204591992
340.0,380.0,110.05046935564954
340.0,390.0,111.00923316170804
340.0,400.0,111.78880502009241
340.0,410.0,112.37209056753872
340.0,420.0,112.75094333377105
340.0,430.0,112.92622013270883
340.0,440.0,112.9074280326324
340.0,450.0,112.71196290530678
340.0,460.0,112.36393955406379
340.0,470.0,111.89261342084234
340.0,480.0,111.33039387218697
340.0,490.0,110.7104490642048
340.0,500.0,110.06390238648045
340.0,510.0,109.41427435443585
340.0,520.0,108.77157575268853
340.0,530.0,108.14496101764826
340.0,540.0,107.54492440022871
340.0,550.0,106.98223743623252
340.0,560.0,106.46703278363313
340.0,570.0,106.00803442675337
340.0,580.0,105.61193424734097
340.0,590.0,105.28291496254073
340.0,600.0,105.02231942976356
340.0,610.0,104.82846631845227
340.0,620.0,104.69661214874426
340.0,630.0,104.61905969703085
340.0,640.0,104.58541276841349
340.0,650.0,104.58297733605679
340.0,660.0,104.5973090474383
340.0,670.0,104.6129070974951
340.0,680.0,104.61405446866718
340.0,690.0,104.58580453783762
340.0,700.0,104.51511405016956
340.0,710.0,104.39212245983998
340.0,720.0,104.21157763767029
340.0,730.0,103.97440794565361
340.0,740.0,103.68944067837904
340.0,750.0,103.37526687135248
340.0,760.0,103.0378410777272
340.0,770.0,102.60746480440135
340.0,780.0,102.02446105343465
340.0,790.0,101.25983258739774
340.0,800.0,100.30948912952549
340.0,810.0,99.1889208869035
340.0,820.0,97.9283183966879
340.0,830.0,96.56813869535816
340.0,840.0,95.15511781100324
340.0,850.0,93.73872957864087
340.0,860.0,92.3680907785701
340.0,870.0,91.08931259775697
340.0,880.0,89.94329841425333
340.0,890.0,88.96398790464903
340.0,900.0,88.17704747455711
340.0,910.0,87.59900701213236
340.0,920.0,87.23684296462291
340.0,930.0,87.08800773795515
340.0,940.0,87.14090541935178
340.0,950.0,87.37581382298306
340.0,960.0,87.76625285865124
340.0,970.0,88.28079922350831
340.0,980.0,88.88534741680671
340.0,990.0,89.54581707768344
350.0,0.0,93.90510920885134
350.0,10.0,92.94522241657198
350.0,20.0,91.98969222959484
350.0,30.0,91.05565259327877
350.0,40.0,90.1698502146681
350.0,50.0,89.36436658040553
350.0,60.0,88.6728663850023
350.0,70.0,88.12737236946609
350.0,80.0,87.75556657028645
350.0,90.0,87.57861797877769
350.0,100.0,87.60953661077939
350.0,110.0,87.85205398671445
350.0,120.0,88.3000300220047
350.0,130.0,88.93738632784397
350.0,140.0,89.73856592232882
350.0,150.0,90.6695193519468
350.0,160.0,91.6892172234222
350.0,170.0,92.7516891459194
350.0,180.0,93.80858908360369
350.0,190.0,94.81228711855981
350.0,200.0,95.71948762406782
350.0,210.0,96.4953738482367
350.0,220.0,97.11827890799542
350.0,230.0,97.58488319344144
350.0,240.0,97.91593818254712
350.0,250.0,98.16251666622318
350.0,260.0,98.40950576450824
350.0,270.0,98.7447073125532
350.0,280.0,99.22583096457502
350.0,290.0,99.88229877734227
350.0,300.0,100.7203828142856
350.0,310.0,101.72796020214659
350.0,320.0,102.87888564016531
350.0,330.0,104.13698136180642
350.0,340.0,105.4596445490239
350.0,350.0,106.80107219906435
350.0,360.0,108.11510344380885
350.0,370.0,109.3576793216535
350.0,380.0,110.48892000192846
350.0,390.0,111.47481946185562
350.0,400.0,112.28855761604487
350.0,410.0,112.91142989852897
350.0,420.0,113.33339429733695
350.0,430.0,113.55323584160621
350.0,440.0,113.57834854123308
350.0,450.0,113.4241347790621
350.0,460.0,113.11302215561379
350.0,470.0,112.6730977863511
350.0,480.0,112.1363600514843
350.0,490.0,111.53658779831476
350.0,500.0,110.90682699611692
350.0,510.0,110.27265046918687
350.0,520.0,109.6415471360375
350.0,530.0,109.01932807179581
350.0,540.0,108.41374828434003
350.0,550.0,107.83347992709129
350.0,560.0,107.28721727572545
350.0,570.0,106.78291346880538
350.0,580.0,106.32714901233369
350.0,590.0,105.92463204822572
350.0,600.0,105.57783038670298
350.0,610.0,105.28673530260698
350.0,620.0,105.04875709563338
350.0,630.0,104.85875241448652
350.0,640.0,104.70918334495445
350.0,650.0,104.59040826190417
350.0,660.0,104.49110444519735
350.0,670.0,104.3988224595264
350.0,680.0,104.30067229817094
350.0,690.0,104.18414129067462
350.0,700.0,104.0380437744423
350.0,710.0,103.8536025302577
350.0,720.0,103.62566198172134
350.0,730.0,103.35403315860883
350.0,740.0,103.04497042414972
350.0,750.0,102.71277996622648
350.0,760.0,102.35863230521863
350.0,770.0,101.91244156771573
350.0,780.0,101.3152164289231
350.0,790.0,100.53842528508099
350.0,800.0,99.57824710139917
350.0,810.0,98.45026816163707
350.0,820.0,97.18462471932953
350.0,830.0,95.8215915506585
350.0,840.0,94.40761640897011
350.0,850.0,92.99180038093765
350.0,860.0,91.62282414437014
350.0,870.0,90.34632012766664
350.0,880.0,89.20269057091619
350.0,890.0,88.22537148864342
350.0,900.0,87.4395425341999
350.0,910.0,86.86128276580125
350.0,920.0,86.49717231420969
350.0,930.0,86.34433995206253
350.0,940.0,86.39095656484619
350.0,950.0,86.61717452351604
350.0,960.0,86.99651295876174
350.0,970.0,87.49768893691842
350.0,980.0,88.08689453752352
350.0,990.0,88.73051983251924
360.0,0.0,93.77496209153131
360.0,10.0,92.80247180159829
360.0,20.0,91.84113773389747
360.0,30.0,90.91295047496237
360.0,40.0,90.04764757518905
360.0,50.0,89.27870206274403
360.0,60.0,88.63982346567006
360.0,70.0,88.1619713421898
360.0,80.0,87.87088131920729
360.0,90.0,87.78510363900736
360.0,100.0,87.91455421415296
360.0,110.0,88.25957819058021
360.0,120.0,88.81052601889145
360.0,130.0,89.54784203384608
360.0,140.0,90.44266554204933
360.0,150.0,91.45794441783887
360.0,160.0,92.55006120736931
360.0,170.0,93.67097174089453
360.0,180.0,94.7708562532479
360.0,190.0,95.8012830125204
360.0,200.0,96.71888445693659
360.0,210.0,97.48954583992841
360.0,220.0,98.09310638340695
360.0,230.0,98.5285729392319
360.0,240.0,98.8198461588792
360.0,250.0,99.02195917130614
360.0,260.0,99.22328751043003
360.0,270.0,99.51106147399936
360.0,280.0,99.94235864881654
360.0,290.0,100.546939351033
360.0,300.0,101.33211514243712
360.0,310.0,102.28726245860237
360.0,320.0,103.38798134889578
360.0,330.0,104.59989932834661
360.0,340.0,105.88212034137533
360.0,350.0,107.19031883738288
360.0,360.0,108.47947895820008
360.0,370.0,109.70627883739746
360.0,380.0,110.83112001145525
360.0,390.0,111.81980194279362
360.0,400.0,112.64484165466324
360.0,410.0,113.28643847789613
360.0,420.0,113.73308390951665
360.0,430.0,113.9818165832129
360.0,440.0,114.03812235166825
360.0,450.0,113.91547948075322
360.0,460.0,113.63454895557759
360.0,470.0,113.22200989840277
360.0,480.0,112.70904009841446
360.0,490.0,112.1294416533556
360.0,500.0,111.51741172301936
360.0,510.0,110.89987561123837
360.0,520.0,110.28196570101959
360.0,530.0,109.66643752677881
360.0,540.0,109.05847892282318
360.0,550.0,108.46473644028401
360.0,560.0,107.89245791712611
360.0,570.0,107.34875120123367
360.0,580.0,106.83995902657267
360.0,590.0,106.37115004242986
360.0,600.0,105.94572599572831
360.0,610.0,105.56514506641939
360.0,620.0,105.22876135595145
360.0,630.0,104.93378052881489
360.0,640.0,104.67533160716391
360.0,650.0,104.44665491851471
360.0,660.0,104.23940619652024
360.0,670.0,104.04407683482158
360.0,680.0,103.85053029397574
360.0,690.0,103.64865466146011
360.0,700.0,103.42913136475337
360.0,710.0,103.18432003749305
360.0,720.0,102.90925953870945
360.0,730.0,102.60278512513634
360.0,740.0,102.26876177659798
360.0,750.0,101.91743367447292
360.0,760.0,101.54563243009777
360.0,770.0,101.08398449607807
360.0,780.0,100.47517315037054
360.0,790.0,99.69182028066754
360.0,800.0,98.73078973939121
360.0,810.0,97.60793614986252
360.0,820.0,96.35329916364508
360.0,830.0,95.00674316906391
360.0,840.0,93.61404245089913
360.0,850.0,92.22341180125437
360.0,860.0,90.8824825816002
360.0,870.0,89.6357242359924
360.0,880.0,88.52231125546503
360.0,890.0,87.57443559359851
360.0,900.0,86.81606453326242
360.0,910.0,86.26214400453333
360.0,920.0,85.91824735378734
360.0,930.0,85.78066956396765
360.0,940.0,85.83696692602695
360.0,950.0,86.0669421615446
360.0,960.0,86.44407499651884
360.0,970.0,86.93739818633374
360.0,980.0,87.51381899190113
360.0,990.0,88.14088610697726
370.0,0.0,93.79705687341216
370.0,10.0,92.81138667274739
370.0,20.0,91.84352848465544
370.0,30.0,90.9202046218731
370.0,40.0,90.07404092767338
370.0,50.0,89.33982318775507
370.0,60.0,88.75125159523095
370.0,70.0,88.33819326871442
370.0,80.0,88.12443282350478
370.0,90.0,88.12592099587104
370.0,100.0,88.34952132043418
370.0,110.0,88.79225486064801
370.0,120.0,89.4410429923786
370.0,130.0,90.27294824058215
370.0,140.0,91.25591316908151
370.0,150.0,92.34999732344113
370.0,160.0,93.50911222694066
370.0,170.0,94.68325442964696
370.0,180.0,95.82123661058479
370.0,190.0,96.87391673300591
370.0,200.0,97.79792525275678
370.0,210.0,98.5598903797448
370.0,220.0,99.14116139250312
370.0,230.0,99.54303000585382
370.0,240.0,99.79244979166992
370.0,250.0,99.94825365273564
370.0,260.0,100.10191207667688
370.0,270.0,100.33911441775105
370.0,280.0,100.71546364092511
370.0,290.0,101.26050253970105
370.0,300.0,101.98227882588588
370.0,310.0,102.87158409065555
370.0,320.0,103.90586663691307
370.0,330.0,105.05281818294088
370.0,340.0,106.2736344373473
370.0,350.0,107.52594954530709
370.0,360.0,108.76644440609626
370.0,370.0,109.95312886192103
370.0,380.0,111.04729775804084
370.0,390.0,112.01516087418558
370.0,400.0,112.82914672726706
370.0,410.0,113.46888024538444
370.0,420.0,113.92183431312401
370.0,430.0,114.18365518815298
370.0,440.0,114.25816178910755
370.0,450.0,114.15701885477499
370.0,460.0,113.89908397457
370.0,470.0,113.50942849030523
370.0,480.0,113.0180322692557
370.0,490.0,112.45815234851786
370.0,500.0,111.86436545066228
370.0,510.0,111.2642712534354
370.0,520.0,110.66098924393549
370.0,530.0,110.05468915747086
370.0,540.0,109.4483013019148
370.0,550.0,108.84661539191319
370.0,560.0,108.25547930442457
370.0,570.0,107.6810977555926
370.0,580.0,107.12943089895097
370.0,590.0,106.60569284496076
370.0,600.0,106.11395010188032
370.0,610.0,105.65681993796748
370.0,620.0,105.23526866501429
370.0,630.0,104.84850984321413
370.0,640.0,104.4940024073614
370.0,650.0,104.1675487143835
370.0,660.0,103.86349251220531
370.0,670.0,103.57501682994621
370.0,680.0,103.29454178944941
370.0,690.0,103.01422233814381
370.0,700.0,102.72654590323826
370.0,710.0,102.42502996724832
370.0,720.0,102.10501956485537
370.0,730.0,101.7645847010983
370.0,740.0,101.40551769089755
370.0,750.0,101.03443041991164
370.0,760.0,100.6444758657714
370.0,770.0,100.16807459152167
370.0,780.0,99.55050812846717
370.0,790.0,98.76619456843565
370.0,800.0,97.81307129626867
370.0,810.0,96.7074227050995
370.0,820.0,95.47915289441812
370.0,830.0,94.16750335092361
370.0,840.0,92.81721561216361
370.0,850.0,91.47513891296093
370.0,860.0,90.18728281462752
370.0,870.0,88.99631481696548
370.0,880.0,87.93950295305537
370.0,890.0,87.0471033668316
370.0,900.0,86.34119287344518
370.0,910.0,85.83494650241353
370.0,920.0,85.53236002355749
370.0,930.0,85.42841745572565
370.0,940.0,85.50970355830572
370.0,950.0,85.75546130552321
370.0,960.0,86.13909434352722
370.0,970.0,86.63011443026355
370.0,980.0,87.19653385813483
370.0,990.0,87.80770285944797
380.0,0.0,93.96954920669423
380.0,10.0,92.97044075514786
380.0,20.0,91.99540027972789
380.0,30.0,91.07556993848796
380.0,40.0,90.24624142348766
380.0,50.0,89.54337294552627
380.0,60.0,89.00058963016085
380.0,70.0,88.64666732500898
380.0,80.0,88.50349981833601
380.0,90.0,88.5845494689268
380.0,100.0,88.89378124724185
380.0,110.0,89.42508018785819
380.0,120.0,90.16215225319456
380.0,130.0,91.07890860852123
380.0,140.0,92.14033330825426
380.0,150.0,93.30383439353429
380.0,160.0,94.52107840108991
380.0,170.0,95.74030828338546
380.0,180.0,96.90914474005332
380.0,190.0,97.97787096061084
380.0,200.0,98.90320077846165
380.0,210.0,99.65253023618152
380.0,220.0,100.20867256208886
380.0,230.0,100.57507655809938
380.0,240.0,100.78152839886583
380.0,250.0,100.8903368422016
380.0,260.0,100.99553504528755
380.0,270.0,101.18037539240513
380.0,280.0,101.49822809926908
380.0,290.0,101.97790094245383
380.0,300.0,102.62787563233773
380.0,310.0,103.44024718825746
380.0,320.0,104.39436631587232
380.0,330.0,105.4601847867387
380.0,340.0,106.60130382009442
380.0,350.0,107.77772546685321
380.0,360.0,108.94830699580916
380.0,370.0,110.0729182820512
380.0,380.0,111.11430219758758
380.0,390.0,112.03963800418038
380.0,400.0,112.82180774839011
380.0,410.0,113.44036565883032
380.0,420.0,113.88221054563205
380.0,430.0,114.14196120211858
380.0,440.0,114.22203480869001
380.0,450.0,114.13242833891795
380.0,460.0,113.89020296785017
380.0,470.0,113.51867148252538
380.0,480.0,113.04628869469786
380.0,490.0,112.50524485577235
380.0,500.0,111.92976207394867
380.0,510.0,111.34749079701386
380.0,520.0,110.7600399920212
380.0,530.0,110.16561946988242
380.0,540.0,109.56533196153688
380.0,550.0,108.96236436821663
380.0,560.0,108.36126249163644
380.0,570.0,107.76728924410877
380.0,580.0,107.18586633858364
380.0,590.0,106.6220994586136
380.0,600.0,106.0803869082436
380.0,610.0,105.56411174182568
380.0,620.0,105.07541737375887
380.0,630.0,104.61506666815382
380.0,640.0,104.18238450842256
380.0,650.0,103.77528384679312
380.0,660.0,103.39037523374913
380.0,670.0,103.0231598273944
380.0,680.0,102.66830588274244
380.0,690.0,102.32000872093099
380.0,700.0,101.97243417836134
380.0,710.0,101.62024553576293
380.0,720.0,101.25921392718251
380.0,730.0,100.88691222889865
380.0,740.0,100.50349242826087
380.0,750.0,100.11254647245397
380.0,760.0,99.70438851905436
380.0,770.0,99.21424455133345
380.0,780.0,98.59080863680755
380.0,790.0,97.81086195598398
380.0,800.0,96.87375851273848
380.0,810.0,95.79635535304209
380.0,820.0,94.60838729203736
380.0,830.0,93.34828614946407
380.0,840.0,92.05944449343424
380.0,850.0,90.78692389255666
380.0,860.0,89.57460767641078
380.0,870.0,88.46279820437005
380.0,880.0,87.48625864277462
380.0,890.0,86.67269925045349
380.0,900.0,86.04170817259603
380.0,910.0,85.60412674297301
380.0,920.0,85.36186929450687
380.0,930.0,85.30818747819164
380.0,940.0,85.428379090362
380.0,950.0,85.700941408312
380.0,960.0,86.099169034263
380.0,970.0,86.59319624768118
380.0,980.0,87.15248386594433
380.0,990.0,87.74875061335814
390.0,0.0,94.2830005109618
390.0,10.0,93.2705246619937
390.0,20.0,92.28773870883184
390.0,30.0,91.36972272199728
390.0,40.0,90.55410388601778
390.0,50.0,89.87781842849287
390.0,60.0,89.37434250534429
390.0,70.0,89.0713920422515
390.0,80.0,88.9890915322725
390.0,90.0,89.13861178964964
390.0,100.0,89.52127665980085
390.0,110.0,90.12813868549578
390.0,120.0,90.94002372921736
390.0,130.0,91.9280445517084
390.0,140.0,93.05458334670338
390.0,150.0,94.2747432318455
390.0,160.0,95.53826869578884
390.0,170.0,96.79193500148568
390.0,180.0,97.98240654565907
390.0,190.0,99.05956417446056
390.0,200.0,99.98030145531305
390.0,210.0,100.71278990493889
390.0,220.0,101.24121317357319
390.0,230.0,101.57097018536209
390.0,240.0,101.73434723494658
390.0,250.0,101.79665904023116
390.0,260.0,101.85385808526527
390.0,270.0,101.98598200057627
390.0,280.0,102.24353237435692
390.0,290.0,102.65412869512647
390.0,300.0,103.22640098955871
390.0,310.0,103.95361422195391
390.0,320.0,104.81702445535481
390.0,330.0,105.7889667743064
390.0,340.0,106.83567496925971
390.0,350.0,107.91983298261941
390.0,360.0,109.00285811643542
390.0,370.0,110.04691600173841
390.0,380.0,111.01666732951917
390.0,390.0,111.88074634335192
390.0,400.0,112.6129710936616
390.0,410.0,113.19328545363496
390.0,420.0,113.60843289677561
390.0,430.0,113.8523620361031
390.0,440.0,113.92636392499567
390.0,450.0,113.83894111967716
390.0,460.0,113.60540850334765
390.0,470.0,113.24722587195821
390.0,480.0,112.7910622816293
390.0,490.0,112.26759215771338
390.0,500.0,111.71002316550118
390.0,510.0,111.14551862291638
390.0,520.0,110.5748117144257
390.0,530.0,109.99490173034343
390.0,540.0,109.40559159924591
390.0,550.0,108.80879132260094
390.0,560.0,108.20788865757778
390.0,570.0,107.60718704803831
390.0,580.0,107.01141080370881
390.0,590.0,106.42527752753276
390.0,600.0,105.85313779120442
390.0,610.0,105.2986820588833
390.0,620.0,104.7647148590895
390.0,630.0,104.25299620477988
390.0,640.0,103.76415026160514
390.0,650.0,103.29764126434772
390.0,660.0,102.85181668154056
390.0,670.0,102.42401762826677
390.0,680.0,102.01075652714013
390.0,690.0,101.60796201746643
390.0,700.0,101.21129111258573
390.0,710.0,100.8165086053954
390.0,720.0,100.41993372205411
390.0,730.0,100.01895402386664
390.0,740.0,99.61260655734957
390.0,750.0,99.20222625247771
390.0,760.0,98.77626423296928
390.0,770.0,98.27364202682331
390.0,780.0,97.64713064339941
390.0,790.0,96.87633720462982
390.0,800.0,95.96231279015107
390.0,810.0,94.9226043223975
390.0,820.0,93.7867504916563
390.0,830.0,92.59222172108454
390.0,840.0,91.38080417168766
390.0,850.0,90.19542778725994
390.0,860.0,89.07743837928656
390.0,870.0,88.06431375180742
390.0,880.0,87.18782386624268
390.0,890.0,86.47263504618012
390.0,900.0,85.93535822212407
390.0,910.0,85.58404121620627
390.0,920.0,85.41810506685829
390.0,930.0,85.42872439344575
390.0,940.0,85.59965180086435
390.0,950.0,85.90848632409748
390.0,960.0,86.32838591273567
390.0,970.0,86.83022395545775
390.0,980.0,87.38518984447379
390.0,990.0,87.96783357992958
400.0,0.0,94.72074216278118
400.0,10.0,93.69529738213815
400.0,20.0,92.70432697644688
400.0,30.0,91.78622041932634
400.0,40.0,90.98051826442895
400.0,50.0,90.32489583108665
400.0,60.0,89.85260194398253
400.0,70.0,89.59035272684791
400.0,80.0,89.55668045018491
400.0,90.0,89.76073743301458
400.0,100.0,90.20155499865051
400.0,110.0,90.86775748449786
400.0,120.0,91.73773130587804
400.0,130.0,92.7802490738788
400.0,140.0,93.9555487672298
400.0,150.0,95.21686795820372
400.0,160.0,96.5124330925429
400.0,170.0,97.78790382341145
400.0,180.0,98.98927239937281
400.0,190.0,100.06621810639291
400.0,200.0,100.97591676386877
400.0,210.0,101.68730527468259
400.0,220.0,102.18580122928148
400.0,230.0,102.47847756378233
400.0,240.0,102.59969227210276
400.0,250.0,102.61717317211694
400.0,260.0,102.62806972419176
400.0,270.0,102.7085855647126
400.0,280.0,102.90587313036096
400.0,290.0,103.24599803095705
400.0,300.0,103.73748403317836
400.0,310.0,104.37461746524362
400.0,320.0,105.14051104256265
400.0,330.0,106.00992711435153
400.0,340.0,106.95186033121351
400.0,350.0,107.93187973368545
400.0,360.0,108.91423026174984
400.0,370.0,109.86369368531241
400.0,380.0,110.74720895564538
400.0,390.0,111.53525197779618
400.0,400.0,112.2029748039619
400.0,410.0,112.73110424782918
400.0,420.0,113.10659991987983
400.0,430.0,113.3230716836619
400.0,440.0,113.38095653302636
400.0,450.0,113.2874548903296
400.0,460.0,113.05622632560103
400.0,470.0,112.70684469667681
400.0,480.0,112.26401271029873
400.0,490.0,111.75653590417897
400.0,500.0,111.21605605003028
400.0,510.0,110.66882503529291
400.0,520.0,110.11543587902848
400.0,530.0,109.55251291342633
400.0,540.0,108.97915861244938
400.0,550.0,108.39638774142642
400.0,560.0,107.80661314398147
400.0,570.0,107.21318316630017
400.0,580.0,106.61997071873319
400.0,590.0,106.03101397473665
400.0,600.0,105.4502087071496
400.0,610.0,104.88105226180852
400.0,620.0,104.32643916849881
400.0,630.0,103.78850838924338
400.0,640.0,103.26854220392815
400.0,650.0,102.76691673326475
400.0,660.0,102.28310409909005
400.0,670.0,101.81572622200288
400.0,680.0,101.36266025633769
400.0,690.0,100.92119566247524
400.0,700.0,100.48824291649038
400.0,710.0,100.06059385713677
400.0,720.0,99.63523367016866
400.0,730.0,99.20970450999978
400.0,740.0,98.78252075869914
400.0,750.0,98.35363592232385
400.0,760.0,97.91070103717654
400.0,770.0,97.39705608050834
400.0,780.0,96.77002880546716
400.0,790.0,96.01238690678592
400.0,800.0,95.12708171199176
400.0,810.0,94.13243546210632
400.0,820.0,93.05777218183678
400.0,830.0,91.93949213925801
400.0,840.0,90.81758989498549
400.0,850.0,89.73261594083914
400.0,860.0,88.72308192799828
400.0,870.0,87.82330948464724
400.0,880.0,87.0617226231121
400.0,890.0,86.45958373648823
400.0,900.0,86.03017318475878
400.0,910.0,85.77841247040422
400.0,920.0,85.70093100350253
400.0,930.0,85.78657645632062
400.0,940.0,86.01736870739641
400.0,950.0,86.36989737511205
400.0,960.0,86.81716294075787
400.0,970.0,87.33086146108744
400.0,980.0,87.88411287036337
400.0,990.0,88.45463287189413
410.0,0.0,95.25967391957276
410.0,10.0,94.22197172253361
410.0,20.0,93.2225258592699
410.0,30.0,92.30228897445137
410.0,40.0,91.5022205856188
410.0,50.0,90.86046280873664
410.0,60.0,90.4099581331629
410.0,70.0,90.17650924603606
410.0,80.0,90.17728090607925
410.0,90.0,90.41974386682153
410.0,100.0,90.90106084923644
410.0,110.0,91.60791456379751
410.0,120.0,92.51677778195112
410.0,130.0,93.5946254570065
410.0,140.0,94.80008889444272
410.0,150.0,96.08505197163312
410.0,160.0,97.39668940698661
410.0,170.0,98.67994707850639
410.0,180.0,99.8804643917656
410.0,190.0,100.94793869730039
410.0,200.0,101.83993175741985
410.0,210.0,102.52611826243336
410.0,220.0,102.99297639629505
410.0,230.0,103.24892045166517
410.0,240.0,103.32987549438911
410.0,250.0,103.30529407739303
410.0,260.0,103.27275586268942
410.0,270.0,103.30420303916122
410.0,280.0,103.44314003278524
410.0,290.0,103.71382019697471
410.0,300.0,104.12445069334947
410.0,310.0,104.67018266705226
410.0,320.0,105.3358867166108
410.0,330.0,106.09871365834582
410.0,340.0,106.93044058532503
410.0,350.0,107.799602220863
410.0,360.0,108.67340756656696
410.0,370.0,109.51944184492856
410.0,380.0,110.30715373646143
410.0,390.0,111.00912791138481
410.0,400.0,111.60214285585299
410.0,410.0,112.06801399273077
410.0,420.0,112.39422209691475
410.0,430.0,112.5743270052005
410.0,440.0,112.60816662069588
410.0,450.0,112.50184121178002
410.0,460.0,112.26748300560833
410.0,470.0,111.92281107616346
410.0,480.0,111.4904715268521
410.0,490.0,110.99716296764784
410.0,500.0,110.47254728677976
410.0,510.0,109.94167709718609
410.0,520.0,109.40580685509642
410.0,530.0,108.86206756860928
410.0,540.0,108.30950357888948
410.0,550.0,107.74865377854357
410.0,560.0,107.18116986435587
410.0,570.0,106.60947162438514
410.0,580.0,106.0364392594219
410.0,590.0,105.46514273880629
410.0,600.0,104.89860819060658
410.0,610.0,104.33962132615827
410.0,620.0,103.79056789896386
410.0,630.0,103.25331119795312
410.0,640.0,102.7291065751041
410.0,650.0,102.21855300742462
410.0,660.0,101.72158169329448
410.0,670.0,101.23748168316823
410.0,680.0,100.76496254463854
410.0,690.0,100.30225406186021
410.0,700.0,99.84724296933477
410.0,710.0,99.39764672005573
410.0,720.0,98.95122428801433
410.0,730.0,98.50602400506607
410.0,740.0,98.0606684321577
410.0,750.0,97.61467626491489
410.0,760.0,97.15599720603458
410.0,770.0,96.63290684171179
410.0,780.0,96.00755812755035
410.0,790.0,95.26606710031596
410.0,800.0,94.4133999141596
410.0,810.0,93.46870304494452
410.0,820.0,92.46107666267652
410.0,830.0,91.42579117203775
410.0,840.0,90.40094692102383
410.0,850.0,89.4245770776844
410.0,860.0,88.53219367496717
410.0,870.0,87.75477682366524
410.0,880.0,87.11720709346794
410.0,890.0,86.63714106211505
410.0,900.0,86.32433003265439
410.0,910.0,86.18038191880295
410.0,920.0,86.19896629841122
410.0,930.0,86.36646263503118
410.0,940.0,86.66305166758748
410.0,950.0,87.06424996815218
410.0,960.0,87.54288766782287
410.0,970.0,88.07152935070411
410.0,980.0,88.62533811599243
410.0,990.0,89.18538280816465
420.0,0.0,95.87149657775723
420.0,10.0,94.82253370551776
420.0,20.0,93.8144857982193
420.0,30.0,92.89003776601002
420.0,40.0,92.0910234043635
420.0,50.0,91.455758196222
420.0,60.0,91.01680236508965
420.0,70.0,90.79915417907515
420.0,80.0,90.81887350588435
420.0,90.0,91.08213561876246
420.0,100.0,91.58471525338607
420.0,110.0,92.31190091570465
420.0,120.0,93.2388394407322
420.0,130.0,94.33131080228816
420.0,140.0,95.54693317368827
420.0,150.0,96.83679823938525
420.0,160.0,98.14753675755887
420.0,170.0,99.4238143736561
420.0,180.0,100.61125768488073
420.0,190.0,101.6598105556328
420.0,200.0,102.52752068389782
420.0,210.0,103.18475641858547
420.0,220.0,103.61885382781838
420.0,230.0,103.8391940181702
420.0,240.0,103.88271070485385
420.0,250.0,103.81982803285908
420.0,260.0,103.74778003173185
420.0,270.0,103.7340354684839
420.0,280.0,103.81835100227751
420.0,290.0,104.02303072610088
420.0,300.0,104.35580982026461
420.0,310.0,104.8125469743225
420.0,320.0,105.37972557741676
420.0,330.0,106.03676367704752
420.0,340.0,106.75813270626666
420.0,350.0,107.5152849792962
420.0,360.0,108.27838995557072
420.0,370.0,109.0178792722044
420.0,380.0,109.70580054488228
420.0,390.0,110.31697993717597
420.0,400.0,110.82999349828356
420.0,410.0,111.22794726919405
420.0,420.0,111.499066157276
420.0,430.0,111.63709157929068
420.0,440.0,111.64148787282939
420.0,450.0,111.5174574761753
420.0,460.0,111.27576487658952
420.0,470.0,110.93236932702163
420.0,480.0,110.50786633124447
420.0,490.0,110.02673789741334
420.0,500.0,109.51641156004949
420.0,510.0,109.00060535840143
420.0,520.0,108.4820661617804
420.0,530.0,107.95931860567957
420.0,540.0,107.43200467539428
420.0,550.0,106.90062535858102
420.0,560.0,106.36630608358564
420.0,570.0,105.83058594354085
420.0,580.0,105.29523070623284
420.0,590.0,104.7620696097373
420.0,600.0,104.2328559438245
420.0,610.0,103.7091514171338
420.0,620.0,103.19223431011719
420.0,630.0,102.6830314137523
420.0,640.0,102.18207375402446
420.0,650.0,101.68947610217806
420.0,660.0,101.20494027073723
420.0,670.0,100.72778219529556
420.0,680.0,100.25698280207537
420.0,690.0,99.79126266125587
420.0,700.0,99.32918042607083
420.0,710.0,98.86925505767536
420.0,720.0,98.4101118357819
420.0,730.0,97.95065215506563
420.0,740.0,97.49024710733883
420.0,750.0,97.02895484949482
420.0,760.0,96.55610712429026
420.0,770.0,96.02519836057661
420.0,780.0,95.40324728289673
420.0,790.0,94.67974761986845
420.0,800.0,93.86169930403389
420.0,810.0,92.9690824575072
420.0,820.0,92.03077416342063
420.0,830.0,91.08090802316913
420.0,840.0,90.15567649945329
420.0,850.0,89.29057604512067
420.0,860.0,88.51809501780566
420.0,870.0,87.86584438036755
420.0,880.0,87.35513118712721
420.0,890.0,86.99997485590202
420.0,900.0,86.80656622583939
420.0,910.0,86.77316940104843
420.0,920.0,86.89046638003035
420.0,930.0,87.14234447090692
420.0,940.0,87.50712649244768
420.0,950.0,87.95924376089536
420.0,960.0,88.47135186258964
420.0,970.0,89.01688921238963
420.0,980.0,89.57307839789435
420.0,990.0,90.12437030946198
430.0,0.0,96.52437886517575
430.0,10.0,95.46539592094578
430.0,20.0,94.44879112498916
430.0,30.0,93.51810213520628
430.0,40.0,92.7154657516569
430.0,50.0,92.07906908537676
430.0,60.0,91.64102064397619
430.0,70.0,91.42564133402028
430.0,80.0,91.44817538019092
430.0,90.0,91.7139211612305
430.0,100.0,92.21778196266747
430.0,110.0,92.94423664632352
430.0,120.0,93.86773023660257
430.0,130.0,94.9534844235616
430.0,140.0,96.1587279827631
430.0,150.0,97.43434711190922
430.0,160.0,98.72695568425796
430.0,170.0,99.98138541882074
430.0,180.0,101.14359596734198
430.0,190.0,102.16400491806037
430.0,200.0,103.00123771625178
430.0,210.0,103.62629750155408
430.0,220.0,104.02715486207366
430.0,230.0,104.21375750527349
430.0,240.0,104.22345984564346
430.0,250.0,104.1268725091518
430.0,260.0,104.02013339280246
430.0,270.0,103.96625299202285
430.0,280.0,104.0013460345851
430.0,290.0,104.14575906496354
430.0,300.0,104.40666234852901
430.0,310.0,104.7804711047196
430.0,320.0,105.25509606918753
430.0,330.0,105.81202338492248
430.0,340.0,106.42822382235111
430.0,350.0,107.07789132841286
430.0,360.0,107.73401090461209
430.0,370.0,108.36975581404646
430.0,380.0,108.95971411741158
430.0,390.0,109.48094453798204
430.0,400.0,109.9138616555686
430.0,410.0,110.24295042945177
430.0,420.0,110.4573100502916
430.0,430.0,110.55102712101382
430.0,440.0,110.5233781666722
430.0,450.0,110.37886147328726
430.0,460.0,110.12705825566121
430.0,470.0,109.78232315416919
430.0,480.0,109.36330406052686
430.0,490.0,108.89229127253417
430.0,500.0,108.39439597779548
430.0,510.0,107.89202647556223
430.0,520.0,107.39024576245137
430.0,530.0,106.88982499887739
430.0,540.0,106.39164403489607
430.0,550.0,105.89660324898496
430.0,560.0,105.40554756827487
430.0,570.0,104.9192026702327
430.0,580.0,104.43812336579548
430.0,590.0,103.96265416395543
430.0,600.0,103.49290201779654
430.0,610.0,103.02872125198196
430.0,620.0,102.56971067169299
430.0,630.0,102.1152228530189
430.0,640.0,101.6643856147983
430.0,650.0,101.21613567191143
430.0,660.0,100.76926447002377
430.0,670.0,100.3224762017809
430.0,680.0,99.87445800445448
430.0,690.0,99.42396233903945
430.0,700.0,98.96990155080243
430.0,710.0,98.5114546112814
430.0,720.0,98.04818604173639
430.0,730.0,97.58017701805163
430.0,740.0,97.10816865708868
430.0,750.0,96.63371748449089
430.0,760.0,96.14855696039969
430.0,770.0,95.611434660494
430.0,780.0,94.99404359815034
430.0,790.0,94.28912318518942
430.0,800.0,93.50562862832842
430.0,810.0,92.66434277657409
430.0,820.0,91.79393041955707
430.0,830.0,90.92743503680715
430.0,840.0,90.0992179979695
430.0,850.0,89.34234021396188
430.0,860.0,88.68638623907304
430.0,870.0,88.15573082400194
430.0,880.0,87.76824791983803
430.0,890.0,87.53446213298267
430.0,900.0,87.45714263101132
430.0,910.0,87.53133949947704
430.0,920.0,87.74486254965467
430.0,930.0,88.07920257722634
430.0,940.0,88.51089507190773
430.0,950.0,89.01332637801553
430.0,960.0,89.55898230597585
430.0,970.0,90.12213919477357
430.0,980.0,90.68199742534277
430.0,990.0,91.22625738489825
440.0,0.0,97.18505856778427
440.0,10.0,96.11748483316873
440.0,20.0,95.0925364231531
440.0,30.0,94.15371350400983
440.0,40.0,93.34288258124275
440.0,50.0,92.69780526214666
440.0,60.0,92.2500782585988
440.0,70.0,92.02348463008236
440.0,80.0,92.03275626694195
440.0,90.0,92.28274761387114
440.0,100.0,92.76802063363203
440.0,110.0,93.47284101100672
440.0,120.0,94.37158559698085
440.0,130.0,95.42956109315922
440.0,140.0,96.60423397641324
440.0,150.0,97.84687166376057
440.0,160.0,99.10459491747662
440.0,170.0,100.3228414904382
440.0,180.0,101.448241011699
440.0,190.0,102.43190111229728
440.0,200.0,103.23310479129542
440.0,210.0,103.82341902205145
440.0,220.0,104.19121459872285
440.0,230.0,104.34659722300187
440.0,240.0,104.32674983108348
440.0,250.0,104.20168616086471
440.0,260.0,104.06575448090139
440.0,270.0,103.97774639471652
440.0,280.0,103.97043958665506
440.0,290.0,104.0623425574244
440.0,300.0,104.26003350039025
440.0,310.0,104.56034576945294
440.0,320.0,104.95239993850419
440.0,330.0,105.41948245246454
440.0,340.0,105.94077086990112
440.0,350.0,106.49290569722602
440.0,360.0,107.05140881447515
440.0,370.0,107.59194849266758
440.0,380.0,108.09145100274543
440.0,390.0,108.52905881609422
440.0,400.0,108.88693539664376
440.0,410.0,109.15091658454956
440.0,420.0,109.31100857145468
440.0,430.0,109.36173246733215
440.0,440.0,109.30231545890791
440.0,450.0,109.13672855966416
440.0,460.0,108.87357095142332
440.0,470.0,108.52580091751244
440.0,480.0,108.11031336750818
440.0,490.0,107.64736395356216
440.0,500.0,107.15983977830699
440.0,510.0,106.66902172434939
440.0,520.0,106.18307040487609
440.0,530.0,105.70578640977972
440.0,540.0,105.23988504171709
440.0,550.0,104.7870841008101
440.0,560.0,104.34819410783223
440.0,570.0,103.92321096588063
440.0,580.0,103.51141106053394
440.0,590.0,103.11144879849566
440.0,600.0,102.72145658472316
440.0,610.0,102.3391472380424
440.0,620.0,101.96191884524818
440.0,630.0,101.58696205369009
440.0,640.0,101.21136980234408
440.0,650.0,100.83224949136965
440.0,660.0,100.44683759015267
440.0,670.0,100.05261668383389
440.0,680.0,99.64743495832298
440.0,690.0,99.22962812379826
440.0,700.0,98.79814377669219
440.0,710.0,98.35266820016216
440.0,720.0,97.89375560304728
440.0,730.0,97.42295979731064
440.0,740.0,96.9429683139671
440.0,750.0,96.45773895749691
440.0,760.0,95.96232014747905
440.0,770.0,95.4204989889464
440.0,780.0,94.80822970133431
440.0,790.0,94.12121122641365
440.0,800.0,93.3701823897331
440.0,810.0,92.57665923185657
440.0,820.0,91.76911450939595
440.0,830.0,90.97959936583926
440.0,840.0,90.24080717217404
440.0,850.0,89.58357953730604
440.0,860.0,89.03485448827328
440.0,870.0,88.61605682025541
440.0,880.0,88.34193061637833
440.0,890.0,88.21981393731423
440.0,900.0,88.24935568067676
440.0,910.0,88.42267461021176
440.0,920.0,88.72496055478311
440.0,930.0,89.13551777715395
440.0,940.0,89.6292505125632
440.0,950.0,90.17859067709753
440.0,960.0,90.75586774585834
440.0,970.0,91.3361208009244
440.0,980.0,91.90035274910957
440.0,990.0,92.4392267095159
450.0,0.0,97.82137789062187
450.0,10.0,96.74676204285808
450.0,20.0,95.713835023818
450.0,30.0,94.76519708364977
450.0,40.0,93.94189371433988
450.0,50.0,93.28098100299793
450.0,60.0,92.81349532051172
450.0,70.0,92.56282734557317
450.0,80.0,92.54350042407454
450.0,90.0,92.76035326387547
450.0,100.0,93.20812696494032
450.0,110.0,93.87145638484627
450.0,120.0,94.72526583966186
450.0,130.0,95.73556914019613
450.0,140.0,96.86067396361837
450.0,150.0,98.05279056044826
450.0,160.0,99.2600447969168
450.0,170.0,100.42889553269762
450.0,180.0,101.50695633400889
450.0,190.0,102.44622152208588
450.0,200.0,103.20669655702395
450.0,210.0,103.7604327569921
450.0,220.0,104.09596635281736
450.0,230.0,104.22316187793912
450.0,240.0,104.17845989373484
450.0,250.0,104.03052905021558
450.0,260.0,103.87131869040056
450.0,270.0,103.75584520416565
450.0,280.0,103.71403152887828
450.0,290.0,103.7627847838192
450.0,300.0,103.90812802782436
450.0,310.0,104.14719234621326
450.0,320.0,104.47006926700396
450.0,330.0,104.86152350641468
450.0,340.0,105.30256604365206
450.0,350.0,105.77188752498597
450.0,360.0,106.24715199711096
450.0,370.0,106.70615096979436
450.0,380.0,107.12781780781097
450.0,390.0,107.49310245216424
450.0,400.0,107.78570647059433
450.0,410.0,107.9926784373725
450.0,420.0,108.10486964238234
450.0,430.0,108.1172501294874
450.0,440.0,108.02908506418567
450.0,450.0,107.8439714305504
450.0,460.0,107.56973505745785
450.0,470.0,107.21818797410133
450.0,480.0,106.80474609479208
450.0,490.0,106.3479072330467
450.0,500.0,105.86858944496112
450.0,510.0,105.38727140392581
450.0,520.0,104.91591900723232
450.0,530.0,104.4620447289246
450.0,540.0,104.03073056512251
450.0,550.0,103.62489345826214
450.0,560.0,103.24554540629859
450.0,570.0,102.8920482568718
450.0,580.0,102.56236318643477
450.0,590.0,102.25329486434465
450.0,600.0,101.96073030191663
450.0,610.0,101.6798723864402
450.0,620.0,101.40546810015857
450.0,630.0,101.13203142421041
450.0,640.0,100.8540609275345
450.0,650.0,100.5662520407371
450.0,660.0,100.26370401492187
450.0,670.0,99.94212156548267
450.0,680.0,99.59801120085898
450.0,690.0,99.22887223625403
450.0,700.0,98.83338249231572
450.0,710.0,98.41157867878007
450.0,720.0,97.9650314630776
450.0,730.0,97.49701522390218
450.0,740.0,97.0126724897429
450.0,750.0,96.51917306237829
450.0,760.0,96.01565267188582
450.0,770.0,95.47049626676551
450.0,780.0,94.86331183312848
450.0,790.0,94.19233644633437
450.0,800.0,93.46983911234346
450.0,810.0,92.7179655551267
450.0,820.0,91.96502495013289
450.0,830.0,91.2422186038137
450.0,840.0,90.58081057920597
450.0,850.0,90.00974026757166
450.0,860.0,89.55367690609526
450.0,870.0,89.23151604163883
450.0,880.0,89.0553179405543
450.0,890.0,89.02968794455369
450.0,900.0,89.15159877263639
450.0,910.0,89.4106547690744
450.0,920.0,89.78979809745472
450.0,930.0,90.2664568807795
450.0,940.0,90.81413528762367
450.0,950.0,91.40444556434994
450.0,960.0,92.00958201338153
450.0,970.0,92.60523691753227
450.0,980.0,93.17395841039428
450.0,990.0,93.70895029278319
460.0,0.0,98.40525305305323
460.0,10.0,97.3251795036764
460.0,20.0,96.28475963582724
460.0,30.0,95.32489717340286
460.0,40.0,94.48531228256059
460.0,50.0,93.80210423067814
460.0,60.0,93.30571326792365
460.0,70.0,93.01928173143571
460.0,80.0,92.95741437211326
460.0,90.0,93.12533790401551
460.0,100.0,93.51845977637173
460.0,110.0,94.12232616820108
460.0,120.0,94.91297920554229
460.0,130.0,95.8577134012933
460.0,140.0,96.91623131766089
460.0,150.0,98.04219845122022
460.0,160.0,99.1851973405843
460.0,170.0,100.2930808966835
460.0,180.0,101.3147249556548
460.0,190.0,102.20318005434117
460.0,200.0,102.91922242840093
460.0,210.0,103.4353042330267
460.0,220.0,103.7399029862749
460.0,230.0,103.84227023500446
460.0,240.0,103.77757944342622
460.0,250.0,103.61247310426162
460.0,260.0,103.43599750374698
460.0,270.0,103.30000233394914
460.0,280.0,103.23217666347762
460.0,290.0,103.24815825591092
460.0,300.0,103.35350849347863
460.0,310.0,103.54555780222579
460.0,320.0,103.81512157865974
460.0,330.0,104.14808661787946
460.0,340.0,104.52686804318722
460.0,350.0,104.93173673718275
460.0,360.0,105.34201727433978
460.0,370.0,105.73715635506503
460.0,380.0,106.09766174123962
460.0,390.0,106.4059116932429
460.0,400.0,106.64683490845874
460.0,410.0,106.8084609612642
460.0,420.0,106.88234124450062
460.0,430.0,106.8638404124272
460.0,440.0,106.75229832515693
460.0,450.0,106.55106249457504
460.0,460.0,106.26739103173973
460.0,470.0,105.91222609576555
460.0,480.0,105.49983784418886
460.0,490.0,105.04733888481617
460.0,500.0,104.57406922905446
460.0,510.0,104.10014513354577
460.0,520.0,103.64194508996373
460.0,530.0,103.21125253617556
460.0,540.0,102.81596213114084
460.0,550.0,102.46052073699161
460.0,560.0,102.14635734491662
460.0,570.0,101.87230194484914
460.0,580.0,101.63499333895878
460.0,590.0,101.429275898947
460.0,600.0,101.24858526714654
460.0,610.0,101.08532300142464
460.0,620.0,100.93122016389006
460.0,630.0,100.77768985340401
460.0,640.0,100.61616868189478
460.0,650.0,100.43844719447628
460.0,660.0,100.23698923337042
460.0,670.0,100.00524024563325
460.0,680.0,99.73792453468498
460.0,690.0,99.43133145564377
460.0,700.0,99.08359055446343
460.0,710.0,98.69493565087488
460.0,720.0,98.26795786513138
460.0,730.0,97.80784758855778
460.0,740.0,97.32262539790338
460.0,750.0,96.8233619134987
460.0,760.0,96.31388816943023
460.0,770.0,95.76655873580472
460.0,780.0,95.16387982144185
460.0,790.0,94.5061021196517
460.0,800.0,93.80670895587755
460.0,810.0,93.0883462157277
460.0,820.0,92.37919405339629
460.0,830.0,91.70978038047335
460.0,840.0,91.11023613514372
460.0,850.0,90.60799233177508
460.0,860.0,90.22591889089517
460.0,870.0,89.98090524955784
460.0,880.0,89.88288275209834
460.0,890.0,89.9342888212776
460.0,900.0,90.12997290981555
460.0,910.0,90.45754423231352
460.0,920.0,90.89816127756572
460.0,930.0,91.42776310125973
460.0,940.0,92.01874239906606
460.0,950.0,92.64206036011683
460.0,960.0,93.26980330087339
460.0,970.0,93.87818107938311
460.0,980.0,94.45096728992513
460.0,990.0,94.98338123804531
470.0,0.0,98.91607811828501
470.0,10.0,97.83206869379411
470.0,20.0,96.78471511051409
470.0,30.0,95.81253004967625
470.0,40.0,94.95347266902188
470.0,50.0,94.24247302932899
470.0,60.0,93.70935233523574
470.0,70.0,93.3771389903599
470.0,80.0,93.26078046671482
470.0,90.0,93.3662509884216
470.0,100.0,93.69005502971761
470.0,110.0,94.2191266272614
470.0,120.0,94.9311245067338
470.0,130.0,95.79512302373544
470.0,140.0,96.77269891898057
470.0,150.0,97.81941388778716
470.0,160.0,98.88669296386337
470.0,170.0,99.92409871739027
470.0,180.0,100.88200126740098
470.0,190.0,101.71464410845601
470.0,200.0,102.38360575161508
470.0,210.0,102.86165717970498
470.0,220.0,103.13701511688419
470.0,230.0,103.21799111250323
470.0,240.0,103.13803643926198
470.0,250.0,102.96118280566277
470.0,260.0,102.77318746301435
470.0,270.0,102.62344527319027
470.0,280.0,102.53811280904024
470.0,290.0,102.53195146755617
470.0,300.0,102.610196590471
470.0,310.0,102.77030386741896
470.0,320.0,103.00357302165706
470.0,330.0,103.29664877834823
470.0,340.0,103.63289911540576
470.0,350.0,103.99367079689914
470.0,360.0,104.35942218902133
470.0,370.0,104.71073335861753
470.0,380.0,105.02919345427519
470.0,390.0,105.2981653699756
470.0,400.0,105.50342769130684
470.0,410.0,105.63369392423807
470.0,420.0,105.68100900645537
470.0,430.0,105.64102310125888
470.0,440.0,105.51314267402144
470.0,450.0,105.30055885120852
470.0,460.0,105.01015306195977
470.0,470.0,104.6522799622318
470.0,480.0,104.24042764150238
470.0,490.0,103.79075511203625
470.0,500.0,103.32150708071207
470.0,510.0,102.85294804134891
470.0,520.0,102.4063562534742
470.0,530.0,101.99820847982636
470.0,540.0,101.63956003265142
470.0,550.0,101.33665617113944
470.0,560.0,101.09152861544271
470.0,570.0,100.90257717727589
470.0,580.0,100.7651365070977
470.0,590.0,100.67202795787466
470.0,600.0,100.61409656542651
470.0,610.0,100.58073314535334
470.0,620.0,100.56038150654476
470.0,630.0,100.54103078127065
470.0,640.0,100.51069287185375
470.0,650.0,100.45786501392419
470.0,660.0,100.37197745625565
470.0,670.0,100.24382625718337
470.0,680.0,100.06599119760403
470.0,690.0,99.83323881055733
470.0,700.0,99.54291052738942
470.0,710.0,99.19529594049817
470.0,720.0,98.79399118266006
470.0,730.0,98.34624242293918
470.0,740.0,97.86327447917775
470.0,750.0,97.36060454706848
470.0,760.0,96.84719282921675
470.0,770.0,96.29861480502659
470.0,780.0,95.69943871927973
470.0,790.0,95.05134812919964
470.0,800.0,94.36869067868057
470.0,810.0,93.67446854246626
470.0,820.0,92.99677054027848
470.0,830.0,92.365645920895
470.0,840.0,91.81041981617753
470.0,850.0,91.35745036504906
470.0,860.0,91.02832750742118
470.0,870.0,90.83851344807081
470.0,880.0,90.79642479046677
470.0,890.0,90.90295634054607
470.0,900.0,91.15144658043967
470.0,910.0,91.52808481214825
470.0,920.0,92.0127599711673
470.0,930.0,92.58035111006224
470.0,940.0,93.20245955199293
470.0,950.0,93.84958271418809
470.0,960.0,94.49372960136925
470.0,970.0,95.1114779691245
470.0,980.0,95.68747315723178
470.0,990.0,96.21836859293207
480.0,0.0,99.34456305715642
480.0,10.0,98.25796374225249
480.0,20.0,97.20424334100437
480.0,30.0,96.21896444538437
480.0,40.0,95.33797794764976
480.0,50.0,94.59487951895103
480.0,60.0,94.0188599882408
480.0,70.0,93.63294962148323
480.0,80.0,93.45265630116415
480.0,90.0,93.48499760610173
480.0,100.0,93.72792679155775
480.0,110.0,94.1701526696496
480.0,120.0,94.79135339006268
480.0,130.0,95.56278412106366
480.0,140.0,96.44827863081407
480.0,150.0,97.40564476898477
480.0,160.0,98.38845384867082
480.0,170.0,99.34822392860711
480.0,180.0,100.23699699568444
480.0,190.0,101.01031004776641
480.0,200.0,101.63056007680674
480.0,210.0,102.07076295226727
480.0,220.0,102.31870620483664
480.0,230.0,102.38149571044933
480.0,240.0,102.29049627460573
480.0,250.0,102.10666611699239
480.0,260.0,101.91220888430259
480.0,270.0,101.75479382237273
480.0,280.0,101.65974745119378
480.0,290.0,101.64136030108428
480.0,300.0,101.70469750104589
480.0,310.0,101.84729045770902
480.0,320.0,102.06070962486854
480.0,330.0,102.33201836360956
480.0,340.0,102.64510789302349
480.0,350.0,102.981913331514
480.0,360.0,103.32351082869323
480.0,370.0,103.65109578786812
480.0,380.0,103.94684217911677
480.0,390.0,104.19464294295494
480.0,400.0,104.38073148459272
480.0,410.0,104.4941842587812
480.0,420.0,104.52730444524944
480.0,430.0,104.47588671473129
480.0,440.0,104.33936308558258
480.0,450.0,104.12082987098825
480.0,460.0,103.82695571675966
480.0,470.0,103.46777072972205
480.0,480.0,103.056336696692
480.0,490.0,102.60829839404514
480.0,500.0,102.1413159878738
480.0,510.0,101.67632284533923
480.0,520.0,101.23985270166199
480.0,530.0,100.85335957444596
480.0,540.0,100.53130437773957
480.0,550.0,100.28192972913381
480.0,560.0,100.1080177242012
480.0,570.0,100.00763067827594
480.0,580.0,99.97483483557501
480.0,590.0,100.00040704566032
480.0,600.0,100.072524407242
480.0,610.0,100.17743687932256
480.0,620.0,100.3001228596823
480.0,630.0,100.42492773070565
480.0,640.0,100.5361853725485
480.0,650.0,100.61882264364675
480.0,660.0,100.65894682856576
480.0,670.0,100.64441605319094
480.0,680.0,100.56539266725926
480.0,690.0,100.41487959423198
480.0,700.0,100.18923964850826
480.0,710.0,99.88869781998
480.0,720.0,99.51782652592746
480.0,730.0,99.08601383025623
480.0,740.0,98.60791463007507
480.0,750.0,98.10388480961474
480.0,760.0,97.58828010511625
480.0,770.0,97.03912109500499
480.0,780.0,96.44221210590605
480.0,790.0,95.80009573915171
480.0,800.0,95.12763794951714
480.0,810.0,94.44805473188671
480.0,820.0,93.78938041585099
480.0,830.0,93.18137756823423
480.0,840.0,92.65288850355249
480.0,850.0,92.22962840240241
480.0,860.0,91.93242003778053
480.0,870.0,91.7758701093332
480.0,880.0,91.76748718553715
480.0,890.0,91.90724125381065
480.0,900.0,92.18756487855518
480.0,910.0,92.59379596712782
480.0,920.0,93.10506214374419
480.0,930.0,93.69560673131198
480.0,940.0,94.3365563411951
480.0,950.0,94.99813007090843
480.0,960.0,95.65229030974314
480.0,970.0,96.27583515232268
480.0,980.0,96.8539324200893
480.0,990.0,97.38409529072119
490.0,0.0,99.697006046204
490.0,10.0,98.60885851017285
490.0,20.0,97.54926029606955
490.0,30.0,96.5504296196207
490.0,40.0,95.6458668206769
490.0,50.0,94.86772108922072
490.0,60.0,94.24455032498442
490.0,70.0,93.7994741306772
490.0,80.0,93.54871993882222
490.0,90.0,93.50056227220323
490.0,100.0,93.65465513792077
490.0,110.0,94.00175755505822
490.0,120.0,94.52385221595729
490.0,130.0,95.19465728110332
490.0,140.0,95.98053130762011
490.0,150.0,96.84177131137453
490.0,160.0,97.73430396269069
490.0,170.0,98.61176991567382
490.0,180.0,99.42800127114371
490.0,190.0,100.13989217317798
490.0,200.0,100.7106625392648
490.0,210.0,101.11351492406538
490.0,220.0,101.3356845167862
490.0,230.0,101.38288227216054
490.0,240.0,101.28413117504024
490.0,250.0,101.09699563859648
490.0,260.0,100.89997431498607
490.0,270.0,100.73964437540715
490.0,280.0,100.64110295942699
490.0,290.0,100.61852378938991
490.0,300.0,100.67694729408689
490.0,310.0,100.81395334840059
490.0,320.0,101.02121662892604
490.0,330.0,101.28594458556675
490.0,340.0,101.59219802910643
490.0,350.0,101.92209433475622
490.0,360.0,102.25689326167748
490.0,370.0,102.57796538848008
490.0,380.0,102.86764316469626
490.0,390.0,103.10995457823003
490.0,400.0,103.29123943878209
490.0,410.0,103.40064827725026
490.0,420.0,103.43052386110551
490.0,430.0,103.37666532574356
490.0,440.0,103.23847492181183
490.0,450.0,103.01898737851214
490.0,460.0,102.72478188287884
490.0,470.0,102.36577667503256
490.0,480.0,101.95490625940931
490.0,490.0,101.50768123196536
490.0,500.0,101.0416307233575
490.0,510.0,100.57880782654846
490.0,520.0,100.15122481129296
490.0,530.0,99.78547041746357
490.0,540.0,99.49955707631858
490.0,550.0,99.30385199823853
490.0,560.0,99.20199036688047
490.0,570.0,99.19177063975002
490.0,580.0,99.26603195519114
490.0,590.0,99.41351364579373
490.0,600.0,99.61969685821903
490.0,610.0,99.86762827944271
490.0,620.0,100.13872596941587
490.0,630.0,100.41356730014364
490.0,640.0,100.6726590011817
490.0,650.0,100.89718931155056
490.0,660.0,101.06976223806754
490.0,670.0,101.17511392009659
490.0,680.0,101.20081110071584
490.0,690.0,101.13793170430304
490.0,700.0,100.98172752053858
490.0,710.0,100.73226899482651
490.0,720.0,100.39507212513314
490.0,730.0,99.9817074652435
490.0,740.0,99.51039123443572
490.0,750.0,99.00655853357283
490.0,760.0,98.49008523486772
490.0,770.0,97.94075768084166
490.0,780.0,97.3449170512999
490.0,790.0,96.70547910520493
490.0,800.0,96.037535008151
490.0,810.0,95.36439374292644
490.0,820.0,94.71406610316345
490.0,830.0,94.11619027007539
490.0,840.0,93.59939897228173
490.0,850.0,93.18912822872056
490.0,860.0,92.90586767464856
490.0,870.0,92.76385247072866
490.0,880.0,92.77019679520517
490.0,890.0,92.9244689191665
490.0,900.0,93.21870786489546
490.0,910.0,93.63788164730713
490.0,920.0,94.16078709847422
490.0,930.0,94.76139127524006
490.0,940.0,95.41061444991917
490.0,950.0,96.07855468408532
490.0,960.0,96.73715398544718
490.0,970.0,97.36330604781158
490.0,980.0,97.94240557413423
490.0,990.0,98.47233918265815
500.0,0.0,100.0
500.0,10.0,98.91089762681163
500.0,20.0,97.84572518852885
500.0,30.0,96.83315101762352
500.0,40.0,95.90420005433278
500.0,50.0,95.08951899265892
500.0,60.0,94.41703444228675
500.0,70.0,93.91000410641827
500.0,80.0,93.58546097552474
500.0,90.0,93.45305053701607
500.0,100.0,93.51426100082759
500.0,110.0,93.76204654092417
500.0,120.0,94.18084355272175
500.0,130.0,94.74697992642614
500.0,140.0,95.42947733628915
500.0,150.0,96.19124654578235
500.0,160.0,96.99067572868779
500.0,170.0,97.78361180610638
500.0,180.0,98.52573479938351
500.0,190.0,99.17532519895205
500.0,200.0,99.69642434909271
500.0,210.0,100.06238784861168
500.0,220.0,100.25983196743587
500.0,230.0,100.29297307912513
500.0,240.0,100.18836010930227
500.0,250.0,100.0
500.0,260.0,99.80262673380949
500.0,270.0,99.64212074794715
500.0,280.0,99.54372037005389
500.0,290.0,99.52170423373812
500.0,300.0,99.5811833614857
500.0,310.0,99.71977609770255
500.0,320.0,99.92916589188988
500.0,330.0,100.19654193195203
500.0,340.0,100.50592262763689
500.0,350.0,100.839361944109
500.0,360.0,101.17803858565517
500.0,370.0,101.50322802952283
500.0,380.0,101.79715740989086
500.0,390.0,102.04374325197311
500.0,400.0,102.22921205625457
500.0,410.0,102.34260373286004
500.0,420.0,102.37615788605555
500.0,430.0,102.32558294888221
500.0,440.0,102.19020816792289
500.0,450.0,101.97301843820134
500.0,460.0,101.680571988214
500.0,470.0,101.32280091509443
500.0,480.0,100.9126945699103
500.0,490.0,100.46586579309302
500.0,500.0,100.0
500.0,510.0,99.53855069438475
500.0,520.0,99.11910974721407
500.0,530.0,98.7734593244944
500.0,540.0,98.52322476501949
500.0,550.0,98.3809570378531
500.0,560.0,98.35119717407179
500.0,570.0,98.43152267276803
500.0,580.0,98.61357588131344
500.0,590.0,98.88407434988214
500.0,600.0,99.22580316023438
500.0,610.0,99.61858922876024
500.0,620.0,100.04025758378366
500.0,630.0,100.46756961712646
500.0,640.0,100.87714330993272
500.0,650.0,101.24635543275318
500.0,660.0,101.55422571988996
500.0,670.0,101.78228301800131
500.0,680.0,101.91541340896671
500.0,690.0,101.94269030701201
500.0,700.0,101.85818653009476
500.0,710.0,101.6617683455498
500.0,720.0,101.35987148999499
500.0,730.0,100.96625916349706
500.0,740.0,100.50276199799775
500.0,750.0,100.0
500.0,760.0,99.48339956681103
500.0,770.0,98.93408653349807
500.0,780.0,98.33851074390755
500.0,790.0,97.69966352174279
500.0,800.0,97.03268167471263
500.0,810.0,96.36089307795369
500.0,820.0,95.71230383672685
500.0,830.0,95.11652702838762
500.0,840.0,94.60215302363056
500.0,850.0,94.19456138700761
500.0,860.0,93.9141743567205
500.0,870.0,93.77515190368698
500.0,880.0,93.78452836988126
500.0,890.0,93.94179068594832
500.0,900.0,94.23889816809209
500.0,910.0,94.66074389423785
500.0,920.0,95.1860576594685
500.0,930.0,95.7887505107347
500.0,940.0,96.43970086083924
500.0,950.0,97.10898218169523
500.0,960.0,97.76853227685824
500.0,970.0,98.39526413333263
500.0,980.0,98.97461835265163
500.0,990.0,99.50455716123157
510.0,0.0,100.27908240105234
510.0,10.0,99.19014151678371
510.0,20.0,98.12043311689813
510.0,30.0,97.0950094869445
510.0,40.0,96.14236740296393
510.0,50.0,95.29161193959385
510.0,60.0,94.57001293871431
510.0,70.0,94.00095413863629
510.0,80.0,93.6022749638322
510.0,90.0,93.38500497520843
510.0,100.0,93.35249098092007
510.0,110.0,93.49991680772762
510.0,120.0,93.81421573289589
510.0,130.0,94.27437557663508
510.0,140.0,94.85213645508374
510.0,150.0,95.51308119383407
510.0,160.0,96.21811840199916
510.0,170.0,96.92535820682248
510.0,180.0,97.59238064882928
510.0,190.0,98.1788967375203
510.0,200.0,98.64980216760749
510.0,210.0,98.97862369579178
510.0,220.0,99.15135817808309
510.0,230.0,99.17070426766225
510.0,240.0,99.06068677328533
510.0,250.0,98.87167367822971
510.0,260.0,98.67456907251348
510.0,270.0,98.51465652378245
510.0,280.0,98.41741771861452
510.0,290.0,98.397294308265
510.0,300.0,98.45948910796979
510.0,310.0,98.60164991705396
510.0,320.0,98.81543595984606
510.0,330.0,99.08796694739783
510.0,340.0,99.40315476000963
510.0,350.0,99.74291775056136
510.0,360.0,100.0882776686489
510.0,370.0,100.42033920552626
510.0,380.0,100.72115215985316
510.0,390.0,100.97445622424823
510.0,400.0,101.16630839264778
510.0,410.0,101.28559298847016
510.0,420.0,101.32441431358562
510.0,430.0,101.2783719180918
510.0,440.0,101.14671849089481
510.0,450.0,100.93240037109572
510.0,460.0,100.64198068018284
510.0,470.0,100.2854450750294
510.0,480.0,99.87589012169688
510.0,490.0,99.42909429004389
510.0,500.0,98.96297156914055
510.0,510.0,98.50244927330846
510.0,520.0,98.09075128389078
510.0,530.0,97.76489247093775
510.0,540.0,97.55014147311337
510.0,550.0,97.46125468124428
510.0,560.0,97.503692171982
510.0,570.0,97.67481559157818
510.0,580.0,97.96506798977339
510.0,590.0,98.3591356037989
510.0,600.0,98.83709159249177
510.0,610.0,99.37552172052327
510.0,620.0,99.94863199274039
510.0,630.0,100.52933823862071
510.0,640.0,101.0903376468405
510.0,650.0,101.6051622499559
510.0,660.0,102.04921435919758
510.0,670.0,102.4007839493785
510.0,680.0,102.64204799391489
510.0,690.0,102.76005174996051
510.0,700.0,102.74767199365421
510.0,710.0,102.60456220548058
510.0,720.0,102.338079705744
510.0,730.0,101.96419474015579
510.0,740.0,101.50838151553475
510.0,750.0,101.00649118562075
510.0,760.0,100.48954009237644
510.0,770.0,99.9399461245993
510.0,780.0,99.34420771320858
510.0,790.0,98.70534470026476
510.0,800.0,98.03850546120036
510.0,810.0,97.36701541739886
510.0,820.0,96.7188669391219
510.0,830.0,96.12365063878455
510.0,840.0,95.60992805457893
510.0,850.0,95.20304572444574
510.0,860.0,94.9233906503943
510.0,870.0,94.78508715317041
510.0,880.0,94.79513511727271
510.0,890.0,94.952989626317
510.0,900.0,95.25058198874886
510.0,910.0,95.67278215390434
510.0,920.0,96.19830251841894
510.0,930.0,96.80104312298472
510.0,940.0,97.45187823945552
510.0,950.0,98.12088434830052
510.0,960.0,98.78000950640579
510.0,970.0,99.40618410522416
510.0,980.0,99.98487301927315
510.0,990.0,100.51406914498128
520.0,0.0,100.48324340437567
520.0,10.0,99.40002785708916
520.0,20.0,98.33121438209281
520.0,30.0,97.29808579707455
520.0,40.0,96.32644872235852
520.0,50.0,95.44370938488143
520.0,60.0,94.67633976766555
520.0,70.0,94.04773410478873
520.0,80.0,93.57645572185112
520.0,90.0,93.27487422193863
520.0,100.0,93.14819301708344
520.0,110.0,93.19386720522105
520.0,120.0,93.40141179264431
520.0,130.0,93.75260026195424
520.0,140.0,94.22205348550766
520.0,150.0,94.77821898436156
520.0,160.0,95.3847405327144
520.0,170.0,96.00221810784419
520.0,180.0,96.59035818554327
520.0,190.0,97.11051438105011
520.0,200.0,97.52861843547774
520.0,210.0,97.81850154773907
520.0,220.0,97.9656060519691
520.0,230.0,97.97108744044372
520.0,240.0,97.85630673199562
520.0,250.0,97.66771318592673
520.0,260.0,97.47208055090339
520.0,270.0,97.3142216863941
520.0,280.0,97.22002579094007
520.0,290.0,97.20417625751408
520.0,300.0,97.27197720298425
520.0,310.0,97.42106112446245
520.0,320.0,97.64297768253743
520.0,330.0,97.92466361139276
520.0,340.0,98.24979375580935
520.0,350.0,98.60001323505288
520.0,360.0,98.95605073364587
520.0,370.0,99.2987129190245
520.0,380.0,99.6097599860801
520.0,390.0,99.87266232858556
520.0,400.0,100.0732383375062
520.0,410.0,100.20017332619558
520.0,420.0,100.24541958247606
520.0,430.0,100.20447754760387
520.0,440.0,100.07655812211915
520.0,450.0,99.86462609858064
520.0,460.0,99.575324721185
520.0,470.0,99.2187813722711
520.0,480.0,98.80829438570872
520.0,490.0,98.35990098717235
520.0,500.0,97.89182636129941
520.0,510.0,97.43056352262208
520.0,520.0,97.02514233395102
520.0,530.0,96.71796151457154
520.0,540.0,96.53803451093201
520.0,550.0,96.50238058415572
520.0,560.0,96.61739769036419
520.0,570.0,96.88021715381139
520.0,580.0,97.2800401328294
520.0,590.0,97.79945587858504
520.0,600.0,98.41574178664777
520.0,610.0,99.10214524136883
520.0,620.0,99.82914725307145
520.0,630.0,100.56570788805236
520.0,640.0,101.28049349139432
520.0,650.0,101.94308570259005
520.0,660.0,102.52517226397718
520.0,670.0,103.00171962198439
520.0,680.0,103.35212732118882
520.0,690.0,103.56136419118465
520.0,700.0,103.62108632626273
520.0,710.0,103.53073685790162
520.0,720.0,103.29862752006952
520.0,730.0,102.94300200733772
520.0,740.0,102.49308112580502
520.0,750.0,101.99008973683324
520.0,760.0,101.47082078545515
520.0,770.0,100.91917828435487
520.0,780.0,100.321835216007
520.0,790.0,99.68189834089871
520.0,800.0,99.01453152715676
520.0,810.0,98.34301923979044
520.0,820.0,97.69527018955024
520.0,830.0,97.10076114140254
520.0,840.0,96.58792088262012
520.0,850.0,96.18195435048851
520.0,860.0,95.90310691962829
520.0,870.0,95.76536884893328
520.0,880.0,95.7756198881245
520.0,890.0,95.93321404392015
520.0,900.0,96.23000450582137
520.0,910.0,96.65080873151389
520.0,920.0,97.17431369188567
520.0,930.0,97.77442127566022
520.0,940.0,98.422033853646
520.0,950.0,99.08728000260155
520.0,960.0,99.74218038871663
520.0,970.0,100.36375381070914
520.0,980.0,100.9375634025379
520.0,990.0,101.4617029957315
530.0,0.0,100.56275391562556
530.0,10.0,99.49511041957294
530.0,20.0,98.43686364781219
530.0,30.0,97.40530188789305
530.0,40.0,96.42328737724728
530.0,50.0,95.51626900921684
530.0,60.0,94.70967960521384
530.0,70.0,94.02671775301258
530.0,80.0,93.48651421117354
530.0,90.0,93.10268287959931
530.0,100.0,92.88225633622248
530.0,110.0,92.82500593982554
530.0,120.0,92.92314649899271
530.0,130.0,93.16142550719371
530.0,140.0,93.51759694399959
530.0,150.0,93.96327964243048
530.0,160.0,94.46520022243523
530.0,170.0,94.98682059050313
530.0,180.0,95.49035000540752
530.0,190.0,95.93914171008147
530.0,200.0,96.30047412962529
530.0,210.0,96.548716635446
530.0,220.0,96.66887987552909
530.0,230.0,96.66055067084164
530.0,240.0,96.54221147786811
530.0,250.0,96.35594441727748
530.0,260.0,96.16390647850578
530.0,270.0,96.01065344958296
530.0,280.0,95.92275319868503
530.0,290.0,95.91525677500083
530.0,300.0,95.99357838081715
530.0,310.0,96.15525274100939
530.0,320.0,96.39156986993737
530.0,330.0,96.68908723574678
530.0,340.0,97.03101932207599
530.0,350.0,97.39850458716816
530.0,360.0,97.77174982038882
530.0,370.0,98.13105189614892
530.0,380.0,98.45769692523317
530.0,390.0,98.73473680353386
530.0,400.0,98.94764315819006
530.0,410.0,99.08483869113222
530.0,420.0,99.13810592003223
530.0,430.0,99.10287331665876
530.0,440.0,98.97837884263815
530.0,450.0,98.76771088262065
530.0,460.0,98.47772657485197
530.0,470.0,98.11884753915042
530.0,480.0,97.70473300228932
530.0,490.0,97.25183032078483
530.0,500.0,96.77880290108924
530.0,510.0,96.31383484804127
530.0,520.0,95.91198940012846
530.0,530.0,95.62124536288191
530.0,540.0,95.47449102244815
530.0,550.0,95.49108014589756
530.0,560.0,95.67836938164916
530.0,570.0,96.03323706001196
530.0,580.0,96.54358339384275
530.0,590.0,97.18981207932053
530.0,600.0,97.94629329683724
530.0,610.0,98.7828081120052
530.0,620.0,99.66597427678087
530.0,630.0,100.56065343070529
530.0,640.0,101.4313397022608
530.0,650.0,102.24352971034453
530.0,660.0,102.96507396585814
530.0,670.0,103.56750967341422
530.0,680.0,104.02737493315915
530.0,690.0,104.32750434271244
530.0,700.0,104.45830599922259
530.0,710.0,104.41901990153944
530.0,720.0,104.21895775250306
530.0,730.0,103.87872416134904
530.0,740.0,103.4314192462305
530.0,750.0,102.9238226368563
530.0,760.0,102.39876214138201
530.0,770.0,101.84197201012337
530.0,780.0,101.24053914723
530.0,790.0,100.59777209378606
530.0,800.0,99.92886418679971
530.0,810.0,99.25699380536258
530.0,820.0,98.60986170397952
530.0,830.0,98.01666543306847
530.0,840.0,97.50551084663056
530.0,850.0,97.1012606970902
530.0,860.0,96.82382031730563
530.0,870.0,96.68686038974936
530.0,880.0,96.69697680285891
530.0,890.0,96.85328759455774
530.0,900.0,97.14746698294627
530.0,910.0,97.5642164841631
530.0,920.0,98.08217311741643
530.0,930.0,98.6752546971856
530.0,940.0,99.31444221259282
530.0,950.0,99.9699992939451
530.0,960.0,100.61412876644623
530.0,970.0,101.2240662910791
530.0,980.0,101.78561109265807
530.0,990.0,102.29709377505154
540.0,0.0,100.49135950648315
540.0,10.0,99.45212901457397
540.0,20.0,98.41715032012696
540.0,30.0,97.3994918189746
540.0,40.0,96.4187874411449
540.0,50.0,95.49822065792884
540.0,60.0,94.66188276357903
540.0,70.0,93.9325054316399
540.0,80.0,93.32956754590924
540.0,90.0,92.8677763060312
540.0,100.0,92.5559226077205
540.0,110.0,92.39611069761825
540.0,120.0,92.383362102779
540.0,130.0,92.50559383478927
540.0,140.0,92.74397086851741
540.0,150.0,93.07363289549494
540.0,160.0,93.46479535192918
540.0,170.0,93.88422472134735
540.0,180.0,94.29708811187199
540.0,190.0,94.66917710812784
540.0,200.0,94.96950589778011
540.0,210.0,95.17328367270402
540.0,220.0,95.26526130478595
540.0,230.0,95.24345229635571
540.0,240.0,95.12322800525055
540.0,250.0,94.94178714451013
540.0,260.0,94.75610206524708
540.0,270.0,94.61073594619116
540.0,280.0,94.53326054984608
540.0,290.0,94.53923911813422
540.0,300.0,94.63419559433228
540.0,310.0,94.81545460120876
540.0,320.0,95.07385217536316
540.0,330.0,95.39531725776709
540.0,340.0,95.76232394050707
540.0,350.0,96.1552144697293
540.0,360.0,96.55339300478599
540.0,370.0,96.9363901335837
540.0,380.0,97.28479814413342
540.0,390.0,97.5810770523024
540.0,400.0,97.81023138576786
540.0,410.0,97.96035772417245
540.0,420.0,98.02306299548154
540.0,430.0,97.99375352854227
540.0,440.0,97.8717948618445
540.0,450.0,97.66054230848344
540.0,460.0,97.36724227732417
540.0,470.0,97.0028043503679
540.0,480.0,96.5814441163201
540.0,490.0,96.12019676036043
540.0,500.0,95.63830141011435
540.0,510.0,95.16574217000502
540.0,520.0,94.76379413448602
540.0,530.0,94.48616759535298
540.0,540.0,94.36972248282764
540.0,550.0,94.43619643660715
540.0,560.0,94.69391357774599
540.0,570.0,95.13947398137019
540.0,580.0,95.75942385022415
540.0,590.0,96.53190638904985
540.0,600.0,97.42829337979862
540.0,610.0,98.41479745767522
540.0,620.0,99.45406508801463
540.0,630.0,100.50675024399112
540.0,640.0,101.53306878515983
540.0,650.0,102.49433353683091
540.0,660.0,103.35447007027598
540.0,670.0,104.0815131837673
540.0,680.0,104.64908408444909
540.0,690.0,105.03784827104163
540.0,700.0,105.2369541173776
540.0,710.0,105.24545215677114
540.0,720.0,105.07369506721899
540.0,730.0,104.74471835743459
540.0,740.0,104.29560175371432
540.0,750.0,103.77881128763623
540.0,760.0,103.24344070072871
540.0,770.0,102.67750419493251
540.0,780.0,102.06883887114756
540.0,790.0,101.42112171944204
540.0,800.0,100.74960408264113
540.0,810.0,100.07727773588346
540.0,820.0,99.43147258214474
540.0,830.0,98.84088596372905
540.0,840.0,98.33304358972728
540.0,850.0,97.93219207944327
540.0,860.0,97.65762312178714
540.0,870.0,97.52242925063624
540.0,880.0,97.53269123616336
540.0,890.0,97.68709709213243
540.0,900.0,97.97699269916174
540.0,910.0,98.38686404395438
540.0,920.0,98.89525107449624
540.0,930.0,99.47609317122149
540.0,940.0,100.10050623414529
540.0,950.0,100.73899138596407
540.0,960.0,101.36407529112323
540.0,970.0,101.95338209085223
540.0,980.0,102.49313695416704
540.0,990.0,102.98210124484017
550.0,0.0,100.26214361640086
550.0,10.0,99.26599276074221
550.0,20.0,98.26889986129405
550.0,30.0,97.27954105342094
550.0,40.0,96.31405708207093
550.0,50.0,95.39305029467322
550.0,60.0,94.53894047054
550.0,70.0,93.7736794867728
550.0,80.0,93.11682482067307
550.0,90.0,92.58397188865705
550.0,100.0,92.18554522167501
550.0,110.0,91.92594847713494
550.0,120.0,91.80307328733026
550.0,130.0,91.8081669443722
550.0,140.0,91.92605892162629
550.0,150.0,92.13574623165323
550.0,160.0,92.41133762065415
550.0,170.0,92.72335659942006
550.0,180.0,93.04040331078579
550.0,190.0,93.33117523358817
550.0,200.0,93.56684672312848
550.0,210.0,93.72380738813936
550.0,220.0,93.786759304256
550.0,230.0,93.75217306399152
550.0,240.0,93.63210266321694
550.0,250.0,93.45835922414525
550.0,260.0,93.28216476940857
550.0,270.0,93.1483742868572
550.0,280.0,93.0858994704359
550.0,290.0,93.11095629789415
550.0,300.0,93.2291633352256
550.0,310.0,93.4375008349387
550.0,320.0,93.72613062815802
550.0,330.0,94.08007681055678
550.0,340.0,94.48076722212024
550.0,350.0,94.90743572074012
550.0,360.0,95.33838524963994
550.0,370.0,95.75211169863142
550.0,380.0,96.12828855920179
550.0,390.0,96.44861237343204
550.0,400.0,96.6975089767463
550.0,410.0,96.86270053449208
550.0,420.0,96.93563337235145
550.0,430.0,96.91176660058329
550.0,440.0,96.79072153209654
550.0,450.0,96.57629189435428
550.0,460.0,96.27631483510898
550.0,470.0,95.9024027219685
550.0,480.0,95.46953573579331
550.0,490.0,94.99551525792452
550.0,500.0,94.50027805124296
550.0,510.0,94.01566446261492
550.0,520.0,93.60921796385428
550.0,530.0,93.34042283542489
550.0,540.0,93.25013040796028
550.0,550.0,93.36246360408786
550.0,560.0,93.68670113210008
550.0,570.0,94.21914133147247
550.0,580.0,94.94494567022862
550.0,590.0,95.83996189415198
550.0,600.0,96.87252682784462
550.0,610.0,98.00524882763281
550.0,620.0,99.19676988631953
550.0,630.0,100.40350738978394
550.0,640.0,101.58137552542756
550.0,650.0,102.68748634246758
550.0,660.0,103.68183046407687
550.0,670.0,104.52893745137095
550.0,680.0,105.19951581924187
550.0,690.0,105.672072704039
550.0,700.0,105.9345131830966
550.0,710.0,105.98571924610845
550.0,720.0,105.83710841834917
550.0,730.0,105.5141720357427
550.0,740.0,105.0579931717774
550.0,750.0,104.52674421626816
550.0,760.0,103.97591683009053
550.0,770.0,103.39632001801053
550.0,780.0,102.77695525880453
550.0,790.0,102.1220794195699
550.0,800.0,101.44704731054071
550.0,810.0,100.77457764860097
550.0,820.0,100.13144242949527
550.0,830.0,99.54557970873702
550.0,840.0,99.04362979121419
550.0,850.0,98.64889482949235
550.0,860.0,98.37972183081551
550.0,870.0,98.24830907280426
550.0,880.0,98.25993592785139
550.0,890.0,98.41261609621516
550.0,900.0,98.69717424780994
550.0,910.0,99.09774607269436
550.0,920.0,99.59270174025706
550.0,930.0,100.15599276709973
550.0,940.0,100.75892229361797
550.0,950.0,101.37233876927925
550.0,960.0,101.96925304659871
550.0,970.0,102.52787888381228
550.0,980.0,103.0350968562473
550.0,990.0,103.49034167639083
560.0,0.0,99.88368838191623
560.0,10.0,98.94606139860106
560.0,20.0,98.00237585844944
560.0,30.0,97.05683326474224
560.0,40.0,96.12187152362004
560.0,50.0,95.21522160995204
560.0,60.0,94.3573022202825
560.0,70.0,93.5689524128547
560.0,80.0,92.86950223471233
560.0,90.0,92.27518133587834
560.0,100.0,91.79786557061139
560.0,110.0,91.44416158573966
560.0,120.0,91.21482939607222
560.0,130.0,91.10454294688783
560.0,140.0,91.1019886635013
560.0,150.0,91.1903019879073
560.0,160.0,91.34784190250157
560.0,170.0,91.54930344087977
560.0,180.0,91.76716818571369
560.0,190.0,91.97349275370502
560.0,200.0,92.14203526761655
560.0,210.0,92.25071981538092
560.0,220.0,92.28443889628679
560.0,230.0,92.23819385424245
560.0,240.0,92.12057329811716
560.0,250.0,91.95756950915964
560.0,260.0,91.79415517987786
560.0,270.0,91.67575603509124
560.0,280.0,91.63293625152004
560.0,290.0,91.68268392392477
560.0,300.0,91.83067915435413
560.0,310.0,92.07340948088955
560.0,320.0,92.40013264588659
560.0,330.0,92.79468670371296
560.0,340.0,93.23714746798335
560.0,350.0,93.70533329829094
560.0,360.0,94.17615722643562
560.0,370.0,94.62682642214904
560.0,380.0,95.03588899831625
560.0,390.0,95.38412815569419
560.0,400.0,95.65530366712682
560.0,410.0,95.83674070125703
560.0,420.0,95.91976598573527
560.0,430.0,95.8999913099249
560.0,440.0,95.77744436710425
560.0,450.0,95.55654693616549
560.0,460.0,95.24594040281006
560.0,470.0,94.85815862024107
560.0,480.0,94.40914810935219
560.0,490.0,93.91763559841343
560.0,500.0,93.40434290225355
560.0,510.0,92.90294638213807
560.0,520.0,92.48714563687224
560.0,530.0,92.22209163900075
560.0,540.0,92.15254205192788
560.0,550.0,92.30494247408966
560.0,560.0,92.68948591830167
560.0,570.0,93.30215052628284
560.0,580.0,94.12671551835498
560.0,590.0,95.1367553783181
560.0,600.0,96.29761227350154
560.0,610.0,97.56834670999103
560.0,620.0,98.90366642303145
560.0,630.0,100.25583350260538
560.0,640.0,101.57654975418761
560.0,650.0,102.8188202946753
560.0,660.0,103.93879538349405
560.0,670.0,104.89759048887981
560.0,680.0,105.66308458933645
560.0,690.0,106.21169671026942
560.0,700.0,106.53014069579484
560.0,710.0,106.6171582157248
560.0,720.0,106.4852300077282
560.0,730.0,106.16226535466754
560.0,740.0,105.69326979711147
560.0,750.0,105.14199108102314
560.0,760.0,104.57030395295982
560.0,770.0,103.9723557656905
560.0,780.0,103.33878360304804
560.0,790.0,102.67467140331902
560.0,800.0,101.99554031734665
560.0,810.0,101.32375139128746
560.0,820.0,100.68532057402197
560.0,830.0,100.10714604921928
560.0,840.0,99.61464789205533
560.0,850.0,99.22982005058525
560.0,860.0,98.9696946517694
560.0,870.0,98.84521863215349
560.0,880.0,98.86054269320228
560.0,890.0,99.01272258128748
560.0,900.0,99.29183269232922
560.0,910.0,99.68149200109164
560.0,920.0,100.15980231513215
560.0,930.0,100.70069885340472
560.0,940.0,101.27571314951692
560.0,950.0,101.85614827964089
560.0,960.0,102.41566641507822
560.0,970.0,102.93328869947857
560.0,980.0,103.39680745071232
560.0,990.0,103.80661068739698
570.0,0.0,99.37653309353371
570.0,10.0,98.51272464785534
570.0,20.0,97.63796284717876
570.0,30.0,96.7520046667876
570.0,40.0,95.8634555813818
570.0,50.0,94.9869352844589
570.0,60.0,94.14055519568252
570.0,70.0,93.34370775623783
570.0,80.0,92.61516751217422
570.0,90.0,91.97150398573508
570.0,100.0,91.4258063346746
570.0,110.0,90.9867197995618
570.0,120.0,90.65779393907155
570.0,130.0,90.43714265326287
570.0,140.0,90.31741599484408
570.0,150.0,90.28608376842536
570.0,160.0,90.32603091775813
570.0,170.0,90.41646470096181
570.0,180.0,90.53413365373748
570.0,190.0,90.65485834056875
570.0,200.0,90.7553738939097
570.0,210.0,90.81548434136002
570.0,220.0,90.82052872082708
570.0,230.0,90.76415898367532
570.0,240.0,90.65142968586257
570.0,250.0,90.50219946706362
570.0,260.0,90.35480643269669
570.0,270.0,90.25550009867052
570.0,280.0,90.23676012161663
570.0,290.0,90.31643270504381
570.0,300.0,90.50020738213675
570.0,310.0,90.78392423152812
570.0,320.0,91.15571152604421
570.0,330.0,91.59795381442405
570.0,340.0,92.08909043601204
570.0,350.0,92.60524446842417
570.0,360.0,93.12168210818761
570.0,370.0,93.614102484354
570.0,380.0,94.05975790508609
570.0,390.0,94.43840453721793
570.0,400.0,94.7330835187887
570.0,410.0,94.9307325045499
570.0,420.0,95.02262764444609
570.0,430.0,95.0046559950692
570.0,440.0,94.87741836408631
570.0,450.0,94.64616258764096
570.0,460.0,94.32054724072796
570.0,470.0,93.91423578054173
570.0,480.0,93.44432112279809
570.0,490.0,92.93058065102976
570.0,500.0,92.39456165885505
570.0,510.0,91.87166698507313
570.0,520.0,91.44144769263013
570.0,530.0,91.17444389950293
570.0,540.0,91.11911609240943
570.0,550.0,91.30409834403139
570.0,560.0,91.74042798524461
570.0,570.0,92.42375173235632
570.0,580.0,93.33650826934995
570.0,590.0,94.45008728513707
570.0,600.0,95.72696496581668
570.0,610.0,97.12281594194174
570.0,620.0,98.58860169079307
570.0,630.0,100.07263539366038
570.0,640.0,101.52262324813071
570.0,650.0,102.88768223538413
570.0,660.0,104.12033434249665
570.0,670.0,105.17847723975048
570.0,680.0,106.02733141295153
570.0,690.0,106.64136375075428
570.0,700.0,107.00618758699373
570.0,710.0,107.12043919802493
570.0,720.0,106.99763075506944
570.0,730.0,106.66797973156939
570.0,740.0,106.1802147655487
570.0,750.0,105.60335797698139
570.0,760.0,105.00547923068612
570.0,770.0,104.38460408268716
570.0,780.0,103.7335114111505
570.0,790.0,103.05838468898652
570.0,800.0,102.37499057112322
570.0,810.0,101.70525587838324
570.0,820.0,101.07424297796486
570.0,830.0,100.50752356052658
570.0,840.0,100.02895081387575
570.0,850.0,99.65882999326085
570.0,860.0,99.41248738826762
570.0,870.0,99.29923768631906
570.0,880.0,99.32174973277921
570.0,890.0,99.47581068766074
570.0,900.0,99.75048857893631
570.0,910.0,100.1286932524539
570.0,920.0,100.58813571845573
570.0,930.0,101.1026858947012
570.0,940.0,101.64412874619349
570.0,950.0,102.1843188215101
570.0,960.0,102.69773318573714
570.0,970.0,103.16442275000739
570.0,980.0,103.5733619976423
570.0,990.0,103.9261971068977
580.0,0.0,98.76993028017479
580.0,10.0,97.99427960844461
580.0,20.0,97.2031498899658
580.0,30.0,96.39200586672486
580.0,40.0,95.56558577470996
580.0,50.0,94.73522590725001
580.0,60.0,93.91646576202501
580.0,70.0,93.1269337717472
580.0,80.0,92.38451361851337
580.0,90.0,91.70579113182825
580.0,100.0,91.10478177029889
580.0,110.0,90.59193868700005
580.0,120.0,90.17344137851072
580.0,130.0,89.85076491762163
580.0,140.0,89.62052976971377
580.0,150.0,89.47463219280809
580.0,160.0,89.40065522128606
580.0,170.0,89.38256023328138
580.0,180.0,89.4016591017428
580.0,190.0,89.43786692916777
580.0,200.0,89.47123536600739
580.0,210.0,89.48376651274218
580.0,220.0,89.46150740562909
580.0,230.0,89.39692508611935
580.0,240.0,89.29156225394757
580.0,250.0,89.15897350389173
580.0,260.0,89.03062216190516
580.0,270.0,88.95379303735508
580.0,280.0,88.96307614445935
580.0,290.0,89.07722060516777
580.0,300.0,89.30185504902745
580.0,310.0,89.63201830957851
580.0,320.0,90.05450041728002
580.0,330.0,90.54999388896653
580.0,340.0,91.09505531383468
580.0,350.0,91.66387723596051
580.0,360.0,92.22987033334677
580.0,370.0,92.76705589350087
580.0,380.0,93.25126858554307
580.0,390.0,93.6611695288451
580.0,400.0,93.97906965819897
580.0,410.0,94.19156338551642
580.0,420.0,94.28997255805851
580.0,430.0,94.27060071319562
580.0,440.0,94.13479762969791
580.0,450.0,93.88883417555601
580.0,460.0,93.54358745233216
580.0,470.0,93.11403623604168
580.0,480.0,92.6185667145648
580.0,490.0,92.07808852158891
580.0,500.0,91.514961067081
580.0,510.0,90.96611153578006
580.0,520.0,90.51644185091439
580.0,530.0,90.24143076947858
580.0,540.0,90.19291830402366
580.0,550.0,90.40152097016504
580.0,560.0,90.87902136883558
580.0,570.0,91.62073210328373
580.0,580.0,92.60783403081672
580.0,590.0,93.80968884928878
580.0,600.0,95.18612601833439
580.0,610.0,96.68970401534673
580.0,620.0,98.26794592620101
580.0,630.0,99.865549370723
580.0,640.0,101.42657076290251
580.0,650.0,102.89658390585207
580.0,660.0,104.22481292151042
580.0,670.0,105.36623951509145
580.0,680.0,106.28368457427771
580.0,690.0,106.94986410315951
580.0,700.0,107.34941949091854
580.0,710.0,107.48092211525704
580.0,720.0,107.35885228057164
580.0,730.0,107.01555249087252
580.0,740.0,106.50315505744756
580.0,750.0,105.89548404127137
580.0,760.0,105.26643569352267
580.0,770.0,104.61842165374671
580.0,780.0,103.94688107502819
580.0,790.0,103.25938314116256
580.0,800.0,102.5720330039652
580.0,810.0,101.90625952823903
580.0,820.0,101.28598484440066
580.0,830.0,100.7351757087652
580.0,840.0,100.27577667148948
580.0,850.0,99.92602505217398
580.0,860.0,99.69914772312318
580.0,870.0,99.60243970026451
580.0,880.0,99.63672454172593
580.0,890.0,99.79619655407193
580.0,900.0,100.06864480619814
580.0,910.0,100.43605895088454
580.0,920.0,100.87561685400723
580.0,930.0,101.36105403140857
580.0,940.0,101.86441489342613
580.0,950.0,102.35818579708003
580.0,960.0,102.8178099059189
580.0,970.0,103.22458385752437
580.0,980.0,103.56893623867404
580.0,990.0,103.85408786816326
590.0,0.0,98.09889942119601
590.0,10.0,97.42410620534203
590.0,20.0,96.72981490951885
590.0,30.0,96.00747124106974
590.0,40.0,95.25801201384115
590.0,50.0,94.48939654874108
590.0,60.0,93.71438303215804
590.0,70.0,92.94854983224086
590.0,80.0,92.20856177303929
590.0,90.0,91.51068136650537
590.0,100.0,90.8695250023556
590.0,110.0,90.29706409579394
590.0,120.0,89.80187119309547
590.0,130.0,89.38861103505099
590.0,140.0,89.05777657827228
590.0,150.0,88.8056699743583
590.0,160.0,88.62462850692194
590.0,170.0,88.50349548647782
590.0,180.0,88.42833610319069
590.0,190.0,88.38339823748473
590.0,200.0,88.35231822851351
590.0,210.0,88.31957160049095
590.0,220.0,88.27216874688278
590.0,230.0,88.20159557245906
590.0,240.0,88.1059990932073
590.0,250.0,87.99261799410651
590.0,260.0,87.88596298468212
590.0,270.0,87.83451278692348
590.0,280.0,87.87508274212314
590.0,290.0,88.02732465465306
590.0,300.0,88.29672000606057
590.0,310.0,88.67736047601908
590.0,320.0,89.15451577013357
590.0,330.0,89.70698875460087
590.0,340.0,90.30925789772475
590.0,350.0,90.93340701828575
590.0,360.0,91.55084234076585
590.0,370.0,92.13379685742788
590.0,380.0,92.65662199724974
590.0,390.0,93.09686660171337
590.0,400.0,93.43614320744858
590.0,410.0,93.66078163573157
590.0,420.0,93.76226988883833
590.0,430.0,93.73748235325276
590.0,440.0,93.58869530972956
590.0,450.0,93.32338975021199
590.0,460.0,92.95384150160439
590.0,470.0,92.49649865639934
590.0,480.0,91.97114631015988
590.0,490.0,91.39985860585625
590.0,500.0,90.80573808505756
590.0,510.0,90.22694640367304
590.0,520.0,89.75305332405469
590.0,530.0,89.46386509875408
590.0,540.0,89.41416721960863
590.0,550.0,89.63628674818146
590.0,560.0,90.14262656025352
590.0,570.0,90.92817150436818
590.0,580.0,91.9729664744282
590.0,590.0,93.24456639634501
590.0,600.0,94.70045812874038
590.0,610.0,96.29045427770053
590.0,620.0,97.95905892558251
590.0,630.0,99.6478052738731
590.0,640.0,101.29756520009991
590.0,650.0,102.85083072879497
590.0,660.0,104.25396741651072
590.0,670.0,105.45943965088827
590.0,680.0,106.42800786377809
590.0,690.0,107.13089765841316
590.0,700.0,107.55194085063422
590.0,710.0,107.68968842416787
590.0,720.0,107.55949539995646
590.0,730.0,107.19557761954084
590.0,740.0,106.65304044249534
590.0,750.0,106.0098793579149
590.0,760.0,105.34527582175961
590.0,770.0,104.66647931566926
590.0,780.0,103.97209741905519
590.0,790.0,103.27137274331933
590.0,800.0,102.5808522273994
590.0,810.0,101.92141930145729
590.0,820.0,101.31568891871107
590.0,830.0,100.78576545541034
590.0,840.0,100.35136347895492
590.0,850.0,100.02829138415716
590.0,860.0,99.82729789764745
590.0,870.0,99.75328145042337
590.0,880.0,99.80486241854209
590.0,890.0,99.97431823195626
590.0,900.0,100.24788135149342
590.0,910.0,100.60640011397861
590.0,920.0,101.02636244550064
590.0,930.0,101.48128244282161
590.0,940.0,101.94344982292998
590.0,950.0,102.38604224073697
590.0,960.0,102.78560047491645
590.0,970.0,103.1248664818882
590.0,980.0,103.39598431794464
590.0,990.0,103.60406392952096
600.0,0.0,97.40157828597532
600.0,10.0,96.83814067709854
600.0,20.0,96.25180977697495
600.0,30.0,95.63039583476413
600.0,40.0,94.97119886236311
600.0,50.0,94.27879098853015
600.0,60.0,93.56300450308233
600.0,70.0,92.83712559116653
600.0,80.0,92.11629375760404
600.0,90.0,91.41610694130878
600.0,100.0,90.75143231977893
600.0,110.0,90.13542280366227
600.0,120.0,89.57873922139503
600.0,130.0,89.08897819391424
600.0,140.0,88.6703056994438
600.0,150.0,88.32329632835392
600.0,160.0,88.04497822809425
600.0,170.0,87.8290837382005
600.0,180.0,87.66650571537468
600.0,190.0,87.5459595486389
600.0,200.0,87.45485086456263
600.0,210.0,87.38034892256366
600.0,220.0,87.3106657002825
600.0,230.0,87.2365406690305
600.0,240.0,87.15293125931129
600.0,250.0,87.060909016416
600.0,260.0,86.97812152078231
600.0,270.0,86.95433979952897
600.0,280.0,87.02863384351318
600.0,290.0,87.22151241705316
600.0,300.0,87.53821124546832
600.0,310.0,87.97174316959607
600.0,320.0,88.50571026728537
600.0,330.0,89.11687794186707
600.0,340.0,89.77751097760076
600.0,350.0,90.45747156209843
600.0,360.0,91.12607927572478
600.0,370.0,91.75373304797424
600.0,380.0,92.31329508082462
600.0,390.0,92.78123673906755
600.0,400.0,93.13854640761554
600.0,410.0,93.37139931578571
600.0,420.0,93.4715893285603
600.0,430.0,93.43672270482381
600.0,440.0,93.27017382257674
600.0,450.0,92.98080287112626
600.0,460.0,92.58243551025332
600.0,470.0,92.0931044963566
600.0,480.0,91.53405327557309
600.0,490.0,90.92850154387537
600.0,500.0,90.3001727741456
600.0,510.0,89.68809704997707
600.0,520.0,89.18567405037336
600.0,530.0,88.87629038913894
600.0,540.0,88.81714977943868
600.0,550.0,89.04196308725815
600.0,560.0,89.56360763075955
600.0,570.0,90.3767557255332
600.0,580.0,91.4604724757448
600.0,590.0,92.78078281117831
600.0,600.0,94.29320777017442
600.0,610.0,95.9452700284647
600.0,620.0,97.67896867390145
600.0,630.0,99.43322322708313
600.0,640.0,101.14628690787545
600.0,650.0,102.7581291478282
600.0,660.0,104.21278734848755
600.0,670.0,105.4606878856042
600.0,680.0,106.46093635923701
600.0,690.0,107.18357708975245
600.0,700.0,107.61182185971946
600.0,710.0,107.74424790170025
600.0,720.0,107.5969651319365
600.0,730.0,107.20575262993134
600.0,740.0,106.62816436392704
600.0,750.0,105.94560416227809
600.0,760.0,105.2418465769438
600.0,770.0,104.52935459970409
600.0,780.0,103.81038012547305
600.0,790.0,103.0961161058438
600.0,800.0,102.40366052037287
600.0,810.0,101.75332234033246
600.0,820.0,101.16626948493096
600.0,830.0,100.66251877000133
600.0,840.0,100.25926784915757
600.0,850.0,99.96956914741929
600.0,860.0,99.80134578730421
600.0,870.0,99.75674950738883
600.0,880.0,99.831860573337
600.0,890.0,100.01672968139658
600.0,900.0,100.29576185436426
600.0,910.0,100.64844233001816
600.0,920.0,101.05040444201875
600.0,930.0,101.47483949327757
600.0,940.0,101.89424862179422
600.0,950.0,102.2825366589611
600.0,960.0,102.61744798033654
600.0,970.0,102.88334434888559
600.0,980.0,103.07432475068917
600.0,990.0,103.19768722312114
610.0,0.0,96.71687190106633
610.0,10.0,96.27264710813266
610.0,20.0,95.80284615498186
610.0,30.0,95.29211978330386
610.0,40.0,94.73438637503232
610.0,50.0,94.13090359804627
610.0,60.0,93.48850376397623
610.0,70.0,92.81799289811445
610.0,80.0,92.13271352142985
610.0,90.0,91.44727114468701
610.0,100.0,90.77642447466975
610.0,110.0,90.13413933250897
610.0,120.0,89.5328062841149
610.0,130.0,88.98262198271371
610.0,140.0,88.49113422348847
610.0,150.0,88.06295071032457
610.0,160.0,87.69961153465928
610.0,170.0,87.39962536643604
610.0,180.0,87.15866935716272
610.0,190.0,86.96995275507462
610.0,200.0,86.82474423240149
610.0,210.0,86.71306292473922
610.0,220.0,86.62453318252574
610.0,230.0,86.54940303462126
610.0,240.0,86.47972636399304
610.0,250.0,86.41070879550433
610.0,260.0,86.35338594626955
610.0,270.0,86.35885560037556
610.0,280.0,86.46838565821662
610.0,290.0,86.7032531112916
610.0,300.0,87.0683414213705
610.0,310.0,87.5554727778533
610.0,320.0,88.14647523332103
610.0,330.0,88.81598471727922
610.0,340.0,89.5339819280936
610.0,350.0,90.26806410311801
610.0,360.0,90.98545166701477
610.0,370.0,91.65472975826718
610.0,380.0,92.2473246338844
610.0,390.0,92.7387149522986
610.0,400.0,93.10937793445434
610.0,410.0,93.34547040309039
610.0,420.0,93.43924470021368
610.0,430.0,93.38919948276558
610.0,440.0,93.19996539648058
610.0,450.0,92.8819256279371
610.0,460.0,92.45057133480069
610.0,470.0,91.92559195425949
610.0,480.0,91.32970038965202
610.0,490.0,90.68719307528718
610.0,500.0,90.02224491945657
610.0,510.0,89.37432910404779
610.0,520.0,88.8397208492367
610.0,530.0,88.5045382656787
610.0,540.0,88.42780696837845
610.0,550.0,88.64425497754863
610.0,560.0,89.16707401305716
610.0,570.0,89.99064718246241
610.0,580.0,91.09324306263677
610.0,590.0,92.43967617497846
610.0,600.0,93.98393385421143
610.0,610.0,95.67176951077373
610.0,620.0,97.44326228679384
610.0,630.0,99.23534310565545
610.0,640.0,100.98428711515034
610.0,650.0,102.62817252421956
610.0,660.0,104.10930583328278
610.0,670.0,105.37661345815596
610.0,680.0,106.3879997475571
610.0,690.0,107.11267139420045
610.0,700.0,107.53342823947864
610.0,710.0,107.64892047173339
610.0,720.0,107.47587221811416
610.0,730.0,107.05127153002516
610.0,740.0,106.43452676216069
610.0,750.0,105.70958934512838
610.0,760.0,104.9640158831851
610.0,770.0,104.21576670431757
610.0,780.0,103.47116103739573
610.0,790.0,102.7435962095139
610.0,800.0,102.05083158982814
610.0,810.0,101.41259220939007
610.0,820.0,100.84849205697698
610.0,830.0,100.37627705091857
610.0,840.0,100.01038768691997
610.0,850.0,99.76084136188129
610.0,860.0,99.6324343737137
610.0,870.0,99.62426359715171
610.0,880.0,99.72956783556214
610.0,890.0,99.9358888487494
610.0,900.0,100.22555205675725
610.0,910.0,100.57646691966704
610.0,920.0,100.9632469933923
610.0,930.0,101.35864966146983
610.0,940.0,101.73533554284734
610.0,950.0,102.06794757566725
610.0,960.0,102.3355097770473
610.0,970.0,102.5241456788573
610.0,980.0,102.63011643949244
610.0,990.0,102.66317863164315
620.0,0.0,96.0823991449209
620.0,10.0,95.76228700476557
620.0,20.0,95.41468209565816
620.0,30.0,95.02162025791554
620.0,40.0,94.57397051094117
620.0,50.0,94.0698268780241
620.0,60.0,93.51302027565612
620.0,70.0,92.9117504673668
620.0,80.0,92.27733808207674
620.0,90.0,91.6230966969688
620.0,100.0,90.96332498487743
620.0,110.0,90.31241892619603
620.0,120.0,89.68410408530238
620.0,130.0,89.09078795150216
620.0,140.0,88.54303234449044
620.0,150.0,88.04914588433137
620.0,160.0,87.61489652595577
620.0,170.0,87.24334415817692
620.0,180.0,86.93479326722434
620.0,190.0,86.6868656647956
620.0,200.0,86.49469328062628
620.0,210.0,86.3512310195779
620.0,220.0,86.24768968324395
620.0,230.0,86.174088956074
620.0,240.0,86.11993045601585
620.0,250.0,86.07499084967569
620.0,260.0,86.04409208154637
620.0,270.0,86.07962876071453
620.0,280.0,86.22492807571754
620.0,290.0,86.50190838925086
620.0,300.0,86.9149915705363
620.0,310.0,87.45472203967847
620.0,320.0,88.10109252400913
620.0,330.0,88.82657652641961
620.0,340.0,89.59886750568123
620.0,350.0,90.38332476875377
620.0,360.0,91.1451260750819
620.0,370.0,91.85112695287972
620.0,380.0,92.47142672740327
620.0,390.0,92.98064126121096
620.0,400.0,93.35888240641225
620.0,410.0,93.59244416890414
620.0,420.0,93.67419558459576
620.0,430.0,93.60368030762106
620.0,440.0,93.38692291053928
620.0,450.0,93.03594189652378
620.0,460.0,92.56796942353856
620.0,470.0,92.00437774050302
620.0,480.0,91.36931233544468
620.0,490.0,90.68803179563983
620.0,500.0,89.98495437974238
620.0,510.0,89.29953252925478
620.0,520.0,88.72989249770853
620.0,530.0,88.36397446445712
620.0,540.0,88.26198944097425
620.0,550.0,88.4592937511136
620.0,560.0,88.96922693920274
620.0,570.0,89.78591310597089
620.0,580.0,90.88702567231115
620.0,590.0,92.23651557087669
620.0,600.0,93.787302865511
620.0,610.0,95.48393179851243
620.0,620.0,97.26518926573283
620.0,630.0,99.06668671951019
620.0,640.0,100.82340549943551
620.0,650.0,102.47220559095388
620.0,660.0,103.95429781179949
620.0,670.0,105.21767942626497
620.0,680.0,106.21953318730462
620.0,690.0,106.92858980647219
620.0,700.0,107.32745385169218
620.0,710.0,107.41489307286592
620.0,720.0,107.20809115531122
620.0,730.0,106.74486390103655
620.0,740.0,106.08583883784921
620.0,750.0,105.31659825629747
620.0,760.0,104.52759055854926
620.0,770.0,103.74245389833403
620.0,780.0,102.97192633941029
620.0,790.0,102.23182938441855
620.0,800.0,101.5406901038654
620.0,810.0,100.91765973702476
620.0,820.0,100.38072876475654
620.0,830.0,99.9452384542424
620.0,840.0,99.62268887563908
620.0,850.0,99.41984339064871
620.0,860.0,99.33812961300663
620.0,870.0,99.37333684088637
620.0,880.0,99.515609961222
620.0,890.0,99.7497398259477
620.0,900.0,100.05575010015464
620.0,910.0,100.40978058216513
620.0,920.0,100.78526699552414
620.0,930.0,101.15441725290793
620.0,940.0,101.48998419195019
620.0,950.0,101.76733478298524
620.0,960.0,101.96681580870874
620.0,970.0,102.07641601575547
620.0,980.0,102.09472473819451
620.0,990.0,102.0341869929418
630.0,0.0,95.53273697017961
630.0,10.0,95.33848691500172
630.0,20.0,95.11560939343089
630.0,30.0,94.84411093378279
630.0,40.0,94.51220312203452
630.0,50.0,94.11503665080424
630.0,60.0,93.65351122147221
630.0,70.0,93.13316129944319
630.0,80.0,92.56311772255032
630.0,90.0,91.95514516260023
630.0,100.0,91.32275544005974
630.0,110.0,90.68039669188376
630.0,120.0,90.04271839248466
630.0,130.0,89.42391222784309
630.0,140.0,88.83712882276005
630.0,150.0,88.29397032125043
630.0,160.0,87.80405882007798
630.0,170.0,87.37468065543156
630.0,180.0,87.01050654274289
630.0,190.0,86.71338756964553
630.0,200.0,86.48222704207551
630.0,210.0,86.31292818351302
630.0,220.0,86.19841768736578
630.0,230.0,86.12874512249358
630.0,240.0,86.0912581918744
630.0,250.0,86.07085384441174
630.0,260.0,86.06666401368017
630.0,270.0,86.13228828716093
630.0,280.0,86.31290068997477
630.0,290.0,86.6309027687773
630.0,300.0,87.09014803321841
630.0,310.0,87.6798445793657
630.0,320.0,88.37813589509287
630.0,330.0,89.15535984743205
630.0,340.0,89.97698585189099
630.0,350.0,90.80623022373439
630.0,360.0,91.60634971122994
630.0,370.0,92.3426132108585
630.0,380.0,92.98395166448904
630.0,390.0,93.5042861385178
630.0,400.0,93.88353408497198
630.0,410.0,94.10829378457788
630.0,420.0,94.17220697179349
630.0,430.0,94.07599964180545
630.0,440.0,93.82720103949059
630.0,450.0,93.43954083034174
630.0,460.0,92.93202445335817
630.0,470.0,92.32768665590035
630.0,480.0,91.65202321050918
630.0,490.0,90.93110081368971
630.0,500.0,90.1893451666592
630.0,510.0,89.46570887842834
630.0,520.0,88.85912572880599
630.0,530.0,88.45843333694738
630.0,540.0,88.32438313448252
630.0,550.0,88.492568036294
630.0,560.0,88.9763105350665
630.0,570.0,89.76951121960812
630.0,580.0,90.8494577169433
630.0,590.0,92.17959405817783
630.0,600.0,93.71225046813518
630.0,610.0,95.39133357876501
630.0,620.0,97.15497706632311
630.0,630.0,98.93815271232336
630.0,640.0,100.67524188826118
630.0,650.0,102.30256746410902
630.0,660.0,103.76088614058337
630.0,670.0,104.9978412051837
630.0,680.0,105.97037571200302
630.0,690.0,106.64710608531037
630.0,700.0,107.01065614690478
630.0,710.0,107.05995156724141
630.0,720.0,106.812474740329
630.0,730.0,106.30648008239935
630.0,740.0,105.60316975434867
630.0,750.0,104.78882980795018
630.0,760.0,103.95587569653748
630.0,770.0,103.13369335444916
630.0,780.0,102.33770361577288
630.0,790.0,101.58632752432135
630.0,800.0,100.89895699749145
630.0,810.0,100.29419845823722
630.0,820.0,99.78838943515683
630.0,830.0,99.39438813069361
630.0,840.0,99.12063595745093
630.0,850.0,98.97049304262109
630.0,860.0,98.94184670052819
630.0,870.0,99.02699287328501
630.0,880.0,99.2127905395637
630.0,890.0,99.48108909148063
630.0,900.0,99.80942867959506
630.0,910.0,100.17201352602186
630.0,920.0,100.54095820565819
630.0,930.0,100.88780689552402
630.0,940.0,101.18532559221688
630.0,950.0,101.4095672974803
630.0,960.0,101.54221017188635
630.0,970.0,101.57316865663216
630.0,980.0,101.50347756345037
630.0,990.0,101.34844913263356
640.0,0.0,95.0979622535306
640.0,10.0,95.02810409205492
640.0,20.0,94.92924169275129
640.0,30.0,94.77994898132178
640.0,40.0,94.5662115169759
640.0,50.0,94.28051490745963
640.0,60.0,93.92096542963971
640.0,70.0,93.4904428556427
640.0,80.0,92.9957854845495
640.0,90.0,92.44700737964462
640.0,100.0,91.85654781122071
640.0,110.0,91.23855290493813
640.0,120.0,90.60818949573957
640.0,130.0,89.98099118731977
640.0,140.0,89.37223661715035
640.0,150.0,88.79635992705958
640.0,160.0,88.2663934393675
640.0,170.0,87.79344253857579
640.0,180.0,87.38619275861298
640.0,190.0,87.05044907563457
640.0,200.0,86.78870740637838
640.0,210.0,86.59975831207481
640.0,220.0,86.4783229079123
640.0,230.0,86.41472097805786
640.0,240.0,86.39457129623257
640.0,250.0,86.39852415184232
640.0,260.0,86.42064325302553
640.0,270.0,86.51558442733038
640.0,280.0,86.7300934493627
640.0,290.0,87.086873722102
640.0,300.0,87.58911157405922
640.0,310.0,88.2246515721945
640.0,320.0,88.96982185059531
640.0,330.0,89.7929094549146
640.0,340.0,90.65728570256917
640.0,350.0,91.52418155869827
640.0,360.0,92.35511302788233
640.0,370.0,93.11395656162185
640.0,380.0,93.76867448157647
640.0,390.0,94.29269041856425
640.0,400.0,94.66591476732113
640.0,410.0,94.87542015702043
640.0,420.0,94.91576693755277
640.0,430.0,94.78897868156595
640.0,440.0,94.50416770226504
640.0,450.0,94.07681058697275
640.0,460.0,93.52767374644996
640.0,470.0,92.88138897997622
640.0,480.0,92.16467905619069
640.0,490.0,91.40423330969317
640.0,500.0,90.62423325340515
640.0,510.0,89.86266163886967
640.0,520.0,89.21825015135728
640.0,530.0,88.77984087091265
640.0,540.0,88.6081048698356
640.0,550.0,88.73849690552561
640.0,560.0,89.18416757134375
640.0,570.0,89.93883290549246
640.0,580.0,90.9796014579129
640.0,590.0,92.26975881519995
640.0,600.0,93.76150958353483
640.0,610.0,95.39867682963555
640.0,620.0,97.11935897972478
640.0,630.0,98.8585441765156
640.0,640.0,100.5506820942147
640.0,650.0,102.13221321154342
640.0,660.0,103.54405554277636
640.0,670.0,104.73404882679766
640.0,680.0,105.65935617417485
640.0,690.0,106.28882317225063
640.0,700.0,106.60529444825188
640.0,710.0,106.60788769041682
640.0,720.0,106.31422512713937
640.0,730.0,105.76262246413145
640.0,740.0,105.01423527960303
640.0,750.0,104.1551628774593
640.0,760.0,103.27887549765238
640.0,770.0,102.42046341311637
640.0,780.0,101.60019378620046
640.0,790.0,100.83920953646788
640.0,800.0,100.15785055095574
640.0,810.0,99.57422465846992
640.0,820.0,99.10302836791443
640.0,830.0,98.75461737065586
640.0,840.0,98.53432680692255
640.0,850.0,98.44204129623849
640.0,860.0,98.47201473189214
640.0,870.0,98.61293983944
640.0,880.0,98.84826749924501
640.0,890.0,99.15677583304969
640.0,900.0,99.51338905458422
640.0,910.0,99.89024608420924
640.0,920.0,100.2580189275934
640.0,930.0,100.58748081842585
640.0,940.0,100.85132412516353
640.0,950.0,101.02622802181304
640.0,960.0,101.09517592274771
640.0,970.0,101.0500226815591
640.0,980.0,100.89431155394348
640.0,990.0,100.64634092462326
650.0,0.0,94.80249127313628
650.0,10.0,94.85239020161978
650.0,20.0,94.87360335068833
650.0,30.0,94.84384958050599
650.0,40.0,94.74733760036291
650.0,50.0,94.57421030974766
650.0,60.0,94.31997936700543
650.0,70.0,93.98494998558215
650.0,80.0,93.57363595785439
650.0,90.0,93.09416490654537
650.0,100.0,92.55767376372657
650.0,110.0,91.97769447740548
650.0,120.0,91.36952994569904
650.0,130.0,90.74962017859315
650.0,140.0,90.13489868728786
650.0,150.0,89.54213910112867
650.0,160.0,88.9872920121235
650.0,170.0,88.48481204704574
650.0,180.0,88.046975167123
650.0,190.0,87.68318619531195
650.0,200.0,87.39927657115884
650.0,210.0,87.19679233324607
650.0,220.0,87.07227232922455
650.0,230.0,87.01651665343199
650.0,240.0,87.01384531209708
650.0,250.0,87.04134711612947
650.0,260.0,87.0887064241431
650.0,270.0,87.21143689179603
650.0,280.0,87.4575319319753
650.0,290.0,87.84980141967742
650.0,300.0,88.3906787030693
650.0,310.0,89.06665054152506
650.0,320.0,89.85230997063854
650.0,330.0,90.7140320942116
650.0,340.0,91.61327280321822
650.0,350.0,92.50949042174435
650.0,360.0,93.36269027990352
650.0,370.0,94.1355922137283
650.0,380.0,94.79542099203742
650.0,390.0,95.31531967027877
650.0,400.0,95.67538587134811
650.0,410.0,95.86333099338357
650.0,420.0,95.87476234453598
650.0,430.0,95.71308820471484
650.0,440.0,95.38904581431022
650.0,450.0,94.91985228989037
650.0,460.0,94.32797846687502
650.0,470.0,93.63954566918463
650.0,480.0,92.88234540586527
650.0,490.0,92.08348199468932
650.0,500.0,91.26663811273198
650.0,510.0,90.46838966692437
650.0,520.0,89.78634209146175
650.0,530.0,89.3085262278557
650.0,540.0,89.09496794054462
650.0,550.0,89.18064521659562
650.0,560.0,89.57839987111637
650.0,570.0,90.28180385837744
650.0,580.0,91.26798018864469
650.0,590.0,92.50037845072198
650.0,600.0,93.93150494020416
650.0,610.0,95.5056073934402
650.0,620.0,97.16131432720661
650.0,630.0,98.83422898409113
650.0,640.0,100.4594778835866
650.0,650.0,101.97421397889511
650.0,660.0,103.32007441944235
650.0,670.0,104.44559291910227
650.0,680.0,105.30856673013182
650.0,690.0,105.87837822281625
650.0,700.0,106.13827107082417
650.0,710.0,106.08758104227337
650.0,720.0,105.74392139650641
650.0,730.0,105.1453228865768
650.0,740.0,104.35232836744534
650.0,750.0,103.45004200988639
650.0,760.0,102.53213555105067
650.0,770.0,101.63924827680574
650.0,780.0,100.79654791925785
650.0,790.0,100.02796202683658
650.0,800.0,99.35484324067313
650.0,810.0,98.79486201854186
650.0,820.0,98.36112680636484
650.0,830.0,98.06153165727979
650.0,840.0,97.89833129827124
650.0,850.0,97.86794364436477
650.0,860.0,97.96097976038463
650.0,870.0,98.1625012702744
650.0,880.0,98.45250521398101
650.0,890.0,98.80663635190189
650.0,900.0,99.19712691689534
650.0,910.0,99.59396381385423
650.0,920.0,99.96628326684267
650.0,930.0,100.28399291379613
650.0,940.0,100.51962134878471
650.0,950.0,100.65039511183947
650.0,960.0,100.66054312634228
650.0,970.0,100.5438285839785
650.0,980.0,100.30630827725325
650.0,990.0,99.96931937957069
660.0,0.0,94.66421681362836
660.0,10.0,94.82625307288869
660.0,20.0,94.96051905440007
660.0,30.0,95.04440795824024
660.0,40.0,95.06079658729239
660.0,50.0,94.9978363468882
660.0,60.0,94.8486952042499
660.0,70.0,94.61125060773071
660.0,80.0,94.28773336585411
660.0,90.0,93.88432248615169
660.0,100.0,93.4106909737997
660.0,110.0,92.87950259005427
660.0,120.0,92.30585957048518
660.0,130.0,91.70670130300849
660.0,140.0,91.1001539657176
660.0,150.0,90.50483112451317
660.0,160.0,89.9390852905316
660.0,170.0,89.42021043737213
660.0,180.0,88.96359547812276
660.0,190.0,88.58182870218461
660.0,200.0,88.28375317189514
660.0,210.0,88.07347307894993
660.0,220.0,87.94931106062309
660.0,230.0,87.90271647578648
660.0,240.0,87.91712464072734
660.0,250.0,87.96676702476488
660.0,260.0,88.03767149101468
660.0,270.0,88.18597049236566
660.0,280.0,88.4605472462929
660.0,290.0,88.88411812943014
660.0,300.0,89.45829519667798
660.0,310.0,90.16824628740999
660.0,320.0,90.98695271877631
660.0,330.0,91.87906456610506
660.0,340.0,92.80435353040129
660.0,350.0,93.7207633929438
660.0,360.0,94.58705805697944
660.0,370.0,95.36506717651525
660.0,380.0,96.02152937220816
660.0,390.0,96.52953303435243
660.0,400.0,96.86955471296477
660.0,410.0,97.03009509496714
660.0,420.0,97.00791256846719
660.0,430.0,96.8078543741364
660.0,440.0,96.44228534368595
660.0,450.0,95.93011422544019
660.0,460.0,95.29541759700784
660.0,470.0,94.56566136505081
660.0,480.0,93.76951985215082
660.0,490.0,92.93429247077356
660.0,500.0,92.08291798433059
660.0,510.0,91.25018371211955
660.0,520.0,90.53177735555202
660.0,530.0,90.01422179701774
660.0,540.0,89.75641768953966
660.0,550.0,89.79258114734093
660.0,560.0,90.13513337396496
660.0,570.0,90.77754222794947
660.0,580.0,91.69711572605362
660.0,590.0,92.857747484039
660.0,600.0,94.21261409500379
660.0,610.0,95.70682444527083
660.0,620.0,97.28002096782883
660.0,630.0,98.86893283332738
660.0,640.0,100.40988107862522
660.0,650.0,101.84123567289227
660.0,660.0,103.10582452126499
660.0,670.0,104.15329440605537
660.0,680.0,104.94242386551325
660.0,690.0,105.44338801014251
660.0,700.0,105.63997527657031
660.0,710.0,105.53175611897026
660.0,720.0,105.1362036380388
660.0,730.0,104.49076614752522
660.0,740.0,103.65489167831541
660.0,750.0,102.71200442006851
660.0,760.0,101.75522656628239
660.0,770.0,100.83048513463594
660.0,780.0,99.96778892334041
660.0,790.0,99.19384922083353
660.0,800.0,98.53107436273373
660.0,810.0,97.99677086068219
660.0,820.0,97.60255110307263
660.0,830.0,97.35394762766906
660.0,840.0,97.25023396611121
660.0,850.0,97.28445206030793
660.0,860.0,97.44364625071829
660.0,870.0,97.70930383652063
660.0,880.0,98.05800220766933
660.0,890.0,98.46226254883948
660.0,900.0,98.89161011525933
660.0,910.0,99.3138410804306
660.0,920.0,99.69649595573665
660.0,930.0,100.00853958193835
660.0,940.0,100.22224769255797
660.0,950.0,100.31530004915065
660.0,960.0,100.27308014846405
660.0,970.0,100.09118150148535
660.0,980.0,99.77812048437659
660.0,990.0,99.3582557612975
670.0,0.0,94.69394289867083
670.0,10.0,94.95781649331417
670.0,20.0,95.19530419348284
670.0,30.0,95.38392894878409
670.0,40.0,95.50565529327483
670.0,50.0,95.5470071471676
670.0,60.0,95.49910095252471
670.0,70.0,95.35759414294098
670.0,80.0,95.12254894721471
670.0,90.0,94.7982115270072
670.0,100.0,94.39270644849061
670.0,110.0,93.9176464879842
670.0,120.0,93.38765777157901
670.0,130.0,92.81982024875096
670.0,140.0,92.23302349996226
670.0,150.0,91.64723787825137
670.0,160.0,91.08270098481127
670.0,170.0,90.55901947855608
670.0,180.0,90.09418621967625
670.0,190.0,89.70351274718197
670.0,200.0,89.39847709043514
670.0,210.0,89.18548691466964
670.0,220.0,89.0645580005
670.0,230.0,89.02790805741864
670.0,240.0,89.0584658712812
670.0,250.0,89.12829578578061
670.0,260.0,89.22049251655483
670.0,270.0,89.39153819667906
670.0,280.0,89.69083055721214
670.0,290.0,90.14079727142946
670.0,300.0,90.74218181885615
670.0,310.0,91.47890394672237
670.0,320.0,92.32249472884064
670.0,330.0,93.23610622190532
670.0,340.0,94.17809571921423
670.0,350.0,95.1051846018123
670.0,360.0,95.97519178705734
670.0,370.0,96.74934177460798
670.0,380.0,97.39414728983358
670.0,390.0,97.88286652464636
670.0,400.0,98.1965349757556
670.0,410.0,98.32457188034387
670.0,420.0,98.26496124916555
670.0,430.0,98.0240074970672
670.0,440.0,97.61566567093023
670.0,450.0,97.06044627503557
670.0,460.0,96.38389469385048
670.0,470.0,95.61464521223748
670.0,480.0,94.78204963308534
670.0,490.0,93.91338049236217
670.0,500.0,93.03060887159066
670.0,510.0,92.16642603086423
670.0,520.0,91.41398291505831
670.0,530.0,90.85775176592642
670.0,540.0,90.55513707394712
670.0,550.0,90.53937592378806
670.0,560.0,90.82238785663094
670.0,570.0,91.39757424935723
670.0,580.0,92.24256721059477
670.0,590.0,93.3219279936252
670.0,600.0,94.58979492615212
670.0,610.0,95.99248085693029
670.0,620.0,97.47102011925537
670.0,630.0,98.96366501131484
670.0,640.0,100.40833179339934
670.0,650.0,101.74499620197524
670.0,660.0,102.91803848061772
670.0,670.0,103.87853792780493
670.0,680.0,104.58651696157271
670.0,690.0,105.01313470103051
670.0,700.0,105.14283006473768
670.0,710.0,104.97541438594102
670.0,720.0,104.5281135446728
670.0,730.0,103.83755961670998
670.0,740.0,102.9617320393939
670.0,750.0,101.98184829431094
670.0,760.0,100.9898695551166
670.0,770.0,100.03665371737861
670.0,780.0,99.15687811525217
670.0,790.0,98.37997211943066
670.0,800.0,97.72941842899947
670.0,810.0,97.22224199566254
670.0,820.0,96.8686865803416
670.0,830.0,96.67207894214802
670.0,840.0,96.62888065972744
670.0,850.0,96.72892758497716
670.0,860.0,96.95585692913605
670.0,870.0,97.2877219812473
670.0,880.0,97.69779445899388
670.0,890.0,98.15555449190656
670.0,900.0,98.62786823694476
670.0,910.0,99.08035312645008
670.0,920.0,99.47893074847245
670.0,930.0,99.79156735946903
670.0,940.0,99.99020202937591
670.0,950.0,100.05286241905226
670.0,960.0,99.96596819009744
670.0,970.0,99.72682204704064
670.0,980.0,99.34628841190327
670.0,990.0,98.85165973113413
680.0,0.0,94.8951171510912
680.0,10.0,95.24827804711674
680.0,20.0,95.57675598719852
680.0,30.0,95.85856407722437
680.0,40.0,96.0751299994984
680.0,50.0,96.21171094436836
680.0,60.0,96.2576926715254
680.0,70.0,96.20677270097617
680.0,80.0,96.05702763368716
680.0,90.0,95.81086460190147
680.0,100.0,95.47485684912792
680.0,110.0,95.05946343980243
680.0,120.0,94.57863309862182
680.0,130.0,94.04929217954988
680.0,140.0,93.49071676449579
680.0,150.0,92.92378889166491
680.0,160.0,92.37013691358192
680.0,170.0,91.85115998478615
680.0,180.0,91.38693667919954
680.0,190.0,90.9950177371666
680.0,200.0,90.68910294216698
680.0,210.0,90.4776021272002
680.0,220.0,90.3620803108428
680.0,230.0,90.33558696297786
680.0,240.0,90.38086940019673
680.0,250.0,90.46847031087322
680.0,260.0,90.57924295641872
680.0,270.0,90.7697315991255
680.0,280.0,91.0894722374388
680.0,290.0,91.56042212797192
680.0,300.0,92.18243224231126
680.0,310.0,92.93827418480019
680.0,320.0,93.79822157130187
680.0,330.0,94.72418586894109
680.0,340.0,95.67340669682503
680.0,350.0,96.60169658774292
680.0,360.0,97.46624021084475
680.0,370.0,98.22794805529882
680.0,380.0,98.85336457492839
680.0,390.0,99.31613079382707
680.0,400.0,99.59800137295336
680.0,410.0,99.68941613770401
680.0,420.0,99.58962606646645
680.0,430.0,99.30637374015
680.0,440.0,98.8551282526962
680.0,450.0,98.25787458256802
680.0,460.0,97.54145742521797
680.0,470.0,96.7354794865353
680.0,480.0,95.86975423727195
680.0,490.0,94.97131312844766
680.0,500.0,94.06096726773389
680.0,510.0,93.16909308971317
680.0,520.0,92.38588751267478
680.0,530.0,91.793409207493
680.0,540.0,91.44732221780421
680.0,550.0,91.3797457417351
680.0,560.0,91.60205131022931
680.0,570.0,92.10760736197275
680.0,580.0,92.87447121491759
680.0,590.0,93.86802843440478
680.0,600.0,95.04357959788513
680.0,610.0,96.34887445623919
680.0,620.0,97.72659349169547
680.0,630.0,99.11677687234751
680.0,640.0,100.45920080326943
680.0,650.0,101.69570127423006
680.0,660.0,102.7724452040058
680.0,670.0,103.64214898129204
680.0,680.0,104.26624440221298
680.0,690.0,104.61699200443054
680.0,700.0,104.67954179785127
680.0,710.0,104.45394139193245
680.0,720.0,103.95709151958627
680.0,730.0,103.22464895768306
680.0,740.0,102.31287684415292
680.0,750.0,101.30044239168583
680.0,760.0,100.27770246345388
680.0,770.0,99.30000828283586
680.0,780.0,98.40642666637957
680.0,790.0,97.62897689074778
680.0,800.0,96.9922093357878
680.0,810.0,96.51295517102865
680.0,820.0,96.20024708560545
680.0,830.0,96.05541106161137
680.0,840.0,96.07232919087701
680.0,850.0,96.23787353517717
680.0,860.0,96.53251102986513
680.0,870.0,96.93107943093428
680.0,880.0,97.4037343055072
680.0,890.0,97.91706706575232
680.0,900.0,98.43539404622781
680.0,910.0,98.922216624653
680.0,920.0,99.34185238610733
680.0,930.0,99.66123733065649
680.0,940.0,99.85189912440636
680.0,950.0,99.89210139398396
680.0,960.0,99.76915906444624
680.0,970.0,99.48192474061601
680.0,980.0,99.04344613184544
680.0,990.0,98.48379452020708
690.0,0.0,95.26386078057975
690.0,10.0,95.69206499753818
690.0,20.0,96.09744536657931
690.0,30.0,96.45875616599719
690.0,40.0,96.75720389344234
690.0,50.0,96.97712119902486
690.0,60.0,97.10649874899973
690.0,70.0,97.13737502003387
690.0,80.0,97.06608402405536
690.0,90.0,96.89336096368437
690.0,100.0,96.62430581824637
690.0,110.0,96.26820486036704
690.0,120.0,95.83821010314924
690.0,130.0,95.35087667793194
690.0,140.0,94.82555814263117
690.0,150.0,94.2836597206628
690.0,160.0,93.74774947044739
690.0,170.0,93.24052738549699
690.0,180.0,92.78365242508386
690.0,190.0,92.39642747549114
690.0,200.0,92.0943422418456
690.0,210.0,91.8874740705322
690.0,220.0,91.77874670219073
690.0,230.0,91.76204695529434
690.0,240.0,91.82019934031004
690.0,250.0,91.92279860444123
690.0,260.0,92.04908748710652
690.0,270.0,92.2553788080815
690.0,280.0,92.5909856442438
690.0,290.0,93.07723420908178
690.0,300.0,93.71308316975448
690.0,310.0,94.48028051860717
690.0,320.0,95.34805799914278
690.0,330.0,96.27736308644894
690.0,340.0,97.22462852208086
690.0,350.0,98.14507940339989
690.0,360.0,98.99557782736778
690.0,370.0,99.73700508879679
690.0,380.0,100.33618143305544
690.0,390.0,100.76732336322999
690.0,400.0,101.01303850174175
690.0,410.0,101.06485800641998
690.0,420.0,100.92330654103075
690.0,430.0,100.59750980026125
690.0,440.0,100.10433958916008
690.0,450.0,99.46709645703312
690.0,460.0,98.71372988579526
690.0,470.0,97.87459603277776
690.0,480.0,96.97975302799138
690.0,490.0,96.05579382584527
690.0,500.0,95.12221661132159
690.0,510.0,94.20696135819422
690.0,520.0,93.39707119022833
690.0,530.0,92.77202168365874
690.0,540.0,92.38562795271088
690.0,550.0,92.26883588177519
690.0,560.0,92.43245897401158
690.0,570.0,92.86986081638396
690.0,580.0,93.55958316112493
690.0,590.0,94.46791962363045
690.0,600.0,95.55143499678455
690.0,610.0,96.75943018171435
690.0,620.0,98.03635273497477
690.0,630.0,99.3241530321637
690.0,640.0,100.56458604796694
690.0,650.0,101.70145875263349
690.0,660.0,102.6828231248806
690.0,670.0,103.46311478122921
690.0,680.0,104.00523722176919
690.0,690.0,104.28259169235494
690.0,700.0,104.2810526632307
690.0,710.0,104.00088892408634
690.0,720.0,103.45863029554283
690.0,730.0,102.68887995706815
690.0,740.0,101.74607239132303
690.0,750.0,100.70617694493676
690.0,760.0,99.65768825332505
690.0,770.0,98.65995203159014
690.0,780.0,97.75605192646054
690.0,790.0,96.9804124970781
690.0,800.0,96.35862030514207
690.0,810.0,95.90740212043035
690.0,820.0,95.63476024169842
690.0,830.0,95.54026493295535
690.0,840.0,95.61550397511746
690.0,850.0,95.84468933303908
690.0,860.0,96.2054209379209
690.0,870.0,96.6696075850957
690.0,880.0,97.20454494719131
690.0,890.0,97.77415070267107
690.0,900.0,98.34035677975166
690.0,910.0,98.86465871569828
690.0,920.0,99.30982213149727
690.0,930.0,99.64174632190593
690.0,940.0,99.83148496088008
690.0,950.0,99.85742392237852
690.0,960.0,99.70761621654536
690.0,970.0,99.38227404126937
690.0,980.0,98.89641794912085
690.0,990.0,98.28268312966597
700.0,0.0,95.78929619895696
700.0,10.0,96.2772882128403
700.0,20.0,96.74430961141067
700.0,30.0,97.16999146445903
700.0,40.0,97.5355640848399
700.0,50.0,97.8247453745049
700.0,60.0,98.02446625169131
700.0,70.0,98.125433159266
700.0,80.0,98.12252765422416
700.0,90.0,98.01504307834342
700.0,100.0,97.80675830999297
700.0,110.0,97.50584859709774
700.0,120.0,97.12463347125784
700.0,130.0,96.67916174302303
700.0,140.0,96.18863357832232
700.0,150.0,95.67465965604876
700.0,160.0,95.16035740679918
700.0,170.0,94.66928433276928
700.0,180.0,94.22420840880365
700.0,190.0,93.84571556460102
700.0,200.0,93.55065424807458
700.0,210.0,93.35041706986742
700.0,220.0,93.2490595290231
700.0,230.0,93.24125581981143
700.0,240.0,93.31009171970912
700.0,250.0,93.42469455853589
700.0,260.0,93.5632423683639
700.0,270.0,93.78152974946858
700.0,280.0,94.12831552158204
700.0,290.0,94.62416127342743
700.0,300.0,95.26715665524004
700.0,310.0,96.03816877140991
700.0,320.0,96.90561567324602
700.0,330.0,97.82976395186178
700.0,340.0,98.76655043118228
700.0,350.0,99.67092796107275
700.0,360.0,100.49973531058866
700.0,370.0,101.21409116134733
700.0,380.0,101.78131220102087
700.0,390.0,102.1763553169508
700.0,400.0,102.38278388988408
700.0,410.0,102.3932581878305
700.0,420.0,102.20954986004179
700.0,430.0,101.84208053111206
700.0,440.0,101.30898449519977
700.0,450.0,100.63469551037115
700.0,460.0,99.8480576930652
700.0,470.0,98.9799605126801
700.0,480.0,98.0604978862811
700.0,490.0,97.11565137342996
700.0,500.0,96.1634974711358
700.0,510.0,95.22951619119895
700.0,520.0,94.39761373814909
700.0,530.0,93.74470536559032
700.0,540.0,93.3227833464186
700.0,550.0,93.16164701776184
700.0,560.0,93.27157702567914
700.0,570.0,93.64595376961901
700.0,580.0,94.26382004663657
700.0,590.0,95.09238789536973
700.0,600.0,96.0894896397744
700.0,610.0,97.20597313261864
700.0,620.0,98.3880411987359
700.0,630.0,99.5795352780372
700.0,640.0,100.72416326828221
700.0,650.0,101.76767156760955
700.0,660.0,102.65996131682587
700.0,670.0,103.35714884145408
700.0,680.0,103.82357029354039
700.0,690.0,104.03373049322067
700.0,700.0,103.97419597004536
700.0,710.0,103.64543220406385
700.0,720.0,103.06358506666741
700.0,730.0,102.26220646119148
700.0,740.0,101.29392416327681
700.0,750.0,100.23205586098942
700.0,760.0,99.16316443497692
700.0,770.0,98.15005395312727
700.0,780.0,97.23937862494934
700.0,790.0,96.46773755735776
700.0,800.0,95.86169959868899
700.0,810.0,95.43797421405094
700.0,820.0,95.20372839200658
700.0,830.0,95.15704958259109
700.0,840.0,95.28755466666291
700.0,850.0,95.5771449565885
700.0,860.0,96.0009072282608
700.0,870.0,96.52816078445154
700.0,880.0,97.12365054949727
700.0,890.0,97.74888619531906
700.0,900.0,98.3636272987761
700.0,910.0,98.92751453035294
700.0,920.0,99.40184687418056
700.0,930.0,99.75150487939113
700.0,940.0,99.94701994280658
700.0,950.0,99.96678962296085
700.0,960.0,99.79943898545602
700.0,970.0,99.44632797965204
700.0,980.0,98.92420484669036
700.0,990.0,98.26800555885123
710.0,0.0,96.45417226300899
710.0,10.0,96.986494136049
710.0,20.0,97.49954574209198
710.0,30.0,97.97385930150725
710.0,40.0,98.39085819699079
710.0,50.0,98.73391136791703
710.0,60.0,98.98920934771876
710.0,70.0,99.14646194429508
710.0,80.0,99.19941756344753
710.0,90.0,99.14620417534398
710.0,100.0,98.98949192401098
710.0,110.0,98.73647737985375
710.0,120.0,98.39868943520462
710.0,130.0,97.99161684289912
710.0,140.0,97.53415739788055
710.0,150.0,97.04788876183224
710.0,160.0,96.55616093083809
710.0,170.0,96.0830103460711
710.0,180.0,95.65189564750995
710.0,190.0,95.28425507068353
710.0,200.0,94.99788548644383
710.0,210.0,94.80514308376657
710.0,220.0,94.71096569557994
710.0,230.0,94.71071676762166
710.0,240.0,94.78785097032369
710.0,250.0,94.91140145372535
710.0,260.0,95.05892433987921
710.0,270.0,95.28542888663144
710.0,280.0,95.63883102757437
710.0,290.0,96.13882500465371
710.0,300.0,96.78267462557683
710.0,310.0,97.55051865897151
710.0,320.0,98.4101903672956
710.0,330.0,99.32155117749711
710.0,340.0,100.24033848942517
710.0,350.0,101.12152762199148
710.0,360.0,101.92220789708252
710.0,370.0,102.6039728612224
710.0,380.0,103.1348246449864
710.0,390.0,103.49059246016506
710.0,400.0,103.65586523467913
710.0,410.0,103.6244383852449
710.0,420.0,103.39927472779056
710.0,430.0,102.99197952562285
710.0,440.0,102.42178967534466
710.0,450.0,101.71407703052304
710.0,460.0,100.89836586310818
710.0,470.0,100.00586446260273
710.0,480.0,99.066510872982
710.0,490.0,98.10553276736474
710.0,500.0,97.13952146043457
710.0,510.0,96.19156380093686
710.0,520.0,95.3426420665435
710.0,530.0,94.6673076704247
710.0,540.0,94.21587721935674
710.0,550.0,94.0171037187161
710.0,560.0,94.08079092824694
710.0,570.0,94.40035086860208
710.0,580.0,94.95530447865728
710.0,590.0,95.71372542359907
710.0,600.0,96.63462705378585
710.0,610.0,97.67029251438254
710.0,620.0,98.76854800576851
710.0,630.0,99.87497919471912
710.0,640.0,100.93509077636044
710.0,650.0,101.8964091868976
710.0,660.0,102.71052846711635
710.0,670.0,103.33509927665828
710.0,680.0,103.73576105906919
710.0,690.0,103.88801735762114
710.0,700.0,103.77905428190762
710.0,710.0,103.40950212521248
710.0,720.0,102.79514013265192
710.0,730.0,101.96854442009023
710.0,740.0,100.98067904382869
710.0,750.0,99.90243022106797
710.0,760.0,98.81853404904417
710.0,770.0,97.79470810233188
710.0,780.0,96.88068494997663
710.0,790.0,96.11497644507848
710.0,800.0,95.52506200408286
710.0,810.0,95.12771471013514
710.0,820.0,94.9294652404991
710.0,830.0,94.92720361803927
710.0,840.0,95.10891878676699
710.0,850.0,95.45457601145037
710.0,860.0,95.93713210128806
710.0,870.0,96.52368845764683
710.0,880.0,97.17678194586306
710.0,890.0,97.8558135911079
710.0,900.0,98.5186150983165
710.0,910.0,99.12315319618075
710.0,920.0,99.62937180520618
710.0,930.0,100.00117202983239
710.0,940.0,100.2085299746176
710.0,950.0,100.22975238448674
710.0,960.0,100.05387010904366
710.0,970.0,99.68316939094677
710.0,980.0,99.13586097834906
710.0,990.0,98.44888706140146
720.0,0.0,97.2357871448914
720.0,10.0,97.7977147984441
720.0,20.0,98.34180466637513
720.0,30.0,98.84941926124984
720.0,40.0,99.30227053342294
720.0,50.0,99.68359159584394
720.0,60.0,99.97911980039012
720.0,70.0,100.1778911657271
720.0,80.0,100.27284615669667
720.0,90.0,100.26124681523231
720.0,100.0,100.14490524280205
720.0,110.0,99.93022343437895
720.0,120.0,99.62804446393882
720.0,130.0,99.25331502148578
720.0,140.0,98.82455930160488
720.0,150.0,98.36316424354263
720.0,160.0,97.89247612281461
720.0,170.0,97.43670849434089
720.0,180.0,97.0196614871087
720.0,190.0,96.66325245036273
720.0,200.0,96.38585795132279
720.0,210.0,96.20046712442907
720.0,220.0,96.11264637211478
720.0,230.0,96.11831541710637
720.0,240.0,96.20133470625109
720.0,250.0,96.3309041658722
720.0,260.0,96.48428805227685
720.0,270.0,96.71547535653623
720.0,280.0,97.07130338735247
720.0,290.0,97.57052834313019
720.0,300.0,98.20964560181207
720.0,310.0,98.96821750726144
720.0,320.0,99.81370865219196
720.0,330.0,100.70582865764429
720.0,340.0,101.60038244900994
720.0,350.0,102.45262802860205
720.0,360.0,103.2201417447733
720.0,370.0,103.86519105758092
720.0,380.0,104.35661480099859
720.0,390.0,104.67121094167565
720.0,400.0,104.79463183424316
720.0,410.0,104.72178697316711
720.0,420.0,104.45675324114866
720.0,430.0,104.01219265407148
720.0,440.0,103.40827760249611
720.0,450.0,102.6711235897014
720.0,460.0,101.83072946627297
720.0,470.0,100.9184251612388
720.0,480.0,99.96382690975184
720.0,490.0,98.99129997731966
720.0,500.0,98.01592888058116
720.0,510.0,97.05854631845285
720.0,520.0,96.1975764978693
720.0,530.0,95.50553841456286
720.0,540.0,95.03131364909586
720.0,550.0,94.80276514417538
720.0,560.0,94.82929843345751
720.0,570.0,95.10436532184085
720.0,580.0,95.60791001724954
720.0,590.0,96.30875771390562
720.0,600.0,97.1669456270907
720.0,610.0,98.13599647939716
720.0,620.0,99.16513443846861
720.0,630.0,100.20144350622986
720.0,640.0,101.19196835960614
720.0,650.0,102.08575764273176
720.0,660.0,102.83584971064825
720.0,670.0,103.40120082449177
720.0,680.0,103.74855579816986
720.0,690.0,103.85426109652784
720.0,700.0,103.70602038500421
720.0,710.0,103.3045925307758
720.0,720.0,102.66543205539205
720.0,730.0,101.82027203889879
720.0,740.0,100.81864947545151
720.0,750.0,99.72937308041769
720.0,760.0,98.63559809880812
720.0,770.0,97.60543530635583
720.0,780.0,96.69119350490536
720.0,790.0,95.93302462164448
720.0,800.0,95.3592360940369
720.0,810.0,94.98673560761607
720.0,820.0,94.82160818663998
720.0,830.0,94.85982563760713
720.0,840.0,95.08808834563357
720.0,850.0,95.48479942369093
720.0,860.0,96.0211712147057
720.0,870.0,96.66246414651947
720.0,880.0,97.36935793971024
720.0,890.0,98.09945516827497
720.0,900.0,98.808917173173
720.0,910.0,99.4542323287307
720.0,920.0,99.99411666190721
720.0,930.0,100.39154682442113
720.0,940.0,100.6159254177385
720.0,950.0,100.6453786709216
720.0,960.0,100.46918647133914
720.0,970.0,100.09034474823724
720.0,980.0,99.5282602091717
720.0,990.0,98.82157742930134
730.0,0.0,98.10720883010082
730.0,10.0,98.6858158767942
730.0,20.0,99.24768608098084
730.0,30.0,99.7748758817244
730.0,40.0,100.24941781990388
730.0,50.0,100.65456473490147
730.0,60.0,100.97583953345287
730.0,70.0,101.20189053066032
730.0,80.0,101.32515236316826
730.0,90.0,101.34231247450154
730.0,100.0,101.25458317256641
730.0,110.0,101.06777925931407
730.0,120.0,100.79220123256673
730.0,130.0,100.44232406000653
730.0,140.0,100.036291525327
730.0,150.0,99.59521614654705
730.0,160.0,99.1422846664877
730.0,170.0,98.70166911541148
730.0,180.0,98.29724344582438
730.0,190.0,97.95110573944044
730.0,200.0,97.68190598630899
730.0,210.0,97.50297943610461
730.0,220.0,97.4202855215795
730.0,230.0,97.43015235417876
730.0,240.0,97.51682679181809
730.0,250.0,97.64983007882422
730.0,260.0,97.80635203240696
730.0,270.0,98.03917052228891
730.0,280.0,98.39386817126683
730.0,290.0,98.88822247311532
730.0,300.0,99.51802362078723
730.0,310.0,100.26239610168183
730.0,320.0,101.08862405998067
730.0,330.0,101.95648042605123
730.0,340.0,102.82205981291825
730.0,350.0,103.64111517980282
730.0,360.0,104.37189826272919
730.0,370.0,104.97750377219927
730.0,380.0,105.42771735793502
730.0,390.0,105.70036734068835
730.0,400.0,105.78218021111886
730.0,410.0,105.66913989573942
730.0,420.0,105.36635078992924
730.0,430.0,104.88740455801491
730.0,440.0,104.253250700419
730.0,450.0,103.49057088787649
730.0,460.0,102.62965706271886
730.0,470.0,101.70179330722607
730.0,480.0,100.73614147904597
730.0,490.0,99.75613061368176
730.0,500.0,98.77535009404704
730.0,510.0,97.81255994470831
730.0,520.0,96.94407598121266
730.0,530.0,96.24078948351291
730.0,540.0,95.75043746274835
730.0,550.0,95.50017793298414
730.0,560.0,95.49910724174534
730.0,570.0,95.7407194593456
730.0,580.0,96.20530782701074
730.0,590.0,96.86230826379678
730.0,600.0,97.67258493230288
730.0,610.0,98.59065786317889
730.0,620.0,99.5668726384276
730.0,630.0,100.54951213350178
730.0,640.0,101.48685031819579
730.0,650.0,102.32914811633206
730.0,660.0,103.03059132424208
730.0,670.0,103.5511705880423
730.0,680.0,103.85850343970453
730.0,690.0,103.92959839192133
730.0,700.0,103.75256109176568
730.0,710.0,103.32824253314583
730.0,720.0,102.67182932805444
730.0,730.0,101.81437603661274
730.0,740.0,100.80427955590929
730.0,750.0,99.70869556763323
730.0,760.0,98.6095294325419
730.0,770.0,97.57682730185934
730.0,780.0,96.66500714248194
730.0,790.0,95.91560320517257
730.0,800.0,95.35766725794123
730.0,810.0,95.0082990998411
730.0,820.0,94.8733063551799
730.0,830.0,94.9479935481468
730.0,840.0,95.21808045785438
730.0,850.0,95.66074975379634
730.0,860.0,96.24582391172027
730.0,870.0,96.93707140991597
730.0,880.0,97.69364220591913
730.0,890.0,98.47163249363025
730.0,900.0,99.2257787408491
730.0,910.0,99.91128100722442
730.0,920.0,100.48575554261915
730.0,930.0,100.91131666589075
730.0,940.0,101.15678792408735
730.0,950.0,101.20004253205867
730.0,960.0,101.0304730924829
730.0,970.0,100.65159059630852
730.0,980.0,100.08375270361176
730.0,990.0,99.36702130486937
740.0,0.0,99.03879324301482
740.0,10.0,99.62414279433726
740.0,20.0,100.19353412809306
740.0,30.0,100.7295608766665
740.0,40.0,101.21456452180156
740.0,50.0,101.63191511712375
740.0,60.0,101.96709526777911
740.0,70.0,102.20858736719076
740.0,80.0,102.34856409093261
740.0,90.0,102.38338214772057
740.0,100.0,102.31387928752096
740.0,110.0,102.14547456677637
740.0,120.0,101.88807187074882
740.0,130.0,101.5557666929802
740.0,140.0,101.16635617187022
740.0,150.0,100.74065238437153
740.0,160.0,100.30159889680226
740.0,170.0,99.87319057277591
740.0,180.0,99.47919663824855
740.0,190.0,99.1416870036834
740.0,200.0,98.8793618433327
740.0,210.0,98.70568443163698
740.0,220.0,98.62681723674163
740.0,230.0,98.63936127113087
740.0,240.0,98.72789869937891
740.0,250.0,98.86233870301874
740.0,260.0,99.01991318293175
740.0,270.0,99.25205294197397
740.0,280.0,99.6029721984577
740.0,290.0,100.08945346533669
740.0,300.0,100.70663935676623
740.0,310.0,101.43332666781023
740.0,320.0,102.2367627272951
740.0,330.0,103.07694402381053
740.0,340.0,103.91041710485725
740.0,350.0,104.69358174914159
740.0,360.0,105.385496412017
740.0,370.0,105.95018594407243
740.0,380.0,106.35845158286767
740.0,390.0,106.58918321781546
740.0,400.0,106.63017392821065
740.0,410.0,106.47843679440618
740.0,420.0,106.14002398213594
740.0,430.0,105.62934809998455
740.0,440.0,104.96800583000405
740.0,450.0,104.18310383147748
740.0,460.0,103.30508691782936
740.0,470.0,102.36506850668304
740.0,480.0,101.391663343065
740.0,490.0,100.40732249575598
740.0,500.0,99.42417062678902
740.0,510.0,98.45907619122544
740.0,520.0,97.58668222816759
740.0,530.0,96.87664301828231
740.0,540.0,96.37582971730632
740.0,550.0,96.11087128552629
740.0,560.0,96.09063731875165
740.0,570.0,96.30866278077997
740.0,580.0,96.74551463735506
740.0,590.0,97.37110039161763
740.0,600.0,98.14691852104869
740.0,610.0,99.02825081590557
740.0,620.0,99.96629661915051
740.0,630.0,100.91024896787206
740.0,640.0,101.809312636199
740.0,650.0,102.6146640797069
740.0,660.0,103.28135328131745
740.0,670.0,103.77014749869035
740.0,680.0,104.0493169131078
740.0,690.0,104.09636217985184
740.0,700.0,103.899683880074
740.0,710.0,103.46019387415802
740.0,720.0,102.79286855657483
740.0,730.0,101.92824401223048
740.0,740.0,100.91385307430653
740.0,750.0,99.8156042835931
740.0,760.0,98.71448807594227
740.0,770.0,97.68213330262475
740.0,780.0,96.77468967658297
740.0,790.0,96.0348627747362
740.0,800.0,95.49237650606793
740.0,810.0,95.16456362939648
740.0,820.0,95.05708432082848
740.0,830.0,95.1647727908956
740.0,840.0,95.47261195137425
740.0,850.0,95.95683613178842
740.0,860.0,96.58616184559554
740.0,870.0,97.32314660605542
740.0,880.0,98.12567579178234
740.0,890.0,98.94857756198012
740.0,900.0,99.74536582136028
740.0,910.0,100.47011123474331
740.0,920.0,101.07944029134308
740.0,930.0,101.53466241873404
740.0,940.0,101.80402514650201
740.0,950.0,101.8650973195774
740.0,960.0,101.70728036125207
740.0,970.0,101.33444758587892
740.0,980.0,100.76771156125471
740.0,990.0,100.04831952068594
750.0,0.0,100.0
750.0,10.0,100.58646486550668
750.0,20.0,101.15753380673098
750.0,30.0,101.69622288032721
750.0,40.0,102.18515773679462
750.0,50.0,102.607869780174
750.0,60.0,102.94989522948639
750.0,70.0,103.19967708191379
750.0,80.0,103.34926997772207
750.0,90.0,103.39484796692582
750.0,100.0,103.33701517769546
750.0,110.0,103.1809193865063
750.0,120.0,102.93616849002977
750.0,130.0,102.6165498787667
750.0,140.0,102.2395527124227
750.0,150.0,101.82569309702562
750.0,160.0,101.39764216378515
750.0,170.0,100.9791570496944
750.0,180.0,100.59381477987368
750.0,190.0,100.26354905165634
750.0,200.0,100.00698992041657
750.0,210.0,99.83760638713959
750.0,220.0,99.7616518877335
750.0,230.0,99.77591268408372
750.0,240.0,99.86525915684902
750.0,250.0,100.0
750.0,260.0,100.1574498162078
750.0,270.0,100.38762075381314
750.0,280.0,100.73330506578895
750.0,290.0,101.21028857498688
750.0,300.0,101.81310344313553
750.0,310.0,102.52028298365852
750.0,320.0,103.29911851831245
750.0,330.0,104.1099182776447
750.0,340.0,104.90976834527102
750.0,350.0,105.65579564597311
750.0,360.0,106.30793297761595
750.0,370.0,106.8311860868849
750.0,380.0,107.19740278884292
750.0,390.0,107.38654413030733
750.0,400.0,107.38745759704668
750.0,410.0,107.19815236479725
750.0,420.0,106.82557659409963
750.0,430.0,106.28489676895495
750.0,440.0,105.59827907930108
750.0,450.0,104.79317284730863
750.0,460.0,103.90009599749686
750.0,470.0,102.94992257066939
750.0,480.0,101.97067228166972
750.0,490.0,100.98380212095675
750.0,500.0,100.0
750.0,510.0,99.03436621029508
750.0,520.0,98.16016277031731
750.0,530.0,97.44606811831923
750.0,540.0,96.9382731679165
750.0,550.0,96.66299423939928
750.0,560.0,96.6289278683894
750.0,570.0,96.82964749184315
750.0,580.0,97.24594201139979
750.0,590.0,97.8480962340759
750.0,600.0,98.59811319030517
750.0,610.0,99.45187832932422
750.0,620.0,100.36126559190386
750.0,630.0,101.27618536042628
750.0,640.0,102.14657428630774
750.0,650.0,102.92432699476713
750.0,660.0,103.56516966694016
750.0,670.0,104.03047549933935
750.0,680.0,104.28902204065953
750.0,690.0,104.31869040592937
750.0,700.0,104.10810636800822
750.0,710.0,103.65822332642907
750.0,720.0,102.98384715358686
750.0,730.0,102.1151029182728
750.0,740.0,101.09884348655419
750.0,750.0,100.0
750.0,760.0,98.89887801464802
750.0,770.0,97.8684889975433
750.0,780.0,96.96649147155765
750.0,790.0,96.23663641005308
750.0,800.0,95.70927504636309
750.0,810.0,95.4019945440312
750.0,820.0,95.3203815278068
750.0,830.0,95.45891347539835
750.0,840.0,95.80197796998361
750.0,850.0,96.32501981347741
750.0,860.0,96.99581600055649
750.0,870.0,97.77587855344164
750.0,880.0,98.62198521743727
750.0,890.0,99.48783801722794
750.0,900.0,100.32584967393247
750.0,910.0,101.08905788291507
750.0,920.0,101.73316745235398
750.0,930.0,102.21872030256706
750.0,940.0,102.51339332609503
750.0,950.0,102.59442410854155
750.0,960.0,102.45116451017097
750.0,970.0,102.08776210826306
750.0,980.0,101.52596950022517
750.0,990.0,100.80808146746156
760.0,0.0,100.94924019867649
760.0,10.0,101.53537085601555
760.0,20.0,102.10672017010262
760.0,30.0,102.64677272288493
760.0,40.0,103.13847683481231
760.0,50.0,103.56555543357184
760.0,60.0,103.91361969649516
760.0,70.0,104.171085466638
760.0,80.0,104.32989244253237
760.0,90.0,104.38602614161115
760.0,100.0,104.33984263730517
760.0,110.0,104.19619606981274
760.0,120.0,103.96436893054167
760.0,130.0,103.65780512022377
760.0,140.0,103.29364578070187
760.0,150.0,102.89206790038915
760.0,160.0,102.47542569340119
760.0,170.0,102.06719475236022
760.0,180.0,101.69071897487211
760.0,190.0,101.3677602636756
760.0,200.0,101.11685100046421
760.0,210.0,100.95144929338042
760.0,220.0,100.87789699818249
760.0,230.0,100.89318051308373
760.0,240.0,100.98249434726408
760.0,250.0,101.11660746305441
760.0,260.0,101.2729863411057
760.0,270.0,101.50024283553165
760.0,280.0,101.83977101067487
760.0,290.0,102.3064015644142
760.0,300.0,102.89410818962887
760.0,310.0,103.58121663873132
760.0,320.0,104.33511649126865
760.0,330.0,105.11647562459282
760.0,340.0,105.8829573875993
760.0,350.0,106.59244047753457
760.0,360.0,107.20574151987205
760.0,370.0,107.68884035125687
760.0,380.0,108.01460800551914
760.0,390.0,108.1640374027559
760.0,400.0,108.12697674148174
760.0,410.0,107.902365593848
760.0,420.0,107.49797370393073
760.0,430.0,106.92964248908707
760.0,440.0,106.22002924438056
760.0,450.0,105.39685405007482
760.0,460.0,104.49064938219603
760.0,470.0,103.53201242616399
760.0,480.0,102.54836009349192
760.0,490.0,101.56018674155466
760.0,500.0,100.57682459642582
760.0,510.0,99.61171577878052
760.0,520.0,98.73676618066479
760.0,530.0,98.019669531492
760.0,540.0,97.50592163323168
760.0,550.0,97.22130783876713
760.0,560.0,97.1743320744936
760.0,570.0,97.35858740715702
760.0,580.0,97.75506815493314
760.0,590.0,98.33442354274752
760.0,600.0,99.05915290183566
760.0,610.0,99.88574241354408
760.0,620.0,100.76674339737167
760.0,630.0,101.65279214325169
760.0,640.0,102.49457128807428
760.0,650.0,103.2447127364496
760.0,660.0,103.85964212571139
760.0,670.0,104.30136483516124
760.0,680.0,104.53919353955314
760.0,690.0,104.551417306819
760.0,700.0,104.32691224003418
760.0,710.0,103.8666936636241
760.0,720.0,103.18540985381095
760.0,730.0,102.31277731330128
760.0,740.0,101.29495759021398
760.0,750.0,100.19587564124873
760.0,760.0,99.0950826238189
760.0,770.0,98.06683068303455
760.0,780.0,97.17017769594317
760.0,790.0,96.44986102477824
760.0,800.0,95.93684195582759
760.0,810.0,95.6489784218556
760.0,820.0,95.59182600807944
760.0,830.0,95.75956724169933
760.0,840.0,96.13606916498273
760.0,850.0,96.69606919190251
760.0,860.0,97.40648924832918
760.0,870.0,98.22787819577698
760.0,880.0,99.11598253870415
760.0,890.0,100.0234454153669
760.0,900.0,100.90163387222768
760.0,910.0,101.70259442191717
760.0,920.0,102.38113688475048
760.0,930.0,102.89704651379708
760.0,940.0,103.21742440350508
760.0,950.0,103.31915618187895
760.0,960.0,103.19150898621193
760.0,970.0,102.83885672237167
760.0,980.0,102.28353360764052
760.0,990.0,101.56881599710941
770.0,0.0,101.80661675703094
770.0,10.0,102.39004890996183
770.0,20.0,102.95982841469467
770.0,30.0,103.5002846201526
770.0,40.0,103.99493065062424
770.0,50.0,104.42780626675366
770.0,60.0,104.78462266591028
770.0,70.0,105.05370922193856
770.0,80.0,105.22676216428762
770.0,90.0,105.29939519652054
770.0,100.0,105.27149205420356
770.0,110.0,105.14736100217524
770.0,120.0,104.93569127119524
770.0,130.0,104.649311433973
770.0,140.0,104.30474972057642
770.0,150.0,103.92159627322012
770.0,160.0,103.5216673404337
770.0,170.0,103.12797141060975
770.0,180.0,102.76347728493181
770.0,190.0,102.44968408968197
770.0,200.0,102.20499322792848
770.0,210.0,102.04288227059315
770.0,220.0,101.96988078689846
770.0,230.0,101.98334811419473
770.0,240.0,102.06905306716688
770.0,250.0,102.19855558642122
770.0,260.0,102.3498184531042
770.0,270.0,102.57020900551163
770.0,280.0,102.89989019139517
770.0,290.0,103.3529562403541
770.0,300.0,103.92306448396256
770.0,310.0,104.58857417355495
770.0,320.0,105.31719229566934
770.0,330.0,106.07012638514904
770.0,340.0,106.80574433590195
770.0,350.0,107.48274120931829
770.0,360.0,108.06281304034614
770.0,370.0,108.51283764122508
770.0,380.0,108.80656240287799
770.0,390.0,108.92579909396073
770.0,400.0,108.86112565757001
770.0,410.0,108.6120950056092
770.0,420.0,108.18695081081232
770.0,430.0,107.60185029642588
770.0,440.0,106.87959402354898
770.0,450.0,106.04786267613136
770.0,460.0,105.13696084362942
770.0,470.0,104.1770678013205
770.0,480.0,103.19499528827497
770.0,490.0,102.21045228298651
770.0,500.0,101.23181677666042
770.0,510.0,100.27133510874265
770.0,520.0,99.39938948286984
770.0,530.0,98.68237049979739
770.0,540.0,98.16480541163267
770.0,550.0,97.8718275963706
770.0,560.0,97.8115854066999
770.0,570.0,97.97759039308025
770.0,580.0,98.3510049010902
770.0,590.0,98.90286904304608
770.0,600.0,99.59626704389146
770.0,610.0,100.38843296135775
770.0,620.0,101.23279578039535
770.0,630.0,102.08096388187587
770.0,640.0,102.88464888556501
770.0,650.0,103.59752886736635
770.0,660.0,104.17705095083588
770.0,670.0,104.58617327296754
770.0,680.0,104.79504632424938
770.0,690.0,104.78263366299072
770.0,700.0,104.53827200391997
770.0,710.0,104.06317068105348
770.0,720.0,103.37185048483498
770.0,730.0,102.49352187354613
770.0,740.0,101.4734025589877
770.0,750.0,100.37397446643153
770.0,760.0,99.27341368644072
770.0,770.0,98.24663591824194
770.0,780.0,97.35372475164294
770.0,790.0,96.64020935393924
770.0,800.0,96.13761359272937
770.0,810.0,95.8641361965376
770.0,820.0,95.82546195324429
770.0,830.0,96.01570394632368
770.0,840.0,96.41847682888928
770.0,850.0,97.00810113554668
770.0,860.0,97.75093863205406
770.0,870.0,98.60685870279008
770.0,880.0,99.53083577602938
770.0,890.0,100.47467778702553
770.0,900.0,101.38888567890167
770.0,910.0,102.22464394134849
770.0,920.0,102.93594218712985
770.0,930.0,103.4818277663959
770.0,940.0,103.8287894188038
770.0,950.0,103.95327196344577
770.0,960.0,103.84432202658499
770.0,970.0,103.50636480719864
770.0,980.0,102.96211188032885
770.0,990.0,102.25560003824098
780.0,0.0,102.50339387268276
780.0,10.0,103.07994138637996
780.0,20.0,103.64483788102461
780.0,30.0,104.1838950153242
780.0,40.0,104.68159955715242
780.0,50.0,105.12251799270051
780.0,60.0,105.49250099224918
780.0,70.0,105.77968773256137
780.0,80.0,105.97531007589589
780.0,90.0,106.07429660564155
780.0,100.0,106.0756765185724
780.0,110.0,105.9827833737235
780.0,120.0,105.80325869788757
780.0,130.0,105.54885544773234
780.0,140.0,105.23504132853877
780.0,150.0,104.88040196955997
780.0,160.0,104.50584395600085
780.0,170.0,104.13359771761867
780.0,180.0,103.78602027394426
780.0,190.0,103.48419783612403
780.0,200.0,103.24634826538274
780.0,210.0,103.08602338810712
780.0,220.0,103.01011116755018
780.0,230.0,103.01663773215627
780.0,240.0,103.09236926050698
780.0,250.0,103.21021372288783
780.0,260.0,103.34920351691993
780.0,270.0,103.55570257318517
780.0,280.0,103.86891203438512
780.0,290.0,104.30255807114536
780.0,300.0,104.85039867270132
780.0,310.0,105.49124815641443
780.0,320.0,106.19351939611826
780.0,330.0,106.91928376929502
780.0,340.0,107.62784882308206
780.0,350.0,108.27885365910879
780.0,360.0,108.83488203716355
780.0,370.0,109.2635931976908
780.0,380.0,109.53937040311841
780.0,390.0,109.64448719801526
780.0,400.0,109.56979138807884
780.0,410.0,109.3149067379532
780.0,420.0,108.88795238787695
780.0,430.0,108.3047799891616
780.0,440.0,107.58772855849988
780.0,450.0,106.7638970511044
780.0,460.0,105.8629346526764
780.0,470.0,104.91434879020484
780.0,480.0,103.94433086159542
780.0,490.0,102.97209968412994
780.0,500.0,102.00576266175591
780.0,510.0,101.05717170156487
780.0,520.0,100.19493575674167
780.0,530.0,99.48362892005333
780.0,540.0,98.9663609965329
780.0,550.0,98.66724357489092
780.0,560.0,98.59379005600496
780.0,570.0,98.73924963848715
780.0,580.0,99.08487526132974
780.0,590.0,99.60212550362868
780.0,600.0,100.25480044138519
780.0,610.0,101.00111146138538
780.0,620.0,101.79568503215792
780.0,630.0,102.59150043200964
780.0,640.0,103.34176143413924
780.0,650.0,104.00170194882897
780.0,660.0,104.53032562271429
780.0,670.0,104.8920793951317
780.0,680.0,105.0584610115444
780.0,690.0,105.0095604940461
780.0,700.0,104.73553556894278
780.0,710.0,104.23802105141253
780.0,720.0,103.53147218724332
780.0,730.0,102.64444195164891
780.0,740.0,101.62079230516271
780.0,750.0,100.52083940660957
780.0,760.0,99.42034015600639
780.0,770.0,98.39386658174742
780.0,780.0,97.50186870010872
780.0,790.0,96.79032436011747
780.0,800.0,96.29123661277372
780.0,810.0,96.02326899390029
780.0,820.0,95.9925187206208
780.0,830.0,96.1934278014658
780.0,840.0,96.6098320601071
780.0,850.0,97.21614807272015
780.0,860.0,97.97869801897471
780.0,870.0,98.85717244665346
780.0,880.0,99.80623094989893
780.0,890.0,100.77724076108844
780.0,900.0,101.72015325633721
780.0,910.0,102.58551837462971
780.0,920.0,103.32663695057897
780.0,930.0,103.90185096081416
780.0,940.0,104.27697168399628
780.0,950.0,104.42784577446193
780.0,960.0,104.34305924949533
780.0,970.0,104.02677939022833
780.0,980.0,103.50173455616871
780.0,990.0,102.81233191335657
790.0,0.0,102.993636489316
790.0,10.0,103.55783752823186
790.0,20.0,104.113473395189
790.0,30.0,104.64862793562236
790.0,40.0,105.14926585685714
790.0,50.0,105.60073667029275
790.0,60.0,105.98907478137133
790.0,70.0,106.30209572733133
790.0,80.0,106.53028856274578
790.0,90.0,106.66750439284539
790.0,100.0,106.71144105462652
790.0,110.0,106.66392394574402
790.0,120.0,106.53098300118873
790.0,130.0,106.32272581775001
790.0,140.0,106.05300692626298
790.0,150.0,105.73889321164053
790.0,160.0,105.39992548069034
790.0,170.0,105.05717617771656
790.0,180.0,104.73210324790637
790.0,190.0,104.44520014850141
790.0,200.0,104.21444200775396
790.0,210.0,104.053527931668
790.0,220.0,103.96991945852507
790.0,230.0,103.962675161195
790.0,240.0,104.02008139723137
790.0,250.0,104.11707920675192
790.0,260.0,104.23446511557235
790.0,270.0,104.4178633484134
790.0,280.0,104.70582577541725
790.0,290.0,105.11216372020581
790.0,300.0,105.6312628568298
790.0,310.0,106.2429349170837
790.0,320.0,106.91680620818613
790.0,330.0,107.6162429408262
790.0,340.0,108.3018133675753
790.0,350.0,108.9342867316648
790.0,360.0,109.47716902612915
790.0,370.0,109.89877556331501
790.0,380.0,110.17384035475585
790.0,390.0,110.28466230141221
790.0,400.0,110.2217881942778
790.0,410.0,109.98423252535122
790.0,420.0,109.5792341089733
790.0,430.0,109.02154951353019
790.0,440.0,108.33228330352223
790.0,450.0,107.53725509199828
790.0,460.0,106.66490340335595
790.0,470.0,105.74372634650742
790.0,480.0,104.79925909841094
790.0,490.0,103.85058819796807
790.0,500.0,102.90640265028657
790.0,510.0,101.97918006290875
790.0,520.0,101.13549959955331
790.0,530.0,100.43752290928155
790.0,540.0,99.92640832082292
790.0,550.0,99.62479463042784
790.0,560.0,99.53920920022954
790.0,570.0,99.66240036711449
790.0,580.0,99.97559416210184
790.0,590.0,100.45067534023165
790.0,600.0,101.0522927209618
790.0,610.0,101.7398888390739
790.0,620.0,102.46965390608793
790.0,630.0,103.19640408218574
790.0,640.0,103.87538405864328
790.0,650.0,104.46399395077178
790.0,660.0,104.9234405013677
790.0,670.0,105.22031259467144
790.0,680.0,105.32808108083495
790.0,690.0,105.2285229108982
790.0,700.0,104.91306958227425
790.0,710.0,104.38407989474345
790.0,720.0,103.65603701695622
790.0,730.0,102.75666986344477
790.0,740.0,101.72799878214367
790.0,750.0,100.62730555241903
790.0,760.0,99.52664592086158
790.0,770.0,98.49895549180056
790.0,780.0,97.6041938348124
790.0,790.0,96.88834184419656
790.0,800.0,96.38377389963672
790.0,810.0,96.10978018448488
790.0,820.0,96.073239161668
790.0,830.0,96.2694402072174
790.0,840.0,96.68305640142088
790.0,850.0,97.28926747759748
790.0,860.0,98.05503292849494
790.0,870.0,98.94051527030992
790.0,880.0,99.90065346433084
790.0,890.0,100.88688649620347
790.0,900.0,101.84902711281921
790.0,910.0,102.73728571682601
790.0,920.0,103.50444441876205
790.0,930.0,104.10818124681207
790.0,940.0,104.51354451418653
790.0,950.0,104.69557734412318
790.0,960.0,104.64209235251167
790.0,970.0,104.35659648814055
790.0,980.0,103.8613660305672
790.0,990.0,103.20067174561039
800.0,0.0,103.25160039695248
800.0,10.0,103.79721313801467
800.0,20.0,104.33851733024986
800.0,30.0,104.86671935323255
800.0,40.0,105.36980182522922
800.0,50.0,105.83416828526072
800.0,60.0,106.24607845938003
800.0,70.0,106.59287411116499
800.0,80.0,106.86399547642621
800.0,90.0,107.05178828213019
800.0,100.0,107.15210134953752
800.0,110.0,107.16467478155622
800.0,120.0,107.09331873431027
800.0,130.0,106.94588277292328
800.0,140.0,106.73401581151727
800.0,150.0,106.47271663742657
800.0,160.0,106.179675019627
800.0,170.0,105.87440340138001
800.0,180.0,105.57715917709211
800.0,190.0,105.30765755338939
800.0,200.0,105.0835749944071
800.0,210.0,104.91884325129462
800.0,220.0,104.82173397593525
800.0,230.0,104.79273391888141
800.0,240.0,104.82221071150485
800.0,250.0,104.88786923236204
800.0,260.0,104.97299707278378
800.0,270.0,105.12271664500133
800.0,280.0,105.3752392521803
800.0,290.0,105.74494504329789
800.0,300.0,106.22742836824762
800.0,310.0,106.80410858223811
800.0,320.0,107.44640629948648
800.0,330.0,108.11948509620602
800.0,340.0,108.78555866288822
800.0,350.0,109.40676340587918
800.0,360.0,109.94759649825042
800.0,370.0,110.37691937996401
800.0,380.0,110.66952670733211
800.0,390.0,110.80728075177082
800.0,400.0,110.77981124784843
800.0,410.0,110.58478069062812
800.0,420.0,110.22771508230484
800.0,430.0,109.72140012813675
800.0,440.0,109.08484288167091
800.0,450.0,108.34179883926332
800.0,460.0,107.51886448389351
800.0,470.0,106.64313527827325
800.0,480.0,105.73942910724979
800.0,490.0,104.82707516950339
800.0,500.0,103.91626831853931
800.0,510.0,103.02124596699468
800.0,520.0,102.20635047408989
800.0,530.0,101.53074217411573
800.0,540.0,101.03308207239562
800.0,550.0,100.73406006635518
800.0,560.0,100.63883300642544
800.0,570.0,100.73937259677982
800.0,580.0,101.01672313590485
800.0,590.0,101.44316909700474
800.0,600.0,101.98431254823936
800.0,610.0,102.60106041279631
800.0,620.0,103.25152156879653
800.0,630.0,103.89281378903365
800.0,640.0,104.48278052054708
800.0,650.0,104.98161750402893
800.0,660.0,105.3534092330645
800.0,670.0,105.56757525320663
800.0,680.0,105.60022630088365
800.0,690.0,105.4354302821413
800.0,700.0,105.06638809121803
800.0,710.0,104.49651926895443
800.0,720.0,103.74045750103593
800.0,730.0,102.82495595606979
800.0,740.0,101.78970246349525
800.0,750.0,100.68804453132785
800.0,760.0,99.58697194097954
800.0,770.0,98.55633322031468
800.0,780.0,97.65462240135177
800.0,790.0,96.92731670645539
800.0,800.0,96.40703978210146
800.0,810.0,96.11389345729967
800.0,820.0,96.0559580266726
800.0,830.0,96.22996105819203
800.0,840.0,96.62211472557213
800.0,850.0,97.20912166531961
800.0,860.0,97.95934935844089
800.0,870.0,98.8341730368061
800.0,880.0,99.78948711417029
800.0,890.0,100.77738514185131
800.0,900.0,101.74800828906496
800.0,910.0,102.65156234791682
800.0,920.0,103.44050326305134
800.0,930.0,104.07189118595754
800.0,940.0,104.50991305393211
800.0,950.0,104.72857369369903
800.0,960.0,104.71455544968659
800.0,970.0,104.47024633696093
800.0,980.0,104.01693671881696
800.0,990.0,103.39818450902607
810.0,0.0,103.26919096558119
810.0,10.0,103.78963863804381
810.0,20.0,104.31118843229919
810.0,30.0,104.82900426669362
810.0,40.0,105.33361327306295
810.0,50.0,105.81273304679004
810.0,60.0,106.25288196739146
810.0,70.0,106.64077258963327
810.0,80.0,106.964488105176
810.0,90.0,107.21444187474879
810.0,100.0,107.38412003085257
810.0,110.0,107.47060715099265
810.0,120.0,107.4748950014401
810.0,130.0,107.40197435152263
810.0,140.0,107.2607098584444
810.0,150.0,107.06349802263509
810.0,160.0,106.82570821362805
810.0,170.0,106.56490676646767
810.0,180.0,106.29986414864588
810.0,190.0,106.04934519756779
810.0,200.0,105.83068242854644
810.0,210.0,105.65813241332685
810.0,220.0,105.54101522913906
810.0,230.0,105.4816369782804
810.0,240.0,105.4729953782269
810.0,250.0,105.49626842227387
810.0,260.0,105.53792293020416
810.0,270.0,105.64275620952081
810.0,280.0,105.84890780382378
810.0,290.0,106.17179639331547
810.0,300.0,106.60881235404052
810.0,310.0,107.14361444373125
810.0,320.0,107.75003061425899
810.0,330.0,108.39556295069119
810.0,340.0,109.04449673695434
810.0,350.0,109.66061364810267
810.0,360.0,110.20950906919263
810.0,370.0,110.66051354076323
810.0,380.0,110.98821833092211
810.0,390.0,111.17360513403739
810.0,400.0,111.20477989603546
810.0,410.0,111.07731076630442
810.0,420.0,110.79417017620332
810.0,430.0,110.36528104417732
810.0,440.0,109.80666710747855
810.0,450.0,109.13920738049273
810.0,460.0,108.38699473967176
810.0,470.0,107.57529863507192
810.0,480.0,106.72813192849792
810.0,490.0,105.8654218582528
810.0,500.0,104.99978513049366
810.0,510.0,104.14837697722885
810.0,520.0,103.3731852220766
810.0,530.0,102.72985580780824
810.0,540.0,102.25405236933632
810.0,550.0,101.96406004604144
810.0,560.0,101.86327959106451
810.0,570.0,101.94261177756472
810.0,580.0,102.18273210194299
810.0,590.0,102.55625578403112
810.0,600.0,103.0297930642464
810.0,610.0,103.56589479771195
810.0,620.0,104.12488834534243
810.0,630.0,104.66660376189564
810.0,640.0,105.15199028098934
810.0,650.0,105.54462309708401
810.0,660.0,105.81210044443088
810.0,670.0,105.92733097298586
810.0,680.0,105.86971142128866
810.0,690.0,105.62619458630796
810.0,700.0,105.19224759025175
810.0,710.0,104.57270044434355
810.0,720.0,103.78248490956395
810.0,730.0,102.84726365435797
810.0,740.0,101.803949709308
810.0,750.0,100.70111621877199
810.0,760.0,99.5993657297946
810.0,770.0,98.56396232474734
810.0,780.0,97.65091191724449
810.0,790.0,96.90465713109354
810.0,800.0,96.35794366027088
810.0,810.0,96.03187995851542
810.0,820.0,95.93619025853997
810.0,830.0,96.06966092086046
810.0,840.0,96.42078011224291
810.0,850.0,96.96857081376827
810.0,860.0,97.68361715851508
810.0,870.0,98.52928409885988
810.0,880.0,99.46313040339551
810.0,890.0,100.43851498346714
810.0,900.0,101.40639654932619
810.0,910.0,102.31732659590199
810.0,920.0,103.12363571819132
810.0,930.0,103.78181325626569
810.0,940.0,104.2550802698966
810.0,950.0,104.51615584279823
810.0,960.0,104.55021671648848
810.0,970.0,104.3580502537673
810.0,980.0,103.95940073181328
810.0,990.0,103.39650896489769
820.0,0.0,103.05349051214371
820.0,10.0,103.54225551541145
820.0,20.0,104.03858741120138
820.0,30.0,104.54236650274456
820.0,40.0,105.04713862751025
820.0,50.0,105.54216439978175
820.0,60.0,106.01424208217134
820.0,70.0,106.44930408607455
820.0,80.0,106.83378710106372
820.0,90.0,107.15577585322063
820.0,100.0,107.40592049240854
820.0,110.0,107.5781276084833
820.0,120.0,107.67002487644379
820.0,130.0,107.68319933052159
820.0,140.0,107.62320926720984
820.0,150.0,107.49936977723138
820.0,160.0,107.32431190644601
820.0,170.0,107.11331544569715
820.0,180.0,106.88341534959763
820.0,190.0,106.65228178425467
820.0,200.0,106.4368738039342
820.0,210.0,106.25186665666439
820.0,220.0,106.10785271877826
820.0,230.0,106.0093160583958
820.0,240.0,105.95238062784499
820.0,250.0,105.92233208502242
820.0,260.0,105.9094108794602
820.0,270.0,105.95818107544117
820.0,280.0,106.10691327746865
820.0,290.0,106.37248523259241
820.0,300.0,106.754637468528
820.0,310.0,107.23988165973579
820.0,320.0,107.80506172146004
820.0,330.0,108.4205676317279
820.0,340.0,109.05320198130845
820.0,350.0,109.66869925163138
820.0,360.0,110.23389782066599
820.0,370.0,110.71856469675988
820.0,380.0,111.09687298043767
820.0,390.0,111.34853205415953
820.0,400.0,111.45957050003996
820.0,410.0,111.42277174552612
820.0,420.0,111.23776243703637
820.0,430.0,110.91075354155863
820.0,440.0,110.45393417620878
820.0,450.0,109.88451816574884
820.0,460.0,109.22344332806526
820.0,470.0,108.493723487607
820.0,480.0,107.71845321678367
820.0,490.0,106.91846530532356
820.0,500.0,106.1096409575916
820.0,510.0,105.3131592231763
820.0,520.0,104.58864974298614
820.0,530.0,103.98785651483519
820.0,540.0,103.54303479477724
820.0,550.0,103.26966476443533
820.0,560.0,103.16903093800956
820.0,570.0,103.23066730896278
820.0,580.0,103.4346682363846
820.0,590.0,103.75386507103336
820.0,600.0,104.15586852105625
820.0,610.0,104.60497675738758
820.0,620.0,105.06394925882502
820.0,630.0,105.49564639678412
820.0,640.0,105.86453475973083
820.0,650.0,106.13805821729207
820.0,660.0,106.28787472404454
820.0,670.0,106.2909588629816
820.0,680.0,106.13057012865808
820.0,690.0,105.79708695001352
820.0,700.0,105.28870645287317
820.0,710.0,104.61200996212737
820.0,720.0,103.78239424358881
820.0,730.0,102.82436848552805
820.0,740.0,101.77171701988718
820.0,750.0,100.66752778317134
820.0,760.0,99.56483818109456
820.0,770.0,98.52287899786488
820.0,780.0,97.59416009141036
820.0,790.0,96.82156669418944
820.0,800.0,96.23784204085719
820.0,810.0,95.86529449510704
820.0,820.0,95.715729175688
820.0,830.0,95.7906040815972
820.0,840.0,96.08141071644782
820.0,850.0,96.5702792120126
820.0,860.0,97.23080795094253
820.0,870.0,98.02911768866119
820.0,880.0,98.9251301744343
820.0,890.0,99.87407127161481
820.0,900.0,100.82819857706333
820.0,910.0,101.73875353974408
820.0,920.0,102.55813807849611
820.0,930.0,103.24231569898004
820.0,940.0,103.75343710980019
820.0,950.0,104.06269033780207
820.0,960.0,104.15337534254536
820.0,970.0,104.02420312995227
820.0,980.0,103.69281936513129
820.0,990.0,103.19955248437645
830.0,0.0,102.62435430087585
830.0,10.0,103.07532115162063
830.0,20.0,103.54120929601378
830.0,30.0,104.02725123862778
830.0,40.0,104.5304035319156
830.0,50.0,105.04165275276704
830.0,60.0,105.5480838626388
830.0,70.0,106.03471095125772
830.0,80.0,106.48607036389738
830.0,90.0,106.88757621222827
830.0,100.0,107.22663826874118
830.0,110.0,107.49354224474408
830.0,120.0,107.68209245193225
830.0,130.0,107.79001684753202
830.0,140.0,107.81913446301765
830.0,150.0,107.77528521640177
830.0,160.0,107.66802210809917
830.0,170.0,107.51006580036386
830.0,180.0,107.31652158029972
830.0,190.0,107.10385870644437
830.0,200.0,106.88865213892649
830.0,210.0,106.6860866531965
830.0,220.0,106.50822333733069
830.0,230.0,106.3620284729087
830.0,240.0,106.24716479946431
830.0,250.0,106.15354516250974
830.0,260.0,106.07564414902913
830.0,270.0,106.05778634256795
830.0,280.0,106.13849314168365
830.0,290.0,106.33644605273265
830.0,300.0,106.65422467308697
830.0,310.0,107.0817552887484
830.0,320.0,107.59947008636065
830.0,330.0,108.18117697961912
830.0,340.0,108.79664005007851
830.0,350.0,109.41387060235805
830.0,360.0,110.00112883374469
830.0,370.0,110.5286361181939
830.0,380.0,110.96999790472823
830.0,390.0,111.30333723023372
830.0,400.0,111.51213884665397
830.0,410.0,111.58580396258199
830.0,420.0,111.51991559924987
830.0,430.0,111.31621456091611
830.0,440.0,110.98228601965084
830.0,450.0,110.53095671451857
830.0,460.0,109.97940276515895
830.0,470.0,109.34796809976518
830.0,480.0,108.65869349746009
830.0,490.0,107.93355624507012
830.0,500.0,107.19242040829698
830.0,510.0,106.46148043388023
830.0,520.0,105.79812983822582
830.0,530.0,105.24998126309995
830.0,540.0,104.8455897914168
830.0,550.0,104.59731237851645
830.0,560.0,104.50400377426715
830.0,570.0,104.5535489359922
830.0,580.0,104.72523193222109
830.0,590.0,104.99194133726522
830.0,600.0,105.322212116618
830.0,610.0,105.6821040031795
830.0,620.0,106.03691636430536
830.0,630.0,106.35273955968033
830.0,640.0,106.59784279001624
830.0,650.0,106.74389843657428
830.0,660.0,106.76704289151189
830.0,670.0,106.64877387905403
830.0,680.0,106.37668426748883
830.0,690.0,105.94503237198786
830.0,700.0,105.3551487482507
830.0,710.0,104.61567947697404
830.0,720.0,103.74266593914511
830.0,730.0,102.75946108215976
830.0,740.0,101.69648217676487
830.0,750.0,100.59080006482513
830.0,760.0,99.4869277409718
830.0,770.0,98.43674213539127
830.0,780.0,97.48831734334186
830.0,790.0,96.6824943950911
830.0,800.0,96.05189898154816
830.0,810.0,95.62022080344181
830.0,820.0,95.4017545440438
830.0,830.0,95.40120246543779
830.0,840.0,95.61373862833383
830.0,850.0,96.02533473542822
830.0,860.0,96.61334759830895
830.0,870.0,97.3473682279067
830.0,880.0,98.19033254849117
830.0,890.0,99.0998937352131
830.0,900.0,100.03005617519163
830.0,910.0,100.93307105214726
830.0,920.0,101.76159355458033
830.0,930.0,102.47110170749485
830.0,940.0,103.02257682766809
830.0,950.0,103.38544560246531
830.0,960.0,103.54078379220041
830.0,970.0,103.4847815560417
830.0,980.0,103.2324704014634
830.0,990.0,102.82171175724271
840.0,0.0,102.0120751770055
840.0,10.0,102.41982203689467
840.0,20.0,102.85052255508515
840.0,30.0,103.31524024484875
840.0,40.0,103.81463096443191
840.0,50.0,104.34153392147671
840.0,60.0,104.88331222223782
840.0,70.0,105.4239429655955
840.0,80.0,105.94585688186429
840.0,90.0,106.43152751639786
840.0,100.0,106.86480995798966
840.0,110.0,107.23202911206945
840.0,120.0,107.52281751869589
840.0,130.0,107.7307027153449
840.0,140.0,107.85344414449413
840.0,150.0,107.89311960600314
840.0,160.0,107.85596125428967
840.0,170.0,107.75194114030171
840.0,180.0,107.59410629828568
840.0,190.0,107.39766337735023
840.0,200.0,107.1788128178263
840.0,210.0,106.95333257242285
840.0,220.0,106.73491137217864
840.0,230.0,106.53323153720993
840.0,240.0,106.35180133225398
840.0,250.0,106.1855368670087
840.0,260.0,106.03344684593708
840.0,270.0,105.93950788178935
840.0,280.0,105.94251970692757
840.0,290.0,106.06321760196192
840.0,300.0,106.30741914375186
840.0,310.0,106.66894765645898
840.0,320.0,107.13233236565189
840.0,330.0,107.67528525546274
840.0,340.0,108.27095462879569
840.0,350.0,108.88995537058719
840.0,360.0,109.50217591411807
840.0,370.0,110.0783619103775
840.0,380.0,110.59147660047867
840.0,390.0,111.01783789112652
840.0,400.0,111.338032133137
840.0,410.0,111.5376046030085
840.0,420.0,111.60752668754479
840.0,430.0,111.54443977153001
840.0,440.0,111.35067582845544
840.0,450.0,111.03405471429801
840.0,460.0,110.60745816435075
840.0,470.0,110.08818049310509
840.0,480.0,109.49705599718477
840.0,490.0,108.85736306133195
840.0,500.0,108.1935049674448
840.0,510.0,107.53751922752748
840.0,520.0,106.94481122070428
840.0,530.0,106.45880836373492
840.0,540.0,106.10421141570345
840.0,550.0,105.89003569661067
840.0,560.0,105.81245540352239
840.0,570.0,105.85745102427326
840.0,580.0,106.0032598487265
840.0,590.0,106.22262957758937
840.0,600.0,106.48487502878443
840.0,610.0,106.75773794137645
840.0,620.0,107.00904987705525
840.0,630.0,107.20819821917416
840.0,640.0,107.3273952693444
840.0,650.0,107.34275044158497
840.0,660.0,107.23514555402863
840.0,670.0,106.99091321818342
840.0,680.0,106.60231832574993
840.0,690.0,106.06784263299456
840.0,700.0,105.39227244267823
840.0,710.0,104.58658938354118
840.0,720.0,103.66766428734323
840.0,730.0,102.65775416346004
840.0,740.0,101.58380227103505
840.0,750.0,100.47654128868707
840.0,760.0,99.37127192483315
840.0,770.0,98.31138982154114
840.0,780.0,97.33970692196291
840.0,790.0,96.49459261123933
840.0,800.0,95.80845494444984
840.0,810.0,95.3065258828138
840.0,820.0,95.00595053814325
840.0,830.0,94.91518042554732
840.0,840.0,95.03367072438819
840.0,850.0,95.35188154748857
840.0,860.0,95.85158321859092
840.0,870.0,96.50646555806802
840.0,880.0,97.28305117688527
840.0,890.0,98.14191277881449
840.0,900.0,99.03919447089936
840.0,910.0,99.92843708217235
840.0,920.0,100.76270749062326
840.0,930.0,101.4970319584193
840.0,940.0,102.09113347537692
840.0,950.0,102.51247311068485
840.0,960.0,102.73959537287914
840.0,970.0,102.76577757806936
840.0,980.0,102.60298322641678
840.0,990.0,102.28611938686379
850.0,0.0,101.2551168338064
850.0,10.0,101.6151553691622
850.0,20.0,102.00661498083223
850.0,30.0,102.44668984839171
850.0,40.0,102.93990687541748
850.0,50.0,103.48102228806533
850.0,60.0,104.05765362717581
850.0,70.0,104.65264713390789
850.0,80.0,105.24618052890085
850.0,90.0,105.81760118496429
850.0,100.0,106.3469996932962
850.0,110.0,106.81651882322923
850.0,120.0,107.21139787550504
850.0,130.0,107.52075242907672
850.0,140.0,107.73808948143943
850.0,150.0,107.86155798248909
850.0,160.0,107.8939347619092
850.0,170.0,107.84234585008576
850.0,180.0,107.71772319255045
850.0,190.0,107.53399675795167
850.0,200.0,107.30702203955393
850.0,210.0,107.05324295026523
850.0,220.0,106.78809011119269
850.0,230.0,106.52411453372608
850.0,240.0,106.26885669514974
850.0,250.0,106.02245100778237
850.0,260.0,105.7885652522818
850.0,270.0,105.61062096513068
850.0,280.0,105.52762945295737
850.0,290.0,105.56252342000093
850.0,300.0,105.72464928659086
850.0,310.0,106.01210905548383
850.0,320.0,106.41395172605742
850.0,330.0,106.91221425636074
850.0,340.0,107.48381207302218
850.0,350.0,108.10227912901394
850.0,360.0,108.7393575092737
850.0,370.0,109.36643658418322
850.0,380.0,109.95584171090385
850.0,390.0,110.48197248256909
850.0,400.0,110.92229052533413
850.0,410.0,111.25815684328226
850.0,420.0,111.47551871118843
850.0,430.0,111.56544611513958
850.0,440.0,111.52451774101215
850.0,450.0,111.35505651080642
850.0,460.0,111.06521466683787
850.0,470.0,110.66890840378558
850.0,480.0,110.18560204859737
850.0,490.0,109.63994178825237
850.0,500.0,109.06123894538004
850.0,510.0,108.48800065746025
850.0,520.0,107.97400868977785
850.0,530.0,107.55863097850192
850.0,540.0,107.26270545168411
850.0,550.0,107.0917976265709
850.0,560.0,107.03922449745568
850.0,570.0,107.08884471407055
850.0,580.0,107.21761505051776
850.0,590.0,107.39791316474107
850.0,600.0,107.59962664853657
850.0,610.0,107.79200836810342
850.0,620.0,107.94529809513432
850.0,630.0,108.03211042844555
850.0,640.0,108.02858900614689
850.0,650.0,107.91532700835123
850.0,660.0,107.67805395042377
850.0,670.0,107.30808876677128
850.0,680.0,106.80255918517062
850.0,690.0,106.16438739163742
850.0,700.0,105.40204198583422
850.0,710.0,104.52905622701843
850.0,720.0,103.56331257052997
850.0,730.0,102.52609349481877
850.0,740.0,101.44089861901179
850.0,750.0,100.33202811101994
850.0,760.0,99.22518617946862
850.0,770.0,98.15440323243692
850.0,780.0,97.15655262417596
850.0,790.0,96.26718297642371
850.0,800.0,95.518404058606
850.0,810.0,94.93712339392475
850.0,820.0,94.54363359133347
850.0,830.0,94.3505504033996
850.0,840.0,94.36210151005416
850.0,850.0,94.57376602822848
850.0,860.0,94.97226474737809
850.0,870.0,95.53590109089359
850.0,880.0,96.2352528033988
850.0,890.0,97.03421436393596
850.0,900.0,97.89139012503804
850.0,910.0,98.76183817768819
850.0,920.0,99.59916494216633
850.0,930.0,100.35797048478273
850.0,940.0,100.99664456049904
850.0,950.0,101.48051338143593
850.0,960.0,101.78533711126838
850.0,970.0,101.90115808550772
850.0,980.0,101.83649975767091
850.0,990.0,101.62291637133708
860.0,0.0,100.3979157130083
860.0,10.0,100.70687903771758
860.0,20.0,101.05590633919427
860.0,30.0,101.46843161639211
860.0,40.0,101.95290134361369
860.0,50.0,102.50598867599014
860.0,60.0,103.11552792052983
860.0,70.0,103.76316927273585
860.0,80.0,104.42675381879245
860.0,90.0,105.08240880332032
860.0,100.0,105.70636316270091
860.0,110.0,106.27648332396943
860.0,120.0,106.77352926927693
860.0,130.0,107.18213086592124
860.0,140.0,107.49148446194668
860.0,150.0,107.69576974731285
860.0,160.0,107.79428688063224
860.0,170.0,107.79131388147665
860.0,180.0,107.69568428825269
860.0,190.0,107.52008508164599
860.0,200.0,107.28007487363445
860.0,210.0,106.99282236207031
860.0,220.0,106.67556505083115
860.0,230.0,106.34378823553978
860.0,240.0,106.00912425485299
860.0,250.0,105.67697200731926
860.0,260.0,105.35560457658006
860.0,270.0,105.08759282111663
860.0,280.0,104.91200246320211
860.0,290.0,104.85399568046017
860.0,300.0,104.92661886085845
860.0,310.0,105.132517777963
860.0,320.0,105.46558018645352
860.0,330.0,105.91250583789946
860.0,340.0,106.45430391679699
860.0,350.0,107.06771789686672
860.0,360.0,107.72657781761242
860.0,370.0,108.40307998114051
860.0,380.0,109.06899406924035
860.0,390.0,109.69679768072551
860.0,400.0,110.26073828903579
860.0,410.0,110.73782262010009
860.0,420.0,111.10873345046022
860.0,430.0,111.35867382565547
860.0,440.0,111.47813869886802
860.0,450.0,111.46361398982933
860.0,460.0,111.3182030639872
860.0,470.0,111.05218063193385
860.0,480.0,110.68347406909473
860.0,490.0,110.23807215567822
860.0,500.0,109.75036123688625
860.0,510.0,109.26571801453389
860.0,520.0,108.83676447157629
860.0,530.0,108.49910705479077
860.0,540.0,108.26985688451737
860.0,550.0,108.15113538282242
860.0,560.0,108.13330684484123
860.0,570.0,108.19793795329977
860.0,580.0,108.32048423621556
860.0,590.0,108.47270346777756
860.0,600.0,108.62479601240518
860.0,610.0,108.74727211198642
860.0,620.0,108.81254611629504
860.0,630.0,108.79625765658683
860.0,640.0,108.67831976237505
860.0,650.0,108.44369392138488
860.0,660.0,108.08289208268694
860.0,670.0,107.59220560301
860.0,680.0,106.9736611362327
860.0,690.0,106.23470346605441
860.0,700.0,105.38760528184513
860.0,710.0,104.44860389767454
860.0,720.0,103.4367649145201
860.0,730.0,102.37257282565423
860.0,740.0,101.27624856521066
860.0,750.0,100.16579399992979
860.0,760.0,99.05725009017891
860.0,770.0,97.97467795741031
860.0,780.0,96.94851411309723
860.0,790.0,96.01123018247104
860.0,800.0,95.19457979159422
860.0,810.0,94.52724612231141
860.0,820.0,94.03289013507815
860.0,830.0,93.7285994596676
860.0,840.0,93.62373795375504
860.0,850.0,93.71919592938019
860.0,860.0,94.00704104728753
860.0,870.0,94.47056987914428
860.0,880.0,95.0847601376364
860.0,890.0,95.81712357444232
860.0,900.0,96.62895954608463
860.0,910.0,97.47700924765951
860.0,920.0,98.31551061444411
860.0,930.0,99.0986538913817
860.0,940.0,99.78343787044486
860.0,950.0,100.33292679587615
860.0,960.0,100.71990793730707
860.0,970.0,100.93094983075454
860.0,980.0,100.97086118749544
860.0,990.0,100.86755047081894
870.0,0.0,99.48875153856315
870.0,10.0,99.7445299915569
870.0,20.0,100.04892778376572
870.0,30.0,100.43153576026512
870.0,40.0,100.90464525110387
870.0,50.0,101.4667829405446
870.0,60.0,102.10595027222013
870.0,70.0,102.80256739020513
870.0,80.0,103.53212161600335
870.0,90.0,104.26752046145042
870.0,100.0,104.98114917753196
870.0,110.0,105.64663283911737
870.0,120.0,106.24030296560902
870.0,130.0,106.74236867750695
870.0,140.0,107.13779238888911
870.0,150.0,107.41687003580704
870.0,160.0,107.57551584059708
870.0,170.0,107.61525161210709
870.0,180.0,107.5429005818386
870.0,190.0,107.36998577600455
870.0,200.0,107.1118329235025
870.0,210.0,106.78637789980328
870.0,220.0,106.41267870675517
870.0,230.0,106.00913198830364
870.0,240.0,105.59139408212644
870.0,250.0,105.17000660718442
870.0,260.0,104.75762115993963
870.0,270.0,104.3955891154415
870.0,280.0,104.12279196610284
870.0,290.0,103.9665423407564
870.0,300.0,103.94363220992426
870.0,310.0,104.06138948102186
870.0,320.0,104.31874298349652
870.0,330.0,104.70729584390071
870.0,340.0,105.21240725089966
870.0,350.0,105.81428261021378
870.0,360.0,106.4890720894955
870.0,370.0,107.20997755314077
870.0,380.0,107.94836788703512
870.0,390.0,108.67490271323425
870.0,400.0,109.3606644945793
870.0,410.0,109.97829902924661
870.0,420.0,110.50316433523213
870.0,430.0,110.9144879247703
870.0,440.0,111.19653246868762
870.0,450.0,111.33976985069081
870.0,460.0,111.3420636115894
870.0,470.0,111.20985978345308
870.0,480.0,110.95938611370343
870.0,490.0,110.61785967914055
870.0,500.0,110.22470288990384
870.0,510.0,109.83232088582092
870.0,520.0,109.49271572470846
870.0,530.0,109.23818568821643
870.0,540.0,109.08238673365113
870.0,550.0,109.02411345227355
870.0,560.0,109.05076605842771
870.0,570.0,109.14150340949956
870.0,580.0,109.27008205670587
870.0,590.0,109.40738132671353
870.0,600.0,109.523614434089
870.0,610.0,109.59022562457804
870.0,620.0,109.58147334921571
870.0,630.0,109.47569946926662
870.0,640.0,109.25628449199534
870.0,650.0,108.9122888372672
870.0,660.0,108.4387801349792
870.0,670.0,107.83684655332127
870.0,680.0,107.11329615786767
870.0,690.0,106.28004230149882
870.0,700.0,105.35317504515315
870.0,710.0,104.35171860940935
870.0,720.0,103.2960748568988
870.0,730.0,102.20615280554833
870.0,740.0,101.09918417265311
870.0,750.0,99.98722494977987
870.0,760.0,98.8769009329616
870.0,770.0,97.78200273818784
870.0,780.0,96.72622983598032
870.0,790.0,95.73882370436637
870.0,800.0,94.85114903019871
870.0,810.0,94.09372750671906
870.0,820.0,93.49372422736565
870.0,830.0,93.0728866758247
870.0,840.0,92.8459363123259
870.0,850.0,92.81941275618156
870.0,860.0,92.99097056457
870.0,870.0,93.3491286075626
870.0,880.0,93.87347203939494
870.0,890.0,94.53530686598174
870.0,900.0,95.29876710867583
870.0,910.0,96.12237456427096
870.0,920.0,96.96105116124853
870.0,930.0,97.76858391226834
870.0,940.0,98.50054246290316
870.0,950.0,99.1176492366172
870.0,960.0,99.58960217598865
870.0,970.0,99.89935008017592
870.0,980.0,100.04782053862807
870.0,990.0,100.05910046103895
880.0,0.0,98.57768648376734
880.0,10.0,98.77951099238926
880.0,20.0,99.03816803460664
880.0,30.0,99.38913726029061
880.0,40.0,99.84836247705293
880.0,50.0,100.41610127504666
880.0,60.0,101.08046325485097
880.0,70.0,101.82063685844012
880.0,80.0,102.60980480323663
880.0,90.0,103.41774811924853
880.0,100.0,104.21313878929078
880.0,110.0,104.96552099229089
880.0,120.0,105.64698094967864
880.0,130.0,106.23350537485993
880.0,140.0,106.70602852577487
880.0,150.0,107.05116786053989
880.0,160.0,107.26164829617417
880.0,170.0,107.33641507041003
880.0,180.0,107.2804352065876
880.0,190.0,107.10418758163362
880.0,200.0,106.82284159712435
880.0,210.0,106.45512445343266
880.0,220.0,106.02187702695929
880.0,230.0,105.54429835044817
880.0,240.0,105.04187869638604
880.0,250.0,104.53002126348603
880.0,260.0,104.02537013705562
880.0,270.0,103.56763435694728
880.0,280.0,103.1952039834182
880.0,290.0,102.9373575995505
880.0,300.0,102.81455259997807
880.0,310.0,102.83880588509666
880.0,320.0,103.01416496075745
880.0,330.0,103.33726944344386
880.0,340.0,103.79800297093182
880.0,350.0,104.38023551843338
880.0,360.0,105.06265612022361
880.0,370.0,105.81969599675101
880.0,380.0,106.62254208723105
880.0,390.0,107.44024098772339
880.0,400.0,108.24089329469209
880.0,410.0,108.99293835404949
880.0,420.0,109.66652941568333
880.0,430.0,110.23499919346722
880.0,440.0,110.67641583075444
880.0,450.0,110.97522927135522
880.0,460.0,111.12400803599725
880.0,470.0,111.12526640426967
880.0,480.0,110.99338200205024
880.0,490.0,110.75660379441624
880.0,500.0,110.45915048403818
880.0,510.0,110.16036946966139
880.0,520.0,109.91223121134733
880.0,530.0,109.74430991281443
880.0,540.0,109.66719824566509
880.0,550.0,109.67658531909107
880.0,560.0,109.75697923960072
880.0,570.0,109.8850742607678
880.0,580.0,110.0327625230022
880.0,590.0,110.16979038334244
880.0,600.0,110.26605933526973
880.0,610.0,110.29357151854401
880.0,620.0,110.22801981906166
880.0,630.0,110.05002255873492
880.0,640.0,109.74600277539317
880.0,650.0,109.30871209270583
880.0,660.0,108.73739918012723
880.0,670.0,108.03762280286297
880.0,680.0,107.22070946185826
880.0,690.0,106.30285562380793
880.0,700.0,105.30387454118816
880.0,710.0,104.2455876623101
880.0,720.0,103.149860631395
880.0,730.0,102.03628387867144
880.0,740.0,100.919497800494
880.0,750.0,99.80616252948393
880.0,760.0,98.69403457175626
880.0,770.0,97.58664562596076
880.0,780.0,96.500867541828
880.0,790.0,95.46266744880668
880.0,800.0,94.50301457015959
880.0,810.0,93.65429223242162
880.0,820.0,92.94721507022007
880.0,830.0,92.40825142645696
880.0,840.0,92.05755094785347
880.0,850.0,91.9073773758567
880.0,860.0,91.96104653290833
880.0,870.0,92.21236950407553
880.0,880.0,92.64560101404408
880.0,890.0,93.23589299947346
880.0,900.0,93.95025337671426
880.0,910.0,94.74901000488754
880.0,920.0,95.58777984432648
880.0,930.0,96.4199433103801
880.0,940.0,97.19962382257917
880.0,950.0,97.88517254916411
880.0,960.0,98.44315834697525
880.0,970.0,98.85286289670505
880.0,980.0,99.11128103351248
880.0,990.0,99.23862627299975
890.0,0.0,97.7145729717403
890.0,10.0,97.86304575232374
890.0,20.0,98.0759863217315
890.0,30.0,98.39432471065444
890.0,40.0,98.83735761022804
890.0,50.0,99.40689823268171
890.0,60.0,100.09109904541899
890.0,70.0,100.86794737852819
890.0,80.0,101.70843390572414
890.0,90.0,102.57939399872043
890.0,100.0,103.44602195503256
890.0,110.0,104.27405809921167
890.0,120.0,105.03164875750923
890.0,130.0,105.69087910597229
890.0,140.0,106.22897889196962
890.0,150.0,106.6292010291485
890.0,160.0,106.88137306582234
890.0,170.0,106.98212152678902
890.0,180.0,106.93476912857986
890.0,190.0,106.74890486813962
890.0,200.0,106.43962698493698
890.0,210.0,106.02645879650588
890.0,220.0,105.53193740741764
890.0,230.0,104.97987529168374
890.0,240.0,104.39329474858948
890.0,250.0,103.79203523195821
890.0,260.0,103.19620855203154
890.0,270.0,102.6434262289096
890.0,280.0,102.17122708549597
890.0,290.0,101.81057566170706
890.0,300.0,101.58539366651112
890.0,310.0,101.51226280512437
890.0,320.0,101.60029898136409
890.0,330.0,101.85119787515906
890.0,340.0,102.25945189521674
890.0,350.0,102.81273850684788
890.0,360.0,103.49247993494795
890.0,370.0,104.27457424213586
890.0,380.0,105.13029778204964
890.0,390.0,106.02737902779926
890.0,400.0,106.93124377557655
890.0,410.0,107.80643172342215
890.0,420.0,108.61818442514966
890.0,430.0,109.3342046194268
890.0,440.0,109.92658693401361
890.0,450.0,110.37391996515787
890.0,460.0,110.66355973214752
890.0,470.0,110.79407450702023
890.0,480.0,110.7778610194299
890.0,490.0,110.6439320366706
890.0,500.0,110.44087531885714
890.0,510.0,110.2346551470592
890.0,520.0,110.07781713369472
890.0,530.0,109.99789591883481
890.0,540.0,110.00291244677761
890.0,550.0,110.08576394834083
890.0,560.0,110.2282176008272
890.0,570.0,110.40450786566282
890.0,580.0,110.58453750370843
890.0,590.0,110.73668226824363
890.0,600.0,110.83019927562387
890.0,610.0,110.83723905361062
890.0,620.0,110.73446126737416
890.0,630.0,110.50425412316947
890.0,640.0,110.13555744968504
890.0,650.0,109.6242894570644
890.0,660.0,108.97337717360087
890.0,670.0,108.1923905601049
890.0,680.0,107.29678030194458
890.0,690.0,106.30671927875893
890.0,700.0,105.24554771184414
890.0,710.0,104.13782198921272
890.0,720.0,103.00696716832556
890.0,730.0,101.87253315649691
890.0,740.0,100.74705456897227
890.0,750.0,99.63251426467923
890.0,760.0,98.51861370074825
890.0,770.0,97.39894755633891
890.0,780.0,96.28368239869235
890.0,790.0,95.19557732618718
890.0,800.0,94.16522601499898
890.0,810.0,93.22685588948802
890.0,820.0,92.41468441631523
890.0,830.0,91.75983252228627
890.0,840.0,91.287795135924
890.0,850.0,91.01646885276885
890.0,860.0,90.95473672440777
890.0,870.0,91.10161017123103
890.0,880.0,91.44592801891753
890.0,890.0,91.966612658648
890.0,900.0,92.63348333104678
890.0,910.0,93.40862653385142
890.0,920.0,94.24832355331078
890.0,930.0,95.10553511931117
890.0,940.0,95.93294318423082
890.0,950.0,96.68654982552236
890.0,960.0,97.32983327202376
890.0,970.0,97.83846105399725
890.0,980.0,98.2055602768966
890.0,990.0,98.44754501886256
900.0,0.0,96.94713010925905
900.0,10.0,97.04420245623172
900.0,20.0,97.21259209327577
900.0,30.0,97.49809188494615
900.0,40.0,97.92295918030015
900.0,50.0,98.49034346400029
900.0,60.0,99.18837175288883
900.0,70.0,99.9938917380338
900.0,80.0,100.87587267224644
900.0,90.0,101.79846400307034
900.0,100.0,102.72371175124195
900.0,110.0,103.61393263462273
900.0,120.0,104.4337459376028
900.0,130.0,105.15176312597606
900.0,140.0,105.74193520728693
900.0,150.0,106.18455783664854
900.0,160.0,106.46693416803248
900.0,170.0,106.58369545103012
900.0,180.0,106.53677937308538
900.0,190.0,106.33506614719904
900.0,200.0,105.99367234510467
900.0,210.0,105.53290247591598
900.0,220.0,104.97685831024573
900.0,230.0,104.35170594979617
900.0,240.0,103.68360064242108
900.0,250.0,102.99626934265922
900.0,260.0,102.31265392902478
900.0,270.0,101.66780384563162
900.0,280.0,101.09801225351052
900.0,290.0,100.6355678107755
900.0,300.0,100.30754396857375
900.0,310.0,100.13483751459641
900.0,320.0,100.13145636415044
900.0,330.0,100.30405659879129
900.0,340.0,100.65172875251676
900.0,350.0,101.1660333455216
900.0,360.0,101.8312856655132
900.0,370.0,102.6250897965883
900.0,380.0,103.51912189567041
900.0,390.0,104.48016271650856
900.0,400.0,105.47137938123669
900.0,410.0,106.4538563994942
900.0,420.0,107.38837593510739
900.0,430.0,108.23744732033188
900.0,440.0,108.96758581765602
900.0,450.0,109.55184062916517
900.0,460.0,109.97257215346707
900.0,470.0,110.22447849017814
900.0,480.0,110.3178711919706
900.0,490.0,110.28220026418091
900.0,500.0,110.16982841197868
900.0,510.0,110.05278730942473
900.0,520.0,109.98479213582557
900.0,530.0,109.99208869813435
900.0,540.0,110.08069305501749
900.0,550.0,110.24110102849315
900.0,560.0,110.45256204588179
900.0,570.0,110.68691731206934
900.0,580.0,110.91200231208232
900.0,590.0,111.09461364397544
900.0,600.0,111.20304018203139
900.0,610.0,111.209158570273
900.0,620.0,111.09009304628756
900.0,630.0,110.82943959536347
900.0,640.0,110.41805443493922
900.0,650.0,109.85440682936458
900.0,660.0,109.14449623497411
900.0,670.0,108.30133377547294
900.0,680.0,107.34398804763478
900.0,690.0,106.29619525731228
900.0,700.0,105.18453368575967
900.0,710.0,104.03616248626763
900.0,720.0,102.87612481111042
900.0,730.0,101.72421526880537
900.0,740.0,100.59141171168464
900.0,750.0,99.47587135377916
900.0,760.0,98.36028343173139
900.0,770.0,97.22892334218905
900.0,780.0,96.08558271066305
900.0,790.0,94.94998674602003
900.0,800.0,93.85239908392367
900.0,810.0,92.82883369599494
900.0,820.0,91.91687386469127
900.0,830.0,91.15209822390472
900.0,840.0,90.565113865279
900.0,850.0,90.17919651024556
900.0,860.0,90.00853774777848
900.0,870.0,90.0570993378683
900.0,880.0,90.31807458071495
900.0,890.0,90.77395675163949
900.0,900.0,91.39721460171474
900.0,910.0,92.15157492411498
900.0,920.0,92.9939121861845
900.0,930.0,93.87674522722516
900.0,940.0,94.75134102200276
900.0,950.0,95.5714255099725
900.0,960.0,96.2975014902233
900.0,970.0,96.90177358214103
900.0,980.0,97.37368025179077
900.0,990.0,97.72603290401794
910.0,0.0,96.31908875394899
910.0,10.0,96.36798566878468
910.0,20.0,96.49409148834052
910.0,30.0,96.74735202211292
910.0,40.0,97.15251840792664
910.0,50.0,97.7138231700704
910.0,60.0,98.41929987163635
910.0,70.0,99.24474636106318
910.0,80.0,100.15733161288297
910.0,90.0,101.11884616267177
910.0,100.0,102.08859613620392
910.0,110.0,103.02594087281007
910.0,120.0,103.89247414293891
910.0,130.0,104.65384895992273
910.0,140.0,105.28124598594647
910.0,150.0,105.75248553222085
910.0,160.0,106.0527831533588
910.0,170.0,106.17514883595602
910.0,180.0,106.12042978137498
910.0,190.0,105.89699678273276
910.0,200.0,105.52007419609262
910.0,210.0,105.01071350585926
910.0,220.0,104.39441048437779
910.0,230.0,103.69936594573647
910.0,240.0,102.95439009377321
910.0,250.0,102.18645046428566
910.0,260.0,101.42059829771671
910.0,270.0,100.68886993434579
910.0,280.0,100.02590284866594
910.0,290.0,99.46488278899271
910.0,300.0,99.03562465080914
910.0,310.0,98.76297544247684
910.0,320.0,98.66553934331338
910.0,330.0,98.75472485403549
910.0,340.0,99.0341140395686
910.0,350.0,99.49915386422246
910.0,360.0,100.1371696192327
910.0,370.0,100.92770044266872
910.0,380.0,101.84315693170758
910.0,390.0,102.84980084727398
910.0,400.0,103.90904691104639
910.0,410.0,104.97908669482929
910.0,420.0,106.01683460229152
910.0,430.0,106.98019594307073
910.0,440.0,107.83065709924384
910.0,450.0,108.53619778416389
910.0,460.0,109.07452539366268
910.0,470.0,109.43663144961971
910.0,480.0,109.63067013589706
910.0,490.0,109.6861589266408
910.0,500.0,109.65850130694784
910.0,510.0,109.6250464426637
910.0,520.0,109.64123147091188
910.0,530.0,109.73279411716726
910.0,540.0,109.90436075206019
910.0,550.0,110.14447497279335
910.0,560.0,110.43015370785514
910.0,570.0,110.7309708450291
910.0,580.0,111.01266838269967
910.0,590.0,111.24029510445419
910.0,600.0,111.3808727769811
910.0,610.0,111.40558987126438
910.0,620.0,111.29152280707433
910.0,630.0,111.02288472075445
910.0,640.0,110.59180175630462
910.0,650.0,109.99861687976056
910.0,660.0,109.25172121686948
910.0,670.0,108.366912914062
910.0,680.0,107.36628352272027
910.0,690.0,106.27663190674238
910.0,700.0,105.12740567340298
910.0,710.0,103.94817012751015
910.0,720.0,102.76560474885854
910.0,730.0,101.60002719297864
910.0,740.0,100.46144481518247
910.0,750.0,99.3451337179054
910.0,760.0,98.22799422652932
910.0,770.0,97.08587008435718
910.0,780.0,95.916703234544
910.0,790.0,94.73746003578587
910.0,800.0,93.5781433288045
910.0,810.0,92.47645828618602
910.0,820.0,91.47313204557446
910.0,830.0,90.60788712621957
910.0,840.0,89.91606862887926
910.0,850.0,89.42592521907633
910.0,860.0,89.15654389370997
910.0,870.0,89.11643853102147
910.0,880.0,89.30279222391461
910.0,890.0,89.70135339663037
910.0,900.0,90.28698570477631
910.0,910.0,91.02487171871029
910.0,920.0,91.87237039027872
910.0,930.0,92.78152830290935
910.0,940.0,93.70224470505848
910.0,950.0,94.58609032701263
910.0,960.0,95.39077998104482
910.0,970.0,96.0852989449252
910.0,980.0,96.65568312878627
910.0,990.0,97.11145302534253
920.0,0.0,95.86840521483074
920.0,10.0,95.87349662616754
920.0,20.0,95.96060057451517
920.0,30.0,96.1830148328699
920.0,40.0,96.56746347361468
920.0,50.0,97.11898627128463
920.0,60.0,97.82545886075893
920.0,70.0,98.66174365087882
920.0,80.0,99.5934714934919
920.0,90.0,100.58045410792279
920.0,100.0,101.57972726086986
920.0,110.0,102.5482247017284
920.0,120.0,103.44508285334
920.0,130.0,104.23357625816811
920.0,140.0,104.88268377989996
920.0,150.0,105.3682855604747
920.0,160.0,105.67399073253782
920.0,170.0,105.79159588732179
920.0,180.0,105.72117429795301
920.0,190.0,105.470795898185
920.0,200.0,105.05587801655783
920.0,210.0,104.49816686598383
920.0,220.0,103.82434978875966
920.0,230.0,103.06429825700435
920.0,240.0,102.24894162852402
920.0,250.0,101.40777165810243
920.0,260.0,100.56717767360726
920.0,270.0,99.75576694242343
920.0,280.0,99.0061146883652
920.0,290.0,98.35183048480734
920.0,300.0,97.82498021326343
920.0,310.0,97.45389620298435
920.0,320.0,97.26137555157689
920.0,330.0,97.26326662664258
920.0,340.0,97.46744374843668
920.0,350.0,97.8731700535474
920.0,360.0,98.47084853959525
920.0,370.0,99.24216129095261
920.0,380.0,100.16059688548347
920.0,390.0,101.19236598230333
920.0,400.0,102.29770509055938
920.0,410.0,103.43256851923067
920.0,420.0,104.55070850794871
920.0,430.0,105.6061435388381
920.0,440.0,106.55601482937728
920.0,450.0,107.36383100627968
920.0,460.0,108.00310096039487
920.0,470.0,108.46135488263002
920.0,480.0,108.74455348089124
920.0,490.0,108.88188537804581
920.0,500.0,108.9309526909036
920.0,510.0,108.9735034676121
920.0,520.0,109.06718033382617
920.0,530.0,109.23798741757432
920.0,540.0,109.48979681472866
920.0,550.0,109.80968767949729
920.0,560.0,110.17277944494411
920.0,570.0,110.54655917353631
920.0,580.0,110.89470303771924
920.0,590.0,111.18039193051908
920.0,600.0,111.36912120617285
920.0,610.0,111.43100455078611
920.0,620.0,111.34257198301812
920.0,630.0,111.08806198479465
920.0,640.0,110.66020776204824
920.0,650.0,110.06051763548616
920.0,660.0,109.29904956138576
920.0,670.0,108.39367978241751
920.0,680.0,107.3688656084955
920.0,690.0,106.25390232765558
920.0,700.0,105.08067424696104
920.0,710.0,103.8808998634357
920.0,720.0,102.6828711650248
920.0,730.0,101.50768706158333
920.0,740.0,100.36498094589174
920.0,750.0,99.24814238469963
920.0,760.0,98.1296321744757
920.0,770.0,96.97798300027522
920.0,780.0,95.7859860962182
920.0,790.0,94.56821378321779
920.0,800.0,93.35449826023222
920.0,810.0,92.18410656357734
920.0,820.0,91.10061169429957
920.0,830.0,90.14745991360958
920.0,840.0,89.36423420637642
920.0,850.0,88.78361391268226
920.0,860.0,88.4290305274376
920.0,870.0,88.31301966805724
920.0,880.0,88.4362692101965
920.0,890.0,88.78736359154834
920.0,900.0,89.34322428370074
920.0,910.0,90.0702464320548
920.0,920.0,90.92613166380343
920.0,930.0,91.8624170639704
920.0,940.0,92.82770031951024
920.0,950.0,93.7715610314684
920.0,960.0,94.64917819520214
920.0,970.0,95.42664384866201
920.0,980.0,96.08697288873375
920.0,990.0,96.63680905564084
930.0,0.0,95.62554358622336
930.0,10.0,95.59216191246743
930.0,20.0,95.64442535007824
930.0,30.0,95.83812622656701
930.0,40.0,96.20140930536576
930.0,50.0,96.73983529182195
930.0,60.0,97.44106384925352
930.0,70.0,98.27915612506442
930.0,80.0,99.21849678692047
930.0,90.0,100.21733556898566
930.0,100.0,101.23094832821891
930.0,110.0,102.21441761073122
930.0,120.0,103.12503272820318
930.0,130.0,103.92430934436301
930.0,140.0,104.57962857152489
930.0,150.0,105.06549557718786
930.0,160.0,105.36441770069491
930.0,170.0,105.46740207995278
930.0,180.0,105.37407278821185
930.0,190.0,105.09240748090677
930.0,200.0,104.63809355255725
930.0,210.0,104.03350380372937
930.0,220.0,103.3062916180574
930.0,230.0,102.48760564932577
930.0,240.0,101.60992401861178
930.0,250.0,100.70450802148846
930.0,260.0,99.79829699313407
930.0,270.0,98.91610706989245
930.0,280.0,98.08806622934515
930.0,290.0,97.34770892792564
930.0,300.0,96.72880238897216
930.0,310.0,96.26261895823862
930.0,320.0,95.9756545268635
930.0,330.0,95.88779302179663
930.0,340.0,96.01091696368424
930.0,350.0,96.34796409221167
930.0,360.0,96.89243005890438
930.0,370.0,97.62831718738676
930.0,380.0,98.53052930109907
930.0,390.0,99.56571261847226
930.0,400.0,100.69354271556094
930.0,410.0,101.8684575561342
930.0,420.0,103.04183658922454
930.0,430.0,104.16462591413476
930.0,440.0,105.19040951290282
930.0,450.0,106.07892655022478
930.0,460.0,106.80003474083566
930.0,470.0,107.33811978434841
930.0,480.0,107.69695086755057
930.0,490.0,107.90498223415963
930.0,500.0,108.02110082203541
930.0,510.0,108.13040533681739
930.0,520.0,108.29313635912467
930.0,530.0,108.53629814437026
930.0,540.0,108.86363610615896
930.0,550.0,109.26127005097172
930.0,560.0,109.70279229402391
930.0,570.0,110.15383065629771
930.0,580.0,110.57607634274807
930.0,590.0,110.93077670168282
930.0,600.0,111.18169286531662
930.0,610.0,111.29752227149874
930.0,620.0,111.2537860666148
930.0,630.0,111.03418138966246
930.0,640.0,110.6313985375009
930.0,650.0,110.04740301127431
930.0,660.0,109.29318244400918
930.0,670.0,108.38795840938555
930.0,680.0,107.3578631116822
930.0,690.0,106.23408095689567
930.0,700.0,105.0504550050332
930.0,710.0,103.84055830357958
930.0,720.0,102.63423010213788
930.0,730.0,101.45357694824419
930.0,740.0,100.30843866435603
930.0,750.0,99.19131920601497
930.0,760.0,98.07165661495324
930.0,770.0,96.91197867045173
930.0,780.0,95.70076930670086
930.0,790.0,94.45064610201793
930.0,800.0,93.19137788265027
930.0,810.0,91.96363561900938
930.0,820.0,90.81347661433531
930.0,830.0,89.78756198579201
930.0,840.0,88.92910743799308
930.0,850.0,88.27456732895841
930.0,860.0,87.85105202850121
930.0,870.0,87.6744785690459
930.0,880.0,87.74845458887648
930.0,890.0,88.06389556781572
930.0,900.0,88.59937535533477
930.0,910.0,89.32220999109362
930.0,920.0,90.1902748179121
930.0,930.0,91.15455488717153
930.0,940.0,92.16242865664714
930.0,950.0,93.16168498077083
930.0,960.0,94.10527339332496
930.0,970.0,94.95678768256653
930.0,980.0,95.69668275878202
930.0,990.0,96.32922481427306
940.0,0.0,95.61182671500328
940.0,10.0,95.54603052073792
940.0,20.0,95.56830851087595
940.0,30.0,95.7360707585118
940.0,40.0,96.07832288510093
940.0,50.0,96.60086195976402
940.0,60.0,97.2910824670617
940.0,70.0,98.12239234323975
940.0,80.0,99.0582390809448
940.0,90.0,100.05574590241054
940.0,100.0,101.06895800111437
940.0,110.0,102.05169885190463
940.0,120.0,102.96003658959827
940.0,130.0,103.75436045604903
940.0,140.0,104.40106731568605
940.0,150.0,104.87385823952313
940.0,160.0,105.15464515763833
940.0,170.0,105.2340675801241
940.0,180.0,105.11161938650801
940.0,190.0,104.79538568364381
940.0,200.0,104.30138973207312
940.0,210.0,103.65254994085751
940.0,220.0,102.87724693088121
940.0,230.0,102.00750066662411
940.0,240.0,101.07675765640549
940.0,250.0,100.11728822109808
940.0,260.0,99.15581050361611
940.0,270.0,98.21305622726247
940.0,280.0,97.31635885777712
940.0,290.0,96.49867459187877
940.0,300.0,95.79488712932266
940.0,310.0,95.2386071137706
940.0,320.0,94.85946624247292
940.0,330.0,94.68090604476274
940.0,340.0,94.71846132936234
940.0,350.0,94.9785383005017
940.0,360.0,95.45768734284907
940.0,370.0,96.14237047525381
940.0,380.0,97.00922347330135
940.0,390.0,98.0258126606802
940.0,400.0,99.15188636936124
940.0,410.0,100.34112106858903
940.0,420.0,101.54336216268534
940.0,430.0,102.70735945766482
940.0,440.0,103.78399729666275
940.0,450.0,104.730019364175
940.0,460.0,105.51224815911011
940.0,470.0,106.11229913665352
940.0,480.0,106.53178951894381
940.0,490.0,106.79804177456153
940.0,500.0,106.97028176682942
940.0,510.0,107.13582688766591
940.0,520.0,107.3578012844099
940.0,530.0,107.66487150172979
940.0,540.0,108.06124942663043
940.0,550.0,108.53259627165981
940.0,560.0,109.05136688200221
940.0,570.0,109.58159436645764
940.0,580.0,110.08311505230779
940.0,590.0,110.51523376406847
940.0,600.0,110.83982942612828
940.0,610.0,111.02390098927386
940.0,620.0,111.04155368110153
940.0,630.0,110.87542558031534
940.0,640.0,110.51755451491145
940.0,650.0,109.96968528424912
940.0,660.0,109.24301720500797
940.0,670.0,108.35739198103172
940.0,680.0,107.33992189705832
940.0,690.0,106.22305833633654
940.0,700.0,105.04210062212896
940.0,710.0,103.8321451831014
940.0,720.0,102.62447504259872
940.0,730.0,101.4423896318071
940.0,740.0,100.29647492680269
940.0,750.0,99.17931390948677
940.0,760.0,98.05874510499137
940.0,770.0,96.89272570284695
940.0,780.0,95.66638287788082
940.0,790.0,94.39087382100668
940.0,800.0,93.09602363856393
940.0,810.0,91.82372771364527
940.0,820.0,90.62211852941252
940.0,830.0,89.54049695440071
940.0,840.0,88.62502798981036
940.0,850.0,87.91520097878814
940.0,860.0,87.44105427769554
940.0,870.0,87.22116438936614
940.0,880.0,87.26139955835069
940.0,890.0,87.55443782815084
940.0,900.0,88.08004956044084
940.0,910.0,88.80614441627768
940.0,920.0,89.69058279929925
940.0,930.0,90.68375176091104
940.0,940.0,91.7319053674608
940.0,950.0,92.78126952940165
940.0,960.0,93.78291129244333
940.0,970.0,94.69837259069173
940.0,980.0,95.50606846177668
940.0,990.0,96.20844972396797
950.0,0.0,95.83785580121986
950.0,10.0,95.7461392987388
950.0,20.0,95.74374298187914
950.0,30.0,95.88883679774908
950.0,40.0,96.21074407386728
950.0,50.0,96.71522752286661
950.0,60.0,97.38937780198256
950.0,70.0,98.20610462732597
950.0,80.0,99.12823044294038
950.0,90.0,100.11218664464391
950.0,100.0,101.1113123586555
950.0,110.0,102.07875577500583
950.0,120.0,102.96997803573258
950.0,130.0,103.74485967786033
950.0,140.0,104.36940963116486
950.0,150.0,104.81707677072201
950.0,160.0,105.06966402424104
950.0,170.0,105.11784503418242
950.0,180.0,104.96128337466028
950.0,190.0,104.60835432312922
950.0,200.0,104.07546918685561
950.0,210.0,103.38600218417358
950.0,220.0,102.56881988052524
950.0,230.0,101.65641317928568
950.0,240.0,100.68263186737225
950.0,250.0,99.68002171563849
950.0,260.0,98.67435760802205
950.0,270.0,97.68207191865851
950.0,280.0,96.72740728633386
950.0,290.0,95.84225600411192
950.0,300.0,95.06202469719318
950.0,310.0,94.4220323468972
950.0,320.0,93.95444166076852
950.0,330.0,93.68572378880626
950.0,340.0,93.63465638581712
950.0,350.0,93.81085501989217
950.0,360.0,94.21383792700702
950.0,370.0,94.83262411174567
950.0,380.0,95.64586479414791
950.0,390.0,96.62250820268025
950.0,400.0,97.7229977133305
950.0,410.0,98.90100333482587
950.0,420.0,100.10568653997466
950.0,430.0,101.28449844313148
950.0,440.0,102.38651132378614
950.0,450.0,103.36628349627601
950.0,460.0,104.18825752562199
950.0,470.0,104.83169178948813
950.0,480.0,105.29612538626458
950.0,490.0,105.60737638927458
950.0,500.0,105.8240734471044
950.0,510.0,106.03458895185636
950.0,520.0,106.3051017790731
950.0,530.0,106.66650613637175
950.0,540.0,107.12401522406036
950.0,550.0,107.66330684491163
950.0,560.0,108.25608979495513
950.0,570.0,108.86509103528752
950.0,580.0,109.44846364490132
950.0,590.0,109.9636155545318
950.0,600.0,110.37045906152214
950.0,610.0,110.63408112570693
950.0,620.0,110.72683444631387
950.0,630.0,110.62984931988387
950.0,640.0,110.33396627920924
950.0,650.0,109.84008951329034
950.0,660.0,109.15896106831038
950.0,670.0,108.31035582962852
950.0,680.0,107.32169728479133
950.0,690.0,106.22609406756234
950.0,700.0,105.0597972829701
950.0,710.0,103.85907861337428
950.0,720.0,102.65652920555026
950.0,730.0,101.4767793387918
950.0,740.0,100.33163887403212
950.0,750.0,99.21465848398326
950.0,760.0,98.09344573192288
950.0,770.0,96.922882815132
950.0,780.0,95.68575253795011
950.0,790.0,94.39227759670452
950.0,800.0,93.0724657618263
950.0,810.0,91.7692443269155
950.0,820.0,90.53238382475529
950.0,830.0,89.41321101027526
950.0,840.0,88.4601111104639
950.0,850.0,87.71481934122994
950.0,860.0,87.20950169121309
950.0,870.0,86.96462497254358
950.0,880.0,86.98761613855096
950.0,890.0,87.27231086842203
950.0,900.0,87.79919141880762
950.0,910.0,88.53641374237878
950.0,920.0,89.44162387333182
950.0,930.0,90.46456357984252
950.0,940.0,91.55046528346952
950.0,950.0,92.64423624550659
950.0,960.0,93.69543202028424
950.0,970.0,94.66401917542025
950.0,980.0,95.5269272790193
950.0,990.0,96.28539015382185
960.0,0.0,96.30199863206673
960.0,10.0,96.19094677935117
960.0,20.0,96.16935221341785
960.0,30.0,96.29534441529644
960.0,40.0,96.59806195582502
960.0,50.0,97.08298777998527
960.0,60.0,97.73688148245257
960.0,70.0,98.53230857436078
960.0,80.0,99.43176674128196
960.0,90.0,100.39140909242089
960.0,100.0,101.36436440102432
960.0,110.0,102.30365433600522
960.0,120.0,103.16470768478163
960.0,130.0,103.90747156733053
960.0,140.0,104.49811964145641
960.0,150.0,104.91035729927468
960.0,160.0,105.12632385490997
960.0,170.0,105.13709172340917
960.0,180.0,104.94276259086932
960.0,190.0,104.55216057578032
960.0,200.0,103.98212238158251
960.0,210.0,103.25638444043896
960.0,220.0,102.40406704822271
960.0,230.0,101.4577554907187
960.0,240.0,100.45117816104063
960.0,250.0,99.41648166826266
960.0,260.0,98.3778541645628
960.0,270.0,97.34729505026188
960.0,280.0,96.34572005822179
960.0,290.0,95.40351066359473
960.0,300.0,94.55602286786774
960.0,310.0,93.83965796795971
960.0,320.0,93.28849531037056
960.0,330.0,92.93148703038263
960.0,340.0,92.79021477631437
960.0,350.0,92.87720841882636
960.0,360.0,93.1948267452794
960.0,370.0,93.73470013914502
960.0,380.0,94.47773524446814
960.0,390.0,95.39468161538205
960.0,400.0,96.44726035067563
960.0,410.0,97.58985471341273
960.0,420.0,98.77176273560399
960.0,430.0,99.94001180793069
960.0,440.0,101.04273525452103
960.0,450.0,102.03311089277862
960.0,460.0,102.87386157826315
960.0,470.0,103.5423177346234
960.0,480.0,104.03604186858232
960.0,490.0,104.3790150699749
960.0,500.0,104.6283854968374
960.0,510.0,104.87244272121964
960.0,520.0,105.18047943841601
960.0,530.0,105.5860683485419
960.0,540.0,106.09588066416356
960.0,550.0,106.69604038867955
960.0,560.0,107.3578849050452
960.0,570.0,108.04313187484037
960.0,580.0,108.70845244768034
960.0,590.0,109.3094507809699
960.0,600.0,109.80404987000051
960.0,610.0,110.15528368839095
960.0,620.0,110.33349563887077
960.0,630.0,110.31794331440723
960.0,640.0,110.09780956967519
960.0,650.0,109.67261990287045
960.0,660.0,109.05206614786594
960.0,670.0,108.25523647671145
960.0,680.0,107.30925171247624
960.0,690.0,106.24730795243502
960.0,700.0,105.10612550159708
960.0,710.0,103.92280411657853
960.0,720.0,102.73108455981776
960.0,730.0,101.55701646413422
960.0,740.0,100.41403250763014
960.0,750.0,99.29742889893558
960.0,760.0,98.17583677109924
960.0,770.0,97.0025443348323
960.0,780.0,95.75901104652196
960.0,790.0,94.45505494934628
960.0,800.0,93.12099304000084
960.0,810.0,91.8005892694089
960.0,820.0,90.54481017741486
960.0,830.0,89.40638816146094
960.0,840.0,88.43519237924752
960.0,850.0,87.67440728537656
960.0,860.0,87.15751880197855
960.0,870.0,86.90610812332272
960.0,880.0,86.92845315441075
960.0,890.0,87.21893758355365
960.0,900.0,87.75826758893218
960.0,910.0,88.51449617914052
960.0,920.0,89.44485516771337
960.0,930.0,90.49839478163632
960.0,940.0,91.61943090383978
960.0,950.0,92.75179994967596
960.0,960.0,93.84392137737953
960.0,970.0,94.85466783251145
960.0,980.0,95.7600429263862
960.0,990.0,96.56066664848245
970.0,0.0,96.98894644920952
970.0,10.0,96.8648353956683
970.0,20.0,96.82933724209434
970.0,30.0,96.93983599283655
970.0,40.0,97.22484670101586
970.0,50.0,97.68936282815605
970.0,60.0,98.31979688619315
970.0,70.0,99.0885143618641
970.0,80.0,99.95796092347399
970.0,90.0,100.88438291004226
970.0,100.0,101.82114110282784
970.0,110.0,102.72161777923313
970.0,120.0,103.54171704908676
970.0,130.0,104.24195847330542
970.0,140.0,104.78916396493437
970.0,150.0,105.157737972567
970.0,160.0,105.33054094614309
970.0,170.0,105.29935608512609
970.0,180.0,105.06494936905924
970.0,190.0,104.63672287050046
970.0,200.0,104.03196135033639
970.0,210.0,103.27467213547489
970.0,220.0,102.39401827891683
970.0,230.0,101.42234500220648
970.0,240.0,100.39279942026096
970.0,250.0,99.33654354857835
970.0,260.0,98.27563924110905
970.0,270.0,97.21759566405946
970.0,280.0,96.17983015817957
970.0,290.0,95.1908252659535
970.0,300.0,94.28536323772772
970.0,310.0,93.50034161442682
970.0,320.0,92.87116988685722
970.0,330.0,92.4287472315985
970.0,340.0,92.19702132348263
970.0,350.0,92.19112822466074
970.0,360.0,92.41611335025796
970.0,370.0,92.86623351061564
970.0,380.0,93.52484003012175
970.0,390.0,94.36484294262863
970.0,400.0,95.3497562634588
970.0,410.0,96.43532433799834
970.0,420.0,97.5717292668782
970.0,430.0,98.70637940774304
970.0,440.0,99.78727895360811
970.0,450.0,100.76697858780359
970.0,460.0,101.60710721550694
970.0,470.0,102.28348477186289
970.0,480.0,102.79181610669104
970.0,490.0,103.15396594578176
970.0,500.0,103.42481492877903
970.0,510.0,103.6915203698847
970.0,520.0,104.02644994315251
970.0,530.0,104.46618273059394
970.0,540.0,105.0192120602763
970.0,550.0,105.67247419007859
970.0,560.0,106.39727365522121
970.0,570.0,107.15460527956992
970.0,580.0,107.89987285071342
970.0,590.0,108.58700445881533
970.0,600.0,109.17196449923973
970.0,610.0,109.61566233895104
970.0,620.0,109.8862576466877
970.0,630.0,109.96086238690985
970.0,640.0,109.82663947752108
970.0,650.0,109.48129811136408
970.0,660.0,108.9329857414903
970.0,670.0,108.19957673020363
970.0,680.0,107.30735766187802
970.0,690.0,106.28910931954911
970.0,700.0,105.18158532527985
970.0,710.0,104.02238744430014
970.0,720.0,102.84623755292026
970.0,730.0,101.68064627021866
970.0,740.0,100.54097825350334
970.0,750.0,99.4249141575475
970.0,760.0,98.30319368866463
970.0,770.0,97.1288931173551
970.0,780.0,95.88311710943691
970.0,790.0,94.57578122232822
970.0,800.0,93.23763098580062
970.0,810.0,91.9130808607102
970.0,820.0,90.65387307570656
970.0,830.0,89.51355634191975
970.0,840.0,88.5427844456252
970.0,850.0,87.78543471888639
970.0,860.0,87.27554638817571
970.0,870.0,87.03507880097291
970.0,880.0,87.07248953034181
970.0,890.0,87.38213235748466
970.0,900.0,87.94447513227458
970.0,910.0,88.72713751176583
970.0,920.0,89.68674857668212
970.0,930.0,90.77162432588263
970.0,940.0,91.92526504880622
970.0,950.0,93.09067257589334
970.0,960.0,94.21548740698591
970.0,970.0,95.2579457177053
970.0,980.0,96.1936562438079
970.0,990.0,97.02319704351895
980.0,0.0,97.8683394494695
980.0,10.0,97.73668208076158
980.0,20.0,97.69199051637368
980.0,30.0,97.7903295518654
980.0,40.0,98.05923694691205
980.0,50.0,98.5030515253306
980.0,60.0,99.1078324747254
980.0,70.0,99.84586984575361
980.0,80.0,100.67978625101071
980.0,90.0,101.56622976353552
980.0,100.0,102.45915801493524
980.0,110.0,103.31271349313026
980.0,120.0,104.08369003971872
980.0,130.0,104.73359054696093
980.0,140.0,105.23027585438365
980.0,150.0,105.5492048450041
980.0,160.0,105.6742657411738
980.0,170.0,105.59819860004235
980.0,180.0,105.32260900864078
980.0,190.0,104.85757297858498
980.0,200.0,104.22083304039872
980.0,210.0,103.43658553745666
980.0,220.0,102.53385911954709
980.0,230.0,101.54448443605443
980.0,240.0,100.5006550287617
980.0,250.0,99.43207942427262
980.0,260.0,98.35827732443288
980.0,270.0,97.28227259690067
980.0,280.0,96.21787573044217
980.0,290.0,95.19135923612485
980.0,300.0,94.23649064071938
980.0,310.0,93.39015727786132
980.0,320.0,92.68858287697273
980.0,330.0,92.1641359499437
980.0,340.0,91.84272997557375
980.0,350.0,91.74181538177311
980.0,360.0,91.8689633255239
980.0,370.0,92.22104127060119
980.0,380.0,92.78398036305408
980.0,390.0,93.53313460444637
980.0,400.0,94.43423182285751
980.0,410.0,95.44491644164306
980.0,420.0,96.51688404595536
980.0,430.0,97.59860774702393
980.0,440.0,98.63865634419574
980.0,450.0,99.58960428473546
980.0,460.0,100.41253342138555
980.0,470.0,101.0821265676863
980.0,480.0,101.59235285105557
980.0,490.0,101.96274486362884
980.0,500.0,102.24526761085859
980.0,510.0,102.52505193279075
980.0,520.0,102.87743138428961
980.0,530.0,103.34219923316908
980.0,540.0,103.9299346628451
980.0,550.0,104.62867351881201
980.0,560.0,105.4099703017001
980.0,570.0,106.23435140691446
980.0,580.0,107.05615961085476
980.0,590.0,107.82778980371654
980.0,600.0,108.50331596887327
980.0,610.0,109.04150940883993
980.0,620.0,109.40824821781766
980.0,630.0,109.57831800081948
980.0,640.0,109.53660383937729
980.0,650.0,109.27867350383013
980.0,660.0,108.81075191219335
980.0,670.0,108.14908683560924
980.0,680.0,107.31870585037865
980.0,690.0,106.35156453657392
980.0,700.0,105.28408592323282
980.0,710.0,104.15409118013389
980.0,720.0,102.99712155615266
980.0,730.0,101.84215156419943
980.0,740.0,100.70669341273779
980.0,750.0,99.59129268388472
980.0,760.0,98.469663489389
980.0,770.0,97.29586088190139
980.0,780.0,96.05148189325723
980.0,790.0,94.74697846508754
980.0,800.0,93.41362841760419
980.0,810.0,92.09633317218368
980.0,820.0,90.84724222774939
980.0,830.0,89.72020439095238
980.0,840.0,88.76604576015069
980.0,850.0,88.0286744631872
980.0,860.0,87.54201214896607
980.0,870.0,87.32775223282754
980.0,880.0,87.39394489572143
980.0,890.0,87.73440883717915
980.0,900.0,88.32896978208409
980.0,910.0,89.14452574124068
980.0,920.0,90.13693902574204
980.0,930.0,91.25375501513587
980.0,940.0,92.43774767938923
980.0,950.0,93.63129185465156
980.0,960.0,94.78156227281646
980.0,970.0,95.84655934488174
980.0,980.0,96.80196169810826
980.0,990.0,97.64880546697712
990.0,0.0,98.89346091886348
990.0,10.0,98.75849725212228
990.0,20.0,98.70827648685271
990.0,30.0,98.79713480329718
990.0,40.0,99.0513826987464
990.0,50.0,99.47459066876631
990.0,60.0,100.05246525375233
990.0,70.0,100.75731545081058
990.0,80.0,101.55210949096647
990.0,90.0,102.39412198170037
990.0,100.0,103.23817141481041
990.0,110.0,104.03944803960259
990.0,120.0,104.75593210140794
990.0,130.0,105.35040244542684
990.0,140.0,105.79203548590071
990.0,150.0,106.05759454061061
990.0,160.0,106.13220953070316
990.0,170.0,106.0097470458437
990.0,180.0,105.69277077469641
990.0,190.0,105.19209230073184
990.0,200.0,104.52591226336143
990.0,210.0,103.71855188439932
990.0,220.0,102.79877485985126
990.0,230.0,101.79769961703077
990.0,240.0,100.74630193700241
990.0,250.0,99.67250794235221
990.0,260.0,98.59301598427422
990.0,270.0,97.50640706486226
990.0,280.0,96.422830903671
990.0,290.0,95.36613156853093
990.0,300.0,94.36873567259775
990.0,310.0,93.46713666375118
990.0,320.0,92.69797520634292
990.0,330.0,92.09471565529404
990.0,340.0,91.68491862254157
990.0,350.0,91.48810963583446
990.0,360.0,91.5142438898788
990.0,370.0,91.76276708983232
990.0,380.0,92.22227238714832
990.0,390.0,92.8707534077687
990.0,400.0,93.67645337266646
990.0,410.0,94.5993103107374
990.0,420.0,95.59299836404114
990.0,430.0,96.60756518539154
990.0,440.0,97.59266542829624
990.0,450.0,98.50139032924564
990.0,460.0,99.29469338235111
990.0,470.0,99.94641210633262
990.0,480.0,100.44888590385534
990.0,490.0,100.81917001321615
990.0,500.0,101.10584555237872
990.0,510.0,101.39134844054549
990.0,520.0,101.7538417533882
990.0,530.0,102.23643665897387
990.0,540.0,102.85196180857994
990.0,550.0,103.58974969946159
990.0,560.0,104.42181211423058
990.0,570.0,105.30840463684555
990.0,580.0,106.20298024521365
990.0,590.0,107.05653198040386
990.0,600.0,107.82132469247148
990.0,610.0,108.45401586289434
990.0,620.0,108.91816550362032
990.0,630.0,109.18613513272636
990.0,640.0,109.24037582668899
990.0,650.0,109.07410534926616
990.0,660.0,108.69137435699076
990.0,670.0,108.10652168127541
990.0,680.0,107.3430186871287
990.0,690.0,106.43170270848312
990.0,700.0,105.40839956013417
990.0,710.0,104.31093512629108
990.0,720.0,103.17553602573896
990.0,730.0,102.03261935361242
990.0,740.0,100.90197149978057
990.0,750.0,99.78731604384366
990.0,760.0,98.66594640955962
990.0,770.0,97.49379596526175
990.0,780.0,96.25360313944964
990.0,790.0,94.95669223941448
990.0,800.0,93.634952449048
990.0,810.0,92.33364633470343
990.0,820.0,91.10504785910862
990.0,830.0,90.00290990333112
990.0,840.0,89.0777612967954
990.0,850.0,88.37303335535215
990.0,860.0,87.92201592739966
990.0,870.0,87.74564294805717
990.0,880.0,87.85110750139047
990.0,890.0,88.23130639068944
990.0,900.0,88.86511421679766
990.0,910.0,89.71848696449419
990.0,920.0,90.74639509692737
990.0,930.0,91.89558615810063
990.0,940.0,93.10817688341054
990.0,950.0,94.32607481823669
990.0,960.0,95.49622944458393
990.0,970.0,96.57671281577643
990.0,980.0,97.54362969920396
990.0,990.0,98.39885722712026
