0.000000000000000000e+00,0.000000000000000000e+00,1.000000000000000000e+02
0.000000000000000000e+00,1.000000000000000000e+01,9.967458635621626684e+01
0.000000000000000000e+00,2.000000000000000000e+01,9.943487699157861925e+01
0.000000000000000000e+00,3.000000000000000000e+01,9.933783696151162701e+01
0.000000000000000000e+00,4.000000000000000000e+01,9.941363887534022581e+01
0.000000000000000000e+00,5.000000000000000000e+01,9.967037006624798323e+01
0.000000000000000000e+00,6.000000000000000000e+01,1.000984023074415461e+02
0.000000000000000000e+00,7.000000000000000000e+01,1.006744240745217951e+02
0.000000000000000000e+00,8.000000000000000000e+01,1.013651353540611524e+02
0.000000000000000000e+00,9.000000000000000000e+01,1.021306049983874686e+02
0.000000000000000000e+00,1.000000000000000000e+02,1.029272906265742904e+02
0.000000000000000000e+00,1.100000000000000000e+02,1.037107210716375221e+02
0.000000000000000000e+00,1.200000000000000000e+02,1.044378413739385536e+02
0.000000000000000000e+00,1.300000000000000000e+02,1.050690203207937401e+02
0.000000000000000000e+00,1.400000000000000000e+02,1.055697205322903471e+02
0.000000000000000000e+00,1.500000000000000000e+02,1.059118310933089191e+02
0.000000000000000000e+00,1.600000000000000000e+02,1.060746627317520705e+02
0.000000000000000000e+00,1.700000000000000000e+02,1.060456055429796436e+02
0.000000000000000000e+00,1.800000000000000000e+02,1.058204492604503315e+02
0.000000000000000000e+00,1.900000000000000000e+02,1.054033660725697388e+02
0.000000000000000000e+00,2.000000000000000000e+02,1.048065559857447795e+02
0.000000000000000000e+00,2.100000000000000000e+02,1.040495547336446123e+02
0.000000000000000000e+00,2.200000000000000000e+02,1.031582042326678987e+02
0.000000000000000000e+00,2.300000000000000000e+02,1.021632855836164282e+02
0.000000000000000000e+00,2.400000000000000000e+02,1.010988146195754496e+02
0.000000000000000000e+00,2.500000000000000000e+02,1.000000000000000000e+02
0.000000000000000000e+00,2.600000000000000000e+02,9.890608806903715333e+01
0.000000000000000000e+00,2.700000000000000000e+02,9.787201999897209248e+01
0.000000000000000000e+00,2.800000000000000000e+02,9.694865307936011334e+01
0.000000000000000000e+00,2.900000000000000000e+02,9.617667754401837499e+01
0.000000000000000000e+00,3.000000000000000000e+02,9.558638785125975801e+01
0.000000000000000000e+00,3.100000000000000000e+02,9.519764136113572306e+01
0.000000000000000000e+00,3.200000000000000000e+02,9.502000440968812711e+01
0.000000000000000000e+00,3.300000000000000000e+02,9.505308578021002575e+01
0.000000000000000000e+00,3.400000000000000000e+02,9.528705757151543310e+01
0.000000000000000000e+00,3.500000000000000000e+02,9.570336346321806786e+01
0.000000000000000000e+00,3.600000000000000000e+02,9.627561437801909960e+01
0.000000000000000000e+00,3.700000000000000000e+02,9.697067154100383846e+01
0.000000000000000000e+00,3.800000000000000000e+02,9.774991693594733988e+01
0.000000000000000000e+00,3.900000000000000000e+02,9.857071115862918020e+01
0.000000000000000000e+00,4.000000000000000000e+02,9.938803866715693403e+01
0.000000000000000000e+00,4.100000000000000000e+02,1.001563404292988508e+02
0.000000000000000000e+00,4.200000000000000000e+02,1.008315339668254325e+02
0.000000000000000000e+00,4.300000000000000000e+02,1.013732207968599113e+02
0.000000000000000000e+00,4.400000000000000000e+02,1.017470812702378282e+02
0.000000000000000000e+00,4.500000000000000000e+02,1.019274568068754832e+02
0.000000000000000000e+00,4.600000000000000000e+02,1.019001195281474423e+02
0.000000000000000000e+00,4.700000000000000000e+02,1.016652292862729752e+02
0.000000000000000000e+00,4.800000000000000000e+02,1.012404780907113349e+02
0.000000000000000000e+00,4.900000000000000000e+02,1.006644219315664657e+02
0.000000000000000000e+00,5.000000000000000000e+02,1.000000000000000000e+02
0.000000000000000000e+00,5.100000000000000000e+02,9.932416627283835453e+01
0.000000000000000000e+00,5.200000000000000000e+02,9.867734249229842192e+01
0.000000000000000000e+00,5.300000000000000000e+02,9.808604314828940574e+01
0.000000000000000000e+00,5.400000000000000000e+02,9.757328849065261522e+01
0.000000000000000000e+00,5.500000000000000000e+02,9.715790326744263439e+01
0.000000000000000000e+00,5.600000000000000000e+02,9.685397734747944298e+01
0.000000000000000000e+00,5.700000000000000000e+02,9.667048822717140411e+01
0.000000000000000000e+00,5.800000000000000000e+02,9.661108542160923207e+01
0.000000000000000000e+00,5.900000000000000000e+02,9.667403673993088375e+01
0.000000000000000000e+00,6.000000000000000000e+02,9.685233644495734495e+01
0.000000000000000000e+00,6.100000000000000000e+02,9.713397529709943967e+01
0.000000000000000000e+00,6.200000000000000000e+02,9.750237248253546340e+01
0.000000000000000000e+00,6.300000000000000000e+02,9.793696942565982511e+01
0.000000000000000000e+00,6.400000000000000000e+02,9.841398548580258421e+01
0.000000000000000000e+00,6.500000000000000000e+02,9.890733553821993951e+01
0.000000000000000000e+00,6.600000000000000000e+02,9.938970943935561309e+01
0.000000000000000000e+00,6.700000000000000000e+02,9.983381337637324293e+01
0.000000000000000000e+00,6.800000000000000000e+02,1.002137731009596138e+02
0.000000000000000000e+00,6.900000000000000000e+02,1.005066990473989108e+02
0.000000000000000000e+00,7.000000000000000000e+02,1.006944133349177974e+02
0.000000000000000000e+00,7.100000000000000000e+02,1.007653386543015728e+02
0.000000000000000000e+00,7.200000000000000000e+02,1.007165490387810820e+02
0.000000000000000000e+00,7.300000000000000000e+02,1.005559825191907493e+02
0.000000000000000000e+00,7.400000000000000000e+02,1.003048156633973917e+02
0.000000000000000000e+00,7.500000000000000000e+02,1.000000000000000000e+02
0.000000000000000000e+00,7.600000000000000000e+02,9.967779824828910762e+01
0.000000000000000000e+00,7.700000000000000000e+02,9.931881557113361225e+01
0.000000000000000000e+00,7.800000000000000000e+02,9.890450976983191822e+01
0.000000000000000000e+00,7.900000000000000000e+02,9.843238841555641727e+01
0.000000000000000000e+00,8.000000000000000000e+02,9.791211528800273811e+01
0.000000000000000000e+00,8.100000000000000000e+02,9.736198706646204926e+01
0.000000000000000000e+00,8.200000000000000000e+02,9.680578027331615942e+01
0.000000000000000000e+00,8.300000000000000000e+02,9.626996846995548651e+01
0.000000000000000000e+00,8.400000000000000000e+02,9.578130970512007991e+01
0.000000000000000000e+00,8.500000000000000000e+02,9.536480421566335508e+01
0.000000000000000000e+00,8.600000000000000000e+02,9.504202237973888145e+01
0.000000000000000000e+00,8.700000000000000000e+02,9.482980292240999631e+01
0.000000000000000000e+00,8.800000000000000000e+02,9.473932137368227302e+01
0.000000000000000000e+00,8.900000000000000000e+02,9.477552877895905681e+01
0.000000000000000000e+00,9.000000000000000000e+02,9.493696066191971283e+01
0.000000000000000000e+00,9.100000000000000000e+02,9.521591623982087071e+01
0.000000000000000000e+00,9.200000000000000000e+02,9.559900789122056608e+01
0.000000000000000000e+00,9.300000000000000000e+02,9.606808087612526492e+01
0.000000000000000000e+00,9.400000000000000000e+02,9.660150330855981338e+01
0.000000000000000000e+00,9.500000000000000000e+02,9.717582638156019925e+01
0.000000000000000000e+00,9.600000000000000000e+02,9.776781484458938110e+01
0.000000000000000000e+00,9.700000000000000000e+02,9.835684773337585796e+01
0.000000000000000000e+00,9.800000000000000000e+02,9.892768935217523563e+01
0.000000000000000000e+00,9.900000000000000000e+02,9.947363050845463306e+01
1.000000000000000000e+01,0.000000000000000000e+00,9.893202491451832259e+01
1.000000000000000000e+01,1.000000000000000000e+01,9.860676761264730317e+01
1.000000000000000000e+01,2.000000000000000000e+01,9.836992966064792654e+01
1.000000000000000000e+01,3.000000000000000000e+01,9.828057537152430712e+01
1.000000000000000000e+01,4.000000000000000000e+01,9.837035493964651778e+01
1.000000000000000000e+01,5.000000000000000000e+01,9.864826725596309132e+01
1.000000000000000000e+01,6.000000000000000000e+01,9.910508582701169189e+01
1.000000000000000000e+01,7.000000000000000000e+01,9.971744779772771494e+01
1.000000000000000000e+01,8.000000000000000000e+01,1.004516060780511708e+02
1.000000000000000000e+01,9.000000000000000000e+01,1.012668445733314968e+02
1.000000000000000000e+01,1.000000000000000000e+02,1.021185565185306245e+02
1.000000000000000000e+01,1.100000000000000000e+02,1.029609859162239616e+02
1.000000000000000000e+01,1.200000000000000000e+02,1.037496320783995856e+02
1.000000000000000000e+01,1.300000000000000000e+02,1.044433172720555518e+02
1.000000000000000000e+01,1.400000000000000000e+02,1.050059174685951575e+02
1.000000000000000000e+01,1.500000000000000000e+02,1.054077561970204471e+02
1.000000000000000000e+01,1.600000000000000000e+02,1.056266615009236887e+02
1.000000000000000000e+01,1.700000000000000000e+02,1.056486859992770917e+02
1.000000000000000000e+01,1.800000000000000000e+02,1.054684900510204386e+02
1.000000000000000000e+01,1.900000000000000000e+02,1.050893880234468867e+02
1.000000000000000000e+01,2.000000000000000000e+02,1.045230576643869824e+02
1.000000000000000000e+01,2.100000000000000000e+02,1.037889125781905619e+02
1.000000000000000000e+01,2.200000000000000000e+02,1.029131378055068495e+02
1.000000000000000000e+01,2.300000000000000000e+02,1.019273885068626555e+02
1.000000000000000000e+01,2.400000000000000000e+02,1.008671517500386869e+02
1.000000000000000000e+01,2.500000000000000000e+02,9.976977140124385812e+01
1.000000000000000000e+01,2.600000000000000000e+02,9.867637181094693233e+01
1.000000000000000000e+01,2.700000000000000000e+02,9.764053358825695739e+01
1.000000000000000000e+01,2.800000000000000000e+02,9.671135056941713515e+01
1.000000000000000000e+01,2.900000000000000000e+02,9.592827319338820757e+01
1.000000000000000000e+01,3.000000000000000000e+02,9.532083257703790480e+01
1.000000000000000000e+01,3.100000000000000000e+02,9.490855156977987406e+01
1.000000000000000000e+01,3.200000000000000000e+02,9.470104278766189054e+01
1.000000000000000000e+01,3.300000000000000000e+02,9.469829362690350649e+01
1.000000000000000000e+01,3.400000000000000000e+02,9.489113825688315274e+01
1.000000000000000000e+01,3.500000000000000000e+02,9.526191659257446531e+01
1.000000000000000000e+01,3.600000000000000000e+02,9.578532024643216403e+01
1.000000000000000000e+01,3.700000000000000000e+02,9.642942545972721291e+01
1.000000000000000000e+01,3.800000000000000000e+02,9.715691301333139052e+01
1.000000000000000000e+01,3.900000000000000000e+02,9.792647511795127002e+01
1.000000000000000000e+01,4.000000000000000000e+02,9.869440928381156652e+01
1.000000000000000000e+01,4.100000000000000000e+02,9.941639916978782310e+01
1.000000000000000000e+01,4.200000000000000000e+02,1.000494824119886346e+02
1.000000000000000000e+01,4.300000000000000000e+02,1.005542054317870395e+02
1.000000000000000000e+01,4.400000000000000000e+02,1.008969652233014642e+02
1.000000000000000000e+01,4.500000000000000000e+02,1.010525381203260054e+02
1.000000000000000000e+01,4.600000000000000000e+02,1.010067955427100514e+02
1.000000000000000000e+01,4.700000000000000000e+02,1.007596067221874137e+02
1.000000000000000000e+01,4.800000000000000000e+02,1.003279284076545679e+02
1.000000000000000000e+01,4.900000000000000000e+02,9.974908154989880416e+01
1.000000000000000000e+01,5.000000000000000000e+02,9.908421496577504684e+01
1.000000000000000000e+01,5.100000000000000000e+02,9.840825018968541826e+01
1.000000000000000000e+01,5.200000000000000000e+02,9.776067461219791710e+01
1.000000000000000000e+01,5.300000000000000000e+02,9.716752673195180989e+01
1.000000000000000000e+01,5.400000000000000000e+02,9.665149599552961490e+01
1.000000000000000000e+01,5.500000000000000000e+02,9.623120755620026046e+01
1.000000000000000000e+01,5.600000000000000000e+02,9.592066894074629602e+01
1.000000000000000000e+01,5.700000000000000000e+02,9.572887862437539752e+01
1.000000000000000000e+01,5.800000000000000000e+02,9.565959651371578332e+01
1.000000000000000000e+01,5.900000000000000000e+02,9.571127633789596700e+01
1.000000000000000000e+01,6.000000000000000000e+02,9.587715994770854877e+01
1.000000000000000000e+01,6.100000000000000000e+02,9.614553352285810206e+01
1.000000000000000000e+01,6.200000000000000000e+02,9.650014568729329767e+01
1.000000000000000000e+01,6.300000000000000000e+02,9.692078753262303792e+01
1.000000000000000000e+01,6.400000000000000000e+02,9.738403454961682826e+01
1.000000000000000000e+01,6.500000000000000000e+02,9.786415046778920157e+01
1.000000000000000000e+01,6.600000000000000000e+02,9.833415300306832307e+01
1.000000000000000000e+01,6.700000000000000000e+02,9.876704151354871897e+01
1.000000000000000000e+01,6.800000000000000000e+02,9.913718656332807200e+01
1.000000000000000000e+01,6.900000000000000000e+02,9.942188139442831130e+01
1.000000000000000000e+01,7.000000000000000000e+02,9.960305530680061281e+01
1.000000000000000000e+01,7.100000000000000000e+02,9.966914894641473666e+01
1.000000000000000000e+01,7.200000000000000000e+02,9.961715150143228925e+01
1.000000000000000000e+01,7.300000000000000000e+02,9.945479980646435081e+01
1.000000000000000000e+01,7.400000000000000000e+02,9.920293935491309867e+01
1.000000000000000000e+01,7.500000000000000000e+02,9.889804721939748333e+01
1.000000000000000000e+01,7.600000000000000000e+02,9.857594566924205992e+01
1.000000000000000000e+01,7.700000000000000000e+02,9.821742103572466931e+01
1.000000000000000000e+01,7.800000000000000000e+02,9.780420709905104104e+01
1.000000000000000000e+01,7.900000000000000000e+02,9.733400493430569611e+01
1.000000000000000000e+01,8.000000000000000000e+02,9.681659690613132341e+01
1.000000000000000000e+01,8.100000000000000000e+02,9.627033096259877709e+01
1.000000000000000000e+01,8.200000000000000000e+02,9.571897522826756699e+01
1.000000000000000000e+01,8.300000000000000000e+02,9.518894289643682782e+01
1.000000000000000000e+01,8.400000000000000000e+02,9.470688742058693776e+01
1.000000000000000000e+01,8.500000000000000000e+02,9.429766800501153057e+01
1.000000000000000000e+01,8.600000000000000000e+02,9.398268539464021387e+01
1.000000000000000000e+01,8.700000000000000000e+02,9.377858796405165265e+01
1.000000000000000000e+01,8.800000000000000000e+02,9.369634810567727357e+01
1.000000000000000000e+01,8.900000000000000000e+02,9.374070891719550502e+01
1.000000000000000000e+01,9.000000000000000000e+02,9.391000118811649600e+01
1.000000000000000000e+01,9.100000000000000000e+02,9.419633068555745581e+01
1.000000000000000000e+01,9.200000000000000000e+02,9.458613573920841588e+01
1.000000000000000000e+01,9.300000000000000000e+02,9.506111512548866926e+01
1.000000000000000000e+01,9.400000000000000000e+02,9.559952625089357525e+01
1.000000000000000000e+01,9.500000000000000000e+02,9.617785363453201342e+01
1.000000000000000000e+01,9.600000000000000000e+02,9.677284768985434482e+01
1.000000000000000000e+01,9.700000000000000000e+02,9.736393380557092314e+01
1.000000000000000000e+01,9.800000000000000000e+02,9.793599172576107037e+01
1.000000000000000000e+01,9.900000000000000000e+02,9.848250522917267347e+01
2.000000000000000000e+01,0.000000000000000000e+00,9.792426209636965950e+01
2.000000000000000000e+01,1.000000000000000000e+01,9.759725347776489457e+01
2.000000000000000000e+01,2.000000000000000000e+01,9.736107756214805420e+01
2.000000000000000000e+01,3.000000000000000000e+01,9.727674680013880959e+01
2.000000000000000000e+01,4.000000000000000000e+01,9.737737026716355615e+01
2.000000000000000000e+01,5.000000000000000000e+01,9.767293987260673305e+01
2.000000000000000000e+01,6.000000000000000000e+01,9.815478330511784577e+01
2.000000000000000000e+01,7.000000000000000000e+01,9.879968371407409222e+01
2.000000000000000000e+01,8.000000000000000000e+01,9.957366612719854970e+01
2.000000000000000000e+01,9.000000000000000000e+01,1.004354506043340933e+02
2.000000000000000000e+01,1.000000000000000000e+02,1.013395721273727617e+02
2.000000000000000000e+01,1.100000000000000000e+02,1.022391672263409248e+02
2.000000000000000000e+01,1.200000000000000000e+02,1.030884273416399424e+02
2.000000000000000000e+01,1.300000000000000000e+02,1.038447189224424960e+02
2.000000000000000000e+01,1.400000000000000000e+02,1.044703702612445255e+02
2.000000000000000000e+01,1.500000000000000000e+02,1.049341250645727683e+02
2.000000000000000000e+01,1.600000000000000000e+02,1.052122627598479170e+02
2.000000000000000000e+01,1.700000000000000000e+02,1.052893855384034794e+02
2.000000000000000000e+01,1.800000000000000000e+02,1.051588721346600437e+02
2.000000000000000000e+01,1.900000000000000000e+02,1.048229983414554738e+02
2.000000000000000000e+01,2.000000000000000000e+02,1.042927242615304380e+02
2.000000000000000000e+01,2.100000000000000000e+02,1.035871482951696549e+02
2.000000000000000000e+01,2.200000000000000000e+02,1.027326278639988573e+02
2.000000000000000000e+01,2.300000000000000000e+02,1.017615668709371874e+02
2.000000000000000000e+01,2.400000000000000000e+02,1.007108698963054110e+02
2.000000000000000000e+01,2.500000000000000000e+02,9.962006313008953384e+01
2.000000000000000000e+01,2.600000000000000000e+02,9.853219368657224209e+01
2.000000000000000000e+01,2.700000000000000000e+02,9.749910725265389999e+01
2.000000000000000000e+01,2.800000000000000000e+02,9.656769316834744643e+01
2.000000000000000000e+01,2.900000000000000000e+02,9.577579013993607759e+01
2.000000000000000000e+01,3.000000000000000000e+02,9.515187123654568779e+01
2.000000000000000000e+01,3.100000000000000000e+02,9.471491314602985767e+01
2.000000000000000000e+01,3.200000000000000000e+02,9.447444969016714822e+01
2.000000000000000000e+01,3.300000000000000000e+02,9.443080959917095640e+01
2.000000000000000000e+01,3.400000000000000000e+02,9.457553854551164818e+01
2.000000000000000000e+01,3.500000000000000000e+02,9.489200543705130997e+01
2.000000000000000000e+01,3.600000000000000000e+02,9.535619296949074908e+01
2.000000000000000000e+01,3.700000000000000000e+02,9.593767243812909840e+01
2.000000000000000000e+01,3.800000000000000000e+02,9.660076280893571266e+01
2.000000000000000000e+01,3.900000000000000000e+02,9.730587404893459791e+01
2.000000000000000000e+01,4.000000000000000000e+02,9.801103471590118943e+01
2.000000000000000000e+01,4.100000000000000000e+02,9.867360380737167702e+01
2.000000000000000000e+01,4.200000000000000000e+02,9.925216686896460772e+01
2.000000000000000000e+01,4.300000000000000000e+02,9.970861636201510692e+01
2.000000000000000000e+01,4.400000000000000000e+02,1.000104162905213343e+02
2.000000000000000000e+01,4.500000000000000000e+02,1.001330510874035582e+02
2.000000000000000000e+01,4.600000000000000000e+02,1.000626587600755499e+02
2.000000000000000000e+01,4.700000000000000000e+02,9.979884829532842616e+01
2.000000000000000000e+01,4.800000000000000000e+02,9.935770132352689643e+01
2.000000000000000000e+01,4.900000000000000000e+02,9.877495804211818609e+01
2.000000000000000000e+01,5.000000000000000000e+02,9.810938739845290968e+01
2.000000000000000000e+01,5.100000000000000000e+02,9.743317795457896580e+01
2.000000000000000000e+01,5.200000000000000000e+02,9.678467236144895480e+01
2.000000000000000000e+01,5.300000000000000000e+02,9.618938696587413517e+01
2.000000000000000000e+01,5.400000000000000000e+02,9.566965196125106274e+01
2.000000000000000000e+01,5.500000000000000000e+02,9.524387964125833150e+01
2.000000000000000000e+01,5.600000000000000000e+02,9.492599471676528822e+01
2.000000000000000000e+01,5.700000000000000000e+02,9.472502669595299096e+01
2.000000000000000000e+01,5.800000000000000000e+02,9.464486432764714152e+01
2.000000000000000000e+01,5.900000000000000000e+02,9.468417210786314797e+01
2.000000000000000000e+01,6.000000000000000000e+02,9.483646884956320378e+01
2.000000000000000000e+01,6.100000000000000000e+02,9.509036831562555392e+01
2.000000000000000000e+01,6.200000000000000000e+02,9.542998191502567806e+01
2.000000000000000000e+01,6.300000000000000000e+02,9.583548346222981706e+01
2.000000000000000000e+01,6.400000000000000000e+02,9.628383599980026020e+01
2.000000000000000000e+01,6.500000000000000000e+02,9.674968068421301837e+01
2.000000000000000000e+01,6.600000000000000000e+02,9.720638773488728646e+01
2.000000000000000000e+01,6.700000000000000000e+02,9.762726944642730587e+01
2.000000000000000000e+01,6.800000000000000000e+02,9.798695526407597356e+01
2.000000000000000000e+01,6.900000000000000000e+02,9.826292892238085130e+01
2.000000000000000000e+01,7.000000000000000000e+02,9.843722764707194983e+01
2.000000000000000000e+01,7.100000000000000000e+02,9.849830342015191320e+01
2.000000000000000000e+01,7.200000000000000000e+02,9.844304630819796387e+01
2.000000000000000000e+01,7.300000000000000000e+02,9.827896985387621953e+01
2.000000000000000000e+01,7.400000000000000000e+02,9.802655853066785596e+01
2.000000000000000000e+01,7.500000000000000000e+02,9.772177726080749949e+01
2.000000000000000000e+01,7.600000000000000000e+02,9.740004731571858088e+01
2.000000000000000000e+01,7.700000000000000000e+02,9.704267506657711806e+01
2.000000000000000000e+01,7.800000000000000000e+02,9.663200176223908500e+01
2.000000000000000000e+01,7.900000000000000000e+02,9.616616008432809792e+01
2.000000000000000000e+01,8.000000000000000000e+02,9.565520294464141671e+01
2.000000000000000000e+01,8.100000000000000000e+02,9.511760288640779493e+01
2.000000000000000000e+01,8.200000000000000000e+02,9.457712208939774712e+01
2.000000000000000000e+01,8.300000000000000000e+02,9.406005297888565053e+01
2.000000000000000000e+01,8.400000000000000000e+02,9.359282943846420721e+01
2.000000000000000000e+01,8.500000000000000000e+02,9.320000862671082587e+01
2.000000000000000000e+01,8.600000000000000000e+02,9.290262339770625033e+01
2.000000000000000000e+01,8.700000000000000000e+02,9.271690532540532104e+01
2.000000000000000000e+01,8.800000000000000000e+02,9.265337833185972727e+01
2.000000000000000000e+01,8.900000000000000000e+02,9.271632291929296343e+01
2.000000000000000000e+01,9.000000000000000000e+02,9.290361100602747513e+01
2.000000000000000000e+01,9.100000000000000000e+02,9.320691136626371076e+01
2.000000000000000000e+01,9.200000000000000000e+02,9.361226567371157614e+01
2.000000000000000000e+01,9.300000000000000000e+02,9.410103514907372357e+01
2.000000000000000000e+01,9.400000000000000000e+02,9.465121781138120127e+01
2.000000000000000000e+01,9.500000000000000000e+02,9.523913633318103678e+01
2.000000000000000000e+01,9.600000000000000000e+02,9.584149649957606698e+01
2.000000000000000000e+01,9.700000000000000000e+02,9.643781627111681587e+01
2.000000000000000000e+01,9.800000000000000000e+02,9.701322545054549096e+01
2.000000000000000000e+01,9.900000000000000000e+02,9.756163595339219796e+01
3.000000000000000000e+01,0.000000000000000000e+00,9.702746420909774372e+01
3.000000000000000000e+01,1.000000000000000000e+01,9.669532359506071373e+01
3.000000000000000000e+01,2.000000000000000000e+01,9.645584986011746764e+01
3.000000000000000000e+01,3.000000000000000000e+01,9.637170127717780588e+01
3.000000000000000000e+01,4.000000000000000000e+01,9.647738824975630223e+01
3.000000000000000000e+01,5.000000000000000000e+01,9.678402488414306504e+01
3.000000000000000000e+01,6.000000000000000000e+01,9.728375636568217999e+01
3.000000000000000000e+01,7.000000000000000000e+01,9.795386213915757878e+01
3.000000000000000000e+01,8.000000000000000000e+01,9.876053489328653257e+01
3.000000000000000000e+01,9.000000000000000000e+01,9.966233534932061389e+01
3.000000000000000000e+01,1.000000000000000000e+02,1.006133228537542976e+02
3.000000000000000000e+01,1.100000000000000000e+02,1.015658617751409167e+02
3.000000000000000000e+01,1.200000000000000000e+02,1.024731037050163991e+02
3.000000000000000000e+01,1.300000000000000000e+02,1.032911454629303307e+02
3.000000000000000000e+01,1.400000000000000000e+02,1.039808629055846581e+02
3.000000000000000000e+01,1.500000000000000000e+02,1.045094205400799439e+02
3.000000000000000000e+01,1.600000000000000000e+02,1.048514569412691344e+02
3.000000000000000000e+01,1.700000000000000000e+02,1.049899459732188092e+02
3.000000000000000000e+01,1.800000000000000000e+02,1.049167338147780839e+02
3.000000000000000000e+01,1.900000000000000000e+02,1.046327517892549537e+02
3.000000000000000000e+01,2.000000000000000000e+02,1.041479049982002323e+02
3.000000000000000000e+01,2.100000000000000000e+02,1.034806367592990028e+02
3.000000000000000000e+01,2.200000000000000000e+02,1.026571688483696221e+02
3.000000000000000000e+01,2.300000000000000000e+02,1.017104175454702215e+02
3.000000000000000000e+01,2.400000000000000000e+02,1.006785854851128619e+02
3.000000000000000000e+01,2.500000000000000000e+02,9.960342931058501392e+01
3.000000000000000000e+01,2.600000000000000000e+02,9.852997855643077685e+01
3.000000000000000000e+01,2.700000000000000000e+02,9.750775526727456111e+01
3.000000000000000000e+01,2.800000000000000000e+02,9.658074093318970199e+01
3.000000000000000000e+01,2.900000000000000000e+02,9.578455816512052934e+01
3.000000000000000000e+01,3.000000000000000000e+02,9.514613318579473855e+01
3.000000000000000000e+01,3.100000000000000000e+02,9.468353578929740877e+01
3.000000000000000000e+01,3.200000000000000000e+02,9.440599676930673922e+01
3.000000000000000000e+01,3.300000000000000000e+02,9.431410281599163170e+01
3.000000000000000000e+01,3.400000000000000000e+02,9.440016888157094854e+01
3.000000000000000000e+01,3.500000000000000000e+02,9.464878801453455992e+01
3.000000000000000000e+01,3.600000000000000000e+02,9.503755866252610929e+01
3.000000000000000000e+01,3.700000000000000000e+02,9.553798944388761072e+01
3.000000000000000000e+01,3.800000000000000000e+02,9.611658138786570760e+01
3.000000000000000000e+01,3.900000000000000000e+02,9.673608764347972055e+01
3.000000000000000000e+01,4.000000000000000000e+02,9.735695065705145623e+01
3.000000000000000000e+01,4.100000000000000000e+02,9.793891681839673424e+01
3.000000000000000000e+01,4.200000000000000000e+02,9.844282857567878864e+01
3.000000000000000000e+01,4.300000000000000000e+02,9.883259401892318863e+01
3.000000000000000000e+01,4.400000000000000000e+02,9.907733393219473328e+01
3.000000000000000000e+01,4.500000000000000000e+02,9.915370631443603600e+01
3.000000000000000000e+01,4.600000000000000000e+02,9.904840836896775613e+01
3.000000000000000000e+01,4.700000000000000000e+02,9.876085596165079039e+01
3.000000000000000000e+01,4.800000000000000000e+02,9.830604054770988398e+01
3.000000000000000000e+01,4.900000000000000000e+02,9.771756356721952841e+01
3.000000000000000000e+01,5.000000000000000000e+02,9.705084830925096639e+01
3.000000000000000000e+01,5.100000000000000000e+02,9.637419616998352012e+01
3.000000000000000000e+01,5.200000000000000000e+02,9.572446393182849533e+01
3.000000000000000000e+01,5.300000000000000000e+02,9.512657616328615973e+01
3.000000000000000000e+01,5.400000000000000000e+02,9.460246185083269665e+01
3.000000000000000000e+01,5.500000000000000000e+02,9.417030202926611082e+01
3.000000000000000000e+01,5.600000000000000000e+02,9.384393986253127196e+01
3.000000000000000000e+01,5.700000000000000000e+02,9.363245317502428122e+01
3.000000000000000000e+01,5.800000000000000000e+02,9.353988943337606088e+01
3.000000000000000000e+01,5.900000000000000000e+02,9.356516317871512456e+01
3.000000000000000000e+01,6.000000000000000000e+02,9.370211590940972712e+01
3.000000000000000000e+01,6.100000000000000000e+02,9.393973841428912408e+01
3.000000000000000000e+01,6.200000000000000000e+02,9.426255555634413952e+01
3.000000000000000000e+01,6.300000000000000000e+02,9.465117350690697151e+01
3.000000000000000000e+01,6.400000000000000000e+02,9.508298943031027761e+01
3.000000000000000000e+01,6.500000000000000000e+02,9.553306361902538413e+01
3.000000000000000000e+01,6.600000000000000000e+02,9.597515407927987496e+01
3.000000000000000000e+01,6.700000000000000000e+02,9.638291356715440372e+01
3.000000000000000000e+01,6.800000000000000000e+02,9.673124907515860116e+01
3.000000000000000000e+01,6.900000000000000000e+02,9.699784376928649010e+01
3.000000000000000000e+01,7.000000000000000000e+02,9.716484137655088205e+01
3.000000000000000000e+01,7.100000000000000000e+02,9.722069302299719595e+01
3.000000000000000000e+01,7.200000000000000000e+02,9.716216652219641503e+01
3.000000000000000000e+01,7.300000000000000000e+02,9.699651811421735204e+01
3.000000000000000000e+01,7.400000000000000000e+02,9.674382665507818047e+01
3.000000000000000000e+01,7.500000000000000000e+02,9.643949025667704689e+01
3.000000000000000000e+01,7.600000000000000000e+02,9.611859756603985261e+01
3.000000000000000000e+01,7.700000000000000000e+02,9.576351305023048610e+01
3.000000000000000000e+01,7.800000000000000000e+02,9.535771156929278902e+01
3.000000000000000000e+01,7.900000000000000000e+02,9.490013664012735717e+01
3.000000000000000000e+01,8.000000000000000000e+02,9.440135511627897813e+01
3.000000000000000000e+01,8.100000000000000000e+02,9.388008323214461370e+01
3.000000000000000000e+01,8.200000000000000000e+02,9.336008401160204073e+01
3.000000000000000000e+01,8.300000000000000000e+02,9.286743604105896566e+01
3.000000000000000000e+01,8.400000000000000000e+02,9.242817360692286854e+01
3.000000000000000000e+01,8.500000000000000000e+02,9.206629819749126398e+01
3.000000000000000000e+01,8.600000000000000000e+02,9.180216136926277670e+01
3.000000000000000000e+01,8.700000000000000000e+02,9.165121897766860570e+01
3.000000000000000000e+01,8.800000000000000000e+02,9.162315677222464672e+01
3.000000000000000000e+01,8.900000000000000000e+02,9.172138735610427318e+01
3.000000000000000000e+01,9.000000000000000000e+02,9.194291851013159089e+01
3.000000000000000000e+01,9.100000000000000000e+02,9.227859288119535108e+01
3.000000000000000000e+01,9.200000000000000000e+02,9.271369903508349353e+01
3.000000000000000000e+01,9.300000000000000000e+02,9.322895387373812071e+01
3.000000000000000000e+01,9.400000000000000000e+02,9.380185641693128673e+01
3.000000000000000000e+01,9.500000000000000000e+02,9.440841294836117470e+01
3.000000000000000000e+01,9.600000000000000000e+02,9.502523352616897512e+01
3.000000000000000000e+01,9.700000000000000000e+02,9.563199985787633750e+01
3.000000000000000000e+01,9.800000000000000000e+02,9.621430453974336672e+01
3.000000000000000000e+01,9.900000000000000000e+02,9.676686166054730620e+01
4.000000000000000000e+01,0.000000000000000000e+00,9.628183230390763470e+01
4.000000000000000000e+01,1.000000000000000000e+01,9.594014430264550697e+01
4.000000000000000000e+01,2.000000000000000000e+01,9.569213575489828827e+01
4.000000000000000000e+01,3.000000000000000000e+01,9.560166536956835159e+01
4.000000000000000000e+01,4.000000000000000000e+01,9.570453396148363368e+01
4.000000000000000000e+01,5.000000000000000000e+01,9.601312431067094622e+01
4.000000000000000000e+01,6.000000000000000000e+01,9.652073297332991331e+01
4.000000000000000000e+01,7.000000000000000000e+01,9.720559404450763452e+01
4.000000000000000000e+01,8.000000000000000000e+01,9.803459487247413051e+01
4.000000000000000000e+01,9.000000000000000000e+01,9.896668372479845743e+01
4.000000000000000000e+01,1.000000000000000000e+02,9.995596940612554704e+01
4.000000000000000000e+01,1.100000000000000000e+02,1.009545128276538009e+02
4.000000000000000000e+01,1.200000000000000000e+02,1.019148105283133532e+02
4.000000000000000000e+01,1.300000000000000000e+02,1.027919701476451451e+02
4.000000000000000000e+01,1.400000000000000000e+02,1.035455778503805817e+02
4.000000000000000000e+01,1.500000000000000000e+02,1.041412577027220578e+02
4.000000000000000000e+01,1.600000000000000000e+02,1.045519230003240949e+02
4.000000000000000000e+01,1.700000000000000000e+02,1.047587195479753035e+02
4.000000000000000000e+01,1.800000000000000000e+02,1.047516608909809150e+02
4.000000000000000000e+01,1.900000000000000000e+02,1.045299554982462382e+02
4.000000000000000000e+01,2.000000000000000000e+02,1.041020258970606278e+02
4.000000000000000000e+01,2.100000000000000000e+02,1.034852197595823355e+02
4.000000000000000000e+01,2.200000000000000000e+02,1.027052129410240298e+02
4.000000000000000000e+01,2.300000000000000000e+02,1.017951044695389413e+02
4.000000000000000000e+01,2.400000000000000000e+02,1.007942034878079482e+02
4.000000000000000000e+01,2.500000000000000000e+02,9.974650814632714457e+01
4.000000000000000000e+01,2.600000000000000000e+02,9.869907951719729056e+01
4.000000000000000000e+01,2.700000000000000000e+02,9.769845651656822838e+01
4.000000000000000000e+01,2.800000000000000000e+02,9.678490876571616752e+01
4.000000000000000000e+01,2.900000000000000000e+02,9.599113366689213933e+01
4.000000000000000000e+01,3.000000000000000000e+02,9.534192121478025683e+01
4.000000000000000000e+01,3.100000000000000000e+02,9.485398418428810885e+01
4.000000000000000000e+01,3.200000000000000000e+02,9.453595369466914633e+01
4.000000000000000000e+01,3.300000000000000000e+02,9.438854014997703246e+01
4.000000000000000000e+01,3.400000000000000000e+02,9.440485955585202760e+01
4.000000000000000000e+01,3.500000000000000000e+02,9.457092521263950857e+01
4.000000000000000000e+01,3.600000000000000000e+02,9.486630478484028117e+01
4.000000000000000000e+01,3.700000000000000000e+02,9.526494274689315489e+01
4.000000000000000000e+01,3.800000000000000000e+02,9.573614820528933933e+01
4.000000000000000000e+01,3.900000000000000000e+02,9.624574809701900335e+01
4.000000000000000000e+01,4.000000000000000000e+02,9.675740576434974116e+01
4.000000000000000000e+01,4.100000000000000000e+02,9.723410490593711586e+01
4.000000000000000000e+01,4.200000000000000000e+02,9.763979890426723784e+01
4.000000000000000000e+01,4.300000000000000000e+02,9.794122552943130700e+01
4.000000000000000000e+01,4.400000000000000000e+02,9.810988701923223232e+01
4.000000000000000000e+01,4.500000000000000000e+02,9.812419553562318697e+01
4.000000000000000000e+01,4.600000000000000000e+02,9.797178399747825495e+01
4.000000000000000000e+01,4.700000000000000000e+02,9.765198228969516947e+01
4.000000000000000000e+01,4.800000000000000000e+02,9.717845884862973094e+01
4.000000000000000000e+01,4.900000000000000000e+02,9.658202762386282814e+01
4.000000000000000000e+01,5.000000000000000000e+02,9.591362041629881219e+01
4.000000000000000000e+01,5.100000000000000000e+02,9.523627181212761172e+01
4.000000000000000000e+01,5.200000000000000000e+02,9.458495363811256595e+01
4.000000000000000000e+01,5.300000000000000000e+02,9.398392558424298215e+01
4.000000000000000000e+01,5.400000000000000000e+02,9.345467303330444508e+01
4.000000000000000000e+01,5.500000000000000000e+02,9.301512921244487586e+01
4.000000000000000000e+01,5.600000000000000000e+02,9.267906048483877157e+01
4.000000000000000000e+01,5.700000000000000000e+02,9.245561478144993828e+01
4.000000000000000000e+01,5.800000000000000000e+02,9.234903317289233371e+01
4.000000000000000000e+01,5.900000000000000000e+02,9.235852458138940335e+01
4.000000000000000000e+01,6.000000000000000000e+02,9.247830363283161148e+01
4.000000000000000000e+01,6.100000000000000000e+02,9.269779164893239454e+01
4.000000000000000000e+01,6.200000000000000000e+02,9.300198077948230946e+01
4.000000000000000000e+01,6.300000000000000000e+02,9.337196127470161855e+01
4.000000000000000000e+01,6.400000000000000000e+02,9.378561189769112616e+01
4.000000000000000000e+01,6.500000000000000000e+02,9.421845347698129558e+01
4.000000000000000000e+01,6.600000000000000000e+02,9.464466559917983091e+01
4.000000000000000000e+01,6.700000000000000000e+02,9.503826644171738280e+01
4.000000000000000000e+01,6.800000000000000000e+02,9.537445574569169082e+01
4.000000000000000000e+01,6.900000000000000000e+02,9.563112092881007698e+01
4.000000000000000000e+01,7.000000000000000000e+02,9.579050633843007745e+01
4.000000000000000000e+01,7.100000000000000000e+02,9.584104564469862453e+01
4.000000000000000000e+01,7.200000000000000000e+02,9.577935737378938086e+01
4.000000000000000000e+01,7.300000000000000000e+02,9.561240358123841077e+01
4.000000000000000000e+01,7.400000000000000000e+02,9.535981166537830234e+01
4.000000000000000000e+01,7.500000000000000000e+02,9.505635932087035656e+01
4.000000000000000000e+01,7.600000000000000000e+02,9.473688961221573379e+01
4.000000000000000000e+01,7.700000000000000000e+02,9.438543632498753766e+01
4.000000000000000000e+01,7.800000000000000000e+02,9.398720530435572584e+01
4.000000000000000000e+01,7.900000000000000000e+02,9.354238361651400169e+01
4.000000000000000000e+01,8.000000000000000000e+02,9.306233199980786708e+01
4.000000000000000000e+01,8.100000000000000000e+02,9.256615003465192615e+01
4.000000000000000000e+01,8.200000000000000000e+02,9.207761403223656771e+01
4.000000000000000000e+01,8.300000000000000000e+02,9.162248764202387008e+01
4.000000000000000000e+01,8.400000000000000000e+02,9.122620517803279938e+01
4.000000000000000000e+01,8.500000000000000000e+02,9.091192766391375812e+01
4.000000000000000000e+01,8.600000000000000000e+02,9.069897159681232779e+01
4.000000000000000000e+01,8.700000000000000000e+02,9.060161043002240433e+01
4.000000000000000000e+01,8.800000000000000000e+02,9.062824877442855609e+01
4.000000000000000000e+01,8.900000000000000000e+02,9.078096931873766096e+01
4.000000000000000000e+01,9.000000000000000000e+02,9.105545246849990804e+01
4.000000000000000000e+01,9.100000000000000000e+02,9.144126870391900752e+01
4.000000000000000000e+01,9.200000000000000000e+02,9.192254365645175085e+01
4.000000000000000000e+01,9.300000000000000000e+02,9.247899590419682170e+01
4.000000000000000000e+01,9.400000000000000000e+02,9.308734748607292886e+01
4.000000000000000000e+01,9.500000000000000000e+02,9.372310713478620414e+01
4.000000000000000000e+01,9.600000000000000000e+02,9.436272622858686532e+01
4.000000000000000000e+01,9.700000000000000000e+02,9.498612746181527200e+01
4.000000000000000000e+01,9.800000000000000000e+02,9.557960623423716129e+01
4.000000000000000000e+01,9.900000000000000000e+02,9.613910475916821952e+01
5.000000000000000000e+01,0.000000000000000000e+00,9.571691821563121039e+01
5.000000000000000000e+01,1.000000000000000000e+01,9.536063131096864254e+01
5.000000000000000000e+01,2.000000000000000000e+01,9.509801527407559263e+01
5.000000000000000000e+01,3.000000000000000000e+01,9.499355671817174596e+01
5.000000000000000000e+01,4.000000000000000000e+01,9.508417542783013232e+01
5.000000000000000000e+01,5.000000000000000000e+01,9.538366272560367065e+01
5.000000000000000000e+01,6.000000000000000000e+01,9.588683601311714710e+01
5.000000000000000000e+01,7.000000000000000000e+01,9.657340948662444191e+01
5.000000000000000000e+01,8.000000000000000000e+01,9.741158102703090549e+01
5.000000000000000000e+01,9.000000000000000000e+01,9.836133526438123909e+01
5.000000000000000000e+01,1.000000000000000000e+02,9.937746281681239680e+01
5.000000000000000000e+01,1.100000000000000000e+02,1.004122957039719779e+02
5.000000000000000000e+01,1.200000000000000000e+02,1.014181589349017827e+02
5.000000000000000000e+01,1.300000000000000000e+02,1.023495382703866312e+02
5.000000000000000000e+01,1.400000000000000000e+02,1.031649641597685445e+02
5.000000000000000000e+01,1.500000000000000000e+02,1.038286118522261177e+02
5.000000000000000000e+01,1.600000000000000000e+02,1.043116176825192554e+02
5.000000000000000000e+01,1.700000000000000000e+02,1.045931115311990425e+02
5.000000000000000000e+01,1.800000000000000000e+02,1.046609654592830765e+02
5.000000000000000000e+01,1.900000000000000000e+02,1.045122585173958925e+02
5.000000000000000000e+01,2.000000000000000000e+02,1.041534577293748356e+02
5.000000000000000000e+01,2.100000000000000000e+02,1.036003152503410547e+02
5.000000000000000000e+01,2.200000000000000000e+02,1.028774816992359149e+02
5.000000000000000000e+01,2.300000000000000000e+02,1.020178356658224885e+02
5.000000000000000000e+01,2.400000000000000000e+02,1.010615293921526074e+02
5.000000000000000000e+01,2.500000000000000000e+02,1.000547506284989083e+02
5.000000000000000000e+01,2.600000000000000000e+02,9.904661229413906653e+01
5.000000000000000000e+01,2.700000000000000000e+02,9.808005202406602052e+01
5.000000000000000000e+01,2.800000000000000000e+02,9.719085052534238400e+01
5.000000000000000000e+01,2.900000000000000000e+02,9.640806868089384807e+01
5.000000000000000000e+01,3.000000000000000000e+02,9.575374704791185820e+01
5.000000000000000000e+01,3.100000000000000000e+02,9.524275259306445207e+01
5.000000000000000000e+01,3.200000000000000000e+02,9.488277266451483172e+01
5.000000000000000000e+01,3.300000000000000000e+02,9.467445620074786916e+01
5.000000000000000000e+01,3.400000000000000000e+02,9.461170217620451695e+01
5.000000000000000000e+01,3.500000000000000000e+02,9.468209528372410944e+01
5.000000000000000000e+01,3.600000000000000000e+02,9.486748885379458329e+01
5.000000000000000000e+01,3.700000000000000000e+02,9.514473501061051763e+01
5.000000000000000000e+01,3.800000000000000000e+02,9.548656206493919285e+01
5.000000000000000000e+01,3.900000000000000000e+02,9.586259914379444069e+01
5.000000000000000000e+01,4.000000000000000000e+02,9.624054805691841352e+01
5.000000000000000000e+01,4.100000000000000000e+02,9.658750240007127275e+01
5.000000000000000000e+01,4.200000000000000000e+02,9.687141389512879641e+01
5.000000000000000000e+01,4.300000000000000000e+02,9.706270596698780651e+01
5.000000000000000000e+01,4.400000000000000000e+02,9.713603455727951541e+01
5.000000000000000000e+01,4.500000000000000000e+02,9.707219617489084840e+01
5.000000000000000000e+01,4.600000000000000000e+02,9.686018318329357157e+01
5.000000000000000000e+01,4.700000000000000000e+02,9.649938632468135324e+01
5.000000000000000000e+01,4.800000000000000000e+02,9.600194448091460231e+01
5.000000000000000000e+01,4.900000000000000000e+02,9.539524167127358112e+01
5.000000000000000000e+01,5.000000000000000000e+02,9.472455128701884064e+01
5.000000000000000000e+01,5.100000000000000000e+02,9.404622195342619762e+01
5.000000000000000000e+01,5.200000000000000000e+02,9.339294183755545475e+01
5.000000000000000000e+01,5.300000000000000000e+02,9.278824434463831494e+01
5.000000000000000000e+01,5.400000000000000000e+02,9.225313819704570051e+01
5.000000000000000000e+01,5.500000000000000000e+02,9.180529920425055934e+01
5.000000000000000000e+01,5.600000000000000000e+02,9.145842620737643358e+01
5.000000000000000000e+01,5.700000000000000000e+02,9.122176119833156349e+01
5.000000000000000000e+01,5.800000000000000000e+02,9.109977361352864023e+01
5.000000000000000000e+01,5.900000000000000000e+02,9.109200880219032115e+01
5.000000000000000000e+01,6.000000000000000000e+02,9.119310066924018088e+01
5.000000000000000000e+01,6.100000000000000000e+02,9.139294849277953858e+01
5.000000000000000000e+01,6.200000000000000000e+02,9.167705791614963573e+01
5.000000000000000000e+01,6.300000000000000000e+02,9.202704611457980377e+01
5.000000000000000000e+01,6.400000000000000000e+02,9.242131113642089701e+01
5.000000000000000000e+01,6.500000000000000000e+02,9.283586541896471545e+01
5.000000000000000000e+01,6.600000000000000000e+02,9.324533347884877799e+01
5.000000000000000000e+01,6.700000000000000000e+02,9.362411377704692939e+01
5.000000000000000000e+01,6.800000000000000000e+02,9.394770475844545388e+01
5.000000000000000000e+01,6.900000000000000000e+02,9.419419506600502245e+01
5.000000000000000000e+01,7.000000000000000000e+02,9.434591792950794797e+01
5.000000000000000000e+01,7.100000000000000000e+02,9.439126972889147282e+01
5.000000000000000000e+01,7.200000000000000000e+02,9.432669273216635020e+01
5.000000000000000000e+01,7.300000000000000000e+02,9.415882200792128742e+01
5.000000000000000000e+01,7.400000000000000000e+02,9.390679651241302395e+01
5.000000000000000000e+01,7.500000000000000000e+02,9.360473435124181663e+01
5.000000000000000000e+01,7.600000000000000000e+02,9.328732977415779715e+01
5.000000000000000000e+01,7.700000000000000000e+02,9.294087113430033753e+01
5.000000000000000000e+01,7.800000000000000000e+02,9.255286679926867066e+01
5.000000000000000000e+01,7.900000000000000000e+02,9.212516445624824257e+01
5.000000000000000000e+01,8.000000000000000000e+02,9.167019171919295673e+01
5.000000000000000000e+01,8.100000000000000000e+02,9.120757148646514167e+01
5.000000000000000000e+01,8.200000000000000000e+02,9.076111204893314266e+01
5.000000000000000000e+01,8.300000000000000000e+02,9.035617194852649448e+01
5.000000000000000000e+01,8.400000000000000000e+02,9.001739958724886037e+01
5.000000000000000000e+01,8.500000000000000000e+02,8.976684758664853803e+01
5.000000000000000000e+01,8.600000000000000000e+02,8.962246189774664629e+01
5.000000000000000000e+01,8.700000000000000000e+02,8.959694566142289318e+01
5.000000000000000000e+01,8.800000000000000000e+02,8.969699781925915261e+01
5.000000000000000000e+01,8.900000000000000000e+02,8.992292647484053703e+01
5.000000000000000000e+01,9.000000000000000000e+02,9.026863700551412251e+01
5.000000000000000000e+01,9.100000000000000000e+02,9.072199492460548242e+01
5.000000000000000000e+01,9.200000000000000000e+02,9.126556349409266033e+01
5.000000000000000000e+01,9.300000000000000000e+02,9.187771608773795151e+01
5.000000000000000000e+01,9.400000000000000000e+02,9.253412330467725155e+01
5.000000000000000000e+01,9.500000000000000000e+02,9.320961483346707155e+01
5.000000000000000000e+01,9.600000000000000000e+02,9.388041606658921978e+01
5.000000000000000000e+01,9.700000000000000000e+02,9.452675946541313579e+01
5.000000000000000000e+01,9.800000000000000000e+02,9.513587067561580568e+01
5.000000000000000000e+01,9.900000000000000000e+02,9.570532939305945774e+01
6.000000000000000000e+01,0.000000000000000000e+00,9.535169956269726299e+01
6.000000000000000000e+01,1.000000000000000000e+01,9.497548466747741713e+01
6.000000000000000000e+01,2.000000000000000000e+01,9.469176028487785857e+01
6.000000000000000000e+01,3.000000000000000000e+01,9.456496363973781172e+01
6.000000000000000000e+01,4.000000000000000000e+01,9.463290077800742495e+01
6.000000000000000000e+01,5.000000000000000000e+01,9.491088686605448288e+01
6.000000000000000000e+01,6.000000000000000000e+01,9.539563537765053525e+01
6.000000000000000000e+01,7.000000000000000000e+01,9.606889616863638537e+01
6.000000000000000000e+01,8.000000000000000000e+01,9.690084243926732199e+01
6.000000000000000000e+01,9.000000000000000000e+01,9.785320658423749762e+01
6.000000000000000000e+01,1.000000000000000000e+02,9.888216493038406441e+01
6.000000000000000000e+01,1.100000000000000000e+02,9.994097136207062704e+01
6.000000000000000000e+01,1.200000000000000000e+02,1.009823398342502259e+02
6.000000000000000000e+01,1.300000000000000000e+02,1.019605757732077933e+02
6.000000000000000000e+01,1.400000000000000000e+02,1.028334563649820126e+02
6.000000000000000000e+01,1.500000000000000000e+02,1.035638597314668488e+02
6.000000000000000000e+01,1.600000000000000000e+02,1.041211429941922830e+02
6.000000000000000000e+01,1.700000000000000000e+02,1.044822692257847478e+02
6.000000000000000000e+01,1.800000000000000000e+02,1.046326832891069500e+02
6.000000000000000000e+01,1.900000000000000000e+02,1.045669365640771389e+02
6.000000000000000000e+01,2.000000000000000000e+02,1.042890605621679043e+02
6.000000000000000000e+01,2.100000000000000000e+02,1.038126894285844202e+02
6.000000000000000000e+01,2.200000000000000000e+02,1.031609313321222459e+02
6.000000000000000000e+01,2.300000000000000000e+02,1.023659887427043600e+02
6.000000000000000000e+01,2.400000000000000000e+02,1.014685275965980651e+02
6.000000000000000000e+01,2.500000000000000000e+02,1.005167953493109536e+02
6.000000000000000000e+01,2.600000000000000000e+02,9.956193642715574299e+01
6.000000000000000000e+01,2.700000000000000000e+02,9.864279375891982227e+01
6.000000000000000000e+01,2.800000000000000000e+02,9.779000561083347520e+01
6.000000000000000000e+01,2.900000000000000000e+02,9.702836230041566523e+01
6.000000000000000000e+01,3.000000000000000000e+02,9.637657913983225910e+01
6.000000000000000000e+01,3.100000000000000000e+02,9.584719211835742669e+01
6.000000000000000000e+01,3.200000000000000000e+02,9.544657632393784752e+01
6.000000000000000000e+01,3.300000000000000000e+02,9.517508710386006499e+01
6.000000000000000000e+01,3.400000000000000000e+02,9.502732396452073260e+01
6.000000000000000000e+01,3.500000000000000000e+02,9.499251721029983742e+01
6.000000000000000000e+01,3.600000000000000000e+02,9.505503732153700014e+01
6.000000000000000000e+01,3.700000000000000000e+02,9.519502707161069566e+01
6.000000000000000000e+01,3.800000000000000000e+02,9.538915638312045076e+01
6.000000000000000000e+01,3.900000000000000000e+02,9.561149992317209012e+01
6.000000000000000000e+01,4.000000000000000000e+02,9.583453743776591693e+01
6.000000000000000000e+01,4.100000000000000000e+02,9.603027682528789910e+01
6.000000000000000000e+01,4.200000000000000000e+02,9.617149994910386113e+01
6.000000000000000000e+01,4.300000000000000000e+02,9.623313118925665322e+01
6.000000000000000000e+01,4.400000000000000000e+02,9.619372873326624074e+01
6.000000000000000000e+01,4.500000000000000000e+02,9.603709860603294146e+01
6.000000000000000000e+01,4.600000000000000000e+02,9.575403143884348367e+01
6.000000000000000000e+01,4.700000000000000000e+02,9.534416197748018362e+01
6.000000000000000000e+01,4.800000000000000000e+02,9.481795132943291549e+01
6.000000000000000000e+01,4.900000000000000000e+02,9.419879195021442797e+01
6.000000000000000000e+01,5.000000000000000000e+02,9.352523536877819765e+01
6.000000000000000000e+01,5.100000000000000000e+02,9.284563248116278089e+01
6.000000000000000000e+01,5.200000000000000000e+02,9.219003454910341588e+01
6.000000000000000000e+01,5.300000000000000000e+02,9.158120978113292665e+01
6.000000000000000000e+01,5.400000000000000000e+02,9.103967334632307029e+01
6.000000000000000000e+01,5.500000000000000000e+02,9.058284434943654162e+01
6.000000000000000000e+01,5.600000000000000000e+02,9.022436837775555318e+01
6.000000000000000000e+01,5.700000000000000000e+02,8.997360561958701908e+01
6.000000000000000000e+01,5.800000000000000000e+02,8.983528455444434258e+01
6.000000000000000000e+01,5.900000000000000000e+02,8.980932121490576492e+01
6.000000000000000000e+01,6.000000000000000000e+02,8.989080402014937476e+01
6.000000000000000000e+01,6.100000000000000000e+02,9.007014418116473564e+01
6.000000000000000000e+01,6.200000000000000000e+02,9.033339167764094668e+01
6.000000000000000000e+01,6.300000000000000000e+02,9.066271680653153453e+01
6.000000000000000000e+01,6.400000000000000000e+02,9.103705730229573589e+01
6.000000000000000000e+01,6.500000000000000000e+02,9.143293102881651180e+01
6.000000000000000000e+01,6.600000000000000000e+02,9.182541424299510879e+01
6.000000000000000000e+01,6.700000000000000000e+02,9.218928543002226661e+01
6.000000000000000000e+01,6.800000000000000000e+02,9.250033471032590171e+01
6.000000000000000000e+01,6.900000000000000000e+02,9.273683881819553676e+01
6.000000000000000000e+01,7.000000000000000000e+02,9.288120165208322021e+01
6.000000000000000000e+01,7.100000000000000000e+02,9.292176039658113496e+01
6.000000000000000000e+01,7.200000000000000000e+02,9.285475721607572552e+01
6.000000000000000000e+01,7.300000000000000000e+02,9.268647652007842908e+01
6.000000000000000000e+01,7.400000000000000000e+02,9.243554780023313810e+01
6.000000000000000000e+01,7.500000000000000000e+02,9.213541403899998272e+01
6.000000000000000000e+01,7.600000000000000000e+02,9.182071948087710211e+01
6.000000000000000000e+01,7.700000000000000000e+02,9.148049173064569572e+01
6.000000000000000000e+01,7.800000000000000000e+02,9.110501437880013498e+01
6.000000000000000000e+01,7.900000000000000000e+02,9.069814495693304934e+01
6.000000000000000000e+01,8.000000000000000000e+02,9.027361091190812203e+01
6.000000000000000000e+01,8.100000000000000000e+02,8.985168307428961043e+01
6.000000000000000000e+01,8.200000000000000000e+02,8.945622662102871914e+01
6.000000000000000000e+01,8.300000000000000000e+02,8.911212953240691093e+01
6.000000000000000000e+01,8.400000000000000000e+02,8.884310854323599926e+01
6.000000000000000000e+01,8.500000000000000000e+02,8.866989258831512188e+01
6.000000000000000000e+01,8.600000000000000000e+02,8.860878374214462383e+01
6.000000000000000000e+01,8.700000000000000000e+02,8.867059565289670786e+01
6.000000000000000000e+01,8.800000000000000000e+02,8.885996947064298013e+01
6.000000000000000000e+01,8.900000000000000000e+02,8.917506726983889109e+01
6.000000000000000000e+01,9.000000000000000000e+02,8.960764296606501489e+01
6.000000000000000000e+01,9.100000000000000000e+02,9.014349072702515286e+01
6.000000000000000000e+01,9.200000000000000000e+02,9.076327087780126135e+01
6.000000000000000000e+01,9.300000000000000000e+02,9.144371330036544521e+01
6.000000000000000000e+01,9.400000000000000000e+02,9.215919832734849138e+01
6.000000000000000000e+01,9.500000000000000000e+02,9.288371513006552505e+01
6.000000000000000000e+01,9.600000000000000000e+02,9.359319760079840478e+01
6.000000000000000000e+01,9.700000000000000000e+02,9.426823772933499868e+01
6.000000000000000000e+01,9.800000000000000000e+02,9.489717647376527054e+01
6.000000000000000000e+01,9.900000000000000000e+02,9.547957212553437500e+01
7.000000000000000000e+01,0.000000000000000000e+00,9.519482735110642579e+01
7.000000000000000000e+01,1.000000000000000000e+01,9.479339600821583645e+01
7.000000000000000000e+01,2.000000000000000000e+01,9.448200572803874309e+01
7.000000000000000000e+01,3.000000000000000000e+01,9.432428979398324032e+01
7.000000000000000000e+01,4.000000000000000000e+01,9.435865128032506277e+01
7.000000000000000000e+01,5.000000000000000000e+01,9.460200735242791836e+01
7.000000000000000000e+01,6.000000000000000000e+01,9.505332356159871665e+01
7.000000000000000000e+01,7.000000000000000000e+01,9.569693813457729448e+01
7.000000000000000000e+01,8.000000000000000000e+01,9.650567625766095148e+01
7.000000000000000000e+01,9.000000000000000000e+01,9.744375435546362496e+01
7.000000000000000000e+01,1.000000000000000000e+02,9.846947436430968992e+01
7.000000000000000000e+01,1.100000000000000000e+02,9.953770800026256893e+01
7.000000000000000000e+01,1.200000000000000000e+02,1.006021710217879104e+02
7.000000000000000000e+01,1.300000000000000000e+02,1.016174874870514770e+02
7.000000000000000000e+01,1.400000000000000000e+02,1.025410440058517452e+02
7.000000000000000000e+01,1.500000000000000000e+02,1.033346339861871428e+02
7.000000000000000000e+01,1.600000000000000000e+02,1.039658918754580270e+02
7.000000000000000000e+01,1.700000000000000000e+02,1.044095173963033005e+02
7.000000000000000000e+01,1.800000000000000000e+02,1.046482897770716818e+02
7.000000000000000000e+01,1.900000000000000000e+02,1.046738719769277282e+02
7.000000000000000000e+01,2.000000000000000000e+02,1.044874049055925127e+02
7.000000000000000000e+01,2.100000000000000000e+02,1.040998916377189403e+02
7.000000000000000000e+01,2.200000000000000000e+02,1.035323716219018166e+02
7.000000000000000000e+01,2.300000000000000000e+02,1.028158848843225002e+02
7.000000000000000000e+01,2.400000000000000000e+02,1.019912262270284202e+02
7.000000000000000000e+01,2.500000000000000000e+02,1.011084894208470217e+02
7.000000000000000000e+01,2.600000000000000000e+02,1.002207832504234943e+02
7.000000000000000000e+01,2.700000000000000000e+02,9.936254471923568587e+01
7.000000000000000000e+01,2.800000000000000000e+02,9.855880801080728304e+01
7.000000000000000000e+01,2.900000000000000000e+02,9.782959449510391892e+01
7.000000000000000000e+01,3.000000000000000000e+02,9.718980276662371409e+01
7.000000000000000000e+01,3.100000000000000000e+02,9.664919063812668298e+01
7.000000000000000000e+01,3.200000000000000000e+02,9.621244909000290590e+01
7.000000000000000000e+01,3.300000000000000000e+02,9.587936817527942424e+01
7.000000000000000000e+01,3.400000000000000000e+02,9.564509488026607187e+01
7.000000000000000000e+01,3.500000000000000000e+02,9.550048294083988765e+01
7.000000000000000000e+01,3.600000000000000000e+02,9.543253461436849250e+01
7.000000000000000000e+01,3.700000000000000000e+02,9.542493440727217546e+01
7.000000000000000000e+01,3.800000000000000000e+02,9.545867475822471704e+01
7.000000000000000000e+01,3.900000000000000000e+02,9.551277367699310616e+01
7.000000000000000000e+01,4.000000000000000000e+02,9.556508433891593768e+01
7.000000000000000000e+01,4.100000000000000000e+02,9.559319663502068920e+01
7.000000000000000000e+01,4.200000000000000000e+02,9.557543067777970691e+01
7.000000000000000000e+01,4.300000000000000000e+02,9.549192226250498550e+01
7.000000000000000000e+01,4.400000000000000000e+02,9.532580028438179909e+01
7.000000000000000000e+01,4.500000000000000000e+02,9.506445611114104111e+01
7.000000000000000000e+01,4.600000000000000000e+02,9.470090491137038669e+01
7.000000000000000000e+01,4.700000000000000000e+02,9.423523893846424926e+01
7.000000000000000000e+01,4.800000000000000000e+02,9.367617277021241762e+01
7.000000000000000000e+01,4.900000000000000000e+02,9.304268050402771451e+01
7.000000000000000000e+01,5.000000000000000000e+02,9.236572490781219358e+01
7.000000000000000000e+01,5.100000000000000000e+02,9.168456581243106029e+01
7.000000000000000000e+01,5.200000000000000000e+02,9.102634277234292881e+01
7.000000000000000000e+01,5.300000000000000000e+02,9.041304927199837493e+01
7.000000000000000000e+01,5.400000000000000000e+02,8.986471038103096021e+01
7.000000000000000000e+01,5.500000000000000000e+02,8.939850140851636695e+01
7.000000000000000000e+01,5.600000000000000000e+02,8.902803388447249233e+01
7.000000000000000000e+01,5.700000000000000000e+02,8.876280886860058672e+01
7.000000000000000000e+01,5.800000000000000000e+02,8.860783758626746476e+01
7.000000000000000000e+01,5.900000000000000000e+02,8.856342939172864703e+01
7.000000000000000000e+01,6.000000000000000000e+02,8.862514705859277342e+01
7.000000000000000000e+01,6.100000000000000000e+02,8.878392939752669122e+01
7.000000000000000000e+01,6.200000000000000000e+02,8.902638120120195708e+01
7.000000000000000000e+01,6.300000000000000000e+02,8.933523051648208479e+01
7.000000000000000000e+01,6.400000000000000000e+02,8.968995324385099366e+01
7.000000000000000000e+01,6.500000000000000000e+02,9.006756506408241592e+01
7.000000000000000000e+01,6.600000000000000000e+02,9.044358069215037688e+01
7.000000000000000000e+01,6.700000000000000000e+02,9.079314045838070513e+01
7.000000000000000000e+01,6.800000000000000000e+02,9.109230421684351597e+01
7.000000000000000000e+01,6.900000000000000000e+02,9.131951258098688129e+01
7.000000000000000000e+01,7.000000000000000000e+02,9.145721548651131627e+01
7.000000000000000000e+01,7.100000000000000000e+02,9.149366808148553787e+01
7.000000000000000000e+01,7.200000000000000000e+02,9.142489394370304012e+01
7.000000000000000000e+01,7.300000000000000000e+02,9.125681562527988433e+01
7.000000000000000000e+01,7.400000000000000000e+02,9.100755252449344823e+01
7.000000000000000000e+01,7.500000000000000000e+02,9.070988608486210580e+01
7.000000000000000000e+01,7.600000000000000000e+02,9.039850491866677373e+01
7.000000000000000000e+01,7.700000000000000000e+02,9.006550762989002124e+01
7.000000000000000000e+01,7.800000000000000000e+02,8.970427567765679555e+01
7.000000000000000000e+01,7.900000000000000000e+02,8.932092093715773728e+01
7.000000000000000000e+01,8.000000000000000000e+02,8.893063998636928602e+01
7.000000000000000000e+01,8.100000000000000000e+02,8.855444933484955072e+01
7.000000000000000000e+01,8.200000000000000000e+02,8.821630159460951859e+01
7.000000000000000000e+01,8.300000000000000000e+02,8.794058259305990077e+01
7.000000000000000000e+01,8.400000000000000000e+02,8.774998942803355817e+01
7.000000000000000000e+01,8.500000000000000000e+02,8.766378946488336510e+01
7.000000000000000000e+01,8.600000000000000000e+02,8.769646027565572410e+01
7.000000000000000000e+01,8.700000000000000000e+02,8.785671052033951867e+01
7.000000000000000000e+01,8.800000000000000000e+02,8.814688177019073123e+01
7.000000000000000000e+01,8.900000000000000000e+02,8.856273127313245652e+01
7.000000000000000000e+01,9.000000000000000000e+02,8.909359566123062280e+01
7.000000000000000000e+01,9.100000000000000000e+02,8.972293560024507997e+01
7.000000000000000000e+01,9.200000000000000000e+02,9.042926138125640989e+01
7.000000000000000000e+01,9.300000000000000000e+02,9.118743945436810350e+01
7.000000000000000000e+01,9.400000000000000000e+02,9.197037990448444589e+01
7.000000000000000000e+01,9.500000000000000000e+02,9.275110486916382513e+01
7.000000000000000000e+01,9.600000000000000000e+02,9.350519789854760688e+01
7.000000000000000000e+01,9.700000000000000000e+02,9.421363425736460329e+01
7.000000000000000000e+01,9.800000000000000000e+02,9.486599216901103659e+01
7.000000000000000000e+01,9.900000000000000000e+02,9.546404500170608287e+01
8.000000000000000000e+01,0.000000000000000000e+00,9.524504618241050480e+01
8.000000000000000000e+01,1.000000000000000000e+01,9.481342809636313973e+01
8.000000000000000000e+01,2.000000000000000000e+01,9.446809107311977982e+01
8.000000000000000000e+01,3.000000000000000000e+01,9.427106391579438593e+01
8.000000000000000000e+01,4.000000000000000000e+01,9.426101026063092547e+01
8.000000000000000000e+01,5.000000000000000000e+01,9.445648251721664224e+01
8.000000000000000000e+01,6.000000000000000000e+01,9.485901476359573792e+01
8.000000000000000000e+01,7.000000000000000000e+01,9.545605459628313838e+01
8.000000000000000000e+01,8.000000000000000000e+01,9.622373393517864315e+01
8.000000000000000000e+01,9.000000000000000000e+01,9.712947878338127339e+01
8.000000000000000000e+01,1.000000000000000000e+02,9.813445794190391780e+01
8.000000000000000000e+01,1.100000000000000000e+02,9.919587067928823387e+01
8.000000000000000000e+01,1.200000000000000000e+02,1.002690733561198044e+02
8.000000000000000000e+01,1.300000000000000000e+02,1.013095450044435779e+02
8.000000000000000000e+01,1.400000000000000000e+02,1.022746918620795071e+02
8.000000000000000000e+01,1.500000000000000000e+02,1.031254908618385429e+02
8.000000000000000000e+01,1.600000000000000000e+02,1.038279720756388684e+02
8.000000000000000000e+01,1.700000000000000000e+02,1.043545401135222903e+02
8.000000000000000000e+01,1.800000000000000000e+02,1.046851344775710686e+02
8.000000000000000000e+01,1.900000000000000000e+02,1.048082288707248324e+02
8.000000000000000000e+01,2.000000000000000000e+02,1.047216694604979494e+02
8.000000000000000000e+01,2.100000000000000000e+02,1.044333520975969520e+02
8.000000000000000000e+01,2.200000000000000000e+02,1.039617384894383889e+02
8.000000000000000000e+01,2.300000000000000000e+02,1.033362113285668187e+02
8.000000000000000000e+01,2.400000000000000000e+02,1.025972683759732433e+02
8.000000000000000000e+01,2.500000000000000000e+02,1.017965554993135413e+02
8.000000000000000000e+01,2.600000000000000000e+02,1.009890306656435968e+02
8.000000000000000000e+01,2.700000000000000000e+02,1.002046302922018128e+02
8.000000000000000000e+01,2.800000000000000000e+02,9.946255782303423132e+01
8.000000000000000000e+01,2.900000000000000000e+02,9.877774232842483570e+01
8.000000000000000000e+01,3.000000000000000000e+02,9.816089241240212004e+01
8.000000000000000000e+01,3.100000000000000000e+02,9.761860541136925917e+01
8.000000000000000000e+01,3.200000000000000000e+02,9.715353188385783767e+01
8.000000000000000000e+01,3.300000000000000000e+02,9.676459539140527966e+01
8.000000000000000000e+01,3.400000000000000000e+02,9.644726757055579469e+01
8.000000000000000000e+01,3.500000000000000000e+02,9.619389849598499609e+01
8.000000000000000000e+01,3.600000000000000000e+02,9.599410233474813481e+01
8.000000000000000000e+01,3.700000000000000000e+02,9.583519829165187787e+01
8.000000000000000000e+01,3.800000000000000000e+02,9.570270684574978759e+01
8.000000000000000000e+01,3.900000000000000000e+02,9.558090127796133117e+01
8.000000000000000000e+01,4.000000000000000000e+02,9.545341448981457688e+01
8.000000000000000000e+01,4.100000000000000000e+02,9.530390111331242053e+01
8.000000000000000000e+01,4.200000000000000000e+02,9.511675491192249865e+01
8.000000000000000000e+01,4.300000000000000000e+02,9.487788147269064609e+01
8.000000000000000000e+01,4.400000000000000000e+02,9.457552618947804035e+01
8.000000000000000000e+01,4.500000000000000000e+02,9.420115753732184771e+01
8.000000000000000000e+01,4.600000000000000000e+02,9.375040563791964132e+01
8.000000000000000000e+01,4.700000000000000000e+02,9.322405611623723587e+01
8.000000000000000000e+01,4.800000000000000000e+02,9.262909924824025154e+01
8.000000000000000000e+01,4.900000000000000000e+02,9.197983439974939301e+01
8.000000000000000000e+01,5.000000000000000000e+02,9.129902975641901719e+01
8.000000000000000000e+01,5.100000000000000000e+02,9.061605760533615239e+01
8.000000000000000000e+01,5.200000000000000000e+02,8.995497150618326998e+01
8.000000000000000000e+01,5.300000000000000000e+02,8.933701351387587408e+01
8.000000000000000000e+01,5.400000000000000000e+02,8.878174425963463534e+01
8.000000000000000000e+01,5.500000000000000000e+02,8.830612091662659680e+01
8.000000000000000000e+01,5.600000000000000000e+02,8.792374458380501778e+01
8.000000000000000000e+01,5.700000000000000000e+02,8.764427708794779903e+01
8.000000000000000000e+01,5.800000000000000000e+02,8.747302720389474473e+01
8.000000000000000000e+01,5.900000000000000000e+02,8.741070629298326367e+01
8.000000000000000000e+01,6.000000000000000000e+02,8.745335335968282209e+01
8.000000000000000000e+01,6.100000000000000000e+02,8.759242952642810565e+01
8.000000000000000000e+01,6.200000000000000000e+02,8.781508192665067725e+01
8.000000000000000000e+01,6.300000000000000000e+02,8.810457701600948610e+01
8.000000000000000000e+01,6.400000000000000000e+02,8.844090330181981585e+01
8.000000000000000000e+01,6.500000000000000000e+02,8.880154349068104125e+01
8.000000000000000000e+01,6.600000000000000000e+02,8.916241605430300865e+01
8.000000000000000000e+01,6.700000000000000000e+02,8.949898621353101191e+01
8.000000000000000000e+01,6.800000000000000000e+02,8.978754634056942052e+01
8.000000000000000000e+01,6.900000000000000000e+02,9.000666577940408786e+01
8.000000000000000000e+01,7.000000000000000000e+02,9.013881008442322695e+01
8.000000000000000000e+01,7.100000000000000000e+02,9.017212967723706640e+01
8.000000000000000000e+01,7.200000000000000000e+02,9.010241792169611585e+01
8.000000000000000000e+01,7.300000000000000000e+02,8.993523861710806955e+01
8.000000000000000000e+01,7.400000000000000000e+02,8.968822290965341892e+01
8.000000000000000000e+01,7.500000000000000000e+02,8.939353562199961800e+01
8.000000000000000000e+01,7.600000000000000000e+02,8.908599434626934510e+01
8.000000000000000000e+01,7.700000000000000000e+02,8.876091501614344281e+01
8.000000000000000000e+01,7.800000000000000000e+02,8.841491782927407428e+01
8.000000000000000000e+01,7.900000000000000000e+02,8.805648564189178273e+01
8.000000000000000000e+01,8.000000000000000000e+02,8.770237466849225427e+01
8.000000000000000000e+01,8.100000000000000000e+02,8.737441023010872243e+01
8.000000000000000000e+01,8.200000000000000000e+02,8.709666755116958825e+01
8.000000000000000000e+01,8.300000000000000000e+02,8.689303760494169637e+01
8.000000000000000000e+01,8.400000000000000000e+02,8.678517800755886924e+01
8.000000000000000000e+01,8.500000000000000000e+02,8.679084896063605470e+01
8.000000000000000000e+01,8.600000000000000000e+02,8.692263424246873171e+01
8.000000000000000000e+01,8.700000000000000000e+02,8.718704724781794368e+01
8.000000000000000000e+01,8.800000000000000000e+02,8.758402207628064673e+01
8.000000000000000000e+01,8.900000000000000000e+02,8.810678966924552924e+01
8.000000000000000000e+01,9.000000000000000000e+02,8.874213899543428852e+01
8.000000000000000000e+01,9.100000000000000000e+02,8.947106328502839290e+01
8.000000000000000000e+01,9.200000000000000000e+02,9.026979131238115883e+01
8.000000000000000000e+01,9.300000000000000000e+02,9.111120372731539874e+01
8.000000000000000000e+01,9.400000000000000000e+02,9.196663443500649748e+01
8.000000000000000000e+01,9.500000000000000000e+02,9.280805702445077543e+01
8.000000000000000000e+01,9.600000000000000000e+02,9.361065624551956432e+01
8.000000000000000000e+01,9.700000000000000000e+02,9.435578453459845605e+01
8.000000000000000000e+01,9.800000000000000000e+02,9.503430358881217899e+01
8.000000000000000000e+01,9.900000000000000000e+02,9.565031098883486038e+01
9.000000000000000000e+01,0.000000000000000000e+00,9.549178706569662722e+01
9.000000000000000000e+01,1.000000000000000000e+01,9.502556664771178419e+01
9.000000000000000000e+01,2.000000000000000000e+01,9.464057199529455033e+01
9.000000000000000000e+01,3.000000000000000000e+01,9.439641461255422428e+01
9.000000000000000000e+01,4.000000000000000000e+01,9.433164790382117815e+01
9.000000000000000000e+01,5.000000000000000000e+01,9.446644434300415583e+01
9.000000000000000000e+01,6.000000000000000000e+01,9.480516749553609657e+01
9.000000000000000000e+01,7.000000000000000000e+01,9.533883889290851243e+01
9.000000000000000000e+01,8.000000000000000000e+01,9.604749975979424903e+01
9.000000000000000000e+01,9.000000000000000000e+01,9.690246759375902741e+01
9.000000000000000000e+01,1.000000000000000000e+02,9.786848759756121297e+01
9.000000000000000000e+01,1.100000000000000000e+02,9.890577896404028024e+01
9.000000000000000000e+01,1.200000000000000000e+02,9.997197601359377472e+01
9.000000000000000000e+01,1.300000000000000000e+02,1.010239641842427858e+02
9.000000000000000000e+01,1.400000000000000000e+02,1.020196108742858314e+02
9.000000000000000000e+01,1.500000000000000000e+02,1.029193911375414814e+02
9.000000000000000000e+01,1.600000000000000000e+02,1.036879082311793070e+02
9.000000000000000000e+01,1.700000000000000000e+02,1.042953090161394272e+02
9.000000000000000000e+01,1.800000000000000000e+02,1.047185942101405658e+02
9.000000000000000000e+01,1.900000000000000000e+02,1.049428234932766486e+02
9.000000000000000000e+01,2.000000000000000000e+02,1.049622154662018829e+02
9.000000000000000000e+01,2.100000000000000000e+02,1.047811424609043627e+02
9.000000000000000000e+01,2.200000000000000000e+02,1.044150202040682274e+02
9.000000000000000000e+01,2.300000000000000000e+02,1.038910923330242753e+02
9.000000000000000000e+01,2.400000000000000000e+02,1.032491097642892157e+02
9.000000000000000000e+01,2.500000000000000000e+02,1.025419049146932622e+02
9.000000000000000000e+01,2.600000000000000000e+02,1.018261247088953638e+02
9.000000000000000000e+01,2.700000000000000000e+02,1.011273408910112011e+02
9.000000000000000000e+01,2.800000000000000000e+02,1.004589552425339463e+02
9.000000000000000000e+01,2.900000000000000000e+02,9.983067857388256527e+01
9.000000000000000000e+01,3.000000000000000000e+02,9.924879645129894357e+01
9.000000000000000000e+01,3.100000000000000000e+02,9.871644835517669492e+01
9.000000000000000000e+01,3.200000000000000000e+02,9.823392026982151037e+01
9.000000000000000000e+01,3.300000000000000000e+02,9.779895070464299067e+01
9.000000000000000000e+01,3.400000000000000000e+02,9.740705014677820373e+01
9.000000000000000000e+01,3.500000000000000000e+02,9.705183394514671136e+01
9.000000000000000000e+01,3.600000000000000000e+02,9.672536862593719320e+01
9.000000000000000000e+01,3.700000000000000000e+02,9.641853163952563932e+01
9.000000000000000000e+01,3.800000000000000000e+02,9.612138453882521105e+01
9.000000000000000000e+01,3.900000000000000000e+02,9.582355958906747162e+01
9.000000000000000000e+01,4.000000000000000000e+02,9.551465980901541286e+01
9.000000000000000000e+01,4.100000000000000000e+02,9.518467244360792279e+01
9.000000000000000000e+01,4.200000000000000000e+02,9.482439586803587872e+01
9.000000000000000000e+01,4.300000000000000000e+02,9.442587992324975232e+01
9.000000000000000000e+01,4.400000000000000000e+02,9.398287968289888283e+01
9.000000000000000000e+01,4.500000000000000000e+02,9.349132265170229061e+01
9.000000000000000000e+01,4.600000000000000000e+02,9.294978939525100259e+01
9.000000000000000000e+01,4.700000000000000000e+02,9.236000760124203168e+01
9.000000000000000000e+01,4.800000000000000000e+02,9.172735957214391078e+01
9.000000000000000000e+01,4.900000000000000000e+02,9.106140314929375279e+01
9.000000000000000000e+01,5.000000000000000000e+02,9.037640606842599311e+01
9.000000000000000000e+01,5.100000000000000000e+02,8.969140246645555692e+01
9.000000000000000000e+01,5.200000000000000000e+02,8.902729846727370955e+01
9.000000000000000000e+01,5.300000000000000000e+02,8.840464125445043919e+01
9.000000000000000000e+01,5.400000000000000000e+02,8.784257474531605681e+01
9.000000000000000000e+01,5.500000000000000000e+02,8.735787581678968650e+01
9.000000000000000000e+01,5.600000000000000000e+02,8.696416233664253070e+01
9.000000000000000000e+01,5.700000000000000000e+02,8.667127300019524228e+01
9.000000000000000000e+01,5.800000000000000000e+02,8.648481897244985817e+01
9.000000000000000000e+01,5.900000000000000000e+02,8.640590733565615267e+01
9.000000000000000000e+01,6.000000000000000000e+02,8.643103634231232490e+01
9.000000000000000000e+01,6.100000000000000000e+02,8.655216247360021953e+01
9.000000000000000000e+01,6.200000000000000000e+02,8.675693930325485326e+01
9.000000000000000000e+01,6.300000000000000000e+02,8.702912816686840358e+01
9.000000000000000000e+01,6.400000000000000000e+02,8.734918063662867382e+01
9.000000000000000000e+01,6.500000000000000000e+02,8.769499280149179299e+01
9.000000000000000000e+01,6.600000000000000000e+02,8.804283135278956252e+01
9.000000000000000000e+01,6.700000000000000000e+02,8.836843147527108044e+01
9.000000000000000000e+01,6.800000000000000000e+02,8.864826654357874247e+01
9.000000000000000000e+01,6.900000000000000000e+02,8.886098962415881886e+01
9.000000000000000000e+01,7.000000000000000000e+02,8.898904678260626611e+01
9.000000000000000000e+01,7.100000000000000000e+02,8.902046219644415714e+01
9.000000000000000000e+01,7.200000000000000000e+02,8.895079507333724678e+01
9.000000000000000000e+01,7.300000000000000000e+02,8.878526837474026934e+01
9.000000000000000000e+01,7.400000000000000000e+02,8.854106934498042847e+01
9.000000000000000000e+01,7.500000000000000000e+02,8.824982184577436328e+01
9.000000000000000000e+01,7.600000000000000000e+02,8.794654307702872131e+01
9.000000000000000000e+01,7.700000000000000000e+02,8.762971229710340992e+01
9.000000000000000000e+01,7.800000000000000000e+02,8.729913302638655637e+01
9.000000000000000000e+01,7.900000000000000000e+02,8.696563688712905105e+01
9.000000000000000000e+01,8.000000000000000000e+02,8.664754383737556509e+01
9.000000000000000000e+01,8.100000000000000000e+02,8.636751214186267589e+01
9.000000000000000000e+01,8.200000000000000000e+02,8.614977807988402958e+01
9.000000000000000000e+01,8.300000000000000000e+02,8.601778539012255465e+01
9.000000000000000000e+01,8.400000000000000000e+02,8.599220445244986877e+01
9.000000000000000000e+01,8.500000000000000000e+02,8.608934120669263734e+01
9.000000000000000000e+01,8.600000000000000000e+02,8.631993580836611102e+01
9.000000000000000000e+01,8.700000000000000000e+02,8.668835102137468596e+01
9.000000000000000000e+01,8.800000000000000000e+02,8.719215034767957206e+01
9.000000000000000000e+01,8.900000000000000000e+02,8.782206589393352658e+01
9.000000000000000000e+01,9.000000000000000000e+02,8.856235597508268143e+01
9.000000000000000000e+01,9.100000000000000000e+02,8.939155245493543589e+01
9.000000000000000000e+01,9.200000000000000000e+02,9.028359782369847153e+01
9.000000000000000000e+01,9.300000000000000000e+02,9.120937201247980397e+01
9.000000000000000000e+01,9.400000000000000000e+02,9.213860894475892849e+01
9.000000000000000000e+01,9.500000000000000000e+02,9.304220282482398829e+01
9.000000000000000000e+01,9.600000000000000000e+02,9.389490416317622135e+01
9.000000000000000000e+01,9.700000000000000000e+02,9.467840553890121669e+01
9.000000000000000000e+01,9.800000000000000000e+02,9.538481709900747774e+01
9.000000000000000000e+01,9.900000000000000000e+02,9.602053179473190880e+01
1.000000000000000000e+02,0.000000000000000000e+00,9.591593283357605060e+01
1.000000000000000000e+02,1.000000000000000000e+01,9.541144444308527284e+01
1.000000000000000000e+02,2.000000000000000000e+01,9.498190227359377502e+01
1.000000000000000000e+02,3.000000000000000000e+01,9.468371022659353287e+01
1.000000000000000000e+02,4.000000000000000000e+01,9.455492193841973858e+01
1.000000000000000000e+02,5.000000000000000000e+01,9.461726650967312935e+01
1.000000000000000000e+02,6.000000000000000000e+01,9.487813069926177434e+01
1.000000000000000000e+02,7.000000000000000000e+01,9.533249758306259025e+01
1.000000000000000000e+02,8.000000000000000000e+01,9.596484167720240066e+01
1.000000000000000000e+02,9.000000000000000000e+01,9.675098052595853915e+01
1.000000000000000000e+02,1.000000000000000000e+02,9.765988275427920939e+01
1.000000000000000000e+02,1.100000000000000000e+02,9.865543258492327539e+01
1.000000000000000000e+02,1.200000000000000000e+02,9.969815082021983699e+01
1.000000000000000000e+02,1.300000000000000000e+02,1.007468722884471646e+02
1.000000000000000000e+02,1.400000000000000000e+02,1.017603797548314901e+02
1.000000000000000000e+02,1.500000000000000000e+02,1.026989942971652852e+02
1.000000000000000000e+02,1.600000000000000000e+02,1.035261221460450258e+02
1.000000000000000000e+02,1.700000000000000000e+02,1.042097579897288426e+02
1.000000000000000000e+02,1.800000000000000000e+02,1.047239447436134867e+02
1.000000000000000000e+02,1.900000000000000000e+02,1.050501897843310530e+02
1.000000000000000000e+02,2.000000000000000000e+02,1.051788376484653327e+02
1.000000000000000000e+02,2.100000000000000000e+02,1.051103991958875952e+02
1.000000000000000000e+02,2.200000000000000000e+02,1.048568372377121847e+02
1.000000000000000000e+02,2.300000000000000000e+02,1.044428086288715321e+02
1.000000000000000000e+02,2.400000000000000000e+02,1.039068628253109665e+02
1.000000000000000000e+02,2.500000000000000000e+02,1.033025969058029148e+02
1.000000000000000000e+02,2.600000000000000000e+02,1.026881479110934237e+02
1.000000000000000000e+02,2.700000000000000000e+02,1.020850858685787301e+02
1.000000000000000000e+02,2.800000000000000000e+02,1.015012970184686196e+02
1.000000000000000000e+02,2.900000000000000000e+02,1.009413527299916495e+02
1.000000000000000000e+02,3.000000000000000000e+02,1.004070341248308154e+02
1.000000000000000000e+02,3.100000000000000000e+02,9.989782399304084493e+01
1.000000000000000000e+02,3.200000000000000000e+02,9.941136600144699287e+01
1.000000000000000000e+02,3.300000000000000000e+02,9.894389119452523573e+01
1.000000000000000000e+02,3.400000000000000000e+02,9.849061178776409520e+01
1.000000000000000000e+02,3.500000000000000000e+02,9.804608225350800410e+01
1.000000000000000000e+02,3.600000000000000000e+02,9.760452769928204475e+01
1.000000000000000000e+02,3.700000000000000000e+02,9.716013953859831531e+01
1.000000000000000000e+02,3.800000000000000000e+02,9.670733845424383901e+01
1.000000000000000000e+02,3.900000000000000000e+02,9.624100465404984561e+01
1.000000000000000000e+02,4.000000000000000000e+02,9.575667541914272363e+01
1.000000000000000000e+02,4.100000000000000000e+02,9.525070994467638741e+01
1.000000000000000000e+02,4.200000000000000000e+02,9.472042147304618709e+01
1.000000000000000000e+02,4.300000000000000000e+02,9.416417671958436131e+01
1.000000000000000000e+02,4.400000000000000000e+02,9.358146259073696172e+01
1.000000000000000000e+02,4.500000000000000000e+02,9.297292019472233449e+01
1.000000000000000000e+02,4.600000000000000000e+02,9.234034614467110202e+01
1.000000000000000000e+02,4.700000000000000000e+02,9.168666115424760221e+01
1.000000000000000000e+02,4.800000000000000000e+02,9.101584592575294153e+01
1.000000000000000000e+02,4.900000000000000000e+02,9.033284433070953412e+01
1.000000000000000000e+02,5.000000000000000000e+02,8.964343388292708426e+01
1.000000000000000000e+02,5.100000000000000000e+02,8.895622865455953843e+01
1.000000000000000000e+02,5.200000000000000000e+02,8.828904250815503474e+01
1.000000000000000000e+02,5.300000000000000000e+02,8.766181548104016485e+01
1.000000000000000000e+02,5.400000000000000000e+02,8.709334273532218162e+01
1.000000000000000000e+02,5.500000000000000000e+02,8.660026936757685689e+01
1.000000000000000000e+02,5.600000000000000000e+02,8.619625965525038680e+01
1.000000000000000000e+02,5.700000000000000000e+02,8.589134073977517403e+01
1.000000000000000000e+02,5.800000000000000000e+02,8.569142074639965756e+01
1.000000000000000000e+02,5.900000000000000000e+02,8.559798134073201936e+01
1.000000000000000000e+02,6.000000000000000000e+02,8.560794472199798122e+01
1.000000000000000000e+02,6.100000000000000000e+02,8.571371505301242166e+01
1.000000000000000000e+02,6.200000000000000000e+02,8.590339432686508303e+01
1.000000000000000000e+02,6.300000000000000000e+02,8.616117267032022653e+01
1.000000000000000000e+02,6.400000000000000000e+02,8.646789308393015006e+01
1.000000000000000000e+02,6.500000000000000000e+02,8.680179061886282454e+01
1.000000000000000000e+02,6.600000000000000000e+02,8.713940599044337887e+01
1.000000000000000000e+02,6.700000000000000000e+02,8.745667362840961800e+01
1.000000000000000000e+02,6.800000000000000000e+02,8.773018416388147500e+01
1.000000000000000000e+02,6.900000000000000000e+02,8.793862135304449623e+01
1.000000000000000000e+02,7.000000000000000000e+02,8.806437343754714675e+01
1.000000000000000000e+02,7.100000000000000000e+02,8.809531894161226262e+01
1.000000000000000000e+02,7.200000000000000000e+02,8.802678690586233756e+01
1.000000000000000000e+02,7.300000000000000000e+02,8.786369155785885710e+01
1.000000000000000000e+02,7.400000000000000000e+02,8.762284141935555226e+01
1.000000000000000000e+02,7.500000000000000000e+02,8.733542285026561558e+01
1.000000000000000000e+02,7.600000000000000000e+02,8.703670612802702067e+01
1.000000000000000000e+02,7.700000000000000000e+02,8.672807980988763177e+01
1.000000000000000000e+02,7.800000000000000000e+02,8.641227945337855942e+01
1.000000000000000000e+02,7.900000000000000000e+02,8.610232394378235199e+01
1.000000000000000000e+02,8.000000000000000000e+02,8.581801365010822735e+01
1.000000000000000000e+02,8.100000000000000000e+02,8.558282348570288889e+01
1.000000000000000000e+02,8.200000000000000000e+02,8.542119087349671247e+01
1.000000000000000000e+02,8.300000000000000000e+02,8.535619861588537560e+01
1.000000000000000000e+02,8.400000000000000000e+02,8.540765266924694288e+01
1.000000000000000000e+02,8.500000000000000000e+02,8.559055482309442198e+01
1.000000000000000000e+02,8.600000000000000000e+02,8.591397028386370494e+01
1.000000000000000000e+02,8.700000000000000000e+02,8.638029016333705101e+01
1.000000000000000000e+02,8.800000000000000000e+02,8.698488887170191219e+01
1.000000000000000000e+02,8.900000000000000000e+02,8.771617641524527187e+01
1.000000000000000000e+02,9.000000000000000000e+02,8.855604559868338299e+01
1.000000000000000000e+02,9.100000000000000000e+02,8.948071413212700520e+01
1.000000000000000000e+02,9.200000000000000000e+02,9.046196164268205564e+01
1.000000000000000000e+02,9.300000000000000000e+02,9.146876159068568768e+01
1.000000000000000000e+02,9.400000000000000000e+02,9.246930809057786860e+01
1.000000000000000000e+02,9.500000000000000000e+02,9.343343763640834254e+01
1.000000000000000000e+02,9.600000000000000000e+02,9.433544573197906402e+01
1.000000000000000000e+02,9.700000000000000000e+02,9.515729842562211616e+01
1.000000000000000000e+02,9.800000000000000000e+02,9.589223874961302840e+01
1.000000000000000000e+02,9.900000000000000000e+02,9.654878806421952220e+01
1.100000000000000000e+02,0.000000000000000000e+00,9.649075616217749030e+01
1.100000000000000000e+02,1.000000000000000000e+01,9.594523772769531433e+01
1.100000000000000000e+02,2.000000000000000000e+01,9.546728591061172153e+01
1.100000000000000000e+02,3.000000000000000000e+01,9.510936376276644921e+01
1.100000000000000000e+02,4.000000000000000000e+01,9.490863420422732588e+01
1.100000000000000000e+02,5.000000000000000000e+01,9.488827455081948870e+01
1.100000000000000000e+02,6.000000000000000000e+01,9.505881337064099057e+01
1.100000000000000000e+02,7.000000000000000000e+01,9.541948966956493905e+01
1.100000000000000000e+02,8.000000000000000000e+01,9.595963440572788272e+01
1.100000000000000000e+02,9.000000000000000000e+01,9.666007433300488572e+01
1.100000000000000000e+02,1.000000000000000000e+02,9.749455817347079289e+01
1.100000000000000000e+02,1.100000000000000000e+02,9.843120511884812629e+01
1.100000000000000000e+02,1.200000000000000000e+02,9.943397566094130013e+01
1.100000000000000000e+02,1.300000000000000000e+02,1.004641647510573250e+02
1.100000000000000000e+02,1.400000000000000000e+02,1.014819172884129301e+02
1.100000000000000000e+02,1.500000000000000000e+02,1.024477659375281320e+02
1.100000000000000000e+02,1.600000000000000000e+02,1.033241912746062638e+02
1.100000000000000000e+02,1.700000000000000000e+02,1.040772042629003664e+02
1.100000000000000000e+02,1.800000000000000000e+02,1.046779510570660960e+02
1.100000000000000000e+02,1.900000000000000000e+02,1.051043401365010652e+02
1.100000000000000000e+02,2.000000000000000000e+02,1.053426917676705443e+02
1.100000000000000000e+02,2.100000000000000000e+02,1.053894097954196809e+02
1.100000000000000000e+02,2.200000000000000000e+02,1.052526757632721655e+02
1.100000000000000000e+02,2.300000000000000000e+02,1.049541653627151732e+02
1.100000000000000000e+02,2.400000000000000000e+02,1.045307872114710221e+02
1.100000000000000000e+02,2.500000000000000000e+02,1.040364439607550082e+02
1.100000000000000000e+02,2.600000000000000000e+02,1.035305344520494089e+02
1.100000000000000000e+02,2.700000000000000000e+02,1.030311987080529832e+02
1.100000000000000000e+02,2.800000000000000000e+02,1.025413353798331286e+02
1.100000000000000000e+02,2.900000000000000000e+02,1.020606544340039221e+02
1.100000000000000000e+02,3.000000000000000000e+02,1.015865048146569478e+02
1.100000000000000000e+02,3.100000000000000000e+02,1.011146200744081227e+02
1.100000000000000000e+02,3.200000000000000000e+02,1.006397819745603357e+02
1.100000000000000000e+02,3.300000000000000000e+02,1.001564020543822267e+02
1.100000000000000000e+02,3.400000000000000000e+02,9.965902116950267953e+01
1.100000000000000000e+02,3.500000000000000000e+02,9.914272699942152656e+01
1.100000000000000000e+02,3.600000000000000000e+02,9.860348952413605161e+01
1.100000000000000000e+02,3.700000000000000000e+02,9.803841446988342057e+01
1.100000000000000000e+02,3.800000000000000000e+02,9.744591472399922338e+01
1.100000000000000000e+02,3.900000000000000000e+02,9.682579971889178694e+01
1.100000000000000000e+02,4.000000000000000000e+02,9.617928278513258533e+01
1.100000000000000000e+02,4.100000000000000000e+02,9.550890647366254882e+01
1.100000000000000000e+02,4.200000000000000000e+02,9.481838584711425710e+01
1.100000000000000000e+02,4.300000000000000000e+02,9.411236974025024438e+01
1.100000000000000000e+02,4.400000000000000000e+02,9.339611998951711769e+01
1.100000000000000000e+02,4.500000000000000000e+02,9.267510863171565916e+01
1.100000000000000000e+02,4.600000000000000000e+02,9.195453307178696889e+01
1.100000000000000000e+02,4.700000000000000000e+02,9.123874921971443541e+01
1.100000000000000000e+02,4.800000000000000000e+02,9.053062259654178945e+01
1.100000000000000000e+02,4.900000000000000000e+02,8.983079740950692837e+01
1.100000000000000000e+02,5.000000000000000000e+02,8.913688359629195190e+01
1.100000000000000000e+02,5.100000000000000000e+02,8.844736178059122267e+01
1.100000000000000000e+02,5.200000000000000000e+02,8.777712173514571248e+01
1.100000000000000000e+02,5.300000000000000000e+02,8.714561106510076627e+01
1.100000000000000000e+02,5.400000000000000000e+02,8.657136117351618054e+01
1.100000000000000000e+02,5.500000000000000000e+02,8.607094232517111720e+01
1.100000000000000000e+02,5.600000000000000000e+02,8.565809595996789483e+01
1.100000000000000000e+02,5.700000000000000000e+02,8.534304425593491317e+01
1.100000000000000000e+02,5.800000000000000000e+02,8.513197694182858299e+01
1.100000000000000000e+02,5.900000000000000000e+02,8.502671535933427549e+01
1.100000000000000000e+02,6.000000000000000000e+02,8.502455377486629118e+01
1.100000000000000000e+02,6.100000000000000000e+02,8.511827794096686262e+01
1.100000000000000000e+02,6.200000000000000000e+02,8.529636090730417664e+01
1.100000000000000000e+02,6.300000000000000000e+02,8.554333608126941613e+01
1.100000000000000000e+02,6.400000000000000000e+02,8.584034753817287822e+01
1.100000000000000000e+02,6.500000000000000000e+02,8.616587758103901251e+01
1.100000000000000000e+02,6.600000000000000000e+02,8.649665155000059258e+01
1.100000000000000000e+02,6.700000000000000000e+02,8.680871988129186434e+01
1.100000000000000000e+02,6.800000000000000000e+02,8.707871741584068559e+01
1.100000000000000000e+02,6.900000000000000000e+02,8.728529995745982717e+01
1.100000000000000000e+02,7.000000000000000000e+02,8.741075808063706631e+01
1.100000000000000000e+02,7.100000000000000000e+02,8.744280818792458376e+01
1.100000000000000000e+02,7.200000000000000000e+02,8.737656081692706778e+01
1.100000000000000000e+02,7.300000000000000000e+02,8.721666619688922140e+01
1.100000000000000000e+02,7.400000000000000000e+02,8.697963705488197661e+01
1.100000000000000000e+02,7.500000000000000000e+02,8.669634867158784175e+01
1.100000000000000000e+02,7.600000000000000000e+02,8.640235853620612261e+01
1.100000000000000000e+02,7.700000000000000000e+02,8.610152367735634016e+01
1.100000000000000000e+02,7.800000000000000000e+02,8.579907759041469717e+01
1.100000000000000000e+02,7.900000000000000000e+02,8.550993416082836518e+01
1.100000000000000000e+02,8.000000000000000000e+02,8.525520795570241717e+01
1.100000000000000000e+02,8.100000000000000000e+02,8.505913494435240807e+01
1.100000000000000000e+02,8.200000000000000000e+02,8.494639364782267421e+01
1.100000000000000000e+02,8.300000000000000000e+02,8.493982671737015266e+01
1.100000000000000000e+02,8.400000000000000000e+02,8.505856294191403322e+01
1.100000000000000000e+02,8.500000000000000000e+02,8.531653968445097291e+01
1.100000000000000000e+02,8.600000000000000000e+02,8.572142574743593002e+01
1.100000000000000000e+02,8.700000000000000000e+02,8.627394466712877374e+01
1.100000000000000000e+02,8.800000000000000000e+02,8.696759843690647074e+01
1.100000000000000000e+02,8.900000000000000000e+02,8.778879165954094788e+01
1.100000000000000000e+02,9.000000000000000000e+02,8.871735612844261709e+01
1.100000000000000000e+02,9.100000000000000000e+02,8.972747583786956227e+01
1.100000000000000000e+02,9.200000000000000000e+02,9.078901242210243083e+01
1.100000000000000000e+02,9.300000000000000000e+02,9.186923102358481685e+01
1.100000000000000000e+02,9.400000000000000000e+02,9.293492659002961886e+01
1.100000000000000000e+02,9.500000000000000000e+02,9.395495060049064762e+01
1.100000000000000000e+02,9.600000000000000000e+02,9.490313822040029379e+01
1.100000000000000000e+02,9.700000000000000000e+02,9.576163588557255935e+01
1.100000000000000000e+02,9.800000000000000000e+02,9.652462931517192146e+01
1.100000000000000000e+02,9.900000000000000000e+02,9.720247195364774484e+01
1.200000000000000000e+02,0.000000000000000000e+00,9.718303019514527819e+01
1.200000000000000000e+02,1.000000000000000000e+01,9.659473489743881203e+01
1.200000000000000000e+02,2.000000000000000000e+01,9.606569947367373175e+01
1.200000000000000000e+02,3.000000000000000000e+01,9.564380288115023632e+01
1.200000000000000000e+02,4.000000000000000000e+01,9.536494310304000521e+01
1.200000000000000000e+02,5.000000000000000000e+01,9.525359811937218524e+01
1.200000000000000000e+02,6.000000000000000000e+01,9.532347769103891721e+01
1.200000000000000000e+02,7.000000000000000000e+01,9.557826595682065829e+01
1.200000000000000000e+02,8.000000000000000000e+01,9.601245484343105829e+01
1.200000000000000000e+02,9.000000000000000000e+01,9.661226828858148963e+01
1.200000000000000000e+02,1.000000000000000000e+02,9.735667727706525909e+01
1.200000000000000000e+02,1.100000000000000000e+02,9.821850568986138796e+01
1.200000000000000000e+02,1.200000000000000000e+02,9.916562696625817352e+01
1.200000000000000000e+02,1.300000000000000000e+02,1.001622515789962620e+02
1.200000000000000000e+02,1.400000000000000000e+02,1.011703053224313749e+02
1.200000000000000000e+02,1.500000000000000000e+02,1.021508984137168312e+02
1.200000000000000000e+02,1.600000000000000000e+02,1.030658854070055241e+02
1.200000000000000000e+02,1.700000000000000000e+02,1.038795159206716363e+02
1.200000000000000000e+02,1.800000000000000000e+02,1.045601761775520231e+02
1.200000000000000000e+02,1.900000000000000000e+02,1.050822213582071925e+02
1.200000000000000000e+02,2.000000000000000000e+02,1.054278987672019241e+02
1.200000000000000000e+02,2.100000000000000000e+02,1.055893618124055990e+02
1.200000000000000000e+02,2.200000000000000000e+02,1.055707747973121116e+02
1.200000000000000000e+02,2.300000000000000000e+02,1.053905085263793922e+02
1.200000000000000000e+02,2.400000000000000000e+02,1.050834267233887687e+02
1.200000000000000000e+02,2.500000000000000000e+02,1.047032632628236684e+02
1.200000000000000000e+02,2.600000000000000000e+02,1.043104321081379169e+02
1.200000000000000000e+02,2.700000000000000000e+02,1.039203934901225352e+02
1.200000000000000000e+02,2.800000000000000000e+02,1.035317994299418984e+02
1.200000000000000000e+02,2.900000000000000000e+02,1.031399592743897955e+02
1.200000000000000000e+02,3.000000000000000000e+02,1.027380096107242480e+02
1.200000000000000000e+02,3.100000000000000000e+02,1.023179508654822314e+02
1.200000000000000000e+02,3.200000000000000000e+02,1.018715505872745837e+02
1.200000000000000000e+02,3.300000000000000000e+02,1.013911134135607455e+02
1.200000000000000000e+02,3.400000000000000000e+02,1.008701177214037870e+02
1.200000000000000000e+02,3.500000000000000000e+02,1.003037189622052807e+02
1.200000000000000000e+02,3.600000000000000000e+02,9.968911968042029059e+01
1.200000000000000000e+02,3.700000000000000000e+02,9.902580621625241974e+01
1.200000000000000000e+02,3.800000000000000000e+02,9.831565209232886104e+01
1.200000000000000000e+02,3.900000000000000000e+02,9.756288808435547821e+01
1.200000000000000000e+02,4.000000000000000000e+02,9.677393897575198878e+01
1.200000000000000000e+02,4.100000000000000000e+02,9.595712699626713515e+01
1.200000000000000000e+02,4.200000000000000000e+02,9.512224194457388649e+01
1.200000000000000000e+02,4.300000000000000000e+02,9.427997799484471386e+01
1.200000000000000000e+02,4.400000000000000000e+02,9.344123718730689632e+01
1.200000000000000000e+02,4.500000000000000000e+02,9.261629960277785756e+01
1.200000000000000000e+02,4.600000000000000000e+02,9.181386022118056189e+01
1.200000000000000000e+02,4.700000000000000000e+02,9.103993246403892670e+01
1.200000000000000000e+02,4.800000000000000000e+02,9.029661842095327984e+01
1.200000000000000000e+02,4.900000000000000000e+02,8.958074576005583367e+01
1.200000000000000000e+02,5.000000000000000000e+02,8.888237132244631766e+01
1.200000000000000000e+02,5.100000000000000000e+02,8.819047750390630824e+01
1.200000000000000000e+02,5.200000000000000000e+02,8.751730132596236444e+01
1.200000000000000000e+02,5.300000000000000000e+02,8.688193386264526907e+01
1.200000000000000000e+02,5.400000000000000000e+02,8.630274054613101953e+01
1.200000000000000000e+02,5.500000000000000000e+02,8.579627939983024021e+01
1.200000000000000000e+02,5.600000000000000000e+02,8.537639944584044827e+01
1.200000000000000000e+02,5.700000000000000000e+02,8.505351928676104478e+01
1.200000000000000000e+02,5.800000000000000000e+02,8.483408586187115930e+01
1.200000000000000000e+02,5.900000000000000000e+02,8.472021337767024818e+01
1.200000000000000000e+02,6.000000000000000000e+02,8.470950241278153214e+01
1.200000000000000000e+02,6.100000000000000000e+02,8.479503919721813077e+01
1.200000000000000000e+02,6.200000000000000000e+02,8.496557506601209298e+01
1.200000000000000000e+02,6.300000000000000000e+02,8.520588608720620982e+01
1.200000000000000000e+02,6.400000000000000000e+02,8.549731286420856691e+01
1.200000000000000000e+02,6.500000000000000000e+02,8.581848051250986487e+01
1.200000000000000000e+02,6.600000000000000000e+02,8.614619881076370689e+01
1.200000000000000000e+02,6.700000000000000000e+02,8.645654252622944114e+01
1.200000000000000000e+02,6.800000000000000000e+02,8.672611191457799862e+01
1.200000000000000000e+02,6.900000000000000000e+02,8.693347339406039964e+01
1.200000000000000000e+02,7.000000000000000000e+02,8.706078039403908519e+01
1.200000000000000000e+02,7.100000000000000000e+02,8.709557437788210166e+01
1.200000000000000000e+02,7.200000000000000000e+02,8.703276604021996832e+01
1.200000000000000000e+02,7.300000000000000000e+02,8.687679667856545507e+01
1.200000000000000000e+02,7.400000000000000000e+02,8.664397973929607133e+01
1.200000000000000000e+02,7.500000000000000000e+02,8.636502253799937989e+01
1.200000000000000000e+02,7.600000000000000000e+02,8.607578334147395083e+01
1.200000000000000000e+02,7.700000000000000000e+02,8.578198381492400415e+01
1.200000000000000000e+02,7.800000000000000000e+02,8.549076188935036669e+01
1.200000000000000000e+02,7.900000000000000000e+02,8.521851932770287874e+01
1.200000000000000000e+02,8.000000000000000000e+02,8.498744499815106224e+01
1.200000000000000000e+02,8.100000000000000000e+02,8.482244432037333581e+01
1.200000000000000000e+02,8.200000000000000000e+02,8.474847488486489056e+01
1.200000000000000000e+02,8.300000000000000000e+02,8.478828824526431163e+01
1.200000000000000000e+02,8.400000000000000000e+02,8.496057788369876107e+01
1.200000000000000000e+02,8.500000000000000000e+02,8.527853334914789230e+01
1.200000000000000000e+02,8.600000000000000000e+02,8.574880056882638257e+01
1.200000000000000000e+02,8.700000000000000000e+02,8.637084833258511196e+01
1.200000000000000000e+02,8.800000000000000000e+02,8.713674095033105971e+01
1.200000000000000000e+02,8.900000000000000000e+02,8.803131708246576181e+01
1.200000000000000000e+02,9.000000000000000000e+02,8.903277474334258557e+01
1.200000000000000000e+02,9.100000000000000000e+02,9.011366247774242311e+01
1.200000000000000000e+02,9.200000000000000000e+02,9.124227671036831566e+01
1.200000000000000000e+02,9.300000000000000000e+02,9.238446526835852524e+01
1.200000000000000000e+02,9.400000000000000000e+02,9.350583707681838064e+01
1.200000000000000000e+02,9.500000000000000000e+02,9.457437802737067045e+01
1.200000000000000000e+02,9.600000000000000000e+02,9.556347301972489561e+01
1.200000000000000000e+02,9.700000000000000000e+02,9.645533417626491257e+01
1.200000000000000000e+02,9.800000000000000000e+02,9.724483522965547877e+01
1.200000000000000000e+02,9.900000000000000000e+02,9.794375208346731654e+01
1.300000000000000000e+02,0.000000000000000000e+00,9.795431177164202552e+01
1.300000000000000000e+02,1.000000000000000000e+01,9.732257747213444077e+01
1.300000000000000000e+02,2.000000000000000000e+01,9.674108465746495256e+01
1.300000000000000000e+02,3.000000000000000000e+01,9.625260495486924128e+01
1.300000000000000000e+02,4.000000000000000000e+01,9.589143193243731389e+01
1.300000000000000000e+02,5.000000000000000000e+01,9.568316536241866288e+01
1.300000000000000000e+02,6.000000000000000000e+01,9.564465566618002867e+01
1.300000000000000000e+02,7.000000000000000000e+01,9.578410854081542425e+01
1.300000000000000000e+02,8.000000000000000000e+01,9.610134976740883417e+01
1.300000000000000000e+02,9.000000000000000000e+01,9.658825020094921854e+01
1.300000000000000000e+02,1.000000000000000000e+02,9.722931094189810608e+01
1.300000000000000000e+02,1.100000000000000000e+02,9.800240868940950634e+01
1.300000000000000000e+02,1.200000000000000000e+02,9.887970127620245364e+01
1.300000000000000000e+02,1.300000000000000000e+02,9.982869338508588442e+01
1.300000000000000000e+02,1.400000000000000000e+02,1.008134624471360468e+02
1.300000000000000000e+02,1.500000000000000000e+02,1.017960447215263429e+02
1.300000000000000000e+02,1.600000000000000000e+02,1.027379815570096611e+02
1.300000000000000000e+02,1.700000000000000000e+02,1.036020258350531833e+02
1.300000000000000000e+02,1.800000000000000000e+02,1.043540085946255687e+02
1.300000000000000000e+02,1.900000000000000000e+02,1.049648658386367259e+02
1.300000000000000000e+02,2.000000000000000000e+02,1.054128255220299764e+02
1.300000000000000000e+02,2.100000000000000000e+02,1.056857547215266777e+02
1.300000000000000000e+02,2.200000000000000000e+02,1.057836669870233948e+02
1.300000000000000000e+02,2.300000000000000000e+02,1.057213898746413463e+02
1.300000000000000000e+02,2.400000000000000000e+02,1.055313926614286260e+02
1.300000000000000000e+02,2.500000000000000000e+02,1.052667742417145007e+02
1.300000000000000000e+02,2.600000000000000000e+02,1.049887109935669827e+02
1.300000000000000000e+02,2.700000000000000000e+02,1.047108726371168643e+02
1.300000000000000000e+02,2.800000000000000000e+02,1.044285790097125357e+02
1.300000000000000000e+02,2.900000000000000000e+02,1.041333570020740495e+02
1.300000000000000000e+02,3.000000000000000000e+02,1.038144851748001685e+02
1.300000000000000000e+02,3.100000000000000000e+02,1.034603531112756514e+02
1.300000000000000000e+02,3.200000000000000000e+02,1.030596355069792622e+02
1.300000000000000000e+02,3.300000000000000000e+02,1.026022809951921033e+02
1.300000000000000000e+02,3.400000000000000000e+02,1.020803157091065714e+02
1.300000000000000000e+02,3.500000000000000000e+02,1.014884615803356951e+02
1.300000000000000000e+02,3.600000000000000000e+02,1.008245693738231523e+02
1.300000000000000000e+02,3.700000000000000000e+02,1.000898664591535407e+02
1.300000000000000000e+02,3.800000000000000000e+02,9.928901931826338512e+01
1.300000000000000000e+02,3.900000000000000000e+02,9.843001078955254002e+01
1.300000000000000000e+02,4.000000000000000000e+02,9.752383204839598818e+01
1.300000000000000000e+02,4.100000000000000000e+02,9.658398932405637538e+01
1.300000000000000000e+02,4.200000000000000000e+02,9.562582535299684139e+01
1.300000000000000000e+02,4.300000000000000000e+02,9.466565556859441699e+01
1.300000000000000000e+02,4.400000000000000000e+02,9.371971902725397285e+01
1.300000000000000000e+02,4.500000000000000000e+02,9.280294407092257813e+01
1.300000000000000000e+02,4.600000000000000000e+02,9.192752872600442515e+01
1.300000000000000000e+02,4.700000000000000000e+02,9.110133583867623486e+01
1.300000000000000000e+02,4.800000000000000000e+02,9.032610294660315731e+01
1.300000000000000000e+02,4.900000000000000000e+02,8.959546688705509609e+01
1.300000000000000000e+02,5.000000000000000000e+02,8.889280314142378359e+01
1.300000000000000000e+02,5.100000000000000000e+02,8.819854322477222297e+01
1.300000000000000000e+02,5.200000000000000000e+02,8.752263104707479613e+01
1.300000000000000000e+02,5.300000000000000000e+02,8.688395127057907530e+01
1.300000000000000000e+02,5.400000000000000000e+02,8.630080896072585972e+01
1.300000000000000000e+02,5.500000000000000000e+02,8.578981498674984607e+01
1.300000000000000000e+02,5.600000000000000000e+02,8.536495455918550590e+01
1.300000000000000000e+02,5.700000000000000000e+02,8.503683890427855374e+01
1.300000000000000000e+02,5.800000000000000000e+02,8.481214007530263643e+01
1.300000000000000000e+02,5.900000000000000000e+02,8.469320890078139996e+01
1.300000000000000000e+02,6.000000000000000000e+02,8.467787606961600488e+01
1.300000000000000000e+02,6.100000000000000000e+02,8.475943635311791979e+01
1.300000000000000000e+02,6.200000000000000000e+02,8.492681596394709231e+01
1.300000000000000000e+02,6.300000000000000000e+02,8.516492305195552603e+01
1.300000000000000000e+02,6.400000000000000000e+02,8.545518133693624918e+01
1.300000000000000000e+02,6.500000000000000000e+02,8.577624687827750449e+01
1.300000000000000000e+02,6.600000000000000000e+02,8.610490798152248715e+01
1.300000000000000000e+02,6.700000000000000000e+02,8.641716824183434653e+01
1.300000000000000000e+02,6.800000000000000000e+02,8.668951272436655131e+01
1.300000000000000000e+02,6.900000000000000000e+02,8.690035728153867467e+01
1.300000000000000000e+02,7.000000000000000000e+02,8.703168100721748601e+01
1.300000000000000000e+02,7.100000000000000000e+02,8.707084182780346282e+01
1.300000000000000000e+02,7.200000000000000000e+02,8.701257523022260898e+01
1.300000000000000000e+02,7.300000000000000000e+02,8.686117612682372169e+01
1.300000000000000000e+02,7.400000000000000000e+02,8.663286385718096483e+01
1.300000000000000000e+02,7.500000000000000000e+02,8.635833032680173460e+01
1.300000000000000000e+02,7.600000000000000000e+02,8.607372723679551996e+01
1.300000000000000000e+02,7.700000000000000000e+02,8.578590608786039695e+01
1.300000000000000000e+02,7.800000000000000000e+02,8.550318782142238661e+01
1.300000000000000000e+02,7.900000000000000000e+02,8.524296177594645485e+01
1.300000000000000000e+02,8.000000000000000000e+02,8.502819040861045607e+01
1.300000000000000000e+02,8.100000000000000000e+02,8.488432600824594942e+01
1.300000000000000000e+02,8.200000000000000000e+02,8.483663939954587363e+01
1.300000000000000000e+02,8.300000000000000000e+02,8.490796063853908038e+01
1.300000000000000000e+02,8.400000000000000000e+02,8.511683169933181148e+01
1.300000000000000000e+02,8.500000000000000000e+02,8.547607115211590667e+01
1.300000000000000000e+02,8.600000000000000000e+02,8.599175083244395523e+01
1.300000000000000000e+02,8.700000000000000000e+02,8.666258450177133454e+01
1.300000000000000000e+02,8.800000000000000000e+02,8.747972849926500771e+01
1.300000000000000000e+02,8.900000000000000000e+02,8.842699438487937869e+01
1.300000000000000000e+02,9.000000000000000000e+02,8.948147357369876431e+01
1.300000000000000000e+02,9.100000000000000000e+02,9.061457396154689548e+01
1.300000000000000000e+02,9.200000000000000000e+02,9.179346854186327676e+01
1.300000000000000000e+02,9.300000000000000000e+02,9.298295601384634779e+01
1.300000000000000000e+02,9.400000000000000000e+02,9.414773338186354579e+01
1.300000000000000000e+02,9.500000000000000000e+02,9.525508054612819819e+01
1.300000000000000000e+02,9.600000000000000000e+02,9.627795688464334489e+01
1.300000000000000000e+02,9.700000000000000000e+02,9.719850982641236214e+01
1.300000000000000000e+02,9.800000000000000000e+02,9.801199541591647346e+01
1.300000000000000000e+02,9.900000000000000000e+02,9.873111086885916166e+01
1.400000000000000000e+02,0.000000000000000000e+00,9.876239725835600325e+01
1.400000000000000000e+02,1.000000000000000000e+01,9.808767335569869772e+01
1.400000000000000000e+02,2.000000000000000000e+01,9.745371106812022788e+01
1.400000000000000000e+02,3.000000000000000000e+01,9.689779719304326022e+01
1.400000000000000000e+02,4.000000000000000000e+01,9.645233310263984094e+01
1.400000000000000000e+02,5.000000000000000000e+01,9.614383940523606498e+01
1.400000000000000000e+02,6.000000000000000000e+01,9.599218927240247012e+01
1.400000000000000000e+02,7.000000000000000000e+01,9.601007043172997157e+01
1.400000000000000000e+02,8.000000000000000000e+01,9.620267582529163519e+01
1.400000000000000000e+02,9.000000000000000000e+01,9.656762293378996276e+01
1.400000000000000000e+02,1.000000000000000000e+02,9.709510176638995915e+01
1.400000000000000000e+02,1.100000000000000000e+02,9.776825151623786780e+01
1.400000000000000000e+02,1.200000000000000000e+02,9.856376588166547492e+01
1.400000000000000000e+02,1.300000000000000000e+02,9.945272705308025252e+01
1.400000000000000000e+02,1.400000000000000000e+02,1.004016683655409707e+02
1.400000000000000000e+02,1.500000000000000000e+02,1.013738656170192201e+02
1.400000000000000000e+02,1.600000000000000000e+02,1.023308570523463743e+02
1.400000000000000000e+02,1.700000000000000000e+02,1.032341920128464068e+02
1.400000000000000000e+02,1.800000000000000000e+02,1.040474082516542467e+02
1.400000000000000000e+02,1.900000000000000000e+02,1.047382379147199032e+02
1.400000000000000000e+02,2.000000000000000000e+02,1.052810421874982296e+02
1.400000000000000000e+02,2.100000000000000000e+02,1.056594746073243272e+02
1.400000000000000000e+02,2.200000000000000000e+02,1.058693730414746881e+02
1.400000000000000000e+02,2.300000000000000000e+02,1.059218803309138934e+02
1.400000000000000000e+02,2.400000000000000000e+02,1.058467935997272065e+02
1.400000000000000000e+02,2.500000000000000000e+02,1.056961422302385500e+02
1.400000000000000000e+02,2.600000000000000000e+02,1.055316190952527506e+02
1.400000000000000000e+02,2.700000000000000000e+02,1.053660859339018430e+02
1.400000000000000000e+02,2.800000000000000000e+02,1.051925710297461904e+02
1.400000000000000000e+02,2.900000000000000000e+02,1.049995621404259509e+02
1.400000000000000000e+02,3.000000000000000000e+02,1.047729498993932964e+02
1.400000000000000000e+02,3.100000000000000000e+02,1.044977346689093025e+02
1.400000000000000000e+02,3.200000000000000000e+02,1.041594968443052949e+02
1.400000000000000000e+02,3.300000000000000000e+02,1.037456306095088223e+02
1.400000000000000000e+02,3.400000000000000000e+02,1.032463411438343428e+02
1.400000000000000000e+02,3.500000000000000000e+02,1.026554052800382806e+02
1.400000000000000000e+02,3.600000000000000000e+02,1.019706956136387959e+02
1.400000000000000000e+02,3.700000000000000000e+02,1.011944680635001532e+02
1.400000000000000000e+02,3.800000000000000000e+02,1.003334128836816603e+02
1.400000000000000000e+02,3.900000000000000000e+02,9.939846912655107758e+01
1.400000000000000000e+02,4.000000000000000000e+02,9.840440255716282536e+01
1.400000000000000000e+02,4.100000000000000000e+02,9.736914701890056278e+01
1.400000000000000000e+02,4.200000000000000000e+02,9.631290925038453565e+01
1.400000000000000000e+02,4.300000000000000000e+02,9.525703715364335267e+01
1.400000000000000000e+02,4.400000000000000000e+02,9.422265151355047408e+01
1.400000000000000000e+02,4.500000000000000000e+02,9.322904116852519962e+01
1.400000000000000000e+02,4.600000000000000000e+02,9.229182163249826942e+01
1.400000000000000000e+02,4.700000000000000000e+02,9.142085716814207785e+01
1.400000000000000000e+02,4.800000000000000000e+02,9.061794631136547196e+01
1.400000000000000000e+02,4.900000000000000000e+02,8.987427084707300651e+01
1.400000000000000000e+02,5.000000000000000000e+02,8.916760823618902521e+01
1.400000000000000000e+02,5.100000000000000000e+02,8.847104877312710869e+01
1.400000000000000000e+02,5.200000000000000000e+02,8.779267247079546621e+01
1.400000000000000000e+02,5.300000000000000000e+02,8.715131423894992224e+01
1.400000000000000000e+02,5.400000000000000000e+02,8.656532680834504845e+01
1.400000000000000000e+02,5.500000000000000000e+02,8.605143817132646689e+01
1.400000000000000000e+02,5.600000000000000000e+02,8.562379508409249240e+01
1.400000000000000000e+02,5.700000000000000000e+02,8.529319263062467371e+01
1.400000000000000000e+02,5.800000000000000000e+02,8.506648984828765947e+01
1.400000000000000000e+02,5.900000000000000000e+02,8.494621141509801987e+01
1.400000000000000000e+02,6.000000000000000000e+02,8.493033539866245007e+01
1.400000000000000000e+02,6.100000000000000000e+02,8.501226706678482969e+01
1.400000000000000000e+02,6.200000000000000000e+02,8.518099875974257884e+01
1.400000000000000000e+02,6.300000000000000000e+02,8.542145582423219707e+01
1.400000000000000000e+02,6.400000000000000000e+02,8.571502860898372944e+01
1.400000000000000000e+02,6.500000000000000000e+02,8.604029052204460015e+01
1.400000000000000000e+02,6.600000000000000000e+02,8.637390214973238756e+01
1.400000000000000000e+02,6.700000000000000000e+02,8.669170143725692412e+01
1.400000000000000000e+02,6.800000000000000000e+02,8.696997993101129509e+01
1.400000000000000000e+02,6.900000000000000000e+02,8.718694508253224740e+01
1.400000000000000000e+02,7.000000000000000000e+02,8.732436861412944040e+01
1.400000000000000000e+02,7.100000000000000000e+02,8.736942094618410692e+01
1.400000000000000000e+02,7.200000000000000000e+02,8.731669168611661291e+01
1.400000000000000000e+02,7.300000000000000000e+02,8.717039617902337056e+01
1.400000000000000000e+02,7.400000000000000000e+02,8.694676811998269272e+01
1.400000000000000000e+02,7.500000000000000000e+02,8.667663822802984441e+01
1.400000000000000000e+02,7.600000000000000000e+02,8.639642388526868899e+01
1.400000000000000000e+02,7.700000000000000000e+02,8.611327861908091563e+01
1.400000000000000000e+02,7.800000000000000000e+02,8.583589429671953042e+01
1.400000000000000000e+02,7.900000000000000000e+02,8.558208022010035165e+01
1.400000000000000000e+02,8.000000000000000000e+02,8.537522648670761782e+01
1.400000000000000000e+02,8.100000000000000000e+02,8.524118508581953790e+01
1.400000000000000000e+02,8.200000000000000000e+02,8.520556873005357090e+01
1.400000000000000000e+02,8.300000000000000000e+02,8.529146742223170463e+01
1.400000000000000000e+02,8.400000000000000000e+02,8.551758275756556316e+01
1.400000000000000000e+02,8.500000000000000000e+02,8.589677996116127190e+01
1.400000000000000000e+02,8.600000000000000000e+02,8.643505766084436459e+01
1.400000000000000000e+02,8.700000000000000000e+02,8.713093539530441944e+01
1.400000000000000000e+02,8.800000000000000000e+02,8.797525885755956665e+01
1.400000000000000000e+02,8.900000000000000000e+02,8.895142287374096668e+01
1.400000000000000000e+02,9.000000000000000000e+02,9.003601211719701780e+01
1.400000000000000000e+02,9.100000000000000000e+02,9.119985955791744914e+01
1.400000000000000000e+02,9.200000000000000000e+02,9.240952264727742715e+01
1.400000000000000000e+02,9.300000000000000000e+02,9.362917723810129189e+01
1.400000000000000000e+02,9.400000000000000000e+02,9.482292924004636347e+01
1.400000000000000000e+02,9.500000000000000000e+02,9.595754401030643521e+01
1.400000000000000000e+02,9.600000000000000000e+02,9.700559347963528012e+01
1.400000000000000000e+02,9.700000000000000000e+02,9.794902101368995773e+01
1.400000000000000000e+02,9.800000000000000000e+02,9.878312400969390694e+01
1.400000000000000000e+02,9.900000000000000000e+02,9.952095422842010919e+01
1.500000000000000000e+02,0.000000000000000000e+00,9.956295098551319711e+01
1.500000000000000000e+02,1.000000000000000000e+01,9.884678238326171140e+01
1.500000000000000000e+02,2.000000000000000000e+01,9.816170922877516603e+01
1.500000000000000000e+02,3.000000000000000000e+01,9.753932182886003943e+01
1.500000000000000000e+02,4.000000000000000000e+01,9.700990823643650174e+01
1.500000000000000000e+02,5.000000000000000000e+01,9.660069694452812428e+01
1.500000000000000000e+02,6.000000000000000000e+01,9.633439411030416011e+01
1.500000000000000000e+02,7.000000000000000000e+01,9.622801530917433865e+01
1.500000000000000000e+02,8.000000000000000000e+01,9.629201181893613182e+01
1.500000000000000000e+02,9.000000000000000000e+01,9.652969143397447738e+01
1.500000000000000000e+02,1.000000000000000000e+02,9.693693380951421545e+01
1.500000000000000000e+02,1.100000000000000000e+02,9.750220033592474067e+01
1.500000000000000000e+02,1.200000000000000000e+02,9.820683854307743843e+01
1.500000000000000000e+02,1.300000000000000000e+02,9.902568103475540795e+01
1.500000000000000000e+02,1.400000000000000000e+02,9.992793895311585572e+01
1.500000000000000000e+02,1.500000000000000000e+02,1.008783899732049036e+02
1.500000000000000000e+02,1.600000000000000000e+02,1.018388608275249254e+02
1.500000000000000000e+02,1.700000000000000000e+02,1.027700043606544114e+02
1.500000000000000000e+02,1.800000000000000000e+02,1.036333711139203047e+02
1.500000000000000000e+02,1.900000000000000000e+02,1.043937754401229228e+02
1.500000000000000000e+02,2.000000000000000000e+02,1.050219561483132367e+02
1.500000000000000000e+02,2.100000000000000000e+02,1.054975316786228348e+02
1.500000000000000000e+02,2.200000000000000000e+02,1.058122498071463014e+02
1.500000000000000000e+02,2.300000000000000000e+02,1.059735318808760240e+02
1.500000000000000000e+02,2.400000000000000000e+02,1.060083115826897568e+02
1.500000000000000000e+02,2.500000000000000000e+02,1.059671682263903847e+02
1.500000000000000000e+02,2.600000000000000000e+02,1.059120846012986448e+02
1.500000000000000000e+02,2.700000000000000000e+02,1.058561408255697671e+02
1.500000000000000000e+02,2.800000000000000000e+02,1.057911882712047174e+02
1.500000000000000000e+02,2.900000000000000000e+02,1.057035069940038454e+02
1.500000000000000000e+02,3.000000000000000000e+02,1.055761623620617797e+02
1.500000000000000000e+02,3.100000000000000000e+02,1.053910758121610911e+02
1.500000000000000000e+02,3.200000000000000000e+02,1.051308097340652239e+02
1.500000000000000000e+02,3.300000000000000000e+02,1.047800664827103247e+02
1.500000000000000000e+02,3.400000000000000000e+02,1.043269015182960970e+02
1.500000000000000000e+02,3.500000000000000000e+02,1.037636506742756808e+02
1.500000000000000000e+02,3.600000000000000000e+02,1.030875715532446435e+02
1.500000000000000000e+02,3.700000000000000000e+02,1.023011990507288971e+02
1.500000000000000000e+02,3.800000000000000000e+02,1.014124150068716403e+02
1.500000000000000000e+02,3.900000000000000000e+02,1.004342319860193982e+02
1.500000000000000000e+02,4.000000000000000000e+02,9.938429118420702935e+01
1.500000000000000000e+02,4.100000000000000000e+02,9.828407446454178853e+01
1.500000000000000000e+02,4.200000000000000000e+02,9.715783052048632840e+01
1.500000000000000000e+02,4.300000000000000000e+02,9.603121516704088378e+01
1.500000000000000000e+02,4.400000000000000000e+02,9.492964575982433928e+01
1.500000000000000000e+02,4.500000000000000000e+02,9.387636974205440765e+01
1.500000000000000000e+02,4.600000000000000000e+02,9.289024731942673441e+01
1.500000000000000000e+02,4.700000000000000000e+02,9.198324826289314160e+01
1.500000000000000000e+02,4.800000000000000000e+02,9.115766283933886882e+01
1.500000000000000000e+02,4.900000000000000000e+02,9.040302687015871186e+01
1.500000000000000000e+02,5.000000000000000000e+02,8.969276091773238591e+01
1.500000000000000000e+02,5.100000000000000000e+02,8.899402609359822236e+01
1.500000000000000000e+02,5.200000000000000000e+02,8.831351589210350994e+01
1.500000000000000000e+02,5.300000000000000000e+02,8.767017073911344482e+01
1.500000000000000000e+02,5.400000000000000000e+02,8.708249600887968711e+01
1.500000000000000000e+02,5.500000000000000000e+02,8.656739700882077670e+01
1.500000000000000000e+02,5.600000000000000000e+02,8.613920283885668994e+01
1.500000000000000000e+02,5.700000000000000000e+02,8.580887912529767902e+01
1.500000000000000000e+02,5.800000000000000000e+02,8.558342962928716702e+01
1.500000000000000000e+02,5.900000000000000000e+02,8.546548672979898242e+01
1.500000000000000000e+02,6.000000000000000000e+02,8.545309078118867774e+01
1.500000000000000000e+02,6.100000000000000000e+02,8.553965834529908818e+01
1.500000000000000000e+02,6.200000000000000000e+02,8.571413929812004540e+01
1.500000000000000000e+02,6.300000000000000000e+02,8.596136281100240240e+01
1.500000000000000000e+02,6.400000000000000000e+02,8.626257220642604295e+01
1.500000000000000000e+02,6.500000000000000000e+02,8.659614868832225909e+01
1.500000000000000000e+02,6.600000000000000000e+02,8.693852394695028352e+01
1.500000000000000000e+02,6.700000000000000000e+02,8.726528163832796281e+01
1.500000000000000000e+02,6.800000000000000000e+02,8.755244773821664239e+01
1.500000000000000000e+02,6.900000000000000000e+02,8.777796977066029172e+01
1.500000000000000000e+02,7.000000000000000000e+02,8.792338491107871334e+01
1.500000000000000000e+02,7.100000000000000000e+02,8.797567696391516279e+01
1.500000000000000000e+02,7.200000000000000000e+02,8.792932221483781063e+01
1.500000000000000000e+02,7.300000000000000000e+02,8.778852415749577176e+01
1.500000000000000000e+02,7.400000000000000000e+02,8.756963709482910474e+01
1.500000000000000000e+02,7.500000000000000000e+02,8.730377861493298042e+01
1.500000000000000000e+02,7.600000000000000000e+02,8.702758490418474935e+01
1.500000000000000000e+02,7.700000000000000000e+02,8.674763224742649470e+01
1.500000000000000000e+02,7.800000000000000000e+02,8.647212145543312545e+01
1.500000000000000000e+02,7.900000000000000000e+02,8.621867533785282944e+01
1.500000000000000000e+02,8.000000000000000000e+02,8.601073777097275297e+01
1.500000000000000000e+02,8.100000000000000000e+02,8.587439602513492787e+01
1.500000000000000000e+02,8.200000000000000000e+02,8.583562635180204836e+01
1.500000000000000000e+02,8.300000000000000000e+02,8.591796283027356651e+01
1.500000000000000000e+02,8.400000000000000000e+02,8.614058947405167999e+01
1.500000000000000000e+02,8.500000000000000000e+02,8.651685559685745375e+01
1.500000000000000000e+02,8.600000000000000000e+02,8.705321443829710404e+01
1.500000000000000000e+02,8.700000000000000000e+02,8.774858504917817470e+01
1.500000000000000000e+02,8.800000000000000000e+02,8.859413743647598949e+01
1.500000000000000000e+02,8.900000000000000000e+02,8.957350096795003935e+01
1.500000000000000000e+02,9.000000000000000000e+02,9.066339603641051781e+01
1.500000000000000000e+02,9.100000000000000000e+02,9.183468898363489075e+01
1.500000000000000000e+02,9.200000000000000000e+02,9.305387028393461435e+01
1.500000000000000000e+02,9.300000000000000000e+02,9.428495598737181638e+01
1.500000000000000000e+02,9.400000000000000000e+02,9.549181242262615399e+01
1.500000000000000000e+02,9.500000000000000000e+02,9.664090415951170598e+01
1.500000000000000000e+02,9.600000000000000000e+02,9.770446523114395632e+01
1.500000000000000000e+02,9.700000000000000000e+02,9.866409361575684045e+01
1.500000000000000000e+02,9.800000000000000000e+02,9.951476897816984035e+01
1.500000000000000000e+02,9.900000000000000000e+02,1.002692936709052987e+02
1.600000000000000000e+02,0.000000000000000000e+00,1.003113062868939522e+02
1.600000000000000000e+02,1.000000000000000000e+01,9.955627415522265267e+01
1.600000000000000000e+02,2.000000000000000000e+01,9.882277380657835408e+01
1.600000000000000000e+02,3.000000000000000000e+01,9.813666637277208338e+01
1.600000000000000000e+02,4.000000000000000000e+01,9.752598415218116656e+01
1.600000000000000000e+02,5.000000000000000000e+01,9.701844895086772169e+01
1.600000000000000000e+02,6.000000000000000000e+01,9.663934656578071269e+01
1.600000000000000000e+02,7.000000000000000000e+01,9.640975741004163524e+01
1.600000000000000000e+02,8.000000000000000000e+01,9.634514328031370667e+01
1.600000000000000000e+02,9.000000000000000000e+01,9.645429026625474478e+01
1.600000000000000000e+02,1.000000000000000000e+02,9.673860780205357912e+01
1.600000000000000000e+02,1.100000000000000000e+02,9.719178386005008008e+01
1.600000000000000000e+02,1.200000000000000000e+02,9.779979628643876310e+01
1.600000000000000000e+02,1.300000000000000000e+02,9.854128027905593967e+01
1.600000000000000000e+02,1.400000000000000000e+02,9.938825200725061393e+01
1.600000000000000000e+02,1.500000000000000000e+02,1.003071883738387555e+02
1.600000000000000000e+02,1.600000000000000000e+02,1.012604629191413181e+02
1.600000000000000000e+02,1.700000000000000000e+02,1.022081378671058189e+02
1.600000000000000000e+02,1.800000000000000000e+02,1.031101123135114648e+02
1.600000000000000000e+02,1.900000000000000000e+02,1.039286265562578819e+02
1.600000000000000000e+02,2.000000000000000000e+02,1.046311225677374921e+02
1.600000000000000000e+02,2.100000000000000000e+02,1.051934606092913924e+02
1.600000000000000000e+02,2.200000000000000000e+02,1.056034919877489529e+02
1.600000000000000000e+02,2.300000000000000000e+02,1.058649879540507470e+02
1.600000000000000000e+02,2.400000000000000000e+02,1.060019247439554846e+02
1.600000000000000000e+02,2.500000000000000000e+02,1.060631247608301209e+02
1.600000000000000000e+02,2.600000000000000000e+02,1.061106650230788517e+02
1.600000000000000000e+02,2.700000000000000000e+02,1.061588639919240649e+02
1.600000000000000000e+02,2.800000000000000000e+02,1.061995306554844802e+02
1.600000000000000000e+02,2.900000000000000000e+02,1.062176170560542516e+02
1.600000000000000000e+02,3.000000000000000000e+02,1.061939920751092927e+02
1.600000000000000000e+02,3.100000000000000000e+02,1.061078832072627165e+02
1.600000000000000000e+02,3.200000000000000000e+02,1.059389863231690043e+02
1.600000000000000000e+02,3.300000000000000000e+02,1.056692434213774021e+02
1.600000000000000000e+02,3.400000000000000000e+02,1.052842883691340461e+02
1.600000000000000000e+02,3.500000000000000000e+02,1.047745606321332588e+02
1.600000000000000000e+02,3.600000000000000000e+02,1.041360869932176030e+02
1.600000000000000000e+02,3.700000000000000000e+02,1.033709312600271062e+02
1.600000000000000000e+02,3.800000000000000000e+02,1.024873119615972854e+02
1.600000000000000000e+02,3.900000000000000000e+02,1.014993880339062144e+02
1.600000000000000000e+02,4.000000000000000000e+02,1.004267124943706051e+02
1.600000000000000000e+02,4.100000000000000000e+02,9.929335410529071737e+01
1.600000000000000000e+02,4.200000000000000000e+02,9.812668702624435468e+01
1.600000000000000000e+02,4.300000000000000000e+02,9.695584845542974506e+01
1.600000000000000000e+02,4.400000000000000000e+02,9.580986425995749300e+01
1.600000000000000000e+02,4.500000000000000000e+02,9.471544259509134633e+01
1.600000000000000000e+02,4.600000000000000000e+02,9.369443551243806212e+01
1.600000000000000000e+02,4.700000000000000000e+02,9.276096855708614441e+01
1.600000000000000000e+02,4.800000000000000000e+02,9.191823835369369533e+01
1.600000000000000000e+02,4.900000000000000000e+02,9.115497818152489629e+01
1.600000000000000000e+02,5.000000000000000000e+02,9.044159153843592946e+01
1.600000000000000000e+02,5.100000000000000000e+02,8.974085792677999507e+01
1.600000000000000000e+02,5.200000000000000000e+02,8.905858694520308916e+01
1.600000000000000000e+02,5.300000000000000000e+02,8.841397068781358826e+01
1.600000000000000000e+02,5.400000000000000000e+02,8.782576383963203170e+01
1.600000000000000000e+02,5.500000000000000000e+02,8.731110207842070281e+01
1.600000000000000000e+02,5.600000000000000000e+02,8.688451198234696449e+01
1.600000000000000000e+02,5.700000000000000000e+02,8.655711244348030675e+01
1.600000000000000000e+02,5.800000000000000000e+02,8.633600758712327661e+01
1.600000000000000000e+02,5.900000000000000000e+02,8.622387119697597768e+01
1.600000000000000000e+02,6.000000000000000000e+02,8.621872264613436698e+01
1.600000000000000000e+02,6.100000000000000000e+02,8.631389433392240562e+01
1.600000000000000000e+02,6.200000000000000000e+02,8.649819062855777929e+01
1.600000000000000000e+02,6.300000000000000000e+02,8.675623831565150113e+01
1.600000000000000000e+02,6.400000000000000000e+02,8.706902855254116957e+01
1.600000000000000000e+02,6.500000000000000000e+02,8.741465032845803762e+01
1.600000000000000000e+02,6.600000000000000000e+02,8.776921543052776542e+01
1.600000000000000000e+02,6.700000000000000000e+02,8.810797491560497008e+01
1.600000000000000000e+02,6.800000000000000000e+02,8.840662708794147306e+01
1.600000000000000000e+02,6.900000000000000000e+02,8.864281698268833054e+01
1.600000000000000000e+02,7.000000000000000000e+02,8.879782735523160397e+01
1.600000000000000000e+02,7.100000000000000000e+02,8.885846117636182839e+01
1.600000000000000000e+02,7.200000000000000000e+02,8.881911563327726356e+01
1.600000000000000000e+02,7.300000000000000000e+02,8.868404763642089961e+01
1.600000000000000000e+02,7.400000000000000000e+02,8.846983083215120303e+01
1.600000000000000000e+02,7.500000000000000000e+02,8.820800412124654599e+01
1.600000000000000000e+02,7.600000000000000000e+02,8.793535851607360598e+01
1.600000000000000000e+02,7.700000000000000000e+02,8.765700513643267300e+01
1.600000000000000000e+02,7.800000000000000000e+02,8.737978383088770329e+01
1.600000000000000000e+02,7.900000000000000000e+02,8.712051508943589795e+01
1.600000000000000000e+02,8.000000000000000000e+02,8.690231289839660178e+01
1.600000000000000000e+02,8.100000000000000000e+02,8.675132602261874126e+01
1.600000000000000000e+02,8.200000000000000000e+02,8.669390771500661685e+01
1.600000000000000000e+02,8.300000000000000000e+02,8.675421385336426283e+01
1.600000000000000000e+02,8.400000000000000000e+02,8.695222950455811883e+01
1.600000000000000000e+02,8.500000000000000000e+02,8.730222391599824050e+01
1.600000000000000000e+02,8.600000000000000000e+02,8.781163393443790710e+01
1.600000000000000000e+02,8.700000000000000000e+02,8.848037585209159772e+01
1.600000000000000000e+02,8.800000000000000000e+02,8.930058568007160602e+01
1.600000000000000000e+02,8.900000000000000000e+02,9.025678784914290986e+01
1.600000000000000000e+02,9.000000000000000000e+02,9.132649233779655162e+01
1.600000000000000000e+02,9.100000000000000000e+02,9.248122022764142969e+01
1.600000000000000000e+02,9.200000000000000000e+02,9.368795768611465746e+01
1.600000000000000000e+02,9.300000000000000000e+02,9.491103837651014885e+01
1.600000000000000000e+02,9.400000000000000000e+02,9.611445429532582807e+01
1.600000000000000000e+02,9.500000000000000000e+02,9.726459503692919384e+01
1.600000000000000000e+02,9.600000000000000000e+02,9.833341548554136580e+01
1.600000000000000000e+02,9.700000000000000000e+02,9.930203193453949950e+01
1.600000000000000000e+02,9.800000000000000000e+02,1.001647466330777689e+02
1.600000000000000000e+02,9.900000000000000000e+02,1.009335007600266891e+02
1.700000000000000000e+02,0.000000000000000000e+00,1.009644391438543636e+02
1.700000000000000000e+02,1.000000000000000000e+01,1.001740581582446623e+02
1.700000000000000000e+02,2.000000000000000000e+01,9.939603706116484716e+01
1.700000000000000000e+02,3.000000000000000000e+01,9.865065893081776949e+01
1.700000000000000000e+02,4.000000000000000000e+01,9.796364472985898431e+01
1.700000000000000000e+02,5.000000000000000000e+01,9.736300348034527019e+01
1.700000000000000000e+02,6.000000000000000000e+01,9.687629447845523600e+01
1.700000000000000000e+02,7.000000000000000000e+01,9.652830154898146020e+01
1.700000000000000000e+02,8.000000000000000000e+01,9.633911933959485907e+01
1.700000000000000000e+02,9.000000000000000000e+01,9.632265165488050229e+01
1.700000000000000000e+02,1.000000000000000000e+02,9.648552183014562900e+01
1.700000000000000000e+02,1.100000000000000000e+02,9.682639514499923905e+01
1.700000000000000000e+02,1.200000000000000000e+02,9.733571327670372852e+01
1.700000000000000000e+02,1.300000000000000000e+02,9.799584079329824249e+01
1.700000000000000000e+02,1.400000000000000000e+02,9.878162368649392988e+01
1.700000000000000000e+02,1.500000000000000000e+02,9.966135994434102940e+01
1.700000000000000000e+02,1.600000000000000000e+02,1.005981821636678433e+02
1.700000000000000000e+02,1.700000000000000000e+02,1.015518522022914993e+02
1.700000000000000000e+02,1.800000000000000000e+02,1.024809678710005869e+02
1.700000000000000000e+02,1.900000000000000000e+02,1.033455816653096377e+02
1.700000000000000000e+02,2.000000000000000000e+02,1.041102315369854665e+02
1.700000000000000000e+02,2.100000000000000000e+02,1.047473837053453423e+02
1.700000000000000000e+02,2.200000000000000000e+02,1.052412875083270336e+02
1.700000000000000000e+02,2.300000000000000000e+02,1.055922422933305853e+02
1.700000000000000000e+02,2.400000000000000000e+02,1.058212763478321961e+02
1.700000000000000000e+02,2.500000000000000000e+02,1.059752378697696571e+02
1.700000000000000000e+02,2.600000000000000000e+02,1.061161431109261315e+02
1.700000000000000000e+02,2.700000000000000000e+02,1.062605141987584432e+02
1.700000000000000000e+02,2.800000000000000000e+02,1.064012189826870838e+02
1.700000000000000000e+02,2.900000000000000000e+02,1.065227688147652003e+02
1.700000000000000000e+02,3.000000000000000000e+02,1.066045025306690235e+02
1.700000000000000000e+02,3.100000000000000000e+02,1.066233965599451921e+02
1.700000000000000000e+02,3.200000000000000000e+02,1.065565011655149874e+02
1.700000000000000000e+02,3.300000000000000000e+02,1.063830028124355209e+02
1.700000000000000000e+02,3.400000000000000000e+02,1.060859126659178884e+02
1.700000000000000000e+02,3.500000000000000000e+02,1.056533812186021350e+02
1.700000000000000000e+02,3.600000000000000000e+02,1.050796390470892590e+02
1.700000000000000000e+02,3.700000000000000000e+02,1.043655636977301242e+02
1.700000000000000000e+02,3.800000000000000000e+02,1.035188727016712278e+02
1.700000000000000000e+02,3.900000000000000000e+02,1.025539427191575328e+02
1.700000000000000000e+02,4.000000000000000000e+02,1.014912548130920555e+02
1.700000000000000000e+02,4.100000000000000000e+02,1.003564658518525761e+02
1.700000000000000000e+02,4.200000000000000000e+02,9.917910604136508823e+01
1.700000000000000000e+02,4.300000000000000000e+02,9.799090258643431639e+01
1.700000000000000000e+02,4.400000000000000000e+02,9.682372948133107116e+01
1.700000000000000000e+02,4.500000000000000000e+02,9.570718342963664327e+01
1.700000000000000000e+02,4.600000000000000000e+02,9.466578589334396554e+01
1.700000000000000000e+02,4.700000000000000000e+02,9.371581127121584132e+01
1.700000000000000000e+02,4.800000000000000000e+02,9.286174120640011154e+01
1.700000000000000000e+02,4.900000000000000000e+02,9.209234502330151884e+01
1.700000000000000000e+02,5.000000000000000000e+02,9.137638629371086552e+01
1.700000000000000000e+02,5.100000000000000000e+02,9.067387548677173470e+01
1.700000000000000000e+02,5.200000000000000000e+02,8.999024291981629631e+01
1.700000000000000000e+02,5.300000000000000000e+02,8.934506232717845364e+01
1.700000000000000000e+02,5.400000000000000000e+02,8.875742134708231390e+01
1.700000000000000000e+02,5.500000000000000000e+02,8.824472931170478773e+01
1.700000000000000000e+02,5.600000000000000000e+02,8.782171893030746901e+01
1.700000000000000000e+02,5.700000000000000000e+02,8.749964186543826372e+01
1.700000000000000000e+02,5.800000000000000000e+02,8.728565820220234173e+01
1.700000000000000000e+02,5.900000000000000000e+02,8.718241981060268131e+01
1.700000000000000000e+02,6.000000000000000000e+02,8.718784760095009290e+01
1.700000000000000000e+02,6.100000000000000000e+02,8.729510267234283560e+01
1.700000000000000000e+02,6.200000000000000000e+02,8.749275135421558502e+01
1.700000000000000000e+02,6.300000000000000000e+02,8.776512414095803649e+01
1.700000000000000000e+02,6.400000000000000000e+02,8.809286851960295905e+01
1.700000000000000000e+02,6.500000000000000000e+02,8.845369569058381387e+01
1.700000000000000000e+02,6.600000000000000000e+02,8.882332118156175227e+01
1.700000000000000000e+02,6.700000000000000000e+02,8.917659935432234874e+01
1.700000000000000000e+02,6.800000000000000000e+02,8.948885180474151468e+01
1.700000000000000000e+02,6.900000000000000000e+02,8.973738965582131755e+01
1.700000000000000000e+02,7.000000000000000000e+02,8.990322974379490972e+01
1.700000000000000000e+02,7.100000000000000000e+02,8.997300469730129180e+01
1.700000000000000000e+02,7.200000000000000000e+02,8.994106690962935602e+01
1.700000000000000000e+02,7.300000000000000000e+02,8.981178640403155100e+01
1.700000000000000000e+02,7.400000000000000000e+02,8.960204259210712507e+01
1.700000000000000000e+02,7.500000000000000000e+02,8.934390992525457875e+01
1.700000000000000000e+02,7.600000000000000000e+02,8.907425586673394946e+01
1.700000000000000000e+02,7.700000000000000000e+02,8.879587153358818341e+01
1.700000000000000000e+02,7.800000000000000000e+02,8.851339888435154535e+01
1.700000000000000000e+02,7.900000000000000000e+02,8.824225977627224893e+01
1.700000000000000000e+02,8.000000000000000000e+02,8.800486275311263284e+01
1.700000000000000000e+02,8.100000000000000000e+02,8.782724294864931380e+01
1.700000000000000000e+02,8.200000000000000000e+02,8.773613510587352948e+01
1.700000000000000000e+02,8.300000000000000000e+02,8.775647971189158625e+01
1.700000000000000000e+02,8.400000000000000000e+02,8.790936224852517000e+01
1.700000000000000000e+02,8.500000000000000000e+02,8.821038555861206021e+01
1.700000000000000000e+02,8.600000000000000000e+02,8.866847532800660758e+01
1.700000000000000000e+02,8.700000000000000000e+02,8.928511868328055812e+01
1.700000000000000000e+02,8.800000000000000000e+02,9.005403590512374024e+01
1.700000000000000000e+02,8.900000000000000000e+02,9.096128525744501303e+01
1.700000000000000000e+02,9.000000000000000000e+02,9.198580093217313447e+01
1.700000000000000000e+02,9.100000000000000000e+02,9.310036410975783383e+01
1.700000000000000000e+02,9.200000000000000000e+02,9.427300713537094623e+01
1.700000000000000000e+02,9.300000000000000000e+02,9.546885081080749558e+01
1.700000000000000000e+02,9.400000000000000000e+02,9.665237480208708121e+01
1.700000000000000000e+02,9.500000000000000000e+02,9.779012116275511346e+01
1.700000000000000000e+02,9.600000000000000000e+02,9.885383097288435295e+01
1.700000000000000000e+02,9.700000000000000000e+02,9.982401409377632717e+01
1.700000000000000000e+02,9.800000000000000000e+02,1.006939520383629372e+02
1.700000000000000000e+02,9.900000000000000000e+02,1.014741339573081831e+02
1.800000000000000000e+02,0.000000000000000000e+00,1.014831144333521848e+02
1.800000000000000000e+02,1.000000000000000000e+01,1.006616861731894801e+02
1.800000000000000000e+02,2.000000000000000000e+01,9.984411251459063408e+01
1.800000000000000000e+02,3.000000000000000000e+01,9.904542858806662764e+01
1.800000000000000000e+02,4.000000000000000000e+01,9.828907866022210271e+01
1.800000000000000000e+02,5.000000000000000000e+01,9.760317059542271068e+01
1.800000000000000000e+02,6.000000000000000000e+01,9.701719131749987923e+01
1.800000000000000000e+02,7.000000000000000000e+01,9.655918327149305469e+01
1.800000000000000000e+02,8.000000000000000000e+01,9.625338188542929174e+01
1.800000000000000000e+02,9.000000000000000000e+01,9.611831403214030445e+01
1.800000000000000000e+02,1.000000000000000000e+02,9.616535749111703524e+01
1.800000000000000000e+02,1.100000000000000000e+02,9.639776141040145774e+01
1.800000000000000000e+02,1.200000000000000000e+02,9.681012776851601132e+01
1.800000000000000000e+02,1.300000000000000000e+02,9.738835383643035470e+01
1.800000000000000000e+02,1.400000000000000000e+02,9.811003563956552398e+01
1.800000000000000000e+02,1.500000000000000000e+02,9.894533241983565119e+01
1.800000000000000000e+02,1.600000000000000000e+02,9.985829209772691684e+01
1.800000000000000000e+02,1.700000000000000000e+02,1.008086377344141482e+02
1.800000000000000000e+02,1.800000000000000000e+02,1.017540149939146232e+02
1.800000000000000000e+02,1.900000000000000000e+02,1.026527006052795059e+02
1.800000000000000000e+02,2.000000000000000000e+02,1.034667718248226009e+02
1.800000000000000000e+02,2.100000000000000000e+02,1.041657368983864842e+02
1.800000000000000000e+02,2.200000000000000000e+02,1.047306265236462934e+02
1.800000000000000000e+02,2.300000000000000000e+02,1.051585463124505537e+02
1.800000000000000000e+02,2.400000000000000000e+02,1.054676902531998905e+02
1.800000000000000000e+02,2.500000000000000000e+02,1.057028151732628203e+02
1.800000000000000000e+02,2.600000000000000000e+02,1.059257695634240690e+02
1.800000000000000000e+02,2.700000000000000000e+02,1.061561464259307570e+02
1.800000000000000000e+02,2.800000000000000000e+02,1.063888911388866632e+02
1.800000000000000000e+02,2.900000000000000000e+02,1.066089299582742029e+02
1.800000000000000000e+02,3.000000000000000000e+02,1.067947465411751153e+02
1.800000000000000000e+02,3.100000000000000000e+02,1.069215479337327821e+02
1.800000000000000000e+02,3.200000000000000000e+02,1.069640200238564489e+02
1.800000000000000000e+02,3.300000000000000000e+02,1.068986724586671073e+02
1.800000000000000000e+02,3.400000000000000000e+02,1.067057730266851081e+02
1.800000000000000000e+02,3.500000000000000000e+02,1.063708715047596485e+02
1.800000000000000000e+02,3.600000000000000000e+02,1.058859129697399055e+02
1.800000000000000000e+02,3.700000000000000000e+02,1.052499405748879440e+02
1.800000000000000000e+02,3.800000000000000000e+02,1.044693877910334265e+02
1.800000000000000000e+02,3.900000000000000000e+02,1.035579601124699991e+02
1.800000000000000000e+02,4.000000000000000000e+02,1.025361062275935353e+02
1.800000000000000000e+02,4.100000000000000000e+02,1.014300786542820560e+02
1.800000000000000000e+02,4.200000000000000000e+02,1.002705838400174088e+02
1.800000000000000000e+02,4.300000000000000000e+02,9.909102172674869280e+01
1.800000000000000000e+02,4.400000000000000000e+02,9.792531478049752991e+01
1.800000000000000000e+02,4.500000000000000000e+02,9.680532648570502374e+01
1.800000000000000000e+02,4.600000000000000000e+02,9.575786930432037991e+01
1.800000000000000000e+02,4.700000000000000000e+02,9.480130209963145660e+01
1.800000000000000000e+02,4.800000000000000000e+02,9.394171702483703257e+01
1.800000000000000000e+02,4.900000000000000000e+02,9.316871587636059360e+01
1.800000000000000000e+02,5.000000000000000000e+02,9.245077591190629107e+01
1.800000000000000000e+02,5.100000000000000000e+02,9.174674513497484440e+01
1.800000000000000000e+02,5.200000000000000000e+02,9.106215877721058405e+01
1.800000000000000000e+02,5.300000000000000000e+02,9.041708006063124969e+01
1.800000000000000000e+02,5.400000000000000000e+02,8.983099634185830951e+01
1.800000000000000000e+02,5.500000000000000000e+02,8.932162209550534726e+01
1.800000000000000000e+02,5.600000000000000000e+02,8.890389788159336604e+01
1.800000000000000000e+02,5.700000000000000000e+02,8.858918529699337796e+01
1.800000000000000000e+02,5.800000000000000000e+02,8.838465791089610946e+01
1.800000000000000000e+02,5.900000000000000000e+02,8.829288818430867991e+01
1.800000000000000000e+02,6.000000000000000000e+02,8.831163037357855217e+01
1.800000000000000000e+02,6.100000000000000000e+02,8.843379941794465537e+01
1.800000000000000000e+02,6.200000000000000000e+02,8.864764581111538178e+01
1.800000000000000000e+02,6.300000000000000000e+02,8.893712645687401164e+01
1.800000000000000000e+02,6.400000000000000000e+02,8.928247150871102633e+01
1.800000000000000000e+02,6.500000000000000000e+02,8.966094719348367903e+01
1.800000000000000000e+02,6.600000000000000000e+02,9.004781461910265250e+01
1.800000000000000000e+02,6.700000000000000000e+02,9.041748456624581820e+01
1.800000000000000000e+02,6.800000000000000000e+02,9.074486826409915352e+01
1.800000000000000000e+02,6.900000000000000000e+02,9.100692415012480296e+01
1.800000000000000000e+02,7.000000000000000000e+02,9.118440061385615536e+01
1.800000000000000000e+02,7.100000000000000000e+02,9.126377472472016450e+01
1.800000000000000000e+02,7.200000000000000000e+02,9.123938694388679949e+01
1.800000000000000000e+02,7.300000000000000000e+02,9.111577182014545429e+01
1.800000000000000000e+02,7.400000000000000000e+02,9.091018466980874280e+01
1.800000000000000000e+02,7.500000000000000000e+02,9.065532424064315364e+01
1.800000000000000000e+02,7.600000000000000000e+02,9.038804501024787896e+01
1.800000000000000000e+02,7.700000000000000000e+02,9.010803468008282380e+01
1.800000000000000000e+02,7.800000000000000000e+02,8.981697091162736513e+01
1.800000000000000000e+02,7.900000000000000000e+02,8.952832683887267251e+01
1.800000000000000000e+02,8.000000000000000000e+02,8.926345490420423801e+01
1.800000000000000000e+02,8.100000000000000000e+02,8.904810791649431678e+01
1.800000000000000000e+02,8.200000000000000000e+02,8.890939733140434953e+01
1.800000000000000000e+02,8.300000000000000000e+02,8.887318875389743766e+01
1.800000000000000000e+02,8.400000000000000000e+02,8.896193466296067243e+01
1.800000000000000000e+02,8.500000000000000000e+02,8.919294435853760206e+01
1.800000000000000000e+02,8.600000000000000000e+02,8.957709113067051021e+01
1.800000000000000000e+02,8.700000000000000000e+02,9.011795665085280405e+01
1.800000000000000000e+02,8.800000000000000000e+02,9.081141258559134144e+01
1.800000000000000000e+02,8.900000000000000000e+02,9.164563943217869735e+01
1.800000000000000000e+02,9.000000000000000000e+02,9.260158257667545456e+01
1.800000000000000000e+02,9.100000000000000000e+02,9.365384557410247623e+01
1.800000000000000000e+02,9.200000000000000000e+02,9.477202065084314597e+01
1.800000000000000000e+02,9.300000000000000000e+02,9.592245642925556126e+01
1.800000000000000000e+02,9.400000000000000000e+02,9.707046287449477973e+01
1.800000000000000000e+02,9.500000000000000000e+02,9.818295346354493347e+01
1.800000000000000000e+02,9.600000000000000000e+02,9.923152457646145308e+01
1.800000000000000000e+02,9.700000000000000000e+02,1.001959721098231455e+02
1.800000000000000000e+02,9.800000000000000000e+02,1.010682453123943674e+02
1.800000000000000000e+02,9.900000000000000000e+02,1.018568378429971091e+02
1.900000000000000000e+02,0.000000000000000000e+00,1.018342047799775258e+02
1.900000000000000000e+02,1.000000000000000000e+01,1.009866269699916757e+02
1.900000000000000000e+02,2.000000000000000000e+01,1.001353088427285485e+02
1.900000000000000000e+02,3.000000000000000000e+01,9.929053085718899752e+01
1.900000000000000000e+02,4.000000000000000000e+01,9.847358307699508373e+01
1.900000000000000000e+02,5.000000000000000000e+01,9.771250939499316246e+01
1.900000000000000000e+02,6.000000000000000000e+01,9.703835386484938397e+01
1.900000000000000000e+02,7.000000000000000000e+01,9.648190913963792070e+01
1.900000000000000000e+02,8.000000000000000000e+01,9.607096701742190703e+01
1.900000000000000000e+02,9.000000000000000000e+01,9.582807109382687827e+01
1.900000000000000000e+02,1.000000000000000000e+02,9.576877152160687956e+01
1.900000000000000000e+02,1.100000000000000000e+02,9.590038187720331564e+01
1.900000000000000000e+02,1.200000000000000000e+02,9.622123813429625727e+01
1.900000000000000000e+02,1.300000000000000000e+02,9.672045974434854543e+01
1.900000000000000000e+02,1.400000000000000000e+02,9.737821282414239477e+01
1.900000000000000000e+02,1.500000000000000000e+02,9.816647545030878064e+01
1.900000000000000000e+02,1.600000000000000000e+02,9.905030506084931119e+01
1.900000000000000000e+02,1.700000000000000000e+02,9.998960796365078352e+01
1.900000000000000000e+02,1.800000000000000000e+02,1.009414109519924665e+02
1.900000000000000000e+02,1.900000000000000000e+02,1.018626350270458687e+02
1.900000000000000000e+02,2.000000000000000000e+02,1.027133712273672472e+02
1.900000000000000000e+02,2.100000000000000000e+02,1.034606585653827153e+02
1.900000000000000000e+02,2.200000000000000000e+02,1.040827640708659914e+02
1.900000000000000000e+02,2.300000000000000000e+02,1.045739649414087040e+02
1.900000000000000000e+02,2.400000000000000000e+02,1.049498327998835521e+02
1.900000000000000000e+02,2.500000000000000000e+02,1.052530200588997644e+02
1.900000000000000000e+02,2.600000000000000000e+02,1.055451525303036675e+02
1.900000000000000000e+02,2.700000000000000000e+02,1.058496272722313165e+02
1.900000000000000000e+02,2.800000000000000000e+02,1.061643607721940299e+02
1.900000000000000000e+02,2.900000000000000000e+02,1.064754819784304942e+02
1.900000000000000000e+02,3.000000000000000000e+02,1.067612738752220594e+02
1.900000000000000000e+02,3.100000000000000000e+02,1.069956737394855395e+02
1.900000000000000000e+02,3.200000000000000000e+02,1.071513320786435770e+02
1.900000000000000000e+02,3.300000000000000000e+02,1.072022302497725121e+02
1.900000000000000000e+02,3.400000000000000000e+02,1.071258567600278724e+02
1.900000000000000000e+02,3.500000000000000000e+02,1.069049422483473961e+02
1.900000000000000000e+02,3.600000000000000000e+02,1.065287531484315338e+02
1.900000000000000000e+02,3.700000000000000000e+02,1.059939440330016538e+02
1.900000000000000000e+02,3.800000000000000000e+02,1.053049686393355984e+02
1.900000000000000000e+02,3.900000000000000000e+02,1.044740495760810148e+02
1.900000000000000000e+02,4.000000000000000000e+02,1.035207067113460084e+02
1.900000000000000000e+02,4.100000000000000000e+02,1.024708442420675567e+02
1.900000000000000000e+02,4.200000000000000000e+02,1.013553964446573303e+02
1.900000000000000000e+02,4.300000000000000000e+02,1.002085321069250909e+02
1.900000000000000000e+02,4.400000000000000000e+02,9.906541764127973693e+01
1.900000000000000000e+02,4.500000000000000000e+02,9.795953887920776992e+01
1.900000000000000000e+02,4.600000000000000000e+02,9.691958154702938089e+01
1.900000000000000000e+02,4.700000000000000000e+02,9.596587042293208469e+01
1.900000000000000000e+02,4.800000000000000000e+02,9.510636717528196016e+01
1.900000000000000000e+02,4.900000000000000000e+02,9.433222688221216856e+01
1.900000000000000000e+02,5.000000000000000000e+02,9.361291323248953233e+01
1.900000000000000000e+02,5.100000000000000000e+02,9.290764405014971317e+01
1.900000000000000000e+02,5.200000000000000000e+02,9.222250286596054991e+01
1.900000000000000000e+02,5.300000000000000000e+02,9.157812374471653527e+01
1.900000000000000000e+02,5.400000000000000000e+02,9.099444097690761168e+01
1.900000000000000000e+02,5.500000000000000000e+02,9.048949264917195023e+01
1.900000000000000000e+02,5.600000000000000000e+02,9.007842195434027133e+01
1.900000000000000000e+02,5.700000000000000000e+02,8.977267624107163613e+01
1.900000000000000000e+02,5.800000000000000000e+02,8.957940380308100714e+01
1.900000000000000000e+02,5.900000000000000000e+02,8.950104840795808059e+01
1.900000000000000000e+02,6.000000000000000000e+02,8.953514156557798742e+01
1.900000000000000000e+02,6.100000000000000000e+02,8.967429253610330875e+01
1.900000000000000000e+02,6.200000000000000000e+02,8.990637607757778937e+01
1.900000000000000000e+02,6.300000000000000000e+02,9.021491793311159313e+01
1.900000000000000000e+02,6.400000000000000000e+02,9.057967805765802893e+01
1.900000000000000000e+02,6.500000000000000000e+02,9.097743158438197497e+01
1.900000000000000000e+02,6.600000000000000000e+02,9.138294753061984466e+01
1.900000000000000000e+02,6.700000000000000000e+02,9.177016524343090964e+01
1.900000000000000000e+02,6.800000000000000000e+02,9.211356858474051990e+01
1.900000000000000000e+02,6.900000000000000000e+02,9.238975785607462399e+01
1.900000000000000000e+02,7.000000000000000000e+02,9.257921946288590220e+01
1.900000000000000000e+02,7.100000000000000000e+02,9.266829331847159779e+01
1.900000000000000000e+02,7.200000000000000000e+02,9.265133798748270522e+01
1.900000000000000000e+02,7.300000000000000000e+02,9.253309356902488503e+01
1.900000000000000000e+02,7.400000000000000000e+02,9.233124231935089199e+01
1.900000000000000000e+02,7.500000000000000000e+02,9.207916701414444560e+01
1.900000000000000000e+02,7.600000000000000000e+02,9.181361256098054469e+01
1.900000000000000000e+02,7.700000000000000000e+02,9.153048387104479389e+01
1.900000000000000000e+02,7.800000000000000000e+02,9.122783032142298509e+01
1.900000000000000000e+02,7.900000000000000000e+02,9.091669539398378674e+01
1.900000000000000000e+02,8.000000000000000000e+02,9.061706433263692873e+01
1.900000000000000000e+02,8.100000000000000000e+02,9.035425247062016751e+01
1.900000000000000000e+02,8.200000000000000000e+02,9.015573422781473312e+01
1.900000000000000000e+02,8.300000000000000000e+02,9.004841277808964151e+01
1.900000000000000000e+02,8.400000000000000000e+02,9.005633038667446044e+01
1.900000000000000000e+02,8.500000000000000000e+02,9.019881941756091237e+01
1.900000000000000000e+02,8.600000000000000000e+02,9.048909401093311544e+01
1.900000000000000000e+02,8.700000000000000000e+02,9.093328243062633476e+01
1.900000000000000000e+02,8.800000000000000000e+02,9.152990008161464175e+01
1.900000000000000000e+02,8.900000000000000000e+02,9.226976319752699851e+01
1.900000000000000000e+02,9.000000000000000000e+02,9.313634319819222185e+01
1.900000000000000000e+02,9.100000000000000000e+02,9.410656171721244334e+01
1.900000000000000000e+02,9.200000000000000000e+02,9.515202629956532121e+01
1.900000000000000000e+02,9.300000000000000000e+02,9.624070676923487611e+01
1.900000000000000000e+02,9.400000000000000000e+02,9.733905226687109291e+01
1.900000000000000000e+02,9.500000000000000000e+02,9.841454895747796172e+01
1.900000000000000000e+02,9.600000000000000000e+02,9.943871840813046958e+01
1.900000000000000000e+02,9.700000000000000000e+02,1.003905566357200456e+02
1.900000000000000000e+02,9.800000000000000000e+02,1.012604138247287437e+02
1.900000000000000000e+02,9.900000000000000000e+02,1.020543147150320920e+02
2.000000000000000000e+02,0.000000000000000000e+00,1.019931820119881536e+02
2.000000000000000000e+02,1.000000000000000000e+01,1.011247132894724672e+02
2.000000000000000000e+02,2.000000000000000000e+01,1.002460139881251280e+02
2.000000000000000000e+02,3.000000000000000000e+01,9.936323819214982223e+01
2.000000000000000000e+02,4.000000000000000000e+01,9.849572307214972966e+01
2.000000000000000000e+02,5.000000000000000000e+01,9.767131715364648414e+01
2.000000000000000000e+02,6.000000000000000000e+01,9.692224340580618502e+01
2.000000000000000000e+02,7.000000000000000000e+01,9.628149715037216083e+01
2.000000000000000000e+02,8.000000000000000000e+01,9.577977879080455637e+01
2.000000000000000000e+02,9.000000000000000000e+01,9.544296136162677158e+01
2.000000000000000000e+02,1.000000000000000000e+02,9.529009289797875226e+01
2.000000000000000000e+02,1.100000000000000000e+02,9.533193362537704729e+01
2.000000000000000000e+02,1.200000000000000000e+02,9.557002796968181713e+01
2.000000000000000000e+02,1.300000000000000000e+02,9.599631138727058044e+01
2.000000000000000000e+02,1.400000000000000000e+02,9.659325201541878414e+01
2.000000000000000000e+02,1.500000000000000000e+02,9.733452714288731045e+01
2.000000000000000000e+02,1.600000000000000000e+02,9.818623450071667946e+01
2.000000000000000000e+02,1.700000000000000000e+02,9.910863837322824565e+01
2.000000000000000000e+02,1.800000000000000000e+02,1.000584505292320472e+02
2.000000000000000000e+02,1.900000000000000000e+02,1.009916459734416776e+02
2.000000000000000000e+02,2.000000000000000000e+02,1.018668135180958245e+02
2.000000000000000000e+02,2.100000000000000000e+02,1.026490411747867313e+02
2.000000000000000000e+02,2.200000000000000000e+02,1.033143363664955530e+02
2.000000000000000000e+02,2.300000000000000000e+02,1.038545809598342942e+02
2.000000000000000000e+02,2.400000000000000000e+02,1.042830211174949824e+02
2.000000000000000000e+02,2.500000000000000000e+02,1.046402919709052526e+02
2.000000000000000000e+02,2.600000000000000000e+02,1.049877939089442549e+02
2.000000000000000000e+02,2.700000000000000000e+02,1.053533016370459308e+02
2.000000000000000000e+02,2.800000000000000000e+02,1.057384384376176172e+02
2.000000000000000000e+02,2.900000000000000000e+02,1.061312251733117620e+02
2.000000000000000000e+02,3.000000000000000000e+02,1.065103511888117538e+02
2.000000000000000000e+02,3.100000000000000000e+02,1.068489793961903160e+02
2.000000000000000000e+02,3.200000000000000000e+02,1.071180855438406354e+02
2.000000000000000000e+02,3.300000000000000000e+02,1.072893316689799974e+02
2.000000000000000000e+02,3.400000000000000000e+02,1.073374737337262133e+02
2.000000000000000000e+02,3.500000000000000000e+02,1.072423034447466250e+02
2.000000000000000000e+02,3.600000000000000000e+02,1.069901242564796604e+02
2.000000000000000000e+02,3.700000000000000000e+02,1.065747615579292500e+02
2.000000000000000000e+02,3.800000000000000000e+02,1.059981070430316947e+02
2.000000000000000000e+02,3.900000000000000000e+02,1.052701972645952253e+02
2.000000000000000000e+02,4.000000000000000000e+02,1.044088263718122818e+02
2.000000000000000000e+02,4.100000000000000000e+02,1.034386930313443287e+02
2.000000000000000000e+02,4.200000000000000000e+02,1.023900815319793765e+02
2.000000000000000000e+02,4.300000000000000000e+02,1.012970770728621659e+02
2.000000000000000000e+02,4.400000000000000000e+02,1.001953152352969170e+02
2.000000000000000000e+02,4.500000000000000000e+02,9.911926563812284030e+01
2.000000000000000000e+02,4.600000000000000000e+02,9.809904977666211323e+01
2.000000000000000000e+02,4.700000000000000000e+02,9.715679304524068982e+01
2.000000000000000000e+02,4.800000000000000000e+02,9.630251094328173167e+01
2.000000000000000000e+02,4.900000000000000000e+02,9.552952946497137532e+01
2.000000000000000000e+02,5.000000000000000000e+02,9.480943967249773152e+01
2.000000000000000000e+02,5.100000000000000000e+02,9.410322489473217900e+01
2.000000000000000000e+02,5.200000000000000000e+02,9.341790233744427496e+01
2.000000000000000000e+02,5.300000000000000000e+02,9.277472943684158224e+01
2.000000000000000000e+02,5.400000000000000000e+02,9.219411390887240998e+01
2.000000000000000000e+02,5.500000000000000000e+02,9.169442267623475118e+01
2.000000000000000000e+02,5.600000000000000000e+02,9.129098993206783064e+01
2.000000000000000000e+02,5.700000000000000000e+02,9.099532434032603589e+01
2.000000000000000000e+02,5.800000000000000000e+02,9.081451537283545861e+01
2.000000000000000000e+02,5.900000000000000000e+02,9.075083878303297524e+01
2.000000000000000000e+02,6.000000000000000000e+02,9.080156121638775346e+01
2.000000000000000000e+02,6.100000000000000000e+02,9.095894395750541150e+01
2.000000000000000000e+02,6.200000000000000000e+02,9.121044581391451800e+01
2.000000000000000000e+02,6.300000000000000000e+02,9.153912513653584426e+01
2.000000000000000000e+02,6.400000000000000000e+02,9.192424097683388595e+01
2.000000000000000000e+02,6.500000000000000000e+02,9.234205338065112301e+01
2.000000000000000000e+02,6.600000000000000000e+02,9.276682281872466262e+01
2.000000000000000000e+02,6.700000000000000000e+02,9.317200875388545001e+01
2.000000000000000000e+02,6.800000000000000000e+02,9.353166734493997581e+01
2.000000000000000000e+02,6.900000000000000000e+02,9.382204828723462242e+01
2.000000000000000000e+02,7.000000000000000000e+02,9.402339078990227961e+01
2.000000000000000000e+02,7.100000000000000000e+02,9.412191868979176945e+01
2.000000000000000000e+02,7.200000000000000000e+02,9.411203470207958333e+01
2.000000000000000000e+02,7.300000000000000000e+02,9.399871380756420081e+01
2.000000000000000000e+02,7.400000000000000000e+02,9.380009577664306164e+01
2.000000000000000000e+02,7.500000000000000000e+02,9.355027682997172178e+01
2.000000000000000000e+02,7.600000000000000000e+02,9.328579301256434064e+01
2.000000000000000000e+02,7.700000000000000000e+02,9.299821566626725655e+01
2.000000000000000000e+02,7.800000000000000000e+02,9.268142828550193713e+01
2.000000000000000000e+02,7.900000000000000000e+02,9.234365051098605193e+01
2.000000000000000000e+02,8.000000000000000000e+02,9.200324044731524964e+01
2.000000000000000000e+02,8.100000000000000000e+02,9.168494039437295839e+01
2.000000000000000000e+02,8.200000000000000000e+02,9.141656599256791083e+01
2.000000000000000000e+02,8.300000000000000000e+02,9.122613878189967807e+01
2.000000000000000000e+02,8.400000000000000000e+02,9.113946217485191426e+01
2.000000000000000000e+02,8.500000000000000000e+02,9.117814084311366685e+01
2.000000000000000000e+02,8.600000000000000000e+02,9.135804351812839741e+01
2.000000000000000000e+02,8.700000000000000000e+02,9.168820920547096875e+01
2.000000000000000000e+02,8.800000000000000000e+02,9.217019681305247047e+01
2.000000000000000000e+02,8.900000000000000000e+02,9.279787819315289710e+01
2.000000000000000000e+02,9.000000000000000000e+02,9.355767459828177834e+01
2.000000000000000000e+02,9.100000000000000000e+02,9.442923655086660517e+01
2.000000000000000000e+02,9.200000000000000000e+02,9.538656712676913685e+01
2.000000000000000000e+02,9.300000000000000000e+02,9.639958865262960330e+01
2.000000000000000000e+02,9.400000000000000000e+02,9.743615281703884534e+01
2.000000000000000000e+02,9.500000000000000000e+02,9.846449419553810856e+01
2.000000000000000000e+02,9.600000000000000000e+02,9.945612718944704511e+01
2.000000000000000000e+02,9.700000000000000000e+02,1.003891863785192697e+02
2.000000000000000000e+02,9.800000000000000000e+02,1.012522102874259673e+02
2.000000000000000000e+02,9.900000000000000000e+02,1.020483685660673672e+02
2.100000000000000000e+02,0.000000000000000000e+00,1.019467812213493545e+02
2.100000000000000000e+02,1.000000000000000000e+01,1.010627611120931846e+02
2.100000000000000000e+02,2.000000000000000000e+01,1.001632494943186913e+02
2.100000000000000000e+02,3.000000000000000000e+01,9.925099556702684822e+01
2.100000000000000000e+02,4.000000000000000000e+01,9.834364709424944806e+01
2.100000000000000000e+02,5.000000000000000000e+01,9.746876057014026173e+01
2.100000000000000000e+02,6.000000000000000000e+01,9.665937042703762927e+01
2.100000000000000000e+02,7.000000000000000000e+01,9.595011728649846816e+01
2.100000000000000000e+02,8.000000000000000000e+01,9.537393525330359978e+01
2.100000000000000000e+02,9.000000000000000000e+01,9.495929825243455014e+01
2.100000000000000000e+02,1.000000000000000000e+02,9.472802540902165447e+01
2.100000000000000000e+02,1.100000000000000000e+02,9.469364547126362197e+01
2.100000000000000000e+02,1.200000000000000000e+02,9.486032027631841856e+01
2.100000000000000000e+02,1.300000000000000000e+02,9.522232725916563822e+01
2.100000000000000000e+02,1.400000000000000000e+02,9.576410100444010709e+01
2.100000000000000000e+02,1.500000000000000000e+02,9.646083384123706139e+01
2.100000000000000000e+02,1.600000000000000000e+02,9.727963548088858659e+01
2.100000000000000000e+02,1.700000000000000000e+02,9.818125169771147398e+01
2.100000000000000000e+02,1.800000000000000000e+02,9.912234205272645227e+01
2.100000000000000000e+02,1.900000000000000000e+02,1.000583166603488650e+02
2.100000000000000000e+02,2.000000000000000000e+02,1.009467319980507085e+02
2.100000000000000000e+02,2.100000000000000000e+02,1.017512457589939601e+02
2.100000000000000000e+02,2.200000000000000000e+02,1.024461307476355501e+02
2.100000000000000000e+02,2.300000000000000000e+02,1.030213478183032976e+02
2.100000000000000000e+02,2.400000000000000000e+02,1.034881778567437891e+02
2.100000000000000000e+02,2.500000000000000000e+02,1.038854128046411205e+02
2.100000000000000000e+02,2.600000000000000000e+02,1.042742724344788030e+02
2.100000000000000000e+02,2.700000000000000000e+02,1.046873106788133612e+02
2.100000000000000000e+02,2.800000000000000000e+02,1.051304152107210541e+02
2.100000000000000000e+02,2.900000000000000000e+02,1.055940660484953639e+02
2.100000000000000000e+02,3.000000000000000000e+02,1.060578942519883014e+02
2.100000000000000000e+02,3.100000000000000000e+02,1.064947566630003450e+02
2.100000000000000000e+02,3.200000000000000000e+02,1.068743266897187567e+02
2.100000000000000000e+02,3.300000000000000000e+02,1.071662011352044601e+02
2.100000000000000000e+02,3.400000000000000000e+02,1.073425230699275659e+02
2.100000000000000000e+02,3.500000000000000000e+02,1.073801207483512030e+02
2.100000000000000000e+02,3.600000000000000000e+02,1.072621625695640262e+02
2.100000000000000000e+02,3.700000000000000000e+02,1.069793280819612562e+02
2.100000000000000000e+02,3.800000000000000000e+02,1.065304950319740698e+02
2.100000000000000000e+02,3.900000000000000000e+02,1.059229424568477356e+02
2.100000000000000000e+02,4.000000000000000000e+02,1.051720698214681278e+02
2.100000000000000000e+02,4.100000000000000000e+02,1.043006321992367731e+02
2.100000000000000000e+02,4.200000000000000000e+02,1.033374914969944598e+02
2.100000000000000000e+02,4.300000000000000000e+02,1.023158837239933661e+02
2.100000000000000000e+02,4.400000000000000000e+02,1.012712023049176651e+02
2.100000000000000000e+02,4.500000000000000000e+02,1.002382974369527062e+02
2.100000000000000000e+02,4.600000000000000000e+02,9.924829149090268743e+01
2.100000000000000000e+02,4.700000000000000000e+02,9.832491045635681814e+01
2.100000000000000000e+02,4.800000000000000000e+02,9.748033143090411556e+01
2.100000000000000000e+02,4.900000000000000000e+02,9.671054615339652116e+01
2.100000000000000000e+02,5.000000000000000000e+02,9.599024058126082082e+01
2.100000000000000000e+02,5.100000000000000000e+02,9.528336947740955054e+01
2.100000000000000000e+02,5.200000000000000000e+02,9.459819826107407437e+01
2.100000000000000000e+02,5.300000000000000000e+02,9.395663159893297234e+01
2.100000000000000000e+02,5.400000000000000000e+02,9.337955704266698831e+01
2.100000000000000000e+02,5.500000000000000000e+02,9.288566329046790315e+01
2.100000000000000000e+02,5.600000000000000000e+02,9.249045861971711702e+01
2.100000000000000000e+02,5.700000000000000000e+02,9.220548949083425327e+01
2.100000000000000000e+02,5.800000000000000000e+02,9.203775932229542889e+01
2.100000000000000000e+02,5.900000000000000000e+02,9.198934743682151804e+01
2.100000000000000000e+02,6.000000000000000000e+02,9.205722817873616748e+01
2.100000000000000000e+02,6.100000000000000000e+02,9.223329020249369137e+01
2.100000000000000000e+02,6.200000000000000000e+02,9.250455593237673213e+01
2.100000000000000000e+02,6.300000000000000000e+02,9.285360119336397133e+01
2.100000000000000000e+02,6.400000000000000000e+02,9.325917501316735070e+01
2.100000000000000000e+02,6.500000000000000000e+02,9.369701959543952796e+01
2.100000000000000000e+02,6.600000000000000000e+02,9.414089046415080020e+01
2.100000000000000000e+02,6.700000000000000000e+02,9.456377677913614832e+01
2.100000000000000000e+02,6.800000000000000000e+02,9.493932182281196219e+01
2.100000000000000000e+02,6.900000000000000000e+02,9.524344365806277324e+01
2.100000000000000000e+02,7.000000000000000000e+02,9.545615595729752556e+01
2.100000000000000000e+02,7.100000000000000000e+02,9.556358900267609613e+01
2.100000000000000000e+02,7.200000000000000000e+02,9.556021085750531086e+01
2.100000000000000000e+02,7.300000000000000000e+02,9.545124870880498236e+01
2.100000000000000000e+02,7.400000000000000000e+02,9.525531038104381309e+01
2.100000000000000000e+02,7.500000000000000000e+02,9.500720602104493651e+01
2.100000000000000000e+02,7.600000000000000000e+02,9.474316572386794633e+01
2.100000000000000000e+02,7.700000000000000000e+02,9.445001925142439347e+01
2.100000000000000000e+02,7.800000000000000000e+02,9.411708676061415701e+01
2.100000000000000000e+02,7.900000000000000000e+02,9.374946722754225448e+01
2.100000000000000000e+02,8.000000000000000000e+02,9.336369039026482142e+01
2.100000000000000000e+02,8.100000000000000000e+02,9.298381413703127407e+01
2.100000000000000000e+02,8.200000000000000000e+02,9.263796734002265509e+01
2.100000000000000000e+02,8.300000000000000000e+02,9.235533813458633290e+01
2.100000000000000000e+02,8.400000000000000000e+02,9.216360764396679883e+01
2.100000000000000000e+02,8.500000000000000000e+02,9.208682914953274690e+01
2.100000000000000000e+02,8.600000000000000000e+02,9.214375270650046446e+01
2.100000000000000000e+02,8.700000000000000000e+02,9.234659520515332076e+01
2.100000000000000000e+02,8.800000000000000000e+02,9.270025587755756646e+01
2.100000000000000000e+02,8.900000000000000000e+02,9.320197724977437304e+01
2.100000000000000000e+02,9.000000000000000000e+02,9.384145153956806951e+01
2.100000000000000000e+02,9.100000000000000000e+02,9.460137249961063333e+01
2.100000000000000000e+02,9.200000000000000000e+02,9.545843270618236431e+01
2.100000000000000000e+02,9.300000000000000000e+02,9.638476629336892643e+01
2.100000000000000000e+02,9.400000000000000000e+02,9.734983713275441630e+01
2.100000000000000000e+02,9.500000000000000000e+02,9.832277245861084225e+01
2.100000000000000000e+02,9.600000000000000000e+02,9.927514193858377212e+01
2.100000000000000000e+02,9.700000000000000000e+02,1.001841821898742069e+02
2.100000000000000000e+02,9.800000000000000000e+02,1.010364667409166088e+02
2.100000000000000000e+02,9.900000000000000000e+02,1.018320214385534115e+02
2.200000000000000000e+02,0.000000000000000000e+00,1.016958374277786987e+02
2.200000000000000000e+02,1.000000000000000000e+01,1.008013612136483488e+02
2.200000000000000000e+02,2.000000000000000000e+01,9.988739506161876136e+01
2.200000000000000000e+02,3.000000000000000000e+01,9.895404111995297569e+01
2.200000000000000000e+02,4.000000000000000000e+01,9.801755822986332589e+01
2.200000000000000000e+02,5.000000000000000000e+01,9.710514912507680663e+01
2.200000000000000000e+02,6.000000000000000000e+01,9.625032282196484346e+01
2.200000000000000000e+02,7.000000000000000000e+01,9.548883220023766683e+01
2.200000000000000000e+02,8.000000000000000000e+01,9.485518677420331812e+01
2.200000000000000000e+02,9.000000000000000000e+01,9.437974065459115991e+01
2.200000000000000000e+02,1.000000000000000000e+02,9.408635570094003242e+01
2.200000000000000000e+02,1.100000000000000000e+02,9.399063986455085740e+01
2.200000000000000000e+02,1.200000000000000000e+02,9.409876072200394503e+01
2.200000000000000000e+02,1.300000000000000000e+02,9.440683419924083353e+01
2.200000000000000000e+02,1.400000000000000000e+02,9.490088848621063278e+01
2.200000000000000000e+02,1.500000000000000000e+02,9.555740314208100017e+01
2.200000000000000000e+02,1.600000000000000000e+02,9.634442339101373420e+01
2.200000000000000000e+02,1.700000000000000000e+02,9.722324960850481546e+01
2.200000000000000000e+02,1.800000000000000000e+02,9.815070199828909381e+01
2.200000000000000000e+02,1.900000000000000000e+02,9.908196045980962197e+01
2.200000000000000000e+02,2.000000000000000000e+02,9.997397964625139366e+01
2.200000000000000000e+02,2.100000000000000000e+02,1.007894792131397139e+02
2.200000000000000000e+02,2.200000000000000000e+02,1.015015092575033293e+02
2.200000000000000000e+02,2.300000000000000000e+02,1.020985909476017355e+02
2.200000000000000000e+02,2.400000000000000000e+02,1.025904323432174863e+02
2.200000000000000000e+02,2.500000000000000000e+02,1.030142194065127512e+02
2.200000000000000000e+02,2.600000000000000000e+02,1.034310735635036593e+02
2.200000000000000000e+02,2.700000000000000000e+02,1.038785610502775256e+02
2.200000000000000000e+02,2.800000000000000000e+02,1.043672087700775961e+02
2.200000000000000000e+02,2.900000000000000000e+02,1.048903871170838187e+02
2.200000000000000000e+02,3.000000000000000000e+02,1.054291124708605878e+02
2.200000000000000000e+02,3.100000000000000000e+02,1.059563536425233679e+02
2.200000000000000000e+02,3.200000000000000000e+02,1.064408422726240673e+02
2.200000000000000000e+02,3.300000000000000000e+02,1.068503871807551775e+02
2.200000000000000000e+02,3.400000000000000000e+02,1.071546926668727480e+02
2.200000000000000000e+02,3.500000000000000000e+02,1.073276807643380835e+02
2.200000000000000000e+02,3.600000000000000000e+02,1.073493174446783343e+02
2.200000000000000000e+02,3.700000000000000000e+02,1.072069427740657375e+02
2.200000000000000000e+02,3.800000000000000000e+02,1.068961050215157371e+02
2.200000000000000000e+02,3.900000000000000000e+02,1.064208987188038833e+02
2.200000000000000000e+02,4.000000000000000000e+02,1.057938066721014820e+02
2.200000000000000000e+02,4.100000000000000000e+02,1.050350459253300528e+02
2.200000000000000000e+02,4.200000000000000000e+02,1.041714176752345935e+02
2.200000000000000000e+02,4.300000000000000000e+02,1.032346611381755821e+02
2.200000000000000000e+02,4.400000000000000000e+02,1.022593113686398425e+02
2.200000000000000000e+02,4.500000000000000000e+02,1.012800610294700761e+02
2.200000000000000000e+02,4.600000000000000000e+02,1.003286261138133284e+02
2.200000000000000000e+02,4.700000000000000000e+02,9.943011561878810767e+01
2.200000000000000000e+02,4.800000000000000000e+02,9.859890517087043804e+01
2.200000000000000000e+02,4.900000000000000000e+02,9.783401460299845098e+01
2.200000000000000000e+02,5.000000000000000000e+02,9.711398948339612502e+01
2.200000000000000000e+02,5.100000000000000000e+02,9.640673141195637186e+01
2.200000000000000000e+02,5.200000000000000000e+02,9.572199043926183037e+01
2.200000000000000000e+02,5.300000000000000000e+02,9.508231675700847063e+01
2.200000000000000000e+02,5.400000000000000000e+02,9.450906685925798456e+01
2.200000000000000000e+02,5.500000000000000000e+02,9.402123421635313605e+01
2.200000000000000000e+02,5.600000000000000000e+02,9.363448080962201914e+01
2.200000000000000000e+02,5.700000000000000000e+02,9.336036952687125279e+01
2.200000000000000000e+02,5.800000000000000000e+02,9.320579741866799850e+01
2.200000000000000000e+02,5.900000000000000000e+02,9.317262981541102818e+01
2.200000000000000000e+02,6.000000000000000000e+02,9.325753530519055801e+01
2.200000000000000000e+02,6.100000000000000000e+02,9.345202157243716101e+01
2.200000000000000000e+02,6.200000000000000000e+02,9.374267209735943140e+01
2.200000000000000000e+02,6.300000000000000000e+02,9.411158371617071339e+01
2.200000000000000000e+02,6.400000000000000000e+02,9.453700504210462441e+01
2.200000000000000000e+02,6.500000000000000000e+02,9.499417574721957180e+01
2.200000000000000000e+02,6.600000000000000000e+02,9.545636670499214915e+01
2.200000000000000000e+02,6.700000000000000000e+02,9.589612099369945497e+01
2.200000000000000000e+02,6.800000000000000000e+02,9.628669576059034796e+01
2.200000000000000000e+02,6.900000000000000000e+02,9.660370494684558196e+01
2.200000000000000000e+02,7.000000000000000000e+02,9.682696287332687746e+01
2.200000000000000000e+02,7.100000000000000000e+02,9.694252868711491544e+01
2.200000000000000000e+02,7.200000000000000000e+02,9.694495166883622517e+01
2.200000000000000000e+02,7.300000000000000000e+02,9.683971740077899426e+01
2.200000000000000000e+02,7.400000000000000000e+02,9.664589479579784381e+01
2.200000000000000000e+02,7.500000000000000000e+02,9.639898398700741211e+01
2.200000000000000000e+02,7.600000000000000000e+02,9.613481957195013194e+01
2.200000000000000000e+02,7.700000000000000000e+02,9.583522594977689835e+01
2.200000000000000000e+02,7.800000000000000000e+02,9.548470388220674465e+01
2.200000000000000000e+02,7.900000000000000000e+02,9.508503430449633242e+01
2.200000000000000000e+02,8.000000000000000000e+02,9.465077863093929977e+01
2.200000000000000000e+02,8.100000000000000000e+02,9.420522586023064093e+01
2.200000000000000000e+02,8.200000000000000000e+02,9.377678648069590395e+01
2.200000000000000000e+02,8.300000000000000000e+02,9.339583317538536278e+01
2.200000000000000000e+02,8.400000000000000000e+02,9.309198832703316384e+01
2.200000000000000000e+02,8.500000000000000000e+02,9.289185832288131905e+01
2.200000000000000000e+02,8.600000000000000000e+02,9.281721465936874438e+01
2.200000000000000000e+02,8.700000000000000000e+02,9.288362184668510224e+01
2.200000000000000000e+02,8.800000000000000000e+02,9.309951211318971787e+01
2.200000000000000000e+02,8.900000000000000000e+02,9.346570690969525685e+01
2.200000000000000000e+02,9.000000000000000000e+02,9.397538521361653352e+01
2.200000000000000000e+02,9.100000000000000000e+02,9.461449863298406626e+01
2.200000000000000000e+02,9.200000000000000000e+02,9.536263331032270685e+01
2.200000000000000000e+02,9.300000000000000000e+02,9.619431862639511621e+01
2.200000000000000000e+02,9.400000000000000000e+02,9.708078270381021468e+01
2.200000000000000000e+02,9.500000000000000000e+02,9.799215471049650716e+01
2.200000000000000000e+02,9.600000000000000000e+02,9.890011396304046798e+01
2.200000000000000000e+02,9.700000000000000000e+02,9.978098582988971543e+01
2.200000000000000000e+02,9.800000000000000000e+02,1.006192844344211750e+02
2.200000000000000000e+02,9.900000000000000000e+02,1.014117021578742310e+02
2.300000000000000000e+02,0.000000000000000000e+00,1.012582948467950530e+02
2.300000000000000000e+02,1.000000000000000000e+01,1.003578430078982109e+02
2.300000000000000000e+02,2.000000000000000000e+01,9.943508332434636543e+01
2.300000000000000000e+02,3.000000000000000000e+01,9.848819186218281629e+01
2.300000000000000000e+02,4.000000000000000000e+01,9.753234136804942978e+01
2.300000000000000000e+02,5.000000000000000000e+01,9.659435054778556662e+01
2.300000000000000000e+02,6.000000000000000000e+01,9.570791760354342159e+01
2.300000000000000000e+02,7.000000000000000000e+01,9.490943802941990270e+01
2.300000000000000000e+02,8.000000000000000000e+01,9.423440666560502166e+01
2.300000000000000000e+02,9.000000000000000000e+01,9.371440401104675288e+01
2.300000000000000000e+02,1.000000000000000000e+02,9.337466679463233277e+01
2.300000000000000000e+02,1.100000000000000000e+02,9.323224280488619797e+01
2.300000000000000000e+02,1.200000000000000000e+02,9.329472997818420765e+01
2.300000000000000000e+02,1.300000000000000000e+02,9.355959974548457581e+01
2.300000000000000000e+02,1.400000000000000000e+02,9.401410463757513014e+01
2.300000000000000000e+02,1.500000000000000000e+02,9.463577014883712479e+01
2.300000000000000000e+02,1.600000000000000000e+02,9.539347085952559269e+01
2.300000000000000000e+02,1.700000000000000000e+02,9.624909081656612386e+01
2.300000000000000000e+02,1.800000000000000000e+02,9.715976817286809819e+01
2.300000000000000000e+02,1.900000000000000000e+02,9.808072408515457141e+01
2.300000000000000000e+02,2.000000000000000000e+02,9.896867587030847346e+01
2.300000000000000000e+02,2.100000000000000000e+02,9.978583442023541750e+01
2.300000000000000000e+02,2.200000000000000000e+02,1.005044858752429633e+02
2.300000000000000000e+02,2.300000000000000000e+02,1.011121575559362924e+02
2.300000000000000000e+02,2.400000000000000000e+02,1.016173681536305935e+02
2.300000000000000000e+02,2.500000000000000000e+02,1.020559621792796747e+02
2.300000000000000000e+02,2.600000000000000000e+02,1.024890661513925068e+02
2.300000000000000000e+02,2.700000000000000000e+02,1.029593454105340697e+02
2.300000000000000000e+02,2.800000000000000000e+02,1.034821719485211844e+02
2.300000000000000000e+02,2.900000000000000000e+02,1.040540990984848406e+02
2.300000000000000000e+02,3.000000000000000000e+02,1.046578657050124690e+02
2.300000000000000000e+02,3.100000000000000000e+02,1.052668974553581478e+02
2.300000000000000000e+02,3.200000000000000000e+02,1.058493053717210870e+02
2.300000000000000000e+02,3.300000000000000000e+02,1.063713814645920621e+02
2.300000000000000000e+02,3.400000000000000000e+02,1.068005915471680680e+02
2.300000000000000000e+02,3.500000000000000000e+02,1.071080652108350080e+02
2.300000000000000000e+02,3.600000000000000000e+02,1.072705829617185316e+02
2.300000000000000000e+02,3.700000000000000000e+02,1.072720605183029505e+02
2.300000000000000000e+02,3.800000000000000000e+02,1.071045302701183033e+02
2.300000000000000000e+02,3.900000000000000000e+02,1.067686198974954408e+02
2.300000000000000000e+02,4.000000000000000000e+02,1.062735281523893178e+02
2.300000000000000000e+02,4.100000000000000000e+02,1.056364978002703481e+02
2.300000000000000000e+02,4.200000000000000000e+02,1.048817857230838086e+02
2.300000000000000000e+02,4.300000000000000000e+02,1.040391301832774928e+02
2.300000000000000000e+02,4.400000000000000000e+02,1.031417152488972704e+02
2.300000000000000000e+02,4.500000000000000000e+02,1.022236323797509812e+02
2.300000000000000000e+02,4.600000000000000000e+02,1.013168391746402364e+02
2.300000000000000000e+02,4.700000000000000000e+02,1.004476152796604111e+02
2.300000000000000000e+02,4.800000000000000000e+02,9.963251545756881455e+01
2.300000000000000000e+02,4.900000000000000000e+02,9.887381981822076682e+01
2.300000000000000000e+02,5.000000000000000000e+02,9.815448121007402449e+01
2.300000000000000000e+02,5.100000000000000000e+02,9.744706777232948980e+01
2.300000000000000000e+02,5.200000000000000000e+02,9.676297192211860931e+01
2.300000000000000000e+02,5.300000000000000000e+02,9.612536861666399091e+01
2.300000000000000000e+02,5.400000000000000000e+02,9.555606032664692862e+01
2.300000000000000000e+02,5.500000000000000000e+02,9.507432226394314512e+01
2.300000000000000000e+02,5.600000000000000000e+02,9.469594885741439327e+01
2.300000000000000000e+02,5.700000000000000000e+02,9.443250147675647099e+01
2.300000000000000000e+02,5.800000000000000000e+02,9.429075740440300990e+01
2.300000000000000000e+02,5.900000000000000000e+02,9.427236005548549258e+01
2.300000000000000000e+02,6.000000000000000000e+02,9.437367044584934206e+01
2.300000000000000000e+02,6.100000000000000000e+02,9.458581990812608353e+01
2.300000000000000000e+02,6.200000000000000000e+02,9.489496405586149308e+01
2.300000000000000000e+02,6.300000000000000000e+02,9.528273799570001756e+01
2.300000000000000000e+02,6.400000000000000000e+02,9.572691278762502520e+01
2.300000000000000000e+02,6.500000000000000000e+02,9.620225315325541260e+01
2.300000000000000000e+02,6.600000000000000000e+02,9.668157643219797137e+01
2.300000000000000000e+02,6.700000000000000000e+02,9.713701278645618231e+01
2.300000000000000000e+02,6.800000000000000000e+02,9.754146665289476914e+01
2.300000000000000000e+02,6.900000000000000000e+02,9.787027944376058031e+01
2.300000000000000000e+02,7.000000000000000000e+02,9.810309349525931566e+01
2.300000000000000000e+02,7.100000000000000000e+02,9.822591726418862379e+01
2.300000000000000000e+02,7.200000000000000000e+02,9.823339177262691635e+01
2.300000000000000000e+02,7.300000000000000000e+02,9.813125830067863831e+01
2.300000000000000000e+02,7.400000000000000000e+02,9.793902732727532623e+01
2.300000000000000000e+02,7.500000000000000000e+02,9.769284871903286671e+01
2.300000000000000000e+02,7.600000000000000000e+02,9.742808527199815671e+01
2.300000000000000000e+02,7.700000000000000000e+02,9.712142288436652393e+01
2.300000000000000000e+02,7.800000000000000000e+02,9.675241472991451985e+01
2.300000000000000000e+02,7.900000000000000000e+02,9.631941772002228674e+01
2.300000000000000000e+02,8.000000000000000000e+02,9.583494284965200904e+01
2.300000000000000000e+02,8.100000000000000000e+02,9.532145310375956626e+01
2.300000000000000000e+02,8.200000000000000000e+02,9.480760892413975682e+01
2.300000000000000000e+02,8.300000000000000000e+02,9.432496123670480870e+01
2.300000000000000000e+02,8.400000000000000000e+02,9.390509203919637571e+01
2.300000000000000000e+02,8.500000000000000000e+02,9.357720254933090587e+01
2.300000000000000000e+02,8.600000000000000000e+02,9.336614891337839595e+01
2.300000000000000000e+02,8.700000000000000000e+02,9.329092547517458911e+01
2.300000000000000000e+02,8.800000000000000000e+02,9.336359560556651616e+01
2.300000000000000000e+02,8.900000000000000000e+02,9.358867009229150824e+01
2.300000000000000000e+02,9.000000000000000000e+02,9.396293309028959584e+01
2.300000000000000000e+02,9.100000000000000000e+02,9.447571563244923709e+01
2.300000000000000000e+02,9.200000000000000000e+02,9.510961670078658869e+01
2.300000000000000000e+02,9.300000000000000000e+02,9.584167185805804934e+01
2.300000000000000000e+02,9.400000000000000000e+02,9.664496943980627464e+01
2.300000000000000000e+02,9.500000000000000000e+02,9.749071430683957828e+01
2.300000000000000000e+02,9.600000000000000000e+02,9.835073915814474788e+01
2.300000000000000000e+02,9.700000000000000000e+02,9.920046340423326114e+01
2.300000000000000000e+02,9.800000000000000000e+02,1.000222996009208742e+02
2.300000000000000000e+02,9.900000000000000000e+02,1.008095074435406673e+02
2.400000000000000000e+02,0.000000000000000000e+00,1.006723887617727797e+02
2.400000000000000000e+02,1.000000000000000000e+01,9.976941067614129111e+01
2.400000000000000000e+02,2.000000000000000000e+01,9.884226484953582315e+01
2.400000000000000000e+02,3.000000000000000000e+01,9.788779445228381348e+01
2.400000000000000000e+02,4.000000000000000000e+01,9.692034624790807129e+01
2.400000000000000000e+02,5.000000000000000000e+01,9.596634839241153259e+01
2.400000000000000000e+02,6.000000000000000000e+01,9.505947612443613082e+01
2.400000000000000000e+02,7.000000000000000000e+01,9.423640534629558374e+01
2.400000000000000000e+02,8.000000000000000000e+01,9.353315409588222451e+01
2.400000000000000000e+02,9.000000000000000000e+01,9.298201190944790540e+01
2.400000000000000000e+02,1.000000000000000000e+02,9.260905707525887465e+01
2.400000000000000000e+02,1.100000000000000000e+02,9.243226177812462652e+01
2.400000000000000000e+02,1.200000000000000000e+02,9.246018513480086654e+01
2.400000000000000000e+02,1.300000000000000000e+02,9.269125412026643573e+01
2.400000000000000000e+02,1.400000000000000000e+02,9.311363238487425065e+01
2.400000000000000000e+02,1.500000000000000000e+02,9.370567696237625910e+01
2.400000000000000000e+02,1.600000000000000000e+02,9.443698286882246862e+01
2.400000000000000000e+02,1.700000000000000000e+02,9.527001559233389116e+01
2.400000000000000000e+02,1.800000000000000000e+02,9.616233147374961732e+01
2.400000000000000000e+02,1.900000000000000000e+02,9.706938597814780678e+01
2.400000000000000000e+02,2.000000000000000000e+02,9.794792985724080836e+01
2.400000000000000000e+02,2.100000000000000000e+02,9.875999320264413939e+01
2.400000000000000000e+02,2.200000000000000000e+02,9.947745739001969412e+01
2.400000000000000000e+02,2.300000000000000000e+02,1.000872149140926979e+02
2.400000000000000000e+02,2.400000000000000000e+02,1.005969171145430323e+02
2.400000000000000000e+02,2.500000000000000000e+02,1.010413097927701926e+02
2.400000000000000000e+02,2.600000000000000000e+02,1.014816259232148354e+02
2.400000000000000000e+02,2.700000000000000000e+02,1.019656142138718167e+02
2.400000000000000000e+02,2.800000000000000000e+02,1.025135637531944468e+02
2.400000000000000000e+02,2.900000000000000000e+02,1.031253755159458478e+02
2.400000000000000000e+02,3.000000000000000000e+02,1.037857333803009823e+02
2.400000000000000000e+02,3.100000000000000000e+02,1.044687695858798406e+02
2.400000000000000000e+02,3.200000000000000000e+02,1.051422246327118444e+02
2.400000000000000000e+02,3.300000000000000000e+02,1.057711016211313506e+02
2.400000000000000000e+02,3.400000000000000000e+02,1.063208150326043011e+02
2.400000000000000000e+02,3.500000000000000000e+02,1.067598339514860868e+02
2.400000000000000000e+02,3.600000000000000000e+02,1.070618197277104571e+02
2.400000000000000000e+02,3.700000000000000000e+02,1.072072580804097299e+02
2.400000000000000000e+02,3.800000000000000000e+02,1.071845856424660326e+02
2.400000000000000000e+02,3.900000000000000000e+02,1.069908109459937151e+02
2.400000000000000000e+02,4.000000000000000000e+02,1.066316298487530219e+02
2.400000000000000000e+02,4.100000000000000000e+02,1.061210354014947654e+02
2.400000000000000000e+02,4.200000000000000000e+02,1.054804221562362585e+02
2.400000000000000000e+02,4.300000000000000000e+02,1.047371849154683758e+02
2.400000000000000000e+02,4.400000000000000000e+02,1.039228119222937323e+02
2.400000000000000000e+02,4.500000000000000000e+02,1.030704724914961048e+02
2.400000000000000000e+02,4.600000000000000000e+02,1.022120990815408845e+02
2.400000000000000000e+02,4.700000000000000000e+02,1.013749638075067736e+02
2.400000000000000000e+02,4.800000000000000000e+02,1.005777493949486399e+02
2.400000000000000000e+02,4.900000000000000000e+02,9.982611457469141669e+01
2.400000000000000000e+02,5.000000000000000000e+02,9.910775391855536043e+01
2.400000000000000000e+02,5.100000000000000000e+02,9.840035974402314878e+01
2.400000000000000000e+02,5.200000000000000000e+02,9.771705322188894627e+01
2.400000000000000000e+02,5.300000000000000000e+02,9.708160463447586608e+01
2.400000000000000000e+02,5.400000000000000000e+02,9.651623539405593988e+01
2.400000000000000000e+02,5.500000000000000000e+02,9.604047907812535811e+01
2.400000000000000000e+02,5.600000000000000000e+02,9.567024386786349055e+01
2.400000000000000000e+02,5.700000000000000000e+02,9.541707638977618444e+01
2.400000000000000000e+02,5.800000000000000000e+02,9.528762696052295667e+01
2.400000000000000000e+02,5.900000000000000000e+02,9.528331623492822189e+01
2.400000000000000000e+02,6.000000000000000000e+02,9.540020325717659944e+01
2.400000000000000000e+02,6.100000000000000000e+02,9.562905491519219936e+01
2.400000000000000000e+02,6.200000000000000000e+02,9.595561679820197298e+01
2.400000000000000000e+02,6.300000000000000000e+02,9.636108545748304266e+01
2.400000000000000000e+02,6.400000000000000000e+02,9.682278207029413863e+01
2.400000000000000000e+02,6.500000000000000000e+02,9.731502750699098669e+01
2.400000000000000000e+02,6.600000000000000000e+02,9.781021880132576030e+01
2.400000000000000000e+02,6.700000000000000000e+02,9.828010702393055453e+01
2.400000000000000000e+02,6.800000000000000000e+02,9.869727655898492458e+01
2.400000000000000000e+02,6.900000000000000000e+02,9.903682578406734649e+01
2.400000000000000000e+02,7.000000000000000000e+02,9.927824915319085619e+01
2.400000000000000000e+02,7.100000000000000000e+02,9.940752068302259659e+01
2.400000000000000000e+02,7.200000000000000000e+02,9.941937884228741495e+01
2.400000000000000000e+02,7.300000000000000000e+02,9.931981284435555324e+01
2.400000000000000000e+02,7.400000000000000000e+02,9.912875034301431754e+01
2.400000000000000000e+02,7.500000000000000000e+02,9.888294653142375523e+01
2.400000000000000000e+02,7.600000000000000000e+02,9.861723536425117231e+01
2.400000000000000000e+02,7.700000000000000000e+02,9.830313079070045035e+01
2.400000000000000000e+02,7.800000000000000000e+02,9.791520746483088544e+01
2.400000000000000000e+02,7.900000000000000000e+02,9.744836390302396012e+01
2.400000000000000000e+02,8.000000000000000000e+02,9.691302611013294666e+01
2.400000000000000000e+02,8.100000000000000000e+02,9.633079907072752235e+01
2.400000000000000000e+02,8.200000000000000000e+02,9.573056610543333989e+01
2.400000000000000000e+02,8.300000000000000000e+02,9.514503609236659543e+01
2.400000000000000000e+02,8.400000000000000000e+02,9.460773855366356599e+01
2.400000000000000000e+02,8.500000000000000000e+02,9.415046660710520143e+01
2.400000000000000000e+02,8.600000000000000000e+02,9.380116778283661461e+01
2.400000000000000000e+02,8.700000000000000000e+02,9.358228270518165459e+01
2.400000000000000000e+02,8.800000000000000000e+02,9.350953163955240655e+01
2.400000000000000000e+02,8.900000000000000000e+02,9.359114890445364665e+01
2.400000000000000000e+02,9.000000000000000000e+02,9.382756514858240848e+01
2.400000000000000000e+02,9.100000000000000000e+02,9.421153749302243341e+01
2.400000000000000000e+02,9.200000000000000000e+02,9.472872753853363292e+01
2.400000000000000000e+02,9.300000000000000000e+02,9.535872723793654870e+01
2.400000000000000000e+02,9.400000000000000000e+02,9.607653263359182461e+01
2.400000000000000000e+02,9.500000000000000000e+02,9.685446545997461953e+01
2.400000000000000000e+02,9.600000000000000000e+02,9.766454261134406067e+01
2.400000000000000000e+02,9.700000000000000000e+02,9.848129347450766602e+01
2.400000000000000000e+02,9.800000000000000000e+02,9.928502512668066515e+01
2.400000000000000000e+02,9.900000000000000000e+02,1.000655353984405309e+02
2.500000000000000000e+02,0.000000000000000000e+00,1.000000000000000000e+02
2.500000000000000000e+02,1.000000000000000000e+01,9.909645158372605067e+01
2.500000000000000000e+02,2.000000000000000000e+01,9.816744335709745428e+01
2.500000000000000000e+02,3.000000000000000000e+01,9.720884103545121491e+01
2.500000000000000000e+02,4.000000000000000000e+01,9.623432638920409943e+01
2.500000000000000000e+02,5.000000000000000000e+01,9.526994172320904397e+01
2.500000000000000000e+02,6.000000000000000000e+01,9.434922280457718102e+01
2.500000000000000000e+02,7.000000000000000000e+01,9.350892023896568617e+01
2.500000000000000000e+02,8.000000000000000000e+01,9.278530929533123128e+01
2.500000000000000000e+02,9.000000000000000000e+01,9.221108817914911526e+01
2.500000000000000000e+02,1.000000000000000000e+02,9.181286475409814329e+01
2.500000000000000000e+02,1.100000000000000000e+02,9.160923171221114103e+01
2.500000000000000000e+02,1.200000000000000000e+02,9.160943019249124575e+01
2.500000000000000000e+02,1.300000000000000000e+02,9.181260184799376134e+01
2.500000000000000000e+02,1.400000000000000000e+02,9.220762936137383292e+01
2.500000000000000000e+02,1.500000000000000000e+02,9.277356540889971370e+01
2.500000000000000000e+02,1.600000000000000000e+02,9.348065007293178041e+01
2.500000000000000000e+02,1.700000000000000000e+02,9.429191670286721205e+01
2.500000000000000000e+02,1.800000000000000000e+02,9.516538622455038876e+01
2.500000000000000000e+02,1.900000000000000000e+02,9.605684989814892560e+01
2.500000000000000000e+02,2.000000000000000000e+02,9.692324052449548333e+01
2.500000000000000000e+02,2.100000000000000000e+02,9.772659209989518558e+01
2.500000000000000000e+02,2.200000000000000000e+02,9.843858791939879893e+01
2.500000000000000000e+02,2.300000000000000000e+02,9.904569712854146246e+01
2.500000000000000000e+02,2.400000000000000000e+02,9.955489972354742179e+01
2.500000000000000000e+02,2.500000000000000000e+02,1.000000000000000000e+02
2.500000000000000000e+02,2.600000000000000000e+02,1.004424057382586852e+02
2.500000000000000000e+02,2.700000000000000000e+02,1.009348987754084419e+02
2.500000000000000000e+02,2.800000000000000000e+02,1.015026828543932709e+02
2.500000000000000000e+02,2.900000000000000000e+02,1.021490696928427155e+02
2.500000000000000000e+02,3.000000000000000000e+02,1.028607958970419674e+02
2.500000000000000000e+02,3.100000000000000000e+02,1.036128338992734399e+02
2.500000000000000000e+02,3.200000000000000000e+02,1.043726969185299538e+02
2.500000000000000000e+02,3.300000000000000000e+02,1.051042379445994897e+02
2.500000000000000000e+02,3.400000000000000000e+02,1.057709427455214097e+02
2.500000000000000000e+02,3.500000000000000000e+02,1.063387168984144182e+02
2.500000000000000000e+02,3.600000000000000000e+02,1.067781668436759617e+02
2.500000000000000000e+02,3.700000000000000000e+02,1.070663749625531977e+02
2.500000000000000000e+02,3.800000000000000000e+02,1.071881686780855603e+02
2.500000000000000000e+02,3.900000000000000000e+02,1.071368835794189351e+02
2.500000000000000000e+02,4.000000000000000000e+02,1.069146205694912766e+02
2.500000000000000000e+02,4.100000000000000000e+02,1.065319970360899191e+02
2.500000000000000000e+02,4.200000000000000000e+02,1.060073920462803727e+02
2.500000000000000000e+02,4.300000000000000000e+02,1.053656855642067001e+02
2.500000000000000000e+02,4.400000000000000000e+02,1.046364916922634762e+02
2.500000000000000000e+02,4.500000000000000000e+02,1.038518859356393449e+02
2.500000000000000000e+02,4.600000000000000000e+02,1.030436264902320289e+02
2.500000000000000000e+02,4.700000000000000000e+02,1.022398695539349660e+02
2.500000000000000000e+02,4.800000000000000000e+02,1.014613786612956687e+02
2.500000000000000000e+02,4.900000000000000000e+02,1.007172280415452548e+02
2.500000000000000000e+02,5.000000000000000000e+02,1.000000000000000000e+02
2.500000000000000000e+02,5.100000000000000000e+02,9.929272227168326026e+01
2.500000000000000000e+02,5.200000000000000000e+02,9.861027622711948482e+01
2.500000000000000000e+02,5.300000000000000000e+02,9.797700404531828156e+01
2.500000000000000000e+02,5.400000000000000000e+02,9.741552606931558955e+01
2.500000000000000000e+02,5.500000000000000000e+02,9.694561816228542739e+01
2.500000000000000000e+02,5.600000000000000000e+02,9.658329049064887784e+01
2.500000000000000000e+02,5.700000000000000000e+02,9.634006773418029468e+01
2.500000000000000000e+02,5.800000000000000000e+02,9.622247072311081695e+01
2.500000000000000000e+02,5.900000000000000000e+02,9.623169950222896318e+01
2.500000000000000000e+02,6.000000000000000000e+02,9.636351782197854732e+01
2.500000000000000000e+02,6.100000000000000000e+02,9.660833905655388776e+01
2.500000000000000000e+02,6.200000000000000000e+02,9.695151354899201124e+01
2.500000000000000000e+02,6.300000000000000000e+02,9.737381738326241987e+01
2.500000000000000000e+02,6.400000000000000000e+02,9.785214258335373927e+01
2.500000000000000000e+02,6.500000000000000000e+02,9.836038873935785887e+01
2.500000000000000000e+02,6.600000000000000000e+02,9.887055606055118062e+01
2.500000000000000000e+02,6.700000000000000000e+02,9.935403985547306149e+01
2.500000000000000000e+02,6.800000000000000000e+02,9.978312643900160595e+01
2.500000000000000000e+02,6.900000000000000000e+02,1.001326904664265953e+02
2.500000000000000000e+02,7.000000000000000000e+02,1.003820936945195825e+02
2.500000000000000000e+02,7.100000000000000000e+02,1.005172851696014646e+02
2.500000000000000000e+02,7.200000000000000000e+02,1.005331028426069366e+02
2.500000000000000000e+02,7.300000000000000000e+02,1.004357766111464656e+02
2.500000000000000000e+02,7.400000000000000000e+02,1.002456327885653451e+02
2.500000000000000000e+02,7.500000000000000000e+02,1.000000000000000000e+02
2.500000000000000000e+02,7.600000000000000000e+02,9.973315186790811993e+01
2.500000000000000000e+02,7.700000000000000000e+02,9.941144597992465037e+01
2.500000000000000000e+02,7.800000000000000000e+02,9.900449483855851440e+01
2.500000000000000000e+02,7.900000000000000000e+02,9.850374270578461733e+01
2.500000000000000000e+02,8.000000000000000000e+02,9.791752532121027741e+01
2.500000000000000000e+02,8.100000000000000000e+02,9.726657753210436397e+01
2.500000000000000000e+02,8.200000000000000000e+02,9.657998883528897238e+01
2.500000000000000000e+02,8.300000000000000000e+02,9.589160683089377812e+01
2.500000000000000000e+02,8.400000000000000000e+02,9.523688858797295609e+01
2.500000000000000000e+02,8.500000000000000000e+02,9.465019992198479315e+01
2.500000000000000000e+02,8.600000000000000000e+02,9.416256258413386604e+01
2.500000000000000000e+02,8.700000000000000000e+02,9.379984936257588402e+01
2.500000000000000000e+02,8.800000000000000000e+02,9.358142709548511107e+01
2.500000000000000000e+02,8.900000000000000000e+02,9.351924759598442449e+01
2.500000000000000000e+02,9.000000000000000000e+02,9.361738648893802406e+01
2.500000000000000000e+02,9.100000000000000000e+02,9.387202995960672069e+01
2.500000000000000000e+02,9.200000000000000000e+02,9.427190941416588998e+01
2.500000000000000000e+02,9.300000000000000000e+02,9.479918405208597676e+01
2.500000000000000000e+02,9.400000000000000000e+02,9.543077135037572134e+01
2.500000000000000000e+02,9.500000000000000000e+02,9.614012545968793688e+01
2.500000000000000000e+02,9.600000000000000000e+02,9.689946351228790888e+01
2.500000000000000000e+02,9.700000000000000000e+02,9.768243984188447371e+01
2.500000000000000000e+02,9.800000000000000000e+02,9.846726811532361978e+01
2.500000000000000000e+02,9.900000000000000000e+02,9.924029137614483886e+01
2.600000000000000000e+02,0.000000000000000000e+00,9.930778448313202489e+01
2.600000000000000000e+02,1.000000000000000000e+01,9.840392164278638631e+01
2.600000000000000000e+02,2.000000000000000000e+01,9.747351107868459508e+01
2.600000000000000000e+02,3.000000000000000000e+01,9.651158011514321799e+01
2.600000000000000000e+02,4.000000000000000000e+01,9.553122336695518868e+01
2.600000000000000000e+02,5.000000000000000000e+01,9.455812404333289578e+01
2.600000000000000000e+02,6.000000000000000000e+01,9.362566358262461108e+01
2.600000000000000000e+02,7.000000000000000000e+01,9.277061961780447064e+01
2.600000000000000000e+02,8.000000000000000000e+01,9.202945227273562523e+01
2.600000000000000000e+02,9.000000000000000000e+01,9.143517878920700070e+01
2.600000000000000000e+02,1.000000000000000000e+02,9.101483648474332711e+01
2.600000000000000000e+02,1.100000000000000000e+02,9.078753404118857873e+01
2.600000000000000000e+02,1.200000000000000000e+02,9.076309112406291035e+01
2.600000000000000000e+02,1.300000000000000000e+02,9.094126633269283388e+01
2.600000000000000000e+02,1.400000000000000000e+02,9.131157348111486272e+01
2.600000000000000000e+02,1.500000000000000000e+02,9.185368620975263809e+01
2.600000000000000000e+02,1.600000000000000000e+02,9.253843092786731006e+01
2.600000000000000000e+02,1.700000000000000000e+02,9.332936808678138618e+01
2.600000000000000000e+02,1.800000000000000000e+02,9.418496178387594853e+01
2.600000000000000000e+02,1.900000000000000000e+02,9.506133769736136685e+01
2.600000000000000000e+02,2.000000000000000000e+02,9.591562935182120953e+01
2.600000000000000000e+02,2.100000000000000000e+02,9.670991271452973592e+01
2.600000000000000000e+02,2.200000000000000000e+02,9.741572912254274286e+01
2.600000000000000000e+02,2.300000000000000000e+02,9.801919654056166564e+01
2.600000000000000000e+02,2.400000000000000000e+02,9.852670914957136006e+01
2.600000000000000000e+02,2.500000000000000000e+02,9.897122526625095418e+01
2.600000000000000000e+02,2.600000000000000000e+02,9.941440368278531992e+01
2.600000000000000000e+02,2.700000000000000000e+02,9.991404686810928126e+01
2.600000000000000000e+02,2.800000000000000000e+02,1.005002613684944635e+02
2.600000000000000000e+02,2.900000000000000000e+02,1.011797797328547261e+02
2.600000000000000000e+02,3.000000000000000000e+02,1.019414170712170176e+02
2.600000000000000000e+02,3.100000000000000000e+02,1.027610218707208247e+02
2.600000000000000000e+02,3.200000000000000000e+02,1.036059210691463193e+02
2.600000000000000000e+02,3.300000000000000000e+02,1.044388593859711278e+02
2.600000000000000000e+02,3.400000000000000000e+02,1.052214329109557411e+02
2.600000000000000000e+02,3.500000000000000000e+02,1.059170169502575192e+02
2.600000000000000000e+02,3.600000000000000000e+02,1.064931881300734346e+02
2.600000000000000000e+02,3.700000000000000000e+02,1.069236407578113273e+02
2.600000000000000000e+02,3.800000000000000000e+02,1.071895974407899104e+02
2.600000000000000000e+02,3.900000000000000000e+02,1.072807139624673596e+02
2.600000000000000000e+02,4.000000000000000000e+02,1.071954784161985543e+02
2.600000000000000000e+02,4.100000000000000000e+02,1.069411045965209723e+02
2.600000000000000000e+02,4.200000000000000000e+02,1.065329196479691660e+02
2.600000000000000000e+02,4.300000000000000000e+02,1.059932459714179629e+02
2.600000000000000000e+02,4.400000000000000000e+02,1.053497773879542478e+02
2.600000000000000000e+02,4.500000000000000000e+02,1.046334495602774410e+02
2.600000000000000000e+02,4.600000000000000000e+02,1.038758046716285008e+02
2.600000000000000000e+02,4.700000000000000000e+02,1.031058503622476792e+02
2.600000000000000000e+02,4.800000000000000000e+02,1.023464129233609441e+02
2.600000000000000000e+02,4.900000000000000000e+02,1.016099847486948136e+02
2.600000000000000000e+02,5.000000000000000000e+02,1.008940660435201835e+02
2.600000000000000000e+02,5.100000000000000000e+02,1.001870523937819826e+02
2.600000000000000000e+02,5.200000000000000000e+02,9.950552064348840986e+01
2.600000000000000000e+02,5.300000000000000000e+02,9.887430875042367973e+01
2.600000000000000000e+02,5.400000000000000000e+02,9.831637859145595826e+01
2.600000000000000000e+02,5.500000000000000000e+02,9.785170885280895448e+01
2.600000000000000000e+02,5.600000000000000000e+02,9.749638921517335177e+01
2.600000000000000000e+02,5.700000000000000000e+02,9.726191583365762483e+01
2.600000000000000000e+02,5.800000000000000000e+02,9.715468811257871096e+01
2.600000000000000000e+02,5.900000000000000000e+02,9.717570677509210952e+01
2.600000000000000000e+02,6.000000000000000000e+02,9.732047322766176478e+01
2.600000000000000000e+02,6.100000000000000000e+02,9.757909021936950467e+01
2.600000000000000000e+02,6.200000000000000000e+02,9.793656379606409246e+01
2.600000000000000000e+02,6.300000000000000000e+02,9.837330654935001917e+01
2.600000000000000000e+02,6.400000000000000000e+02,9.886584216041573825e+01
2.600000000000000000e+02,6.500000000000000000e+02,9.938771123870171209e+01
2.600000000000000000e+02,6.600000000000000000e+02,9.991057845540794347e+01
2.600000000000000000e+02,6.700000000000000000e+02,1.004055409718413046e+02
2.600000000000000000e+02,6.800000000000000000e+02,1.008446381626022514e+02
2.600000000000000000e+02,6.900000000000000000e+02,1.012025626336114925e+02
2.600000000000000000e+02,7.000000000000000000e+02,1.014585725349759002e+02
2.600000000000000000e+02,7.100000000000000000e+02,1.015986051686944052e+02
2.600000000000000000e+02,7.200000000000000000e+02,1.016175918912033040e+02
2.600000000000000000e+02,7.300000000000000000e+02,1.015219743107612800e+02
2.600000000000000000e+02,7.400000000000000000e+02,1.013324217796740641e+02
2.600000000000000000e+02,7.500000000000000000e+02,1.010867501813585818e+02
2.600000000000000000e+02,7.600000000000000000e+02,1.008185819756598960e+02
2.600000000000000000e+02,7.700000000000000000e+02,1.004891193635775863e+02
2.600000000000000000e+02,7.800000000000000000e+02,1.000630326386534676e+02
2.600000000000000000e+02,7.900000000000000000e+02,9.952832427266510251e+01
2.600000000000000000e+02,8.000000000000000000e+02,9.889124576112608622e+01
2.600000000000000000e+02,8.100000000000000000e+02,9.817166237683524344e+01
2.600000000000000000e+02,8.200000000000000000e+02,9.739886583147503529e+01
2.600000000000000000e+02,8.300000000000000000e+02,9.660783484525892106e+01
2.600000000000000000e+02,8.400000000000000000e+02,9.583594362462778804e+01
2.600000000000000000e+02,8.500000000000000000e+02,9.512011824799537862e+01
2.600000000000000000e+02,8.600000000000000000e+02,9.449444095954289935e+01
2.600000000000000000e+02,8.700000000000000000e+02,9.398820237106249920e+01
2.600000000000000000e+02,8.800000000000000000e+02,9.362440157184992984e+01
2.600000000000000000e+02,8.900000000000000000e+02,9.341869414664617466e+01
2.600000000000000000e+02,9.000000000000000000e+02,9.337878810162816023e+01
2.600000000000000000e+02,9.100000000000000000e+02,9.350428769844850763e+01
2.600000000000000000e+02,9.200000000000000000e+02,9.378698519632432351e+01
2.600000000000000000e+02,9.300000000000000000e+02,9.421160050217501691e+01
2.600000000000000000e+02,9.400000000000000000e+02,9.475696872880922683e+01
2.600000000000000000e+02,9.500000000000000000e+02,9.539767566116073283e+01
2.600000000000000000e+02,9.600000000000000000e+02,9.610614113057339125e+01
2.600000000000000000e+02,9.700000000000000000e+02,9.685515029713526758e+01
2.600000000000000000e+02,9.800000000000000000e+02,9.762083284006158124e+01
2.600000000000000000e+02,9.900000000000000000e+02,9.838609005612686076e+01
2.700000000000000000e+02,0.000000000000000000e+00,9.859892734396869685e+01
2.700000000000000000e+02,1.000000000000000000e+01,9.769419922464001615e+01
2.700000000000000000e+02,2.000000000000000000e+01,9.676235978434088736e+01
2.700000000000000000e+02,3.000000000000000000e+01,9.579798353029703151e+01
2.700000000000000000e+02,4.000000000000000000e+01,9.481382816488444121e+01
2.700000000000000000e+02,5.000000000000000000e+01,9.383534974832132036e+01
2.700000000000000000e+02,6.000000000000000000e+01,9.289580542544233310e+01
2.700000000000000000e+02,7.000000000000000000e+01,9.203194371655546036e+01
2.700000000000000000e+02,8.000000000000000000e+01,9.128028237238123666e+01
2.700000000000000000e+02,9.000000000000000000e+01,9.067397379307426775e+01
2.700000000000000000e+02,1.000000000000000000e+02,9.024025801132749791e+01
2.700000000000000000e+02,1.100000000000000000e+02,8.999850323955865861e+01
2.700000000000000000e+02,1.200000000000000000e+02,8.995883398117925367e+01
2.700000000000000000e+02,1.300000000000000000e+02,9.012134670594599584e+01
2.700000000000000000e+02,1.400000000000000000e+02,9.047591308939468036e+01
2.700000000000000000e+02,1.500000000000000000e+02,9.100257081635646728e+01
2.700000000000000000e+02,1.600000000000000000e+02,9.167250194855664347e+01
2.700000000000000000e+02,1.700000000000000000e+02,9.244959885629579333e+01
2.700000000000000000e+02,1.800000000000000000e+02,9.329261771421342075e+01
2.700000000000000000e+02,1.900000000000000000e+02,9.415791956113406513e+01
2.700000000000000000e+02,2.000000000000000000e+02,9.500279892399575488e+01
2.700000000000000000e+02,2.100000000000000000e+02,9.578940000586095493e+01
2.700000000000000000e+02,2.200000000000000000e+02,9.648922043801005088e+01
2.700000000000000000e+02,2.300000000000000000e+02,9.708820259611701431e+01
2.700000000000000000e+02,2.400000000000000000e+02,9.759241248050784634e+01
2.700000000000000000e+02,2.500000000000000000e+02,9.803430616050118829e+01
2.700000000000000000e+02,2.600000000000000000e+02,9.847611979168185314e+01
2.700000000000000000e+02,2.700000000000000000e+02,9.898066081752952527e+01
2.700000000000000000e+02,2.800000000000000000e+02,9.958288423225741326e+01
2.700000000000000000e+02,2.900000000000000000e+02,1.002929419030643601e+02
2.700000000000000000e+02,3.000000000000000000e+02,1.011017654926916833e+02
2.700000000000000000e+02,3.100000000000000000e+02,1.019861451648942392e+02
2.700000000000000000e+02,3.200000000000000000e+02,1.029133040728253405e+02
2.700000000000000000e+02,3.300000000000000000e+02,1.038449686303359272e+02
2.700000000000000000e+02,3.400000000000000000e+02,1.047409345661876898e+02
2.700000000000000000e+02,3.500000000000000000e+02,1.055621287611803467e+02
2.700000000000000000e+02,3.600000000000000000e+02,1.062731668681928454e+02
2.700000000000000000e+02,3.700000000000000000e+02,1.068444067151388168e+02
2.700000000000000000e+02,3.800000000000000000e+02,1.072534974908359260e+02
2.700000000000000000e+02,3.900000000000000000e+02,1.074864247137893614e+02
2.700000000000000000e+02,4.000000000000000000e+02,1.075380509838894056e+02
2.700000000000000000e+02,4.100000000000000000e+02,1.074121525170230598e+02
2.700000000000000000e+02,4.200000000000000000e+02,1.071209514625996917e+02
2.700000000000000000e+02,4.300000000000000000e+02,1.066841440039907667e+02
2.700000000000000000e+02,4.400000000000000000e+02,1.061274242418837161e+02
2.700000000000000000e+02,4.500000000000000000e+02,1.054805038605497316e+02
2.700000000000000000e+02,4.600000000000000000e+02,1.047746275770257682e+02
2.700000000000000000e+02,4.700000000000000000e+02,1.040395843732105163e+02
2.700000000000000000e+02,4.800000000000000000e+02,1.033002145108744827e+02
2.700000000000000000e+02,4.900000000000000000e+02,1.025724123295840542e+02
2.700000000000000000e+02,5.000000000000000000e+02,1.018586248275398134e+02
2.700000000000000000e+02,5.100000000000000000e+02,1.011525982295206916e+02
2.700000000000000000e+02,5.200000000000000000e+02,1.004722458461150296e+02
2.700000000000000000e+02,5.300000000000000000e+02,9.984253074493557278e+01
2.700000000000000000e+02,5.400000000000000000e+02,9.928647769838519821e+01
2.700000000000000000e+02,5.500000000000000000e+02,9.882407749830368004e+01
2.700000000000000000e+02,5.600000000000000000e+02,9.847139170453091594e+01
2.700000000000000000e+02,5.700000000000000000e+02,9.823985782738657235e+01
2.700000000000000000e+02,5.800000000000000000e+02,9.813579494406586434e+01
2.700000000000000000e+02,5.900000000000000000e+02,9.816010974895196739e+01
2.700000000000000000e+02,6.000000000000000000e+02,9.830820303784456371e+01
2.700000000000000000e+02,6.100000000000000000e+02,9.857007662610492105e+01
2.700000000000000000e+02,6.200000000000000000e+02,9.893064070071720550e+01
2.700000000000000000e+02,6.300000000000000000e+02,9.937022160626621314e+01
2.700000000000000000e+02,6.400000000000000000e+02,9.986527006483142088e+01
2.700000000000000000e+02,6.500000000000000000e+02,1.003892698297974988e+02
2.700000000000000000e+02,6.600000000000000000e+02,1.009138467735810138e+02
2.700000000000000000e+02,6.700000000000000000e+02,1.014100784092736660e+02
2.700000000000000000e+02,6.800000000000000000e+02,1.018500038462017159e+02
2.700000000000000000e+02,6.900000000000000000e+02,1.022083341794019873e+02
2.700000000000000000e+02,7.000000000000000000e+02,1.024643633130139477e+02
2.700000000000000000e+02,7.100000000000000000e+02,1.026040792175884206e+02
2.700000000000000000e+02,7.200000000000000000e+02,1.026224756213124323e+02
2.700000000000000000e+02,7.300000000000000000e+02,1.025260641351506479e+02
2.700000000000000000e+02,7.400000000000000000e+02,1.023355868119029566e+02
2.700000000000000000e+02,7.500000000000000000e+02,1.020889291391784894e+02
2.700000000000000000e+02,7.600000000000000000e+02,1.018186201785055829e+02
2.700000000000000000e+02,7.700000000000000000e+02,1.014807016987254684e+02
2.700000000000000000e+02,7.800000000000000000e+02,1.010349945511829333e+02
2.700000000000000000e+02,7.900000000000000000e+02,1.004661234270592018e+02
2.700000000000000000e+02,8.000000000000000000e+02,9.977829370331100733e+01
2.700000000000000000e+02,8.100000000000000000e+02,9.899051617181575580e+01
2.700000000000000000e+02,8.200000000000000000e+02,9.813227965172259815e+01
2.700000000000000000e+02,8.300000000000000000e+02,9.723967148500965152e+01
2.700000000000000000e+02,8.400000000000000000e+02,9.635194591524705743e+01
2.700000000000000000e+02,8.500000000000000000e+02,9.550854034956614669e+01
2.700000000000000000e+02,8.600000000000000000e+02,9.474653950383465428e+01
2.700000000000000000e+02,8.700000000000000000e+02,9.409858743103782786e+01
2.700000000000000000e+02,8.800000000000000000e+02,9.359124743286560033e+01
2.700000000000000000e+02,8.900000000000000000e+02,9.324380985450581250e+01
2.700000000000000000e+02,9.000000000000000000e+02,9.306754776264332918e+01
2.700000000000000000e+02,9.100000000000000000e+02,9.306542050666529065e+01
2.700000000000000000e+02,9.200000000000000000e+02,9.323222516307225760e+01
2.700000000000000000e+02,9.300000000000000000e+02,9.355519586309547719e+01
2.700000000000000000e+02,9.400000000000000000e+02,9.401505100352001421e+01
2.700000000000000000e+02,9.500000000000000000e+02,9.458748834071406009e+01
2.700000000000000000e+02,9.600000000000000000e+02,9.524512796786405033e+01
2.700000000000000000e+02,9.700000000000000000e+02,9.595990317541604497e+01
2.700000000000000000e+02,9.800000000000000000e+02,9.670589919472278950e+01
2.700000000000000000e+02,9.900000000000000000e+02,9.746263982489710997e+01
2.800000000000000000e+02,0.000000000000000000e+00,9.787202544846837782e+01
2.800000000000000000e+02,1.000000000000000000e+01,9.696545092526831411e+01
2.800000000000000000e+02,2.000000000000000000e+01,9.603208801216314328e+01
2.800000000000000000e+02,3.000000000000000000e+01,9.506670902966797598e+01
2.800000000000000000e+02,4.000000000000000000e+01,9.408215556849779659e+01
2.800000000000000000e+02,5.000000000000000000e+01,9.310387672802870895e+01
2.800000000000000000e+02,6.000000000000000000e+01,9.216505300484611496e+01
2.800000000000000000e+02,7.000000000000000000e+01,9.130230583137951328e+01
2.800000000000000000e+02,8.000000000000000000e+01,9.055199276462403191e+01
2.800000000000000000e+02,9.000000000000000000e+01,8.994708832494872297e+01
2.800000000000000000e+02,1.000000000000000000e+02,8.951465048499161981e+01
2.800000000000000000e+02,1.100000000000000000e+02,8.927387280864141417e+01
2.800000000000000000e+02,1.200000000000000000e+02,8.923472224010599518e+01
2.800000000000000000e+02,1.300000000000000000e+02,8.939716254306760845e+01
2.800000000000000000e+02,1.400000000000000000e+02,8.975096338992486267e+01
2.800000000000000000e+02,1.500000000000000000e+02,9.027609510112134217e+01
2.800000000000000000e+02,1.600000000000000000e+02,9.094370903456101018e+01
2.800000000000000000e+02,1.700000000000000000e+02,9.171770362511040275e+01
2.800000000000000000e+02,1.800000000000000000e+02,9.255687607418742857e+01
2.800000000000000000e+02,1.900000000000000000e+02,9.341765968943698795e+01
2.800000000000000000e+02,2.000000000000000000e+02,9.425744687449332559e+01
2.800000000000000000e+02,2.100000000000000000e+02,9.503849776882903200e+01
2.800000000000000000e+02,2.200000000000000000e+02,9.573243453769090650e+01
2.800000000000000000e+02,2.300000000000000000e+02,9.632532131212238369e+01
2.800000000000000000e+02,2.400000000000000000e+02,9.682332977907290683e+01
2.800000000000000000e+02,2.500000000000000000e+02,9.725899042159379349e+01
2.800000000000000000e+02,2.600000000000000000e+02,9.769564778950683603e+01
2.800000000000000000e+02,2.700000000000000000e+02,9.820102127692157978e+01
2.800000000000000000e+02,2.800000000000000000e+02,9.881476381476349502e+01
2.800000000000000000e+02,2.900000000000000000e+02,9.955040601557250568e+01
2.800000000000000000e+02,3.000000000000000000e+02,1.004010404092982611e+02
2.800000000000000000e+02,3.100000000000000000e+02,1.013445052700380131e+02
2.800000000000000000e+02,3.200000000000000000e+02,1.023480680337173538e+02
2.800000000000000000e+02,3.300000000000000000e+02,1.033726083067136585e+02
2.800000000000000000e+02,3.400000000000000000e+02,1.043763004654223181e+02
2.800000000000000000e+02,3.500000000000000000e+02,1.053177958467657476e+02
2.800000000000000000e+02,3.600000000000000000e+02,1.061589045296451133e+02
2.800000000000000000e+02,3.700000000000000000e+02,1.068667767073349069e+02
2.800000000000000000e+02,3.800000000000000000e+02,1.074155836508201247e+02
2.800000000000000000e+02,3.900000000000000000e+02,1.077876982630764218e+02
2.800000000000000000e+02,4.000000000000000000e+02,1.079743752242928423e+02
2.800000000000000000e+02,4.100000000000000000e+02,1.079759307280374117e+02
2.800000000000000000e+02,4.200000000000000000e+02,1.078014218083654612e+02
2.800000000000000000e+02,4.300000000000000000e+02,1.074678252578707571e+02
2.800000000000000000e+02,4.400000000000000000e+02,1.069987161366792634e+02
2.800000000000000000e+02,4.500000000000000000e+02,1.064224458723858788e+02
2.800000000000000000e+02,4.600000000000000000e+02,1.057698199509337229e+02
2.800000000000000000e+02,4.700000000000000000e+02,1.050712751984363535e+02
2.800000000000000000e+02,4.800000000000000000e+02,1.043535566539426043e+02
2.800000000000000000e+02,4.900000000000000000e+02,1.036358940331443108e+02
2.800000000000000000e+02,5.000000000000000000e+02,1.029256777830266856e+02
2.800000000000000000e+02,5.100000000000000000e+02,1.022219289949498915e+02
2.800000000000000000e+02,5.200000000000000000e+02,1.015433071833560774e+02
2.800000000000000000e+02,5.300000000000000000e+02,1.009142989445768706e+02
2.800000000000000000e+02,5.400000000000000000e+02,1.003575367567781313e+02
2.800000000000000000e+02,5.500000000000000000e+02,9.989270900616280358e+01
2.800000000000000000e+02,5.600000000000000000e+02,9.953566829784962522e+01
2.800000000000000000e+02,5.700000000000000000e+02,9.929773805142713172e+01
2.800000000000000000e+02,5.800000000000000000e+02,9.918521738118357689e+01
2.800000000000000000e+02,5.900000000000000000e+02,9.919908426101223142e+01
2.800000000000000000e+02,6.000000000000000000e+02,9.933489697399237173e+01
2.800000000000000000e+02,6.100000000000000000e+02,9.958289384664590216e+01
2.800000000000000000e+02,6.200000000000000000e+02,9.992829126786956806e+01
2.800000000000000000e+02,6.300000000000000000e+02,1.003517799925427170e+02
2.800000000000000000e+02,6.400000000000000000e+02,1.008302197298107217e+02
2.800000000000000000e+02,6.500000000000000000e+02,1.013375320160440509e+02
2.800000000000000000e+02,6.600000000000000000e+02,1.018457913724728314e+02
2.800000000000000000e+02,6.700000000000000000e+02,1.023265147474971428e+02
2.800000000000000000e+02,6.800000000000000000e+02,1.027521492436727613e+02
2.800000000000000000e+02,6.900000000000000000e+02,1.030977581293727354e+02
2.800000000000000000e+02,7.000000000000000000e+02,1.033429051351243402e+02
2.800000000000000000e+02,7.100000000000000000e+02,1.034737370346217915e+02
2.800000000000000000e+02,7.200000000000000000e+02,1.034852645104144528e+02
2.800000000000000000e+02,7.300000000000000000e+02,1.033838413042707458e+02
2.800000000000000000e+02,7.400000000000000000e+02,1.031898416522177087e+02
2.800000000000000000e+02,7.500000000000000000e+02,1.029405360042559039e+02
2.800000000000000000e+02,7.600000000000000000e+02,1.026666491161800678e+02
2.800000000000000000e+02,7.700000000000000000e+02,1.023191276363128992e+02
2.800000000000000000e+02,7.800000000000000000e+02,1.018531646949469973e+02
2.800000000000000000e+02,7.900000000000000000e+02,1.012501605598137644e+02
2.800000000000000000e+02,8.000000000000000000e+02,1.005123662307828738e+02
2.800000000000000000e+02,8.100000000000000000e+02,9.965797485574853454e+01
2.800000000000000000e+02,8.200000000000000000e+02,9.871666096770277932e+01
2.800000000000000000e+02,8.300000000000000000e+02,9.772556754299561987e+01
2.800000000000000000e+02,8.400000000000000000e+02,9.672574088078219745e+01
2.800000000000000000e+02,8.500000000000000000e+02,9.575901330365671527e+01
2.800000000000000000e+02,8.600000000000000000e+02,9.486533367947347983e+01
2.800000000000000000e+02,8.700000000000000000e+02,9.408054576435469585e+01
2.800000000000000000e+02,8.800000000000000000e+02,9.343461436688532729e+01
2.800000000000000000e+02,8.900000000000000000e+02,9.295029933349474049e+01
2.800000000000000000e+02,9.000000000000000000e+02,9.264227735502542771e+01
2.800000000000000000e+02,9.100000000000000000e+02,9.251671159448849835e+01
2.800000000000000000e+02,9.200000000000000000e+02,9.257126913600622231e+01
2.800000000000000000e+02,9.300000000000000000e+02,9.279558625494138369e+01
2.800000000000000000e+02,9.400000000000000000e+02,9.317218150921367226e+01
2.800000000000000000e+02,9.500000000000000000e+02,9.367781665180292805e+01
2.800000000000000000e+02,9.600000000000000000e+02,9.428530536443926735e+01
2.800000000000000000e+02,9.700000000000000000e+02,9.496576981248031757e+01
2.800000000000000000e+02,9.800000000000000000e+02,9.569134502097510619e+01
2.800000000000000000e+02,9.900000000000000000e+02,9.643833107191507281e+01
2.900000000000000000e+02,0.000000000000000000e+00,9.713832241906656861e+01
2.900000000000000000e+02,1.000000000000000000e+01,9.622861286931811264e+01
2.900000000000000000e+02,2.000000000000000000e+01,9.529353326329506046e+01
2.900000000000000000e+02,3.000000000000000000e+01,9.432885565070279199e+01
2.900000000000000000e+02,4.000000000000000000e+01,9.334802189833744990e+01
2.900000000000000000e+02,5.000000000000000000e+01,9.237674174252921944e+01
2.900000000000000000e+02,6.000000000000000000e+01,9.144817308335875339e+01
2.900000000000000000e+02,7.000000000000000000e+01,9.059868452064667110e+01
2.900000000000000000e+02,8.000000000000000000e+01,8.986420013171620269e+01
2.900000000000000000e+02,9.000000000000000000e+01,8.927712649092887887e+01
2.900000000000000000e+02,1.000000000000000000e+02,8.886386193099335173e+01
2.900000000000000000e+02,1.100000000000000000e+02,8.864288804604743177e+01
2.900000000000000000e+02,1.200000000000000000e+02,8.862344343651298573e+01
2.900000000000000000e+02,1.300000000000000000e+02,8.880477969572419283e+01
2.900000000000000000e+02,1.400000000000000000e+02,8.917599963832876142e+01
2.900000000000000000e+02,1.500000000000000000e+02,8.971647777046234751e+01
2.900000000000000000e+02,1.600000000000000000e+02,9.039686300169593380e+01
2.900000000000000000e+02,1.700000000000000000e+02,9.118066359875646754e+01
2.900000000000000000e+02,1.800000000000000000e+02,9.202641438102054394e+01
2.900000000000000000e+02,1.900000000000000000e+02,9.289042615778117806e+01
2.900000000000000000e+02,2.000000000000000000e+02,9.373011740728773589e+01
2.900000000000000000e+02,2.100000000000000000e+02,9.450792819755884011e+01
2.900000000000000000e+02,2.200000000000000000e+02,9.519581634896869105e+01
2.900000000000000000e+02,2.300000000000000000e+02,9.578033583860597844e+01
2.900000000000000000e+02,2.400000000000000000e+02,9.626829744640650688e+01
2.900000000000000000e+02,2.500000000000000000e+02,9.669301164305844054e+01
2.900000000000000000e+02,2.600000000000000000e+02,9.711955562829476207e+01
2.900000000000000000e+02,2.700000000000000000e+02,9.762034363915530832e+01
2.900000000000000000e+02,2.800000000000000000e+02,9.823945059991989126e+01
2.900000000000000000e+02,2.900000000000000000e+02,9.899367737667199663e+01
2.900000000000000000e+02,3.000000000000000000e+02,9.987830138800919144e+01
2.900000000000000000e+02,3.100000000000000000e+02,1.008723335877753016e+02
2.900000000000000000e+02,3.200000000000000000e+02,1.019432818198144020e+02
2.900000000000000000e+02,3.300000000000000000e+02,1.030514205447465201e+02
2.900000000000000000e+02,3.400000000000000000e+02,1.041535669387650955e+02
2.900000000000000000e+02,3.500000000000000000e+02,1.052063633644561520e+02
2.900000000000000000e+02,3.600000000000000000e+02,1.061690662136392689e+02
2.900000000000000000e+02,3.700000000000000000e+02,1.070058411222303505e+02
2.900000000000000000e+02,3.800000000000000000e+02,1.076875645571259952e+02
2.900000000000000000e+02,3.900000000000000000e+02,1.081931317751097765e+02
2.900000000000000000e+02,4.000000000000000000e+02,1.085102711537801667e+02
2.900000000000000000e+02,4.100000000000000000e+02,1.086358648945002869e+02
2.900000000000000000e+02,4.200000000000000000e+02,1.085757760973693706e+02
2.900000000000000000e+02,4.300000000000000000e+02,1.083441822082159689e+02
2.900000000000000000e+02,4.400000000000000000e+02,1.079624148376128971e+02
2.900000000000000000e+02,4.500000000000000000e+02,1.074573059519140372e+02
2.900000000000000000e+02,4.600000000000000000e+02,1.068590404363127391e+02
2.900000000000000000e+02,4.700000000000000000e+02,1.061985150299220493e+02
2.900000000000000000e+02,4.800000000000000000e+02,1.055042036328767665e+02
2.900000000000000000e+02,4.900000000000000000e+02,1.047985289854570539e+02
2.900000000000000000e+02,5.000000000000000000e+02,1.040937407192340203e+02
2.900000000000000000e+02,5.100000000000000000e+02,1.033939695209835890e+02
2.900000000000000000e+02,5.200000000000000000e+02,1.027179174984837289e+02
2.900000000000000000e+02,5.300000000000000000e+02,1.020888900768741507e+02
2.900000000000000000e+02,5.400000000000000000e+02,1.015285894734813326e+02
2.900000000000000000e+02,5.500000000000000000e+02,1.010560252744311498e+02
2.900000000000000000e+02,5.600000000000000000e+02,1.006866194687153211e+02
2.900000000000000000e+02,5.700000000000000000e+02,1.004315059397111298e+02
2.900000000000000000e+02,5.800000000000000000e+02,1.002970244141549898e+02
2.900000000000000000e+02,5.900000000000000000e+02,1.002844088685694715e+02
2.900000000000000000e+02,6.000000000000000000e+02,1.003896703931438452e+02
2.900000000000000000e+02,6.100000000000000000e+02,1.006036745130684125e+02
2.900000000000000000e+02,6.200000000000000000e+02,1.009124129673221404e+02
2.900000000000000000e+02,6.300000000000000000e+02,1.012974699449141411e+02
2.900000000000000000e+02,6.400000000000000000e+02,1.017366827785785688e+02
2.900000000000000000e+02,6.500000000000000000e+02,1.022049970959231331e+02
2.900000000000000000e+02,6.600000000000000000e+02,1.026755164280311732e+02
2.900000000000000000e+02,6.700000000000000000e+02,1.031207462755174475e+02
2.900000000000000000e+02,6.800000000000000000e+02,1.035140326320372424e+02
2.900000000000000000e+02,6.900000000000000000e+02,1.038311949652493809e+02
2.900000000000000000e+02,7.000000000000000000e+02,1.040523536552324941e+02
2.900000000000000000e+02,7.100000000000000000e+02,1.041639518903551362e+02
2.900000000000000000e+02,7.200000000000000000e+02,1.041609720205993170e+02
2.900000000000000000e+02,7.300000000000000000e+02,1.040493463683376660e+02
2.900000000000000000e+02,7.400000000000000000e+02,1.038485624965642131e+02
2.900000000000000000e+02,7.500000000000000000e+02,1.035944629345786439e+02
2.900000000000000000e+02,7.600000000000000000e+02,1.033151462799890226e+02
2.900000000000000000e+02,7.700000000000000000e+02,1.029566581222762380e+02
2.900000000000000000e+02,7.800000000000000000e+02,1.024699374163379844e+02
2.900000000000000000e+02,7.900000000000000000e+02,1.018334187755487932e+02
2.900000000000000000e+02,8.000000000000000000e+02,1.010475540556088845e+02
2.900000000000000000e+02,8.100000000000000000e+02,1.001297816491406110e+02
2.900000000000000000e+02,8.200000000000000000e+02,9.910994349103239642e+01
2.900000000000000000e+02,8.300000000000000000e+02,9.802614977453025347e+01
2.900000000000000000e+02,8.400000000000000000e+02,9.692109137807695163e+01
2.900000000000000000e+02,8.500000000000000000e+02,9.583880000289849477e+01
2.900000000000000000e+02,8.600000000000000000e+02,9.482185602133841940e+01
2.900000000000000000e+02,8.700000000000000000e+02,9.390904403593947336e+01
2.900000000000000000e+02,8.800000000000000000e+02,9.313345614927288807e+01
2.900000000000000000e+02,8.900000000000000000e+02,9.252104294451521582e+01
2.900000000000000000e+02,9.000000000000000000e+02,9.208961217677270383e+01
2.900000000000000000e+02,9.100000000000000000e+02,9.184827517515323336e+01
2.900000000000000000e+02,9.200000000000000000e+02,9.179734095558576712e+01
2.900000000000000000e+02,9.300000000000000000e+02,9.192865804438740440e+01
2.900000000000000000e+02,9.400000000000000000e+02,9.222640401257797294e+01
2.900000000000000000e+02,9.500000000000000000e+02,9.266832272094211476e+01
2.900000000000000000e+02,9.600000000000000000e+02,9.322740927583899406e+01
2.900000000000000000e+02,9.700000000000000000e+02,9.387404269575955595e+01
2.900000000000000000e+02,9.800000000000000000e+02,9.457856628863123660e+01
2.900000000000000000e+02,9.900000000000000000e+02,9.531431573987033801e+01
3.000000000000000000e+02,0.000000000000000000e+00,9.641773048153334003e+01
3.000000000000000000e+02,1.000000000000000000e+01,9.550340264923394784e+01
3.000000000000000000e+02,2.000000000000000000e+01,9.456629847933436395e+01
3.000000000000000000e+02,3.000000000000000000e+01,9.360404757361682471e+01
3.000000000000000000e+02,4.000000000000000000e+01,9.263124148181157125e+01
3.000000000000000000e+02,5.000000000000000000e+01,9.167413182824556372e+01
3.000000000000000000e+02,6.000000000000000000e+01,9.076590556750375072e+01
3.000000000000000000e+02,7.000000000000000000e+01,8.994253736910260955e+01
3.000000000000000000e+02,8.000000000000000000e+01,8.923921913117652593e+01
3.000000000000000000e+02,9.000000000000000000e+01,8.868736662317623143e+01
3.000000000000000000e+02,1.000000000000000000e+02,8.831220325758016543e+01
3.000000000000000000e+02,1.100000000000000000e+02,8.813092099061802287e+01
3.000000000000000000e+02,1.200000000000000000e+02,8.815141835200691389e+01
3.000000000000000000e+02,1.300000000000000000e+02,8.837161560369999336e+01
3.000000000000000000e+02,1.400000000000000000e+02,8.877934702764764552e+01
3.000000000000000000e+02,1.500000000000000000e+02,8.935283034257103907e+01
3.000000000000000000e+02,1.600000000000000000e+02,9.006171324974825154e+01
3.000000000000000000e+02,1.700000000000000000e+02,9.086869710781289200e+01
3.000000000000000000e+02,1.800000000000000000e+02,9.173173773656519359e+01
3.000000000000000000e+02,1.900000000000000000e+02,9.260682334979556174e+01
3.000000000000000000e+02,2.000000000000000000e+02,9.345132961712070596e+01
3.000000000000000000e+02,2.100000000000000000e+02,9.422795185483217040e+01
3.000000000000000000e+02,2.200000000000000000e+02,9.490921434575744797e+01
3.000000000000000000e+02,2.300000000000000000e+02,9.548255678813340808e+01
3.000000000000000000e+02,2.400000000000000000e+02,9.595599787349250676e+01
3.000000000000000000e+02,2.500000000000000000e+02,9.636437599356121098e+01
3.000000000000000000e+02,2.600000000000000000e+02,9.677512883068798999e+01
3.000000000000000000e+02,2.700000000000000000e+02,9.726499794003261457e+01
3.000000000000000000e+02,2.800000000000000000e+02,9.788206564654278452e+01
3.000000000000000000e+02,2.900000000000000000e+02,9.864620979039260362e+01
3.000000000000000000e+02,3.000000000000000000e+02,9.955487797417448803e+01
3.000000000000000000e+02,3.100000000000000000e+02,1.005883783543086167e+02
3.000000000000000000e+02,3.200000000000000000e+02,1.017146869766699808e+02
3.000000000000000000e+02,3.300000000000000000e+02,1.028937716564329321e+02
3.000000000000000000e+02,3.400000000000000000e+02,1.040814324021334301e+02
3.000000000000000000e+02,3.500000000000000000e+02,1.052326583839487171e+02
3.000000000000000000e+02,3.600000000000000000e+02,1.063045014461945783e+02
3.000000000000000000e+02,3.700000000000000000e+02,1.072584661640402999e+02
3.000000000000000000e+02,3.800000000000000000e+02,1.080624164444409701e+02
3.000000000000000000e+02,3.900000000000000000e+02,1.086919986712875641e+02
3.000000000000000000e+02,4.000000000000000000e+02,1.091315813947744147e+02
3.000000000000000000e+02,4.100000000000000000e+02,1.093747115649844091e+02
3.000000000000000000e+02,4.200000000000000000e+02,1.094240873096916289e+02
3.000000000000000000e+02,4.300000000000000000e+02,1.092910472563815603e+02
3.000000000000000000e+02,4.400000000000000000e+02,1.089945763984889737e+02
3.000000000000000000e+02,4.500000000000000000e+02,1.085598285058532610e+02
3.000000000000000000e+02,4.600000000000000000e+02,1.080161650793913850e+02
3.000000000000000000e+02,4.700000000000000000e+02,1.073947108499883569e+02
3.000000000000000000e+02,4.800000000000000000e+02,1.067254258216053557e+02
3.000000000000000000e+02,4.900000000000000000e+02,1.060336938586053463e+02
3.000000000000000000e+02,5.000000000000000000e+02,1.053364278172962543e+02
3.000000000000000000e+02,5.100000000000000000e+02,1.046425962750522274e+02
3.000000000000000000e+02,5.200000000000000000e+02,1.039702228281073815e+02
3.000000000000000000e+02,5.300000000000000000e+02,1.033407264416781715e+02
3.000000000000000000e+02,5.400000000000000000e+02,1.027743340550565989e+02
3.000000000000000000e+02,5.500000000000000000e+02,1.022889886700750708e+02
3.000000000000000000e+02,5.600000000000000000e+02,1.018994461558660873e+02
3.000000000000000000e+02,5.700000000000000000e+02,1.016165607699164468e+02
3.000000000000000000e+02,5.800000000000000000e+02,1.014467593954163362e+02
3.000000000000000000e+02,5.900000000000000000e+02,1.013917044949029247e+02
3.000000000000000000e+02,6.000000000000000000e+02,1.014481457801988569e+02
3.000000000000000000e+02,6.100000000000000000e+02,1.016079605986452350e+02
3.000000000000000000e+02,6.200000000000000000e+02,1.018583830356294726e+02
3.000000000000000000e+02,6.300000000000000000e+02,1.021824217334078071e+02
3.000000000000000000e+02,6.400000000000000000e+02,1.025594664262223432e+02
3.000000000000000000e+02,6.500000000000000000e+02,1.029660831917131105e+02
3.000000000000000000e+02,6.600000000000000000e+02,1.033769984186244955e+02
3.000000000000000000e+02,6.700000000000000000e+02,1.037662714908066022e+02
3.000000000000000000e+02,6.800000000000000000e+02,1.041086561875111585e+02
3.000000000000000000e+02,6.900000000000000000e+02,1.043811507999822652e+02
3.000000000000000000e+02,7.000000000000000000e+02,1.045647369643416482e+02
3.000000000000000000e+02,7.100000000000000000e+02,1.046463072107688816e+02
3.000000000000000000e+02,7.200000000000000000e+02,1.046207812289759573e+02
3.000000000000000000e+02,7.300000000000000000e+02,1.044934108499768968e+02
3.000000000000000000e+02,7.400000000000000000e+02,1.042822737441518939e+02
3.000000000000000000e+02,7.500000000000000000e+02,1.040209558356060597e+02
3.000000000000000000e+02,7.600000000000000000e+02,1.037341221869365739e+02
3.000000000000000000e+02,7.700000000000000000e+02,1.033632748705803692e+02
3.000000000000000000e+02,7.800000000000000000e+02,1.028556306511958951e+02
3.000000000000000000e+02,7.900000000000000000e+02,1.021870274002481835e+02
3.000000000000000000e+02,8.000000000000000000e+02,1.013563395525207227e+02
3.000000000000000000e+02,8.100000000000000000e+02,1.003803411077065277e+02
3.000000000000000000e+02,8.200000000000000000e+02,9.928901617707818161e+01
3.000000000000000000e+02,8.300000000000000000e+02,9.812131707523704449e+01
3.000000000000000000e+02,8.400000000000000000e+02,9.692136995694151835e+01
3.000000000000000000e+02,8.500000000000000000e+02,9.573512799901439507e+01
3.000000000000000000e+02,8.600000000000000000e+02,9.460747212732931644e+01
3.000000000000000000e+02,8.700000000000000000e+02,9.357975928887634609e+01
3.000000000000000000e+02,8.800000000000000000e+02,9.268781826890651132e+01
3.000000000000000000e+02,8.900000000000000000e+02,9.196039305315557044e+01
3.000000000000000000e+02,9.000000000000000000e+02,9.141803373514682107e+01
3.000000000000000000e+02,9.100000000000000000e+02,9.107243496857296350e+01
3.000000000000000000e+02,9.200000000000000000e+02,9.092622196475707597e+01
3.000000000000000000e+02,9.300000000000000000e+02,9.097318403519267349e+01
3.000000000000000000e+02,9.400000000000000000e+02,9.119895567916287860e+01
3.000000000000000000e+02,9.500000000000000000e+02,9.158214521643868977e+01
3.000000000000000000e+02,9.600000000000000000e+02,9.209591096505623398e+01
3.000000000000000000e+02,9.700000000000000000e+02,9.270998496417325896e+01
3.000000000000000000e+02,9.800000000000000000e+02,9.339314424200460962e+01
3.000000000000000000e+02,9.900000000000000000e+02,9.411612962883675948e+01
3.100000000000000000e+02,0.000000000000000000e+00,9.573528654610474575e+01
3.100000000000000000e+02,1.000000000000000000e+01,9.481476521923659107e+01
3.100000000000000000e+02,2.000000000000000000e+01,9.387521065428970246e+01
3.100000000000000000e+02,3.000000000000000000e+01,9.291694556576570108e+01
3.100000000000000000e+02,4.000000000000000000e+01,9.195624262321683773e+01
3.100000000000000000e+02,5.000000000000000000e+01,9.102016306342979135e+01
3.100000000000000000e+02,6.000000000000000000e+01,9.014196552676051510e+01
3.100000000000000000e+02,7.000000000000000000e+01,8.935708511762018702e+01
3.100000000000000000e+02,8.000000000000000000e+01,8.869968268911212306e+01
3.100000000000000000e+02,9.000000000000000000e+01,8.819976435181979468e+01
3.100000000000000000e+02,1.000000000000000000e+02,8.788087120674583730e+01
3.100000000000000000e+02,1.100000000000000000e+02,8.775833930240219161e+01
3.100000000000000000e+02,1.200000000000000000e+02,8.783812981605113634e+01
3.100000000000000000e+02,1.300000000000000000e+02,8.811622945909753923e+01
3.100000000000000000e+02,1.400000000000000000e+02,8.857862110663202770e+01
3.100000000000000000e+02,1.500000000000000000e+02,8.920182465112522152e+01
3.100000000000000000e+02,1.600000000000000000e+02,8.995400808027306994e+01
3.100000000000000000e+02,1.700000000000000000e+02,9.079666877899319388e+01
3.100000000000000000e+02,1.800000000000000000e+02,9.168688505557219059e+01
3.100000000000000000e+02,1.900000000000000000e+02,9.258013789196417065e+01
3.100000000000000000e+02,2.000000000000000000e+02,9.343370291824015794e+01
3.100000000000000000e+02,2.100000000000000000e+02,9.421061261118856578e+01
3.100000000000000000e+02,2.200000000000000000e+02,9.488418871706687696e+01
3.100000000000000000e+02,2.300000000000000000e+02,9.544314489850407313e+01
3.100000000000000000e+02,2.400000000000000000e+02,9.589725960555445283e+01
3.100000000000000000e+02,2.500000000000000000e+02,9.628361917090217048e+01
3.100000000000000000e+02,2.600000000000000000e+02,9.667258357591681772e+01
3.100000000000000000e+02,2.700000000000000000e+02,9.714469530785228812e+01
3.100000000000000000e+02,2.800000000000000000e+02,9.775149161458446656e+01
3.100000000000000000e+02,2.900000000000000000e+02,9.851564291775899562e+01
3.100000000000000000e+02,3.000000000000000000e+02,9.943670238961566099e+01
3.100000000000000000e+02,3.100000000000000000e+02,1.004963858117362747e+02
3.100000000000000000e+02,3.200000000000000000e+02,1.016633817157163548e+02
3.100000000000000000e+02,3.300000000000000000e+02,1.028976918057603882e+02
3.100000000000000000e+02,3.400000000000000000e+02,1.041545016632008753e+02
3.100000000000000000e+02,3.500000000000000000e+02,1.053875817329409728e+02
3.100000000000000000e+02,3.600000000000000000e+02,1.065522185918207470e+02
3.100000000000000000e+02,3.700000000000000000e+02,1.076076764989072672e+02
3.100000000000000000e+02,3.800000000000000000e+02,1.085191892277081536e+02
3.100000000000000000e+02,3.900000000000000000e+02,1.092594821803090497e+02
3.100000000000000000e+02,4.000000000000000000e+02,1.098098247834345074e+02
3.100000000000000000e+02,4.100000000000000000e+02,1.101606131664327108e+02
3.100000000000000000e+02,4.200000000000000000e+02,1.103114831211838407e+02
3.100000000000000000e+02,4.300000000000000000e+02,1.102709533439320637e+02
3.100000000000000000e+02,4.400000000000000000e+02,1.100555989590412480e+02
3.100000000000000000e+02,4.500000000000000000e+02,1.096887553246742897e+02
3.100000000000000000e+02,4.600000000000000000e+02,1.091987521203961506e+02
3.100000000000000000e+02,4.700000000000000000e+02,1.086166777167006074e+02
3.100000000000000000e+02,4.800000000000000000e+02,1.079736738264605407e+02
3.100000000000000000e+02,4.900000000000000000e+02,1.072977604383020633e+02
3.100000000000000000e+02,5.000000000000000000e+02,1.066101910319021329e+02
3.100000000000000000e+02,5.100000000000000000e+02,1.059243892749401539e+02
3.100000000000000000e+02,5.200000000000000000e+02,1.052570371464348113e+02
3.100000000000000000e+02,5.300000000000000000e+02,1.046270405904245280e+02
3.100000000000000000e+02,5.400000000000000000e+02,1.040526583055915921e+02
3.100000000000000000e+02,5.500000000000000000e+02,1.035504074760039401e+02
3.100000000000000000e+02,5.600000000000000000e+02,1.031341504646286324e+02
3.100000000000000000e+02,5.700000000000000000e+02,1.028143624696171656e+02
3.100000000000000000e+02,5.800000000000000000e+02,1.025975801433624781e+02
3.100000000000000000e+02,5.900000000000000000e+02,1.024860311743278203e+02
3.100000000000000000e+02,6.000000000000000000e+02,1.024774448316473041e+02
3.100000000000000000e+02,6.100000000000000000e+02,1.025650434724983313e+02
3.100000000000000000e+02,6.200000000000000000e+02,1.027377150122456442e+02
3.100000000000000000e+02,6.300000000000000000e+02,1.029803663573573402e+02
3.100000000000000000e+02,6.400000000000000000e+02,1.032744578010924670e+02
3.100000000000000000e+02,6.500000000000000000e+02,1.035987183819605661e+02
3.100000000000000000e+02,6.600000000000000000e+02,1.039300422049527839e+02
3.100000000000000000e+02,6.700000000000000000e+02,1.042445657255450300e+02
3.100000000000000000e+02,6.800000000000000000e+02,1.045189259964725892e+02
3.100000000000000000e+02,6.900000000000000000e+02,1.047316998772768244e+02
3.100000000000000000e+02,7.000000000000000000e+02,1.048650242066233460e+02
3.100000000000000000e+02,7.100000000000000000e+02,1.049063969373922305e+02
3.100000000000000000e+02,7.200000000000000000e+02,1.048506592345397763e+02
3.100000000000000000e+02,7.300000000000000000e+02,1.047021585357322380e+02
3.100000000000000000e+02,7.400000000000000000e+02,1.044770925747511825e+02
3.100000000000000000e+02,7.500000000000000000e+02,1.042060343676706680e+02
3.100000000000000000e+02,7.600000000000000000e+02,1.039095183614830944e+02
3.100000000000000000e+02,7.700000000000000000e+02,1.035250380346702883e+02
3.100000000000000000e+02,7.800000000000000000e+02,1.029967709499586874e+02
3.100000000000000000e+02,7.900000000000000000e+02,1.022984322258293020e+02
3.100000000000000000e+02,8.000000000000000000e+02,1.014276041413173317e+02
3.100000000000000000e+02,8.100000000000000000e+02,1.004005130621532089e+02
3.100000000000000000e+02,8.200000000000000000e+02,9.924725368824486793e+01
3.100000000000000000e+02,8.300000000000000000e+02,9.800746062250124169e+01
3.100000000000000000e+02,8.400000000000000000e+02,9.672642726099722665e+01
3.100000000000000000e+02,8.500000000000000000e+02,9.545167200447971823e+01
3.100000000000000000e+02,8.600000000000000000e+02,9.422995179121518561e+01
3.100000000000000000e+02,8.700000000000000000e+02,9.310472295117835984e+01
3.100000000000000000e+02,8.800000000000000000e+02,9.211404938158226230e+01
3.100000000000000000e+02,8.900000000000000000e+02,9.128895804374954537e+01
3.100000000000000000e+02,9.000000000000000000e+02,9.065224178132514510e+01
3.100000000000000000e+02,9.100000000000000000e+02,9.021770945983021761e+01
3.100000000000000000e+02,9.200000000000000000e+02,8.998988342755728809e+01
3.100000000000000000e+02,9.300000000000000000e+02,8.996414429780688238e+01
3.100000000000000000e+02,9.400000000000000000e+02,9.012732305246517228e+01
3.100000000000000000e+02,9.500000000000000000e+02,9.045874046692325976e+01
3.100000000000000000e+02,9.600000000000000000e+02,9.093169385633741797e+01
3.100000000000000000e+02,9.700000000000000000e+02,9.151539114323090018e+01
3.100000000000000000e+02,9.800000000000000000e+02,9.217733224643687606e+01
3.100000000000000000e+02,9.900000000000000000e+02,9.288613779138268001e+01
3.200000000000000000e+02,0.000000000000000000e+00,9.511804252288837347e+01
3.200000000000000000e+02,1.000000000000000000e+01,9.418975274414776777e+01
3.200000000000000000e+02,2.000000000000000000e+01,9.324721158108735608e+01
3.200000000000000000e+02,3.000000000000000000e+01,9.229418601631147112e+01
3.200000000000000000e+02,4.000000000000000000e+01,9.134910307195427492e+01
3.200000000000000000e+02,5.000000000000000000e+01,9.044006669299608348e+01
3.200000000000000000e+02,6.000000000000000000e+01,8.960043617818107009e+01
3.200000000000000000e+02,7.000000000000000000e+01,8.886496615853627645e+01
3.200000000000000000e+02,8.000000000000000000e+01,8.826650812349183184e+01
3.200000000000000000e+02,9.000000000000000000e+01,8.783327349460249422e+01
3.200000000000000000e+02,1.000000000000000000e+02,8.758665824687061274e+01
3.200000000000000000e+02,1.100000000000000000e+02,8.753962907767024149e+01
3.200000000000000000e+02,1.200000000000000000e+02,8.769567112327257519e+01
3.200000000000000000e+02,1.300000000000000000e+02,8.804829722297283467e+01
3.200000000000000000e+02,1.400000000000000000e+02,8.858111873081816157e+01
3.200000000000000000e+02,1.500000000000000000e+02,8.926847787493717590e+01
3.200000000000000000e+02,1.600000000000000000e+02,9.007664166447050036e+01
3.200000000000000000e+02,1.700000000000000000e+02,9.096555734410279115e+01
3.200000000000000000e+02,1.800000000000000000e+02,9.189116939619600544e+01
3.200000000000000000e+02,1.900000000000000000e+02,9.280829809052397650e+01
3.200000000000000000e+02,2.000000000000000000e+02,9.367407958160822545e+01
3.200000000000000000e+02,2.100000000000000000e+02,9.445196755365516594e+01
3.200000000000000000e+02,2.200000000000000000e+02,9.511629641309467331e+01
3.200000000000000000e+02,2.300000000000000000e+02,9.565740602871957776e+01
3.200000000000000000e+02,2.400000000000000000e+02,9.608732801942706203e+01
3.200000000000000000e+02,2.500000000000000000e+02,9.644603358956078409e+01
3.200000000000000000e+02,2.600000000000000000e+02,9.680724952862782118e+01
3.200000000000000000e+02,2.700000000000000000e+02,9.725464095922481533e+01
3.200000000000000000e+02,2.800000000000000000e+02,9.784252235750464877e+01
3.200000000000000000e+02,2.900000000000000000e+02,9.859598399176185524e+01
3.200000000000000000e+02,3.000000000000000000e+02,9.951656526957623328e+01
3.200000000000000000e+02,3.100000000000000000e+02,1.005874756294843877e+02
3.200000000000000000e+02,3.200000000000000000e+02,1.017783629771792420e+02
3.200000000000000000e+02,3.300000000000000000e+02,1.030496296662373368e+02
3.200000000000000000e+02,3.400000000000000000e+02,1.043562960233740853e+02
3.200000000000000000e+02,3.500000000000000000e+02,1.056514114182269282e+02
3.200000000000000000e+02,3.600000000000000000e+02,1.068890128776662891e+02
3.200000000000000000e+02,3.700000000000000000e+02,1.080266312446345580e+02
3.200000000000000000e+02,3.800000000000000000e+02,1.090273448815128745e+02
3.200000000000000000e+02,3.900000000000000000e+02,1.098613809180157972e+02
3.200000000000000000e+02,4.000000000000000000e+02,1.105072640436139153e+02
3.200000000000000000e+02,4.100000000000000000e+02,1.109525128444843318e+02
3.200000000000000000e+02,4.200000000000000000e+02,1.111938836849890464e+02
3.200000000000000000e+02,4.300000000000000000e+02,1.112371621336811813e+02
3.200000000000000000e+02,4.400000000000000000e+02,1.110965019338391926e+02
3.200000000000000000e+02,4.500000000000000000e+02,1.107933115185288671e+02
3.200000000000000000e+02,4.600000000000000000e+02,1.103546880701932906e+02
3.200000000000000000e+02,4.700000000000000000e+02,1.098113991247706736e+02
3.200000000000000000e+02,4.800000000000000000e+02,1.091954117203400614e+02
3.200000000000000000e+02,4.900000000000000000e+02,1.085369690902950026e+02
3.200000000000000000e+02,5.000000000000000000e+02,1.078612149010449741e+02
3.200000000000000000e+02,5.100000000000000000e+02,1.071855398948080733e+02
3.200000000000000000e+02,5.200000000000000000e+02,1.065247361553730912e+02
3.200000000000000000e+02,5.300000000000000000e+02,1.058947069241346242e+02
3.200000000000000000e+02,5.400000000000000000e+02,1.053113456627778390e+02
3.200000000000000000e+02,5.500000000000000000e+02,1.047894433068431397e+02
3.200000000000000000e+02,5.600000000000000000e+02,1.043417667390970962e+02
3.200000000000000000e+02,5.700000000000000000e+02,1.039783084827095792e+02
3.200000000000000000e+02,5.800000000000000000e+02,1.037057076142370562e+02
3.200000000000000000e+02,5.900000000000000000e+02,1.035268418964121366e+02
3.200000000000000000e+02,6.000000000000000000e+02,1.034405911307393211e+02
3.200000000000000000e+02,6.100000000000000000e+02,1.034417717298968995e+02
3.200000000000000000e+02,6.200000000000000000e+02,1.035212425099450968e+02
3.200000000000000000e+02,6.300000000000000000e+02,1.036661817023404382e+02
3.200000000000000000e+02,6.400000000000000000e+02,1.038605351857562766e+02
3.200000000000000000e+02,6.500000000000000000e+02,1.040856359377095544e+02
3.200000000000000000e+02,6.600000000000000000e+02,1.043209947059937690e+02
3.200000000000000000e+02,6.700000000000000000e+02,1.045452618999180885e+02
3.200000000000000000e+02,6.800000000000000000e+02,1.047373607013527703e+02
3.200000000000000000e+02,6.900000000000000000e+02,1.048777913955807293e+02
3.200000000000000000e+02,7.000000000000000000e+02,1.049501069219552107e+02
3.200000000000000000e+02,7.100000000000000000e+02,1.049425596443639250e+02
3.200000000000000000e+02,7.200000000000000000e+02,1.048499193414990884e+02
3.200000000000000000e+02,7.300000000000000000e+02,1.046754624169338683e+02
3.200000000000000000e+02,7.400000000000000000e+02,1.044331323290050051e+02
3.200000000000000000e+02,7.500000000000000000e+02,1.041498712405015397e+02
3.200000000000000000e+02,7.600000000000000000e+02,1.038415651249334246e+02
3.200000000000000000e+02,7.700000000000000000e+02,1.034424070773373785e+02
3.200000000000000000e+02,7.800000000000000000e+02,1.028943501661073014e+02
3.200000000000000000e+02,7.900000000000000000e+02,1.021695524916910074e+02
3.200000000000000000e+02,8.000000000000000000e+02,1.012646450180552904e+02
3.200000000000000000e+02,8.100000000000000000e+02,1.001954464443465866e+02
3.200000000000000000e+02,8.200000000000000000e+02,9.899212511674720361e+01
3.200000000000000000e+02,8.300000000000000000e+02,9.769480798052717319e+01
3.200000000000000000e+02,8.400000000000000000e+02,9.634963657229171474e+01
3.200000000000000000e+02,8.500000000000000000e+02,9.500527005242419420e+01
3.200000000000000000e+02,8.600000000000000000e+02,9.370983527772489197e+01
3.200000000000000000e+02,8.700000000000000000e+02,9.250832391424513901e+01
3.200000000000000000e+02,8.800000000000000000e+02,9.144043659031716231e+01
3.200000000000000000e+02,8.900000000000000000e+02,9.053887408977952589e+01
3.200000000000000000e+02,9.000000000000000000e+02,8.982807558539813897e+01
3.200000000000000000e+02,9.100000000000000000e+02,8.932340391248288824e+01
3.200000000000000000e+02,9.200000000000000000e+02,8.903077788269979465e+01
3.200000000000000000e+02,9.300000000000000000e+02,8.894675163807892204e+01
3.200000000000000000e+02,9.400000000000000000e+02,8.905904104521766840e+01
3.200000000000000000e+02,9.500000000000000000e+02,8.934749712967986568e+01
3.200000000000000000e+02,9.600000000000000000e+02,8.978552655059030485e+01
3.200000000000000000e+02,9.700000000000000000e+02,9.034195911542499857e+01
3.200000000000000000e+02,9.800000000000000000e+02,9.098336233499686898e+01
3.200000000000000000e+02,9.900000000000000000e+02,9.167680301863725845e+01
3.300000000000000000e+02,0.000000000000000000e+00,9.459238987154296296e+01
3.300000000000000000e+02,1.000000000000000000e+01,9.365483840306079344e+01
3.300000000000000000e+02,2.000000000000000000e+01,9.270868073262764142e+01
3.300000000000000000e+02,3.000000000000000000e+01,9.176174756118309972e+01
3.300000000000000000e+02,4.000000000000000000e+01,9.083500498893783970e+01
3.300000000000000000e+02,5.000000000000000000e+01,8.995778261270550047e+01
3.300000000000000000e+02,6.000000000000000000e+01,8.916355283666797504e+01
3.300000000000000000e+02,7.000000000000000000e+01,8.848626139657392287e+01
3.300000000000000000e+02,8.000000000000000000e+01,8.795720909737073612e+01
3.300000000000000000e+02,9.000000000000000000e+01,8.760248476426974662e+01
3.300000000000000000e+02,1.000000000000000000e+02,8.744094940724477283e+01
3.300000000000000000e+02,1.100000000000000000e+02,8.748277159896410637e+01
3.300000000000000000e+02,1.200000000000000000e+02,8.772851406615562553e+01
3.300000000000000000e+02,1.300000000000000000e+02,8.816877149440546191e+01
3.300000000000000000e+02,1.400000000000000000e+02,8.878435954638982253e+01
3.300000000000000000e+02,1.500000000000000000e+02,8.954705509354026560e+01
3.300000000000000000e+02,1.600000000000000000e+02,9.042088766114223120e+01
3.300000000000000000e+02,1.700000000000000000e+02,9.136398208686695455e+01
3.300000000000000000e+02,1.800000000000000000e+02,9.233095239273662003e+01
3.300000000000000000e+02,1.900000000000000000e+02,9.327584687052302570e+01
3.300000000000000000e+02,2.000000000000000000e+02,9.415564438057936059e+01
3.300000000000000000e+02,2.100000000000000000e+02,9.493430186410546412e+01
3.300000000000000000e+02,2.200000000000000000e+02,9.558735306884642569e+01
3.300000000000000000e+02,2.300000000000000000e+02,9.610705848822429687e+01
3.300000000000000000e+02,2.400000000000000000e+02,9.650810651390352746e+01
3.300000000000000000e+02,2.500000000000000000e+02,9.683386580178928682e+01
3.300000000000000000e+02,2.600000000000000000e+02,9.716172241056037251e+01
3.300000000000000000e+02,2.700000000000000000e+02,9.757765374113724022e+01
3.300000000000000000e+02,2.800000000000000000e+02,9.813797108078581743e+01
3.300000000000000000e+02,2.900000000000000000e+02,9.886973388804192098e+01
3.300000000000000000e+02,3.000000000000000000e+02,9.977629443852886482e+01
3.300000000000000000e+02,3.100000000000000000e+02,1.008424105758548137e+02
3.300000000000000000e+02,3.200000000000000000e+02,1.020389265675900674e+02
3.300000000000000000e+02,3.300000000000000000e+02,1.033270220663241048e+02
3.300000000000000000e+02,3.400000000000000000e+02,1.046620291758024877e+02
3.300000000000000000e+02,3.500000000000000000e+02,1.059968176221435527e+02
3.300000000000000000e+02,3.600000000000000000e+02,1.072847480301349492e+02
3.300000000000000000e+02,3.700000000000000000e+02,1.084821933046100071e+02
3.300000000000000000e+02,3.800000000000000000e+02,1.095506281169039084e+02
3.300000000000000000e+02,3.900000000000000000e+02,1.104582864963896895e+02
3.300000000000000000e+02,4.000000000000000000e+02,1.111813875270940883e+02
3.300000000000000000e+02,4.100000000000000000e+02,1.117049291493932088e+02
3.300000000000000000e+02,4.200000000000000000e+02,1.120230500667879454e+02
3.300000000000000000e+02,4.300000000000000000e+02,1.121389597577593804e+02
3.300000000000000000e+02,4.400000000000000000e+02,1.120644365927037853e+02
3.300000000000000000e+02,4.500000000000000000e+02,1.118188940559477231e+02
3.300000000000000000e+02,4.600000000000000000e+02,1.114280150728426690e+02
3.300000000000000000e+02,4.700000000000000000e+02,1.109219544419397607e+02
3.300000000000000000e+02,4.800000000000000000e+02,1.103331093722440670e+02
3.300000000000000000e+02,4.900000000000000000e+02,1.096934581255490002e+02
3.300000000000000000e+02,5.000000000000000000e+02,1.090314667638502755e+02
3.300000000000000000e+02,5.100000000000000000e+02,1.083679145634001202e+02
3.300000000000000000e+02,5.200000000000000000e+02,1.077153101204688852e+02
3.300000000000000000e+02,5.300000000000000000e+02,1.070862402101569018e+02
3.300000000000000000e+02,5.400000000000000000e+02,1.064939621722560474e+02
3.300000000000000000e+02,5.500000000000000000e+02,1.059513204934585673e+02
3.300000000000000000e+02,5.600000000000000000e+02,1.054698230050539394e+02
3.300000000000000000e+02,5.700000000000000000e+02,1.050588766961141545e+02
3.300000000000000000e+02,5.800000000000000000e+02,1.047251831421668982e+02
3.300000000000000000e+02,5.900000000000000000e+02,1.044722935493570617e+02
3.300000000000000000e+02,6.000000000000000000e+02,1.043003234140963684e+02
3.300000000000000000e+02,6.100000000000000000e+02,1.042058267982012296e+02
3.300000000000000000e+02,6.200000000000000000e+02,1.041818302195186163e+02
3.300000000000000000e+02,6.300000000000000000e+02,1.042180261580402458e+02
3.300000000000000000e+02,6.400000000000000000e+02,1.043011261775048979e+02
3.300000000000000000e+02,6.500000000000000000e+02,1.044153736624888325e+02
3.300000000000000000e+02,6.600000000000000000e+02,1.045432161709844650e+02
3.300000000000000000e+02,6.700000000000000000e+02,1.046661374024671431e+02
3.300000000000000000e+02,6.800000000000000000e+02,1.047656487814500963e+02
3.300000000000000000e+02,6.900000000000000000e+02,1.048244406565275995e+02
3.300000000000000000e+02,7.000000000000000000e+02,1.048276931149062534e+02
3.300000000000000000e+02,7.100000000000000000e+02,1.047645464124244654e+02
3.300000000000000000e+02,7.200000000000000000e+02,1.046297310190600314e+02
3.300000000000000000e+02,7.300000000000000000e+02,1.044253572799259757e+02
3.300000000000000000e+02,7.400000000000000000e+02,1.041628646917545495e+02
3.300000000000000000e+02,7.500000000000000000e+02,1.038651307948692306e+02
3.300000000000000000e+02,7.600000000000000000e+02,1.035430991924551591e+02
3.300000000000000000e+02,7.700000000000000000e+02,1.031285248390004199e+02
3.300000000000000000e+02,7.800000000000000000e+02,1.025620538079055137e+02
3.300000000000000000e+02,7.900000000000000000e+02,1.018149246032403283e+02
3.300000000000000000e+02,8.000000000000000000e+02,1.008832012350268457e+02
3.300000000000000000e+02,8.100000000000000000e+02,9.978245299985985639e+01
3.300000000000000000e+02,8.200000000000000000e+02,9.854288096686597953e+01
3.300000000000000000e+02,8.300000000000000000e+02,9.720489116900084525e+01
3.300000000000000000e+02,8.400000000000000000e+02,9.581511449968451188e+01
3.300000000000000000e+02,8.500000000000000000e+02,9.442287331477497503e+01
3.300000000000000000e+02,8.600000000000000000e+02,9.307709473988001037e+01
3.300000000000000000e+02,8.700000000000000000e+02,9.182367068300717960e+01
3.300000000000000000e+02,8.800000000000000000e+02,9.070326455255192855e+01
3.300000000000000000e+02,8.900000000000000000e+02,8.974956468062403303e+01
3.300000000000000000e+02,9.000000000000000000e+02,8.898798445171212279e+01
3.300000000000000000e+02,9.100000000000000000e+02,8.843480913668651056e+01
3.300000000000000000e+02,9.200000000000000000e+02,8.809678943214011326e+01
3.300000000000000000e+02,9.300000000000000000e+02,8.797118170506763590e+01
3.300000000000000000e+02,9.400000000000000000e+02,8.804623494288293273e+01
3.300000000000000000e+02,9.500000000000000000e+02,8.830212440877463109e+01
3.300000000000000000e+02,9.600000000000000000e+02,8.871233200239979055e+01
3.300000000000000000e+02,9.700000000000000000e+02,8.924547332591595250e+01
3.300000000000000000e+02,9.800000000000000000e+02,8.986757145535128188e+01
3.300000000000000000e+02,9.900000000000000000e+02,9.054477741731284368e+01
3.400000000000000000e+02,0.000000000000000000e+00,9.418181838523196348e+01
3.400000000000000000e+02,1.000000000000000000e+01,9.323366414785765244e+01
3.400000000000000000e+02,2.000000000000000000e+01,9.228319027739118496e+01
3.400000000000000000e+02,3.000000000000000000e+01,9.134274529833146516e+01
3.400000000000000000e+02,4.000000000000000000e+01,9.043610941119632685e+01
3.400000000000000000e+02,5.000000000000000000e+01,8.959396021270288202e+01
3.400000000000000000e+02,6.000000000000000000e+01,8.884987783091385438e+01
3.400000000000000000e+02,7.000000000000000000e+01,8.823688947534965621e+01
3.400000000000000000e+02,8.000000000000000000e+01,8.778455340206642177e+01
3.400000000000000000e+02,9.000000000000000000e+01,8.751658229370005415e+01
3.400000000000000000e+02,1.000000000000000000e+02,8.744900605447587338e+01
3.400000000000000000e+02,1.100000000000000000e+02,8.758887402018446267e+01
3.400000000000000000e+02,1.200000000000000000e+02,8.793349658312317274e+01
3.400000000000000000e+02,1.300000000000000000e+02,8.847022623200363967e+01
3.400000000000000000e+02,1.400000000000000000e+02,8.917677800682514544e+01
3.400000000000000000e+02,1.500000000000000000e+02,9.002208936871387834e+01
3.400000000000000000e+02,1.600000000000000000e+02,9.096771948472807878e+01
3.400000000000000000e+02,1.700000000000000000e+02,9.196978792762904220e+01
3.400000000000000000e+02,1.800000000000000000e+02,9.298145279061807855e+01
3.400000000000000000e+02,1.900000000000000000e+02,9.395592821703928621e+01
3.400000000000000000e+02,2.000000000000000000e+02,9.485004134504829665e+01
3.400000000000000000e+02,2.100000000000000000e+02,9.562832866724677672e+01
3.400000000000000000e+02,2.200000000000000000e+02,9.626767180528302958e+01
3.400000000000000000e+02,2.300000000000000000e+02,9.676247269941815432e+01
3.400000000000000000e+02,2.400000000000000000e+02,9.713036821305853152e+01
3.400000000000000000e+02,2.500000000000000000e+02,9.741848415225376812e+01
3.400000000000000000e+02,2.600000000000000000e+02,9.770798631507138055e+01
3.400000000000000000e+02,2.700000000000000000e+02,9.808625221926824622e+01
3.400000000000000000e+02,2.800000000000000000e+02,9.861073706659254867e+01
3.400000000000000000e+02,2.900000000000000000e+02,9.930995755128704161e+01
3.400000000000000000e+02,3.000000000000000000e+02,1.001888567248390984e+02
3.400000000000000000e+02,3.100000000000000000e+02,1.012337604396888224e+02
3.400000000000000000e+02,3.200000000000000000e+02,1.024169253718956298e+02
3.400000000000000000e+02,3.300000000000000000e+02,1.037006786227628226e+02
3.400000000000000000e+02,3.400000000000000000e+02,1.050411488994207474e+02
3.400000000000000000e+02,3.500000000000000000e+02,1.063915892743678739e+02
3.400000000000000000e+02,3.600000000000000000e+02,1.077052915239703879e+02
3.400000000000000000e+02,3.700000000000000000e+02,1.089380920459199160e+02
3.400000000000000000e+02,3.800000000000000000e+02,1.100504693556495397e+02
3.400000000000000000e+02,3.900000000000000000e+02,1.110092331617080390e+02
3.400000000000000000e+02,4.000000000000000000e+02,1.117888050200924113e+02
3.400000000000000000e+02,4.100000000000000000e+02,1.123720905675387201e+02
3.400000000000000000e+02,4.200000000000000000e+02,1.127509433337710476e+02
3.400000000000000000e+02,4.300000000000000000e+02,1.129262201327088349e+02
3.400000000000000000e+02,4.400000000000000000e+02,1.129074280326323958e+02
3.400000000000000000e+02,4.500000000000000000e+02,1.127119629053067769e+02
3.400000000000000000e+02,4.600000000000000000e+02,1.123639395540637906e+02
3.400000000000000000e+02,4.700000000000000000e+02,1.118926134208423377e+02
3.400000000000000000e+02,4.800000000000000000e+02,1.113303938721869741e+02
3.400000000000000000e+02,4.900000000000000000e+02,1.107104490642047949e+02
3.400000000000000000e+02,5.000000000000000000e+02,1.100639023864804500e+02
3.400000000000000000e+02,5.100000000000000000e+02,1.094142743544358467e+02
3.400000000000000000e+02,5.200000000000000000e+02,1.087715757526885341e+02
3.400000000000000000e+02,5.300000000000000000e+02,1.081449610176482565e+02
3.400000000000000000e+02,5.400000000000000000e+02,1.075449244002287088e+02
3.400000000000000000e+02,5.500000000000000000e+02,1.069822374362325235e+02
3.400000000000000000e+02,5.600000000000000000e+02,1.064670327836331296e+02
3.400000000000000000e+02,5.700000000000000000e+02,1.060080344267533690e+02
3.400000000000000000e+02,5.800000000000000000e+02,1.056119342473409688e+02
3.400000000000000000e+02,5.900000000000000000e+02,1.052829149625407297e+02
3.400000000000000000e+02,6.000000000000000000e+02,1.050223194297635558e+02
3.400000000000000000e+02,6.100000000000000000e+02,1.048284663184522714e+02
3.400000000000000000e+02,6.200000000000000000e+02,1.046966121487442649e+02
3.400000000000000000e+02,6.300000000000000000e+02,1.046190596970308491e+02
3.400000000000000000e+02,6.400000000000000000e+02,1.045854127684134909e+02
3.400000000000000000e+02,6.500000000000000000e+02,1.045829773360567856e+02
3.400000000000000000e+02,6.600000000000000000e+02,1.045973090474383014e+02
3.400000000000000000e+02,6.700000000000000000e+02,1.046129070974950963e+02
3.400000000000000000e+02,6.800000000000000000e+02,1.046140544686671774e+02
3.400000000000000000e+02,6.900000000000000000e+02,1.045858045378376175e+02
3.400000000000000000e+02,7.000000000000000000e+02,1.045151140501695579e+02
3.400000000000000000e+02,7.100000000000000000e+02,1.043921224598399817e+02
3.400000000000000000e+02,7.200000000000000000e+02,1.042115776376702883e+02
3.400000000000000000e+02,7.300000000000000000e+02,1.039744079456536099e+02
3.400000000000000000e+02,7.400000000000000000e+02,1.036894406783790430e+02
3.400000000000000000e+02,7.500000000000000000e+02,1.033752668713524798e+02
3.400000000000000000e+02,7.600000000000000000e+02,1.030378410777271938e+02
3.400000000000000000e+02,7.700000000000000000e+02,1.026074648044013458e+02
3.400000000000000000e+02,7.800000000000000000e+02,1.020244610534346492e+02
3.400000000000000000e+02,7.900000000000000000e+02,1.012598325873977387e+02
3.400000000000000000e+02,8.000000000000000000e+02,1.003094891295254882e+02
3.400000000000000000e+02,8.100000000000000000e+02,9.918892088690350306e+01
3.400000000000000000e+02,8.200000000000000000e+02,9.792831839668789939e+01
3.400000000000000000e+02,8.300000000000000000e+02,9.656813869535815797e+01
3.400000000000000000e+02,8.400000000000000000e+02,9.515511781100323674e+01
3.400000000000000000e+02,8.500000000000000000e+02,9.373872957864087141e+01
3.400000000000000000e+02,8.600000000000000000e+02,9.236809077857010664e+01
3.400000000000000000e+02,8.700000000000000000e+02,9.108931259775697242e+01
3.400000000000000000e+02,8.800000000000000000e+02,8.994329841425333427e+01
3.400000000000000000e+02,8.900000000000000000e+02,8.896398790464903072e+01
3.400000000000000000e+02,9.000000000000000000e+02,8.817704747455711356e+01
3.400000000000000000e+02,9.100000000000000000e+02,8.759900701213236118e+01
3.400000000000000000e+02,9.200000000000000000e+02,8.723684296462290888e+01
3.400000000000000000e+02,9.300000000000000000e+02,8.708800773795515227e+01
3.400000000000000000e+02,9.400000000000000000e+02,8.714090541935178180e+01
3.400000000000000000e+02,9.500000000000000000e+02,8.737581382298306210e+01
3.400000000000000000e+02,9.600000000000000000e+02,8.776625285865124226e+01
3.400000000000000000e+02,9.700000000000000000e+02,8.828079922350831055e+01
3.400000000000000000e+02,9.800000000000000000e+02,8.888534741680670948e+01
3.400000000000000000e+02,9.900000000000000000e+02,8.954581707768343790e+01
3.500000000000000000e+02,0.000000000000000000e+00,9.390510920885134283e+01
3.500000000000000000e+02,1.000000000000000000e+01,9.294522241657197981e+01
3.500000000000000000e+02,2.000000000000000000e+01,9.198969222959483716e+01
3.500000000000000000e+02,3.000000000000000000e+01,9.105565259327876504e+01
3.500000000000000000e+02,4.000000000000000000e+01,9.016985021466810224e+01
3.500000000000000000e+02,5.000000000000000000e+01,8.936436658040553027e+01
3.500000000000000000e+02,6.000000000000000000e+01,8.867286638500229401e+01
3.500000000000000000e+02,7.000000000000000000e+01,8.812737236946608732e+01
3.500000000000000000e+02,8.000000000000000000e+01,8.775556657028644736e+01
3.500000000000000000e+02,9.000000000000000000e+01,8.757861797877768595e+01
3.500000000000000000e+02,1.000000000000000000e+02,8.760953661077938648e+01
3.500000000000000000e+02,1.100000000000000000e+02,8.785205398671445209e+01
3.500000000000000000e+02,1.200000000000000000e+02,8.830003002200470519e+01
3.500000000000000000e+02,1.300000000000000000e+02,8.893738632784396714e+01
3.500000000000000000e+02,1.400000000000000000e+02,8.973856592232881724e+01
3.500000000000000000e+02,1.500000000000000000e+02,9.066951935194680345e+01
3.500000000000000000e+02,1.600000000000000000e+02,9.168921722342220448e+01
3.500000000000000000e+02,1.700000000000000000e+02,9.275168914591939995e+01
3.500000000000000000e+02,1.800000000000000000e+02,9.380858908360369242e+01
3.500000000000000000e+02,1.900000000000000000e+02,9.481228711855980862e+01
3.500000000000000000e+02,2.000000000000000000e+02,9.571948762406782407e+01
3.500000000000000000e+02,2.100000000000000000e+02,9.649537384823669584e+01
3.500000000000000000e+02,2.200000000000000000e+02,9.711827890799541763e+01
3.500000000000000000e+02,2.300000000000000000e+02,9.758488319344144202e+01
3.500000000000000000e+02,2.400000000000000000e+02,9.791593818254712289e+01
3.500000000000000000e+02,2.500000000000000000e+02,9.816251666622318339e+01
3.500000000000000000e+02,2.600000000000000000e+02,9.840950576450823917e+01
3.500000000000000000e+02,2.700000000000000000e+02,9.874470731255320288e+01
3.500000000000000000e+02,2.800000000000000000e+02,9.922583096457502450e+01
3.500000000000000000e+02,2.900000000000000000e+02,9.988229877734227102e+01
3.500000000000000000e+02,3.000000000000000000e+02,1.007203828142855997e+02
3.500000000000000000e+02,3.100000000000000000e+02,1.017279602021465905e+02
3.500000000000000000e+02,3.200000000000000000e+02,1.028788856401653078e+02
3.500000000000000000e+02,3.300000000000000000e+02,1.041369813618064200e+02
3.500000000000000000e+02,3.400000000000000000e+02,1.054596445490239063e+02
3.500000000000000000e+02,3.500000000000000000e+02,1.068010721990643503e+02
3.500000000000000000e+02,3.600000000000000000e+02,1.081151034438088487e+02
3.500000000000000000e+02,3.700000000000000000e+02,1.093576793216535066e+02
3.500000000000000000e+02,3.800000000000000000e+02,1.104889200019284630e+02
3.500000000000000000e+02,3.900000000000000000e+02,1.114748194618556170e+02
3.500000000000000000e+02,4.000000000000000000e+02,1.122885576160448693e+02
3.500000000000000000e+02,4.100000000000000000e+02,1.129114298985289651e+02
3.500000000000000000e+02,4.200000000000000000e+02,1.133333942973369517e+02
3.500000000000000000e+02,4.300000000000000000e+02,1.135532358416062095e+02
3.500000000000000000e+02,4.400000000000000000e+02,1.135783485412330833e+02
3.500000000000000000e+02,4.500000000000000000e+02,1.134241347790621006e+02
3.500000000000000000e+02,4.600000000000000000e+02,1.131130221556137911e+02
3.500000000000000000e+02,4.700000000000000000e+02,1.126730977863510930e+02
3.500000000000000000e+02,4.800000000000000000e+02,1.121363600514843029e+02
3.500000000000000000e+02,4.900000000000000000e+02,1.115365877983147556e+02
3.500000000000000000e+02,5.000000000000000000e+02,1.109068269961169193e+02
3.500000000000000000e+02,5.100000000000000000e+02,1.102726504691868712e+02
3.500000000000000000e+02,5.200000000000000000e+02,1.096415471360375022e+02
3.500000000000000000e+02,5.300000000000000000e+02,1.090193280717958118e+02
3.500000000000000000e+02,5.400000000000000000e+02,1.084137482843400306e+02
3.500000000000000000e+02,5.500000000000000000e+02,1.078334799270912896e+02
3.500000000000000000e+02,5.600000000000000000e+02,1.072872172757254532e+02
3.500000000000000000e+02,5.700000000000000000e+02,1.067829134688053756e+02
3.500000000000000000e+02,5.800000000000000000e+02,1.063271490123336918e+02
3.500000000000000000e+02,5.900000000000000000e+02,1.059246320482257175e+02
3.500000000000000000e+02,6.000000000000000000e+02,1.055778303867029848e+02
3.500000000000000000e+02,6.100000000000000000e+02,1.052867353026069850e+02
3.500000000000000000e+02,6.200000000000000000e+02,1.050487570956333769e+02
3.500000000000000000e+02,6.300000000000000000e+02,1.048587524144865171e+02
3.500000000000000000e+02,6.400000000000000000e+02,1.047091833449544538e+02
3.500000000000000000e+02,6.500000000000000000e+02,1.045904082619041731e+02
3.500000000000000000e+02,6.600000000000000000e+02,1.044911044451973510e+02
3.500000000000000000e+02,6.700000000000000000e+02,1.043988224595264001e+02
3.500000000000000000e+02,6.800000000000000000e+02,1.043006722981709373e+02
3.500000000000000000e+02,6.900000000000000000e+02,1.041841412906746172e+02
3.500000000000000000e+02,7.000000000000000000e+02,1.040380437744423006e+02
3.500000000000000000e+02,7.100000000000000000e+02,1.038536025302577031e+02
3.500000000000000000e+02,7.200000000000000000e+02,1.036256619817213362e+02
3.500000000000000000e+02,7.300000000000000000e+02,1.033540331586088286e+02
3.500000000000000000e+02,7.400000000000000000e+02,1.030449704241497244e+02
3.500000000000000000e+02,7.500000000000000000e+02,1.027127799662264778e+02
3.500000000000000000e+02,7.600000000000000000e+02,1.023586323052186344e+02
3.500000000000000000e+02,7.700000000000000000e+02,1.019124415677157316e+02
3.500000000000000000e+02,7.800000000000000000e+02,1.013152164289230939e+02
3.500000000000000000e+02,7.900000000000000000e+02,1.005384252850809901e+02
3.500000000000000000e+02,8.000000000000000000e+02,9.957824710139917102e+01
3.500000000000000000e+02,8.100000000000000000e+02,9.845026816163706940e+01
3.500000000000000000e+02,8.200000000000000000e+02,9.718462471932953406e+01
3.500000000000000000e+02,8.300000000000000000e+02,9.582159155065849632e+01
3.500000000000000000e+02,8.400000000000000000e+02,9.440761640897011375e+01
3.500000000000000000e+02,8.500000000000000000e+02,9.299180038093764722e+01
3.500000000000000000e+02,8.600000000000000000e+02,9.162282414437014211e+01
3.500000000000000000e+02,8.700000000000000000e+02,9.034632012766664388e+01
3.500000000000000000e+02,8.800000000000000000e+02,8.920269057091618947e+01
3.500000000000000000e+02,8.900000000000000000e+02,8.822537148864341816e+01
3.500000000000000000e+02,9.000000000000000000e+02,8.743954253419990152e+01
3.500000000000000000e+02,9.100000000000000000e+02,8.686128276580124918e+01
3.500000000000000000e+02,9.200000000000000000e+02,8.649717231420969199e+01
3.500000000000000000e+02,9.300000000000000000e+02,8.634433995206252632e+01
3.500000000000000000e+02,9.400000000000000000e+02,8.639095656484619212e+01
3.500000000000000000e+02,9.500000000000000000e+02,8.661717452351604152e+01
3.500000000000000000e+02,9.600000000000000000e+02,8.699651295876174117e+01
3.500000000000000000e+02,9.700000000000000000e+02,8.749768893691842209e+01
3.500000000000000000e+02,9.800000000000000000e+02,8.808689453752351994e+01
3.500000000000000000e+02,9.900000000000000000e+02,8.873051983251923502e+01
3.600000000000000000e+02,0.000000000000000000e+00,9.377496209153130735e+01
3.600000000000000000e+02,1.000000000000000000e+01,9.280247180159828702e+01
3.600000000000000000e+02,2.000000000000000000e+01,9.184113773389746882e+01
3.600000000000000000e+02,3.000000000000000000e+01,9.091295047496237203e+01
3.600000000000000000e+02,4.000000000000000000e+01,9.004764757518904617e+01
3.600000000000000000e+02,5.000000000000000000e+01,8.927870206274403131e+01
3.600000000000000000e+02,6.000000000000000000e+01,8.863982346567006232e+01
3.600000000000000000e+02,7.000000000000000000e+01,8.816197134218980125e+01
3.600000000000000000e+02,8.000000000000000000e+01,8.787088131920728529e+01
3.600000000000000000e+02,9.000000000000000000e+01,8.778510363900736024e+01
3.600000000000000000e+02,1.000000000000000000e+02,8.791455421415295746e+01
3.600000000000000000e+02,1.100000000000000000e+02,8.825957819058021414e+01
3.600000000000000000e+02,1.200000000000000000e+02,8.881052601889145137e+01
3.600000000000000000e+02,1.300000000000000000e+02,8.954784203384608077e+01
3.600000000000000000e+02,1.400000000000000000e+02,9.044266554204932618e+01
3.600000000000000000e+02,1.500000000000000000e+02,9.145794441783887407e+01
3.600000000000000000e+02,1.600000000000000000e+02,9.255006120736931052e+01
3.600000000000000000e+02,1.700000000000000000e+02,9.367097174089452949e+01
3.600000000000000000e+02,1.800000000000000000e+02,9.477085625324789930e+01
3.600000000000000000e+02,1.900000000000000000e+02,9.580128301252040046e+01
3.600000000000000000e+02,2.000000000000000000e+02,9.671888445693659264e+01
3.600000000000000000e+02,2.100000000000000000e+02,9.748954583992841094e+01
3.600000000000000000e+02,2.200000000000000000e+02,9.809310638340694766e+01
3.600000000000000000e+02,2.300000000000000000e+02,9.852857293923190696e+01
3.600000000000000000e+02,2.400000000000000000e+02,9.881984615887920143e+01
3.600000000000000000e+02,2.500000000000000000e+02,9.902195917130613623e+01
3.600000000000000000e+02,2.600000000000000000e+02,9.922328751043002626e+01
3.600000000000000000e+02,2.700000000000000000e+02,9.951106147399936219e+01
3.600000000000000000e+02,2.800000000000000000e+02,9.994235864881653697e+01
3.600000000000000000e+02,2.900000000000000000e+02,1.005469393510330036e+02
3.600000000000000000e+02,3.000000000000000000e+02,1.013321151424371180e+02
3.600000000000000000e+02,3.100000000000000000e+02,1.022872624586023704e+02
3.600000000000000000e+02,3.200000000000000000e+02,1.033879813488957780e+02
3.600000000000000000e+02,3.300000000000000000e+02,1.045998993283466092e+02
3.600000000000000000e+02,3.400000000000000000e+02,1.058821203413753267e+02
3.600000000000000000e+02,3.500000000000000000e+02,1.071903188373828755e+02
3.600000000000000000e+02,3.600000000000000000e+02,1.084794789582000760e+02
3.600000000000000000e+02,3.700000000000000000e+02,1.097062788373974627e+02
3.600000000000000000e+02,3.800000000000000000e+02,1.108311200114552548e+02
3.600000000000000000e+02,3.900000000000000000e+02,1.118198019427936174e+02
3.600000000000000000e+02,4.000000000000000000e+02,1.126448416546632387e+02
3.600000000000000000e+02,4.100000000000000000e+02,1.132864384778961266e+02
3.600000000000000000e+02,4.200000000000000000e+02,1.137330839095166510e+02
3.600000000000000000e+02,4.300000000000000000e+02,1.139818165832129040e+02
3.600000000000000000e+02,4.400000000000000000e+02,1.140381223516682496e+02
3.600000000000000000e+02,4.500000000000000000e+02,1.139154794807532198e+02
3.600000000000000000e+02,4.600000000000000000e+02,1.136345489555775856e+02
3.600000000000000000e+02,4.700000000000000000e+02,1.132220098984027743e+02
3.600000000000000000e+02,4.800000000000000000e+02,1.127090400984144622e+02
3.600000000000000000e+02,4.900000000000000000e+02,1.121294416533555989e+02
3.600000000000000000e+02,5.000000000000000000e+02,1.115174117230193644e+02
3.600000000000000000e+02,5.100000000000000000e+02,1.108998756112383717e+02
3.600000000000000000e+02,5.200000000000000000e+02,1.102819657010195868e+02
3.600000000000000000e+02,5.300000000000000000e+02,1.096664375267788074e+02
3.600000000000000000e+02,5.400000000000000000e+02,1.090584789228231841e+02
3.600000000000000000e+02,5.500000000000000000e+02,1.084647364402840140e+02
3.600000000000000000e+02,5.600000000000000000e+02,1.078924579171261087e+02
3.600000000000000000e+02,5.700000000000000000e+02,1.073487512012336680e+02
3.600000000000000000e+02,5.800000000000000000e+02,1.068399590265726715e+02
3.600000000000000000e+02,5.900000000000000000e+02,1.063711500424298606e+02
3.600000000000000000e+02,6.000000000000000000e+02,1.059457259957283100e+02
3.600000000000000000e+02,6.100000000000000000e+02,1.055651450664193902e+02
3.600000000000000000e+02,6.200000000000000000e+02,1.052287613559514483e+02
3.600000000000000000e+02,6.300000000000000000e+02,1.049337805288148928e+02
3.600000000000000000e+02,6.400000000000000000e+02,1.046753316071639119e+02
3.600000000000000000e+02,6.500000000000000000e+02,1.044466549185147102e+02
3.600000000000000000e+02,6.600000000000000000e+02,1.042394061965202354e+02
3.600000000000000000e+02,6.700000000000000000e+02,1.040440768348215812e+02
3.600000000000000000e+02,6.800000000000000000e+02,1.038505302939757371e+02
3.600000000000000000e+02,6.900000000000000000e+02,1.036486546614601139e+02
3.600000000000000000e+02,7.000000000000000000e+02,1.034291313647533741e+02
3.600000000000000000e+02,7.100000000000000000e+02,1.031843200374930518e+02
3.600000000000000000e+02,7.200000000000000000e+02,1.029092595387094491e+02
3.600000000000000000e+02,7.300000000000000000e+02,1.026027851251363359e+02
3.600000000000000000e+02,7.400000000000000000e+02,1.022687617765979837e+02
3.600000000000000000e+02,7.500000000000000000e+02,1.019174336744729175e+02
3.600000000000000000e+02,7.600000000000000000e+02,1.015456324300977684e+02
3.600000000000000000e+02,7.700000000000000000e+02,1.010839844960780738e+02
3.600000000000000000e+02,7.800000000000000000e+02,1.004751731503705372e+02
3.600000000000000000e+02,7.900000000000000000e+02,9.969182028066754242e+01
3.600000000000000000e+02,8.000000000000000000e+02,9.873078973939121283e+01
3.600000000000000000e+02,8.100000000000000000e+02,9.760793614986252464e+01
3.600000000000000000e+02,8.200000000000000000e+02,9.635329916364507596e+01
3.600000000000000000e+02,8.300000000000000000e+02,9.500674316906390970e+01
3.600000000000000000e+02,8.400000000000000000e+02,9.361404245089913445e+01
3.600000000000000000e+02,8.500000000000000000e+02,9.222341180125437177e+01
3.600000000000000000e+02,8.600000000000000000e+02,9.088248258160020043e+01
3.600000000000000000e+02,8.700000000000000000e+02,8.963572423599239869e+01
3.600000000000000000e+02,8.800000000000000000e+02,8.852231125546502710e+01
3.600000000000000000e+02,8.900000000000000000e+02,8.757443559359850838e+01
3.600000000000000000e+02,9.000000000000000000e+02,8.681606453326241990e+01
3.600000000000000000e+02,9.100000000000000000e+02,8.626214400453332587e+01
3.600000000000000000e+02,9.200000000000000000e+02,8.591824735378733635e+01
3.600000000000000000e+02,9.300000000000000000e+02,8.578066956396764908e+01
3.600000000000000000e+02,9.400000000000000000e+02,8.583696692602694611e+01
3.600000000000000000e+02,9.500000000000000000e+02,8.606694216154460264e+01
3.600000000000000000e+02,9.600000000000000000e+02,8.644407499651883597e+01
3.600000000000000000e+02,9.700000000000000000e+02,8.693739818633373773e+01
3.600000000000000000e+02,9.800000000000000000e+02,8.751381899190113245e+01
3.600000000000000000e+02,9.900000000000000000e+02,8.814088610697726267e+01
3.700000000000000000e+02,0.000000000000000000e+00,9.379705687341215992e+01
3.700000000000000000e+02,1.000000000000000000e+01,9.281138667274738907e+01
3.700000000000000000e+02,2.000000000000000000e+01,9.184352848465543673e+01
3.700000000000000000e+02,3.000000000000000000e+01,9.092020462187309704e+01
3.700000000000000000e+02,4.000000000000000000e+01,9.007404092767338000e+01
3.700000000000000000e+02,5.000000000000000000e+01,8.933982318775507281e+01
3.700000000000000000e+02,6.000000000000000000e+01,8.875125159523095419e+01
3.700000000000000000e+02,7.000000000000000000e+01,8.833819326871442001e+01
3.700000000000000000e+02,8.000000000000000000e+01,8.812443282350477602e+01
3.700000000000000000e+02,9.000000000000000000e+01,8.812592099587104144e+01
3.700000000000000000e+02,1.000000000000000000e+02,8.834952132043417805e+01
3.700000000000000000e+02,1.100000000000000000e+02,8.879225486064801487e+01
3.700000000000000000e+02,1.200000000000000000e+02,8.944104299237859834e+01
3.700000000000000000e+02,1.300000000000000000e+02,9.027294824058215283e+01
3.700000000000000000e+02,1.400000000000000000e+02,9.125591316908150930e+01
3.700000000000000000e+02,1.500000000000000000e+02,9.234999732344112999e+01
3.700000000000000000e+02,1.600000000000000000e+02,9.350911222694065827e+01
3.700000000000000000e+02,1.700000000000000000e+02,9.468325442964696492e+01
3.700000000000000000e+02,1.800000000000000000e+02,9.582123661058479058e+01
3.700000000000000000e+02,1.900000000000000000e+02,9.687391673300591322e+01
3.700000000000000000e+02,2.000000000000000000e+02,9.779792525275678372e+01
3.700000000000000000e+02,2.100000000000000000e+02,9.855989037974480027e+01
3.700000000000000000e+02,2.200000000000000000e+02,9.914116139250312187e+01
3.700000000000000000e+02,2.300000000000000000e+02,9.954303000585382222e+01
3.700000000000000000e+02,2.400000000000000000e+02,9.979244979166992380e+01
3.700000000000000000e+02,2.500000000000000000e+02,9.994825365273564444e+01
3.700000000000000000e+02,2.600000000000000000e+02,1.001019120766768822e+02
3.700000000000000000e+02,2.700000000000000000e+02,1.003391144177510483e+02
3.700000000000000000e+02,2.800000000000000000e+02,1.007154636409251083e+02
3.700000000000000000e+02,2.900000000000000000e+02,1.012605025397010508e+02
3.700000000000000000e+02,3.000000000000000000e+02,1.019822788258858850e+02
3.700000000000000000e+02,3.100000000000000000e+02,1.028715840906555457e+02
3.700000000000000000e+02,3.200000000000000000e+02,1.039058666369130748e+02
3.700000000000000000e+02,3.300000000000000000e+02,1.050528181829408823e+02
3.700000000000000000e+02,3.400000000000000000e+02,1.062736344373472974e+02
3.700000000000000000e+02,3.500000000000000000e+02,1.075259495453070855e+02
3.700000000000000000e+02,3.600000000000000000e+02,1.087664444060962552e+02
3.700000000000000000e+02,3.700000000000000000e+02,1.099531288619210301e+02
3.700000000000000000e+02,3.800000000000000000e+02,1.110472977580408411e+02
3.700000000000000000e+02,3.900000000000000000e+02,1.120151608741855824e+02
3.700000000000000000e+02,4.000000000000000000e+02,1.128291467272670587e+02
3.700000000000000000e+02,4.100000000000000000e+02,1.134688802453844403e+02
3.700000000000000000e+02,4.200000000000000000e+02,1.139218343131240090e+02
3.700000000000000000e+02,4.300000000000000000e+02,1.141836551881529829e+02
3.700000000000000000e+02,4.400000000000000000e+02,1.142581617891075467e+02
3.700000000000000000e+02,4.500000000000000000e+02,1.141570188547749893e+02
3.700000000000000000e+02,4.600000000000000000e+02,1.138990839745700043e+02
3.700000000000000000e+02,4.700000000000000000e+02,1.135094284903052255e+02
3.700000000000000000e+02,4.800000000000000000e+02,1.130180322692556985e+02
3.700000000000000000e+02,4.900000000000000000e+02,1.124581523485178565e+02
3.700000000000000000e+02,5.000000000000000000e+02,1.118643654506622767e+02
3.700000000000000000e+02,5.100000000000000000e+02,1.112642712534353961e+02
3.700000000000000000e+02,5.200000000000000000e+02,1.106609892439354894e+02
3.700000000000000000e+02,5.300000000000000000e+02,1.100546891574708610e+02
3.700000000000000000e+02,5.400000000000000000e+02,1.094483013019147961e+02
3.700000000000000000e+02,5.500000000000000000e+02,1.088466153919131898e+02
3.700000000000000000e+02,5.600000000000000000e+02,1.082554793044245685e+02
3.700000000000000000e+02,5.700000000000000000e+02,1.076810977555926030e+02
3.700000000000000000e+02,5.800000000000000000e+02,1.071294308989509716e+02
3.700000000000000000e+02,5.900000000000000000e+02,1.066056928449607568e+02
3.700000000000000000e+02,6.000000000000000000e+02,1.061139501018803202e+02
3.700000000000000000e+02,6.100000000000000000e+02,1.056568199379674837e+02
3.700000000000000000e+02,6.200000000000000000e+02,1.052352686650142886e+02
3.700000000000000000e+02,6.300000000000000000e+02,1.048485098432141314e+02
3.700000000000000000e+02,6.400000000000000000e+02,1.044940024073614069e+02
3.700000000000000000e+02,6.500000000000000000e+02,1.041675487143834999e+02
3.700000000000000000e+02,6.600000000000000000e+02,1.038634925122053119e+02
3.700000000000000000e+02,6.700000000000000000e+02,1.035750168299462075e+02
3.700000000000000000e+02,6.800000000000000000e+02,1.032945417894494113e+02
3.700000000000000000e+02,6.900000000000000000e+02,1.030142223381438100e+02
3.700000000000000000e+02,7.000000000000000000e+02,1.027265459032382608e+02
3.700000000000000000e+02,7.100000000000000000e+02,1.024250299672483209e+02
3.700000000000000000e+02,7.200000000000000000e+02,1.021050195648553682e+02
3.700000000000000000e+02,7.300000000000000000e+02,1.017645847010983005e+02
3.700000000000000000e+02,7.400000000000000000e+02,1.014055176908975540e+02
3.700000000000000000e+02,7.500000000000000000e+02,1.010344304199116436e+02
3.700000000000000000e+02,7.600000000000000000e+02,1.006444758657713976e+02
3.700000000000000000e+02,7.700000000000000000e+02,1.001680745915216733e+02
3.700000000000000000e+02,7.800000000000000000e+02,9.955050812846717179e+01
3.700000000000000000e+02,7.900000000000000000e+02,9.876619456843565104e+01
3.700000000000000000e+02,8.000000000000000000e+02,9.781307129626867436e+01
3.700000000000000000e+02,8.100000000000000000e+02,9.670742270509950345e+01
3.700000000000000000e+02,8.200000000000000000e+02,9.547915289441812092e+01
3.700000000000000000e+02,8.300000000000000000e+02,9.416750335092361013e+01
3.700000000000000000e+02,8.400000000000000000e+02,9.281721561216360783e+01
3.700000000000000000e+02,8.500000000000000000e+02,9.147513891296092936e+01
3.700000000000000000e+02,8.600000000000000000e+02,9.018728281462752250e+01
3.700000000000000000e+02,8.700000000000000000e+02,8.899631481696548008e+01
3.700000000000000000e+02,8.800000000000000000e+02,8.793950295305536713e+01
3.700000000000000000e+02,8.900000000000000000e+02,8.704710336683160676e+01
3.700000000000000000e+02,9.000000000000000000e+02,8.634119287344518057e+01
3.700000000000000000e+02,9.100000000000000000e+02,8.583494650241352986e+01
3.700000000000000000e+02,9.200000000000000000e+02,8.553236002355748724e+01
3.700000000000000000e+02,9.300000000000000000e+02,8.542841745572565060e+01
3.700000000000000000e+02,9.400000000000000000e+02,8.550970355830571634e+01
3.700000000000000000e+02,9.500000000000000000e+02,8.575546130552321245e+01
3.700000000000000000e+02,9.600000000000000000e+02,8.613909434352721917e+01
3.700000000000000000e+02,9.700000000000000000e+02,8.663011443026354641e+01
3.700000000000000000e+02,9.800000000000000000e+02,8.719653385813482771e+01
3.700000000000000000e+02,9.900000000000000000e+02,8.780770285944797138e+01
3.800000000000000000e+02,0.000000000000000000e+00,9.396954920669422506e+01
3.800000000000000000e+02,1.000000000000000000e+01,9.297044075514786243e+01
3.800000000000000000e+02,2.000000000000000000e+01,9.199540027972788891e+01
3.800000000000000000e+02,3.000000000000000000e+01,9.107556993848795912e+01
3.800000000000000000e+02,4.000000000000000000e+01,9.024624142348766043e+01
3.800000000000000000e+02,5.000000000000000000e+01,8.954337294552627213e+01
3.800000000000000000e+02,6.000000000000000000e+01,8.900058963016084590e+01
3.800000000000000000e+02,7.000000000000000000e+01,8.864666732500897695e+01
3.800000000000000000e+02,8.000000000000000000e+01,8.850349981833601021e+01
3.800000000000000000e+02,9.000000000000000000e+01,8.858454946892679516e+01
3.800000000000000000e+02,1.000000000000000000e+02,8.889378124724184715e+01
3.800000000000000000e+02,1.100000000000000000e+02,8.942508018785818535e+01
3.800000000000000000e+02,1.200000000000000000e+02,9.016215225319456295e+01
3.800000000000000000e+02,1.300000000000000000e+02,9.107890860852123183e+01
3.800000000000000000e+02,1.400000000000000000e+02,9.214033330825425594e+01
3.800000000000000000e+02,1.500000000000000000e+02,9.330383439353428798e+01
3.800000000000000000e+02,1.600000000000000000e+02,9.452107840108990899e+01
3.800000000000000000e+02,1.700000000000000000e+02,9.574030828338545973e+01
3.800000000000000000e+02,1.800000000000000000e+02,9.690914474005332124e+01
3.800000000000000000e+02,1.900000000000000000e+02,9.797787096061084355e+01
3.800000000000000000e+02,2.000000000000000000e+02,9.890320077846165248e+01
3.800000000000000000e+02,2.100000000000000000e+02,9.965253023618151929e+01
3.800000000000000000e+02,2.200000000000000000e+02,1.002086725620888643e+02
3.800000000000000000e+02,2.300000000000000000e+02,1.005750765580993829e+02
3.800000000000000000e+02,2.400000000000000000e+02,1.007815283988658308e+02
3.800000000000000000e+02,2.500000000000000000e+02,1.008903368422016058e+02
3.800000000000000000e+02,2.600000000000000000e+02,1.009955350452875535e+02
3.800000000000000000e+02,2.700000000000000000e+02,1.011803753924051250e+02
3.800000000000000000e+02,2.800000000000000000e+02,1.014982280992690846e+02
3.800000000000000000e+02,2.900000000000000000e+02,1.019779009424538287e+02
3.800000000000000000e+02,3.000000000000000000e+02,1.026278756323377337e+02
3.800000000000000000e+02,3.100000000000000000e+02,1.034402471882574588e+02
3.800000000000000000e+02,3.200000000000000000e+02,1.043943663158723183e+02
3.800000000000000000e+02,3.300000000000000000e+02,1.054601847867386937e+02
3.800000000000000000e+02,3.400000000000000000e+02,1.066013038200944152e+02
3.800000000000000000e+02,3.500000000000000000e+02,1.077777254668532123e+02
3.800000000000000000e+02,3.600000000000000000e+02,1.089483069958091619e+02
3.800000000000000000e+02,3.700000000000000000e+02,1.100729182820512051e+02
3.800000000000000000e+02,3.800000000000000000e+02,1.111143021975875769e+02
3.800000000000000000e+02,3.900000000000000000e+02,1.120396380041803752e+02
3.800000000000000000e+02,4.000000000000000000e+02,1.128218077483901141e+02
3.800000000000000000e+02,4.100000000000000000e+02,1.134403656588303164e+02
3.800000000000000000e+02,4.200000000000000000e+02,1.138822105456320486e+02
3.800000000000000000e+02,4.300000000000000000e+02,1.141419612021185799e+02
3.800000000000000000e+02,4.400000000000000000e+02,1.142220348086900117e+02
3.800000000000000000e+02,4.500000000000000000e+02,1.141324283389179470e+02
3.800000000000000000e+02,4.600000000000000000e+02,1.138902029678501719e+02
3.800000000000000000e+02,4.700000000000000000e+02,1.135186714825253773e+02
3.800000000000000000e+02,4.800000000000000000e+02,1.130462886946978642e+02
3.800000000000000000e+02,4.900000000000000000e+02,1.125052448557723466e+02
3.800000000000000000e+02,5.000000000000000000e+02,1.119297620739486661e+02
3.800000000000000000e+02,5.100000000000000000e+02,1.113474907970138617e+02
3.800000000000000000e+02,5.200000000000000000e+02,1.107600399920212055e+02
3.800000000000000000e+02,5.300000000000000000e+02,1.101656194698824152e+02
3.800000000000000000e+02,5.400000000000000000e+02,1.095653319615368844e+02
3.800000000000000000e+02,5.500000000000000000e+02,1.089623643682166261e+02
3.800000000000000000e+02,5.600000000000000000e+02,1.083612624916364382e+02
3.800000000000000000e+02,5.700000000000000000e+02,1.077672892441087669e+02
3.800000000000000000e+02,5.800000000000000000e+02,1.071858663385836365e+02
3.800000000000000000e+02,5.900000000000000000e+02,1.066220994586136044e+02
3.800000000000000000e+02,6.000000000000000000e+02,1.060803869082435966e+02
3.800000000000000000e+02,6.100000000000000000e+02,1.055641117418256840e+02
3.800000000000000000e+02,6.200000000000000000e+02,1.050754173737588673e+02
3.800000000000000000e+02,6.300000000000000000e+02,1.046150666681538155e+02
3.800000000000000000e+02,6.400000000000000000e+02,1.041823845084225582e+02
3.800000000000000000e+02,6.500000000000000000e+02,1.037752838467931156e+02
3.800000000000000000e+02,6.600000000000000000e+02,1.033903752337491255e+02
3.800000000000000000e+02,6.700000000000000000e+02,1.030231598273943945e+02
3.800000000000000000e+02,6.800000000000000000e+02,1.026683058827424446e+02
3.800000000000000000e+02,6.900000000000000000e+02,1.023200087209309856e+02
3.800000000000000000e+02,7.000000000000000000e+02,1.019724341783613397e+02
3.800000000000000000e+02,7.100000000000000000e+02,1.016202455357629333e+02
3.800000000000000000e+02,7.200000000000000000e+02,1.012592139271825147e+02
3.800000000000000000e+02,7.300000000000000000e+02,1.008869122288986517e+02
3.800000000000000000e+02,7.400000000000000000e+02,1.005034924282608699e+02
3.800000000000000000e+02,7.500000000000000000e+02,1.001125464724539711e+02
3.800000000000000000e+02,7.600000000000000000e+02,9.970438851905436195e+01
3.800000000000000000e+02,7.700000000000000000e+02,9.921424455133345077e+01
3.800000000000000000e+02,7.800000000000000000e+02,9.859080863680755158e+01
3.800000000000000000e+02,7.900000000000000000e+02,9.781086195598398092e+01
3.800000000000000000e+02,8.000000000000000000e+02,9.687375851273847616e+01
3.800000000000000000e+02,8.100000000000000000e+02,9.579635535304208815e+01
3.800000000000000000e+02,8.200000000000000000e+02,9.460838729203736364e+01
3.800000000000000000e+02,8.300000000000000000e+02,9.334828614946407299e+01
3.800000000000000000e+02,8.400000000000000000e+02,9.205944449343424196e+01
3.800000000000000000e+02,8.500000000000000000e+02,9.078692389255665773e+01
3.800000000000000000e+02,8.600000000000000000e+02,8.957460767641077837e+01
3.800000000000000000e+02,8.700000000000000000e+02,8.846279820437004560e+01
3.800000000000000000e+02,8.800000000000000000e+02,8.748625864277461517e+01
3.800000000000000000e+02,8.900000000000000000e+02,8.667269925045349055e+01
3.800000000000000000e+02,9.000000000000000000e+02,8.604170817259603155e+01
3.800000000000000000e+02,9.100000000000000000e+02,8.560412674297300839e+01
3.800000000000000000e+02,9.200000000000000000e+02,8.536186929450687444e+01
3.800000000000000000e+02,9.300000000000000000e+02,8.530818747819164116e+01
3.800000000000000000e+02,9.400000000000000000e+02,8.542837909036200017e+01
3.800000000000000000e+02,9.500000000000000000e+02,8.570094140831200491e+01
3.800000000000000000e+02,9.600000000000000000e+02,8.609916903426299939e+01
3.800000000000000000e+02,9.700000000000000000e+02,8.659319624768117762e+01
3.800000000000000000e+02,9.800000000000000000e+02,8.715248386594433327e+01
3.800000000000000000e+02,9.900000000000000000e+02,8.774875061335814053e+01
3.900000000000000000e+02,0.000000000000000000e+00,9.428300051096179857e+01
3.900000000000000000e+02,1.000000000000000000e+01,9.327052466199370429e+01
3.900000000000000000e+02,2.000000000000000000e+01,9.228773870883183861e+01
3.900000000000000000e+02,3.000000000000000000e+01,9.136972272199727740e+01
3.900000000000000000e+02,4.000000000000000000e+01,9.055410388601778493e+01
3.900000000000000000e+02,5.000000000000000000e+01,8.987781842849287273e+01
3.900000000000000000e+02,6.000000000000000000e+01,8.937434250534428770e+01
3.900000000000000000e+02,7.000000000000000000e+01,8.907139204225150309e+01
3.900000000000000000e+02,8.000000000000000000e+01,8.898909153227249647e+01
3.900000000000000000e+02,9.000000000000000000e+01,8.913861178964964438e+01
3.900000000000000000e+02,1.000000000000000000e+02,8.952127665980084714e+01
3.900000000000000000e+02,1.100000000000000000e+02,9.012813868549578444e+01
3.900000000000000000e+02,1.200000000000000000e+02,9.094002372921735855e+01
3.900000000000000000e+02,1.300000000000000000e+02,9.192804455170839617e+01
3.900000000000000000e+02,1.400000000000000000e+02,9.305458334670338161e+01
3.900000000000000000e+02,1.500000000000000000e+02,9.427474323184550542e+01
3.900000000000000000e+02,1.600000000000000000e+02,9.553826869578884384e+01
3.900000000000000000e+02,1.700000000000000000e+02,9.679193500148568319e+01
3.900000000000000000e+02,1.800000000000000000e+02,9.798240654565907448e+01
3.900000000000000000e+02,1.900000000000000000e+02,9.905956417446056150e+01
3.900000000000000000e+02,2.000000000000000000e+02,9.998030145531305379e+01
3.900000000000000000e+02,2.100000000000000000e+02,1.007127899049388873e+02
3.900000000000000000e+02,2.200000000000000000e+02,1.012412131735731862e+02
3.900000000000000000e+02,2.300000000000000000e+02,1.015709701853620857e+02
3.900000000000000000e+02,2.400000000000000000e+02,1.017343472349465827e+02
3.900000000000000000e+02,2.500000000000000000e+02,1.017966590402311624e+02
3.900000000000000000e+02,2.600000000000000000e+02,1.018538580852652728e+02
3.900000000000000000e+02,2.700000000000000000e+02,1.019859820005762714e+02
3.900000000000000000e+02,2.800000000000000000e+02,1.022435323743569171e+02
3.900000000000000000e+02,2.900000000000000000e+02,1.026541286951264738e+02
3.900000000000000000e+02,3.000000000000000000e+02,1.032264009895587122e+02
3.900000000000000000e+02,3.100000000000000000e+02,1.039536142219539130e+02
3.900000000000000000e+02,3.200000000000000000e+02,1.048170244553548116e+02
3.900000000000000000e+02,3.300000000000000000e+02,1.057889667743064024e+02
3.900000000000000000e+02,3.400000000000000000e+02,1.068356749692597134e+02
3.900000000000000000e+02,3.500000000000000000e+02,1.079198329826194112e+02
3.900000000000000000e+02,3.600000000000000000e+02,1.090028581164354193e+02
3.900000000000000000e+02,3.700000000000000000e+02,1.100469160017384098e+02
3.900000000000000000e+02,3.800000000000000000e+02,1.110166673295191657e+02
3.900000000000000000e+02,3.900000000000000000e+02,1.118807463433519160e+02
3.900000000000000000e+02,4.000000000000000000e+02,1.126129710936615993e+02
3.900000000000000000e+02,4.100000000000000000e+02,1.131932854536349566e+02
3.900000000000000000e+02,4.200000000000000000e+02,1.136084328967756107e+02
3.900000000000000000e+02,4.300000000000000000e+02,1.138523620361031021e+02
3.900000000000000000e+02,4.400000000000000000e+02,1.139263639249956697e+02
3.900000000000000000e+02,4.500000000000000000e+02,1.138389411196771590e+02
3.900000000000000000e+02,4.600000000000000000e+02,1.136054085033476468e+02
3.900000000000000000e+02,4.700000000000000000e+02,1.132472258719582072e+02
3.900000000000000000e+02,4.800000000000000000e+02,1.127910622816292943e+02
3.900000000000000000e+02,4.900000000000000000e+02,1.122675921577133806e+02
3.900000000000000000e+02,5.000000000000000000e+02,1.117100231655011839e+02
3.900000000000000000e+02,5.100000000000000000e+02,1.111455186229163843e+02
3.900000000000000000e+02,5.200000000000000000e+02,1.105748117144257066e+02
3.900000000000000000e+02,5.300000000000000000e+02,1.099949017303434289e+02
3.900000000000000000e+02,5.400000000000000000e+02,1.094055915992459092e+02
3.900000000000000000e+02,5.500000000000000000e+02,1.088087913226009391e+02
3.900000000000000000e+02,5.600000000000000000e+02,1.082078886575777830e+02
3.900000000000000000e+02,5.700000000000000000e+02,1.076071870480383126e+02
3.900000000000000000e+02,5.800000000000000000e+02,1.070114108037088130e+02
3.900000000000000000e+02,5.900000000000000000e+02,1.064252775275327565e+02
3.900000000000000000e+02,6.000000000000000000e+02,1.058531377912044178e+02
3.900000000000000000e+02,6.100000000000000000e+02,1.052986820588833012e+02
3.900000000000000000e+02,6.200000000000000000e+02,1.047647148590894943e+02
3.900000000000000000e+02,6.300000000000000000e+02,1.042529962047798762e+02
3.900000000000000000e+02,6.400000000000000000e+02,1.037641502616051383e+02
3.900000000000000000e+02,6.500000000000000000e+02,1.032976412643477175e+02
3.900000000000000000e+02,6.600000000000000000e+02,1.028518166815405550e+02
3.900000000000000000e+02,6.700000000000000000e+02,1.024240176282667676e+02
3.900000000000000000e+02,6.800000000000000000e+02,1.020107565271401313e+02
3.900000000000000000e+02,6.900000000000000000e+02,1.016079620174664342e+02
3.900000000000000000e+02,7.000000000000000000e+02,1.012112911125857266e+02
3.900000000000000000e+02,7.100000000000000000e+02,1.008165086053953985e+02
3.900000000000000000e+02,7.200000000000000000e+02,1.004199337220541111e+02
3.900000000000000000e+02,7.300000000000000000e+02,1.000189540238666410e+02
3.900000000000000000e+02,7.400000000000000000e+02,9.961260655734956515e+01
3.900000000000000000e+02,7.500000000000000000e+02,9.920222625247771475e+01
3.900000000000000000e+02,7.600000000000000000e+02,9.877626423296928238e+01
3.900000000000000000e+02,7.700000000000000000e+02,9.827364202682331040e+01
3.900000000000000000e+02,7.800000000000000000e+02,9.764713064339940729e+01
3.900000000000000000e+02,7.900000000000000000e+02,9.687633720462982012e+01
3.900000000000000000e+02,8.000000000000000000e+02,9.596231279015107418e+01
3.900000000000000000e+02,8.100000000000000000e+02,9.492260432239750401e+01
3.900000000000000000e+02,8.200000000000000000e+02,9.378675049165630639e+01
3.900000000000000000e+02,8.300000000000000000e+02,9.259222172108454174e+01
3.900000000000000000e+02,8.400000000000000000e+02,9.138080417168765734e+01
3.900000000000000000e+02,8.500000000000000000e+02,9.019542778725994481e+01
3.900000000000000000e+02,8.600000000000000000e+02,8.907743837928656205e+01
3.900000000000000000e+02,8.700000000000000000e+02,8.806431375180741838e+01
3.900000000000000000e+02,8.800000000000000000e+02,8.718782386624268099e+01
3.900000000000000000e+02,8.900000000000000000e+02,8.647263504618011609e+01
3.900000000000000000e+02,9.000000000000000000e+02,8.593535822212406572e+01
3.900000000000000000e+02,9.100000000000000000e+02,8.558404121620627336e+01
3.900000000000000000e+02,9.200000000000000000e+02,8.541810506685828841e+01
3.900000000000000000e+02,9.300000000000000000e+02,8.542872439344574786e+01
3.900000000000000000e+02,9.400000000000000000e+02,8.559965180086435055e+01
3.900000000000000000e+02,9.500000000000000000e+02,8.590848632409748120e+01
3.900000000000000000e+02,9.600000000000000000e+02,8.632838591273566919e+01
3.900000000000000000e+02,9.700000000000000000e+02,8.683022395545775396e+01
3.900000000000000000e+02,9.800000000000000000e+02,8.738518984447378557e+01
3.900000000000000000e+02,9.900000000000000000e+02,8.796783357992957519e+01
4.000000000000000000e+02,0.000000000000000000e+00,9.472074216278117831e+01
4.000000000000000000e+02,1.000000000000000000e+01,9.369529738213815051e+01
4.000000000000000000e+02,2.000000000000000000e+01,9.270432697644687892e+01
4.000000000000000000e+02,3.000000000000000000e+01,9.178622041932634090e+01
4.000000000000000000e+02,4.000000000000000000e+01,9.098051826442895162e+01
4.000000000000000000e+02,5.000000000000000000e+01,9.032489583108664988e+01
4.000000000000000000e+02,6.000000000000000000e+01,8.985260194398253475e+01
4.000000000000000000e+02,7.000000000000000000e+01,8.959035272684791096e+01
4.000000000000000000e+02,8.000000000000000000e+01,8.955668045018491341e+01
4.000000000000000000e+02,9.000000000000000000e+01,8.976073743301458308e+01
4.000000000000000000e+02,1.000000000000000000e+02,9.020155499865050786e+01
4.000000000000000000e+02,1.100000000000000000e+02,9.086775748449785794e+01
4.000000000000000000e+02,1.200000000000000000e+02,9.173773130587804303e+01
4.000000000000000000e+02,1.300000000000000000e+02,9.278024907387880660e+01
4.000000000000000000e+02,1.400000000000000000e+02,9.395554876722979998e+01
4.000000000000000000e+02,1.500000000000000000e+02,9.521686795820372140e+01
4.000000000000000000e+02,1.600000000000000000e+02,9.651243309254290637e+01
4.000000000000000000e+02,1.700000000000000000e+02,9.778790382341145460e+01
4.000000000000000000e+02,1.800000000000000000e+02,9.898927239937280831e+01
4.000000000000000000e+02,1.900000000000000000e+02,1.000662181063929097e+02
4.000000000000000000e+02,2.000000000000000000e+02,1.009759167638687671e+02
4.000000000000000000e+02,2.100000000000000000e+02,1.016873052746825863e+02
4.000000000000000000e+02,2.200000000000000000e+02,1.021858012292814806e+02
4.000000000000000000e+02,2.300000000000000000e+02,1.024784775637823344e+02
4.000000000000000000e+02,2.400000000000000000e+02,1.025996922721027573e+02
4.000000000000000000e+02,2.500000000000000000e+02,1.026171731721169351e+02
4.000000000000000000e+02,2.600000000000000000e+02,1.026280697241917608e+02
4.000000000000000000e+02,2.700000000000000000e+02,1.027085855647126067e+02
4.000000000000000000e+02,2.800000000000000000e+02,1.029058731303609591e+02
4.000000000000000000e+02,2.900000000000000000e+02,1.032459980309570540e+02
4.000000000000000000e+02,3.000000000000000000e+02,1.037374840331783616e+02
4.000000000000000000e+02,3.100000000000000000e+02,1.043746174652436167e+02
4.000000000000000000e+02,3.200000000000000000e+02,1.051405110425626503e+02
4.000000000000000000e+02,3.300000000000000000e+02,1.060099271143515267e+02
4.000000000000000000e+02,3.400000000000000000e+02,1.069518603312135099e+02
4.000000000000000000e+02,3.500000000000000000e+02,1.079318797336854487e+02
4.000000000000000000e+02,3.600000000000000000e+02,1.089142302617498359e+02
4.000000000000000000e+02,3.700000000000000000e+02,1.098636936853124126e+02
4.000000000000000000e+02,3.800000000000000000e+02,1.107472089556453767e+02
4.000000000000000000e+02,3.900000000000000000e+02,1.115352519777961788e+02
4.000000000000000000e+02,4.000000000000000000e+02,1.122029748039618937e+02
4.000000000000000000e+02,4.100000000000000000e+02,1.127311042478291796e+02
4.000000000000000000e+02,4.200000000000000000e+02,1.131065999198798266e+02
4.000000000000000000e+02,4.300000000000000000e+02,1.133230716836618939e+02
4.000000000000000000e+02,4.400000000000000000e+02,1.133809565330263638e+02
4.000000000000000000e+02,4.500000000000000000e+02,1.132874548903295988e+02
4.000000000000000000e+02,4.600000000000000000e+02,1.130562263256010311e+02
4.000000000000000000e+02,4.700000000000000000e+02,1.127068446966768107e+02
4.000000000000000000e+02,4.800000000000000000e+02,1.122640127102987293e+02
4.000000000000000000e+02,4.900000000000000000e+02,1.117565359041789748e+02
4.000000000000000000e+02,5.000000000000000000e+02,1.112160560500302751e+02
4.000000000000000000e+02,5.100000000000000000e+02,1.106688250352929117e+02
4.000000000000000000e+02,5.200000000000000000e+02,1.101154358790284817e+02
4.000000000000000000e+02,5.300000000000000000e+02,1.095525129134263267e+02
4.000000000000000000e+02,5.400000000000000000e+02,1.089791586124493818e+02
4.000000000000000000e+02,5.500000000000000000e+02,1.083963877414264232e+02
4.000000000000000000e+02,5.600000000000000000e+02,1.078066131439814654e+02
4.000000000000000000e+02,5.700000000000000000e+02,1.072131831663001691e+02
4.000000000000000000e+02,5.800000000000000000e+02,1.066199707187331853e+02
4.000000000000000000e+02,5.900000000000000000e+02,1.060310139747366520e+02
4.000000000000000000e+02,6.000000000000000000e+02,1.054502087071495993e+02
4.000000000000000000e+02,6.100000000000000000e+02,1.048810522618085201e+02
4.000000000000000000e+02,6.200000000000000000e+02,1.043264391684988084e+02
4.000000000000000000e+02,6.300000000000000000e+02,1.037885083892433755e+02
4.000000000000000000e+02,6.400000000000000000e+02,1.032685422039281491e+02
4.000000000000000000e+02,6.500000000000000000e+02,1.027669167332647504e+02
4.000000000000000000e+02,6.600000000000000000e+02,1.022831040990900533e+02
4.000000000000000000e+02,6.700000000000000000e+02,1.018157262220028798e+02
4.000000000000000000e+02,6.800000000000000000e+02,1.013626602563376906e+02
4.000000000000000000e+02,6.900000000000000000e+02,1.009211956624752418e+02
4.000000000000000000e+02,7.000000000000000000e+02,1.004882429164903783e+02
4.000000000000000000e+02,7.100000000000000000e+02,1.000605938571367659e+02
4.000000000000000000e+02,7.200000000000000000e+02,9.963523367016865961e+01
4.000000000000000000e+02,7.300000000000000000e+02,9.920970450999978141e+01
4.000000000000000000e+02,7.400000000000000000e+02,9.878252075869913540e+01
4.000000000000000000e+02,7.500000000000000000e+02,9.835363592232384633e+01
4.000000000000000000e+02,7.600000000000000000e+02,9.791070103717653694e+01
4.000000000000000000e+02,7.700000000000000000e+02,9.739705608050833519e+01
4.000000000000000000e+02,7.800000000000000000e+02,9.677002880546716312e+01
4.000000000000000000e+02,7.900000000000000000e+02,9.601238690678592036e+01
4.000000000000000000e+02,8.000000000000000000e+02,9.512708171199176377e+01
4.000000000000000000e+02,8.100000000000000000e+02,9.413243546210631507e+01
4.000000000000000000e+02,8.200000000000000000e+02,9.305777218183678201e+01
4.000000000000000000e+02,8.300000000000000000e+02,9.193949213925800734e+01
4.000000000000000000e+02,8.400000000000000000e+02,9.081758989498548829e+01
4.000000000000000000e+02,8.500000000000000000e+02,8.973261594083913906e+01
4.000000000000000000e+02,8.600000000000000000e+02,8.872308192799827964e+01
4.000000000000000000e+02,8.700000000000000000e+02,8.782330948464723974e+01
4.000000000000000000e+02,8.800000000000000000e+02,8.706172262311210375e+01
4.000000000000000000e+02,8.900000000000000000e+02,8.645958373648822715e+01
4.000000000000000000e+02,9.000000000000000000e+02,8.603017318475878028e+01
4.000000000000000000e+02,9.100000000000000000e+02,8.577841247040421990e+01
4.000000000000000000e+02,9.200000000000000000e+02,8.570093100350253223e+01
4.000000000000000000e+02,9.300000000000000000e+02,8.578657645632061701e+01
4.000000000000000000e+02,9.400000000000000000e+02,8.601736870739641461e+01
4.000000000000000000e+02,9.500000000000000000e+02,8.636989737511204623e+01
4.000000000000000000e+02,9.600000000000000000e+02,8.681716294075786777e+01
4.000000000000000000e+02,9.700000000000000000e+02,8.733086146108743719e+01
4.000000000000000000e+02,9.800000000000000000e+02,8.788411287036336716e+01
4.000000000000000000e+02,9.900000000000000000e+02,8.845463287189413393e+01
4.100000000000000000e+02,0.000000000000000000e+00,9.525967391957276220e+01
4.100000000000000000e+02,1.000000000000000000e+01,9.422197172253360975e+01
4.100000000000000000e+02,2.000000000000000000e+01,9.322252585926989354e+01
4.100000000000000000e+02,3.000000000000000000e+01,9.230228897445137193e+01
4.100000000000000000e+02,4.000000000000000000e+01,9.150222058561880090e+01
4.100000000000000000e+02,5.000000000000000000e+01,9.086046280873664216e+01
4.100000000000000000e+02,6.000000000000000000e+01,9.040995813316290253e+01
4.100000000000000000e+02,7.000000000000000000e+01,9.017650924603606200e+01
4.100000000000000000e+02,8.000000000000000000e+01,9.017728090607924685e+01
4.100000000000000000e+02,9.000000000000000000e+01,9.041974386682153408e+01
4.100000000000000000e+02,1.000000000000000000e+02,9.090106084923644403e+01
4.100000000000000000e+02,1.100000000000000000e+02,9.160791456379750741e+01
4.100000000000000000e+02,1.200000000000000000e+02,9.251677778195112012e+01
4.100000000000000000e+02,1.300000000000000000e+02,9.359462545700650082e+01
4.100000000000000000e+02,1.400000000000000000e+02,9.480008889444272313e+01
4.100000000000000000e+02,1.500000000000000000e+02,9.608505197163312062e+01
4.100000000000000000e+02,1.600000000000000000e+02,9.739668940698661004e+01
4.100000000000000000e+02,1.700000000000000000e+02,9.867994707850638747e+01
4.100000000000000000e+02,1.800000000000000000e+02,9.988046439176559943e+01
4.100000000000000000e+02,1.900000000000000000e+02,1.009479386973003869e+02
4.100000000000000000e+02,2.000000000000000000e+02,1.018399317574198477e+02
4.100000000000000000e+02,2.100000000000000000e+02,1.025261182624333571e+02
4.100000000000000000e+02,2.200000000000000000e+02,1.029929763962950489e+02
4.100000000000000000e+02,2.300000000000000000e+02,1.032489204516651711e+02
4.100000000000000000e+02,2.400000000000000000e+02,1.033298754943891140e+02
4.100000000000000000e+02,2.500000000000000000e+02,1.033052940773930288e+02
4.100000000000000000e+02,2.600000000000000000e+02,1.032727558626894222e+02
4.100000000000000000e+02,2.700000000000000000e+02,1.033042030391612229e+02
4.100000000000000000e+02,2.800000000000000000e+02,1.034431400327852373e+02
4.100000000000000000e+02,2.900000000000000000e+02,1.037138201969747087e+02
4.100000000000000000e+02,3.000000000000000000e+02,1.041244506933494733e+02
4.100000000000000000e+02,3.100000000000000000e+02,1.046701826670522593e+02
4.100000000000000000e+02,3.200000000000000000e+02,1.053358867166108013e+02
4.100000000000000000e+02,3.300000000000000000e+02,1.060987136583458152e+02
4.100000000000000000e+02,3.400000000000000000e+02,1.069304405853250302e+02
4.100000000000000000e+02,3.500000000000000000e+02,1.077996022208629938e+02
4.100000000000000000e+02,3.600000000000000000e+02,1.086734075665669650e+02
4.100000000000000000e+02,3.700000000000000000e+02,1.095194418449285649e+02
4.100000000000000000e+02,3.800000000000000000e+02,1.103071537364614301e+02
4.100000000000000000e+02,3.900000000000000000e+02,1.110091279113848088e+02
4.100000000000000000e+02,4.000000000000000000e+02,1.116021428558529891e+02
4.100000000000000000e+02,4.100000000000000000e+02,1.120680139927307692e+02
4.100000000000000000e+02,4.200000000000000000e+02,1.123942220969147456e+02
4.100000000000000000e+02,4.300000000000000000e+02,1.125743270052005016e+02
4.100000000000000000e+02,4.400000000000000000e+02,1.126081666206958829e+02
4.100000000000000000e+02,4.500000000000000000e+02,1.125018412117800182e+02
4.100000000000000000e+02,4.600000000000000000e+02,1.122674830056083266e+02
4.100000000000000000e+02,4.700000000000000000e+02,1.119228110761634554e+02
4.100000000000000000e+02,4.800000000000000000e+02,1.114904715268521045e+02
4.100000000000000000e+02,4.900000000000000000e+02,1.109971629676478386e+02
4.100000000000000000e+02,5.000000000000000000e+02,1.104725472867797578e+02
4.100000000000000000e+02,5.100000000000000000e+02,1.099416770971860871e+02
4.100000000000000000e+02,5.200000000000000000e+02,1.094058068550964151e+02
4.100000000000000000e+02,5.300000000000000000e+02,1.088620675686092767e+02
4.100000000000000000e+02,5.400000000000000000e+02,1.083095035788894762e+02
4.100000000000000000e+02,5.500000000000000000e+02,1.077486537785435701e+02
4.100000000000000000e+02,5.600000000000000000e+02,1.071811698643558657e+02
4.100000000000000000e+02,5.700000000000000000e+02,1.066094716243851366e+02
4.100000000000000000e+02,5.800000000000000000e+02,1.060364392594218970e+02
4.100000000000000000e+02,5.900000000000000000e+02,1.054651427388062928e+02
4.100000000000000000e+02,6.000000000000000000e+02,1.048986081906065806e+02
4.100000000000000000e+02,6.100000000000000000e+02,1.043396213261582659e+02
4.100000000000000000e+02,6.200000000000000000e+02,1.037905678989638574e+02
4.100000000000000000e+02,6.300000000000000000e+02,1.032533111979531242e+02
4.100000000000000000e+02,6.400000000000000000e+02,1.027291065751040975e+02
4.100000000000000000e+02,6.500000000000000000e+02,1.022185530074246174e+02
4.100000000000000000e+02,6.600000000000000000e+02,1.017215816932944819e+02
4.100000000000000000e+02,6.700000000000000000e+02,1.012374816831682267e+02
4.100000000000000000e+02,6.800000000000000000e+02,1.007649625446385357e+02
4.100000000000000000e+02,6.900000000000000000e+02,1.003022540618602108e+02
4.100000000000000000e+02,7.000000000000000000e+02,9.984724296933477206e+01
4.100000000000000000e+02,7.100000000000000000e+02,9.939764672005573232e+01
4.100000000000000000e+02,7.200000000000000000e+02,9.895122428801433045e+01
4.100000000000000000e+02,7.300000000000000000e+02,9.850602400506606671e+01
4.100000000000000000e+02,7.400000000000000000e+02,9.806066843215769779e+01
4.100000000000000000e+02,7.500000000000000000e+02,9.761467626491489114e+01
4.100000000000000000e+02,7.600000000000000000e+02,9.715599720603458422e+01
4.100000000000000000e+02,7.700000000000000000e+02,9.663290684171178668e+01
4.100000000000000000e+02,7.800000000000000000e+02,9.600755812755035379e+01
4.100000000000000000e+02,7.900000000000000000e+02,9.526606710031596492e+01
4.100000000000000000e+02,8.000000000000000000e+02,9.441339991415959787e+01
4.100000000000000000e+02,8.100000000000000000e+02,9.346870304494451887e+01
4.100000000000000000e+02,8.200000000000000000e+02,9.246107666267651837e+01
4.100000000000000000e+02,8.300000000000000000e+02,9.142579117203774786e+01
4.100000000000000000e+02,8.400000000000000000e+02,9.040094692102383078e+01
4.100000000000000000e+02,8.500000000000000000e+02,8.942457707768440400e+01
4.100000000000000000e+02,8.600000000000000000e+02,8.853219367496717496e+01
4.100000000000000000e+02,8.700000000000000000e+02,8.775477682366523879e+01
4.100000000000000000e+02,8.800000000000000000e+02,8.711720709346793967e+01
4.100000000000000000e+02,8.900000000000000000e+02,8.663714106211504884e+01
4.100000000000000000e+02,9.000000000000000000e+02,8.632433003265438742e+01
4.100000000000000000e+02,9.100000000000000000e+02,8.618038191880295074e+01
4.100000000000000000e+02,9.200000000000000000e+02,8.619896629841122149e+01
4.100000000000000000e+02,9.300000000000000000e+02,8.636646263503118348e+01
4.100000000000000000e+02,9.400000000000000000e+02,8.666305166758748157e+01
4.100000000000000000e+02,9.500000000000000000e+02,8.706424996815218265e+01
4.100000000000000000e+02,9.600000000000000000e+02,8.754288766782286757e+01
4.100000000000000000e+02,9.700000000000000000e+02,8.807152935070411104e+01
4.100000000000000000e+02,9.800000000000000000e+02,8.862533811599243450e+01
4.100000000000000000e+02,9.900000000000000000e+02,8.918538280816464692e+01
4.200000000000000000e+02,0.000000000000000000e+00,9.587149657775722744e+01
4.200000000000000000e+02,1.000000000000000000e+01,9.482253370551775618e+01
4.200000000000000000e+02,2.000000000000000000e+01,9.381448579821929457e+01
4.200000000000000000e+02,3.000000000000000000e+01,9.289003776601002471e+01
4.200000000000000000e+02,4.000000000000000000e+01,9.209102340436349721e+01
4.200000000000000000e+02,5.000000000000000000e+01,9.145575819622200697e+01
4.200000000000000000e+02,6.000000000000000000e+01,9.101680236508964583e+01
4.200000000000000000e+02,7.000000000000000000e+01,9.079915417907514552e+01
4.200000000000000000e+02,8.000000000000000000e+01,9.081887350588435481e+01
4.200000000000000000e+02,9.000000000000000000e+01,9.108213561876246445e+01
4.200000000000000000e+02,1.000000000000000000e+02,9.158471525338606511e+01
4.200000000000000000e+02,1.100000000000000000e+02,9.231190091570465484e+01
4.200000000000000000e+02,1.200000000000000000e+02,9.323883944073220675e+01
4.200000000000000000e+02,1.300000000000000000e+02,9.433131080228815790e+01
4.200000000000000000e+02,1.400000000000000000e+02,9.554693317368827365e+01
4.200000000000000000e+02,1.500000000000000000e+02,9.683679823938524578e+01
4.200000000000000000e+02,1.600000000000000000e+02,9.814753675755886775e+01
4.200000000000000000e+02,1.700000000000000000e+02,9.942381437365609997e+01
4.200000000000000000e+02,1.800000000000000000e+02,1.006112576848807265e+02
4.200000000000000000e+02,1.900000000000000000e+02,1.016598105556328022e+02
4.200000000000000000e+02,2.000000000000000000e+02,1.025275206838978193e+02
4.200000000000000000e+02,2.100000000000000000e+02,1.031847564185854651e+02
4.200000000000000000e+02,2.200000000000000000e+02,1.036188538278183842e+02
4.200000000000000000e+02,2.300000000000000000e+02,1.038391940181702040e+02
4.200000000000000000e+02,2.400000000000000000e+02,1.038827107048538494e+02
4.200000000000000000e+02,2.500000000000000000e+02,1.038198280328590783e+02
4.200000000000000000e+02,2.600000000000000000e+02,1.037477800317318497e+02
4.200000000000000000e+02,2.700000000000000000e+02,1.037340354684838957e+02
4.200000000000000000e+02,2.800000000000000000e+02,1.038183510022775096e+02
4.200000000000000000e+02,2.900000000000000000e+02,1.040230307261008846e+02
4.200000000000000000e+02,3.000000000000000000e+02,1.043558098202646107e+02
4.200000000000000000e+02,3.100000000000000000e+02,1.048125469743225011e+02
4.200000000000000000e+02,3.200000000000000000e+02,1.053797255774167638e+02
4.200000000000000000e+02,3.300000000000000000e+02,1.060367636770475173e+02
4.200000000000000000e+02,3.400000000000000000e+02,1.067581327062666645e+02
4.200000000000000000e+02,3.500000000000000000e+02,1.075152849792961973e+02
4.200000000000000000e+02,3.600000000000000000e+02,1.082783899555707166e+02
4.200000000000000000e+02,3.700000000000000000e+02,1.090178792722043966e+02
4.200000000000000000e+02,3.800000000000000000e+02,1.097058005448822797e+02
4.200000000000000000e+02,3.900000000000000000e+02,1.103169799371759723e+02
4.200000000000000000e+02,4.000000000000000000e+02,1.108299934982835566e+02
4.200000000000000000e+02,4.100000000000000000e+02,1.112279472691940470e+02
4.200000000000000000e+02,4.200000000000000000e+02,1.114990661572760047e+02
4.200000000000000000e+02,4.300000000000000000e+02,1.116370915792906828e+02
4.200000000000000000e+02,4.400000000000000000e+02,1.116414878728293871e+02
4.200000000000000000e+02,4.500000000000000000e+02,1.115174574761752950e+02
4.200000000000000000e+02,4.600000000000000000e+02,1.112757648765895198e+02
4.200000000000000000e+02,4.700000000000000000e+02,1.109323693270216324e+02
4.200000000000000000e+02,4.800000000000000000e+02,1.105078663312444718e+02
4.200000000000000000e+02,4.900000000000000000e+02,1.100267378974133408e+02
4.200000000000000000e+02,5.000000000000000000e+02,1.095164115600494910e+02
4.200000000000000000e+02,5.100000000000000000e+02,1.090006053584014296e+02
4.200000000000000000e+02,5.200000000000000000e+02,1.084820661617803950e+02
4.200000000000000000e+02,5.300000000000000000e+02,1.079593186056795702e+02
4.200000000000000000e+02,5.400000000000000000e+02,1.074320046753942819e+02
4.200000000000000000e+02,5.500000000000000000e+02,1.069006253585810242e+02
4.200000000000000000e+02,5.600000000000000000e+02,1.063663060835856413e+02
4.200000000000000000e+02,5.700000000000000000e+02,1.058305859435408536e+02
4.200000000000000000e+02,5.800000000000000000e+02,1.052952307062328430e+02
4.200000000000000000e+02,5.900000000000000000e+02,1.047620696097372957e+02
4.200000000000000000e+02,6.000000000000000000e+02,1.042328559438245037e+02
4.200000000000000000e+02,6.100000000000000000e+02,1.037091514171337963e+02
4.200000000000000000e+02,6.200000000000000000e+02,1.031922343101171862e+02
4.200000000000000000e+02,6.300000000000000000e+02,1.026830314137523033e+02
4.200000000000000000e+02,6.400000000000000000e+02,1.021820737540244579e+02
4.200000000000000000e+02,6.500000000000000000e+02,1.016894761021780624e+02
4.200000000000000000e+02,6.600000000000000000e+02,1.012049402707372252e+02
4.200000000000000000e+02,6.700000000000000000e+02,1.007277821952955605e+02
4.200000000000000000e+02,6.800000000000000000e+02,1.002569828020753704e+02
4.200000000000000000e+02,6.900000000000000000e+02,9.979126266125587108e+01
4.200000000000000000e+02,7.000000000000000000e+02,9.932918042607083464e+01
4.200000000000000000e+02,7.100000000000000000e+02,9.886925505767536038e+01
4.200000000000000000e+02,7.200000000000000000e+02,9.841011183578190469e+01
4.200000000000000000e+02,7.300000000000000000e+02,9.795065215506562595e+01
4.200000000000000000e+02,7.400000000000000000e+02,9.749024710733883126e+01
4.200000000000000000e+02,7.500000000000000000e+02,9.702895484949482352e+01
4.200000000000000000e+02,7.600000000000000000e+02,9.655610712429026421e+01
4.200000000000000000e+02,7.700000000000000000e+02,9.602519836057660996e+01
4.200000000000000000e+02,7.800000000000000000e+02,9.540324728289672862e+01
4.200000000000000000e+02,7.900000000000000000e+02,9.467974761986845067e+01
4.200000000000000000e+02,8.000000000000000000e+02,9.386169930403389117e+01
4.200000000000000000e+02,8.100000000000000000e+02,9.296908245750719857e+01
4.200000000000000000e+02,8.200000000000000000e+02,9.203077416342063088e+01
4.200000000000000000e+02,8.300000000000000000e+02,9.108090802316912971e+01
4.200000000000000000e+02,8.400000000000000000e+02,9.015567649945329265e+01
4.200000000000000000e+02,8.500000000000000000e+02,8.929057604512067314e+01
4.200000000000000000e+02,8.600000000000000000e+02,8.851809501780566336e+01
4.200000000000000000e+02,8.700000000000000000e+02,8.786584438036754818e+01
4.200000000000000000e+02,8.800000000000000000e+02,8.735513118712721337e+01
4.200000000000000000e+02,8.900000000000000000e+02,8.699997485590202473e+01
4.200000000000000000e+02,9.000000000000000000e+02,8.680656622583938997e+01
4.200000000000000000e+02,9.100000000000000000e+02,8.677316940104843468e+01
4.200000000000000000e+02,9.200000000000000000e+02,8.689046638003034673e+01
4.200000000000000000e+02,9.300000000000000000e+02,8.714234447090692015e+01
4.200000000000000000e+02,9.400000000000000000e+02,8.750712649244768215e+01
4.200000000000000000e+02,9.500000000000000000e+02,8.795924376089536167e+01
4.200000000000000000e+02,9.600000000000000000e+02,8.847135186258964268e+01
4.200000000000000000e+02,9.700000000000000000e+02,8.901688921238962848e+01
4.200000000000000000e+02,9.800000000000000000e+02,8.957307839789434922e+01
4.200000000000000000e+02,9.900000000000000000e+02,9.012437030946198036e+01
4.300000000000000000e+02,0.000000000000000000e+00,9.652437886517574839e+01
4.300000000000000000e+02,1.000000000000000000e+01,9.546539592094578097e+01
4.300000000000000000e+02,2.000000000000000000e+01,9.444879112498915674e+01
4.300000000000000000e+02,3.000000000000000000e+01,9.351810213520627713e+01
4.300000000000000000e+02,4.000000000000000000e+01,9.271546575165689319e+01
4.300000000000000000e+02,5.000000000000000000e+01,9.207906908537675861e+01
4.300000000000000000e+02,6.000000000000000000e+01,9.164102064397619074e+01
4.300000000000000000e+02,7.000000000000000000e+01,9.142564133402028403e+01
4.300000000000000000e+02,8.000000000000000000e+01,9.144817538019091785e+01
4.300000000000000000e+02,9.000000000000000000e+01,9.171392116123050187e+01
4.300000000000000000e+02,1.000000000000000000e+02,9.221778196266747329e+01
4.300000000000000000e+02,1.100000000000000000e+02,9.294423664632351745e+01
4.300000000000000000e+02,1.200000000000000000e+02,9.386773023660256854e+01
4.300000000000000000e+02,1.300000000000000000e+02,9.495348442356160490e+01
4.300000000000000000e+02,1.400000000000000000e+02,9.615872798276309652e+01
4.300000000000000000e+02,1.500000000000000000e+02,9.743434711190921860e+01
4.300000000000000000e+02,1.600000000000000000e+02,9.872695568425795898e+01
4.300000000000000000e+02,1.700000000000000000e+02,9.998138541882073582e+01
4.300000000000000000e+02,1.800000000000000000e+02,1.011435959673419802e+02
4.300000000000000000e+02,1.900000000000000000e+02,1.021640049180603711e+02
4.300000000000000000e+02,2.000000000000000000e+02,1.030012377162517794e+02
4.300000000000000000e+02,2.100000000000000000e+02,1.036262975015540775e+02
4.300000000000000000e+02,2.200000000000000000e+02,1.040271548620736581e+02
4.300000000000000000e+02,2.300000000000000000e+02,1.042137575052734917e+02
4.300000000000000000e+02,2.400000000000000000e+02,1.042234598456434611e+02
4.300000000000000000e+02,2.500000000000000000e+02,1.041268725091517950e+02
4.300000000000000000e+02,2.600000000000000000e+02,1.040201333928024638e+02
4.300000000000000000e+02,2.700000000000000000e+02,1.039662529920228451e+02
4.300000000000000000e+02,2.800000000000000000e+02,1.040013460345850973e+02
4.300000000000000000e+02,2.900000000000000000e+02,1.041457590649635421e+02
4.300000000000000000e+02,3.000000000000000000e+02,1.044066623485290108e+02
4.300000000000000000e+02,3.100000000000000000e+02,1.047804711047195951e+02
4.300000000000000000e+02,3.200000000000000000e+02,1.052550960691875304e+02
4.300000000000000000e+02,3.300000000000000000e+02,1.058120233849224832e+02
4.300000000000000000e+02,3.400000000000000000e+02,1.064282238223511143e+02
4.300000000000000000e+02,3.500000000000000000e+02,1.070778913284128606e+02
4.300000000000000000e+02,3.600000000000000000e+02,1.077340109046120915e+02
4.300000000000000000e+02,3.700000000000000000e+02,1.083697558140464565e+02
4.300000000000000000e+02,3.800000000000000000e+02,1.089597141174115791e+02
4.300000000000000000e+02,3.900000000000000000e+02,1.094809445379820403e+02
4.300000000000000000e+02,4.000000000000000000e+02,1.099138616555685957e+02
4.300000000000000000e+02,4.100000000000000000e+02,1.102429504294517670e+02
4.300000000000000000e+02,4.200000000000000000e+02,1.104573100502915963e+02
4.300000000000000000e+02,4.300000000000000000e+02,1.105510271210138171e+02
4.300000000000000000e+02,4.400000000000000000e+02,1.105233781666722024e+02
4.300000000000000000e+02,4.500000000000000000e+02,1.103788614732872588e+02
4.300000000000000000e+02,4.600000000000000000e+02,1.101270582556612112e+02
4.300000000000000000e+02,4.700000000000000000e+02,1.097823231541691911e+02
4.300000000000000000e+02,4.800000000000000000e+02,1.093633040605268576e+02
4.300000000000000000e+02,4.900000000000000000e+02,1.088922912725341661e+02
4.300000000000000000e+02,5.000000000000000000e+02,1.083943959777954831e+02
4.300000000000000000e+02,5.100000000000000000e+02,1.078920264755622327e+02
4.300000000000000000e+02,5.200000000000000000e+02,1.073902457624513715e+02
4.300000000000000000e+02,5.300000000000000000e+02,1.068898249988773870e+02
4.300000000000000000e+02,5.400000000000000000e+02,1.063916440348960748e+02
4.300000000000000000e+02,5.500000000000000000e+02,1.058966032489849596e+02
4.300000000000000000e+02,5.600000000000000000e+02,1.054055475682748693e+02
4.300000000000000000e+02,5.700000000000000000e+02,1.049192026702327070e+02
4.300000000000000000e+02,5.800000000000000000e+02,1.044381233657954766e+02
4.300000000000000000e+02,5.900000000000000000e+02,1.039626541639554347e+02
4.300000000000000000e+02,6.000000000000000000e+02,1.034929020177965384e+02
4.300000000000000000e+02,6.100000000000000000e+02,1.030287212519819633e+02
4.300000000000000000e+02,6.200000000000000000e+02,1.025697106716929881e+02
4.300000000000000000e+02,6.300000000000000000e+02,1.021152228530189063e+02
4.300000000000000000e+02,6.400000000000000000e+02,1.016643856147983058e+02
4.300000000000000000e+02,6.500000000000000000e+02,1.012161356719114309e+02
4.300000000000000000e+02,6.600000000000000000e+02,1.007692644700237707e+02
4.300000000000000000e+02,6.700000000000000000e+02,1.003224762017809013e+02
4.300000000000000000e+02,6.800000000000000000e+02,9.987445800445448185e+01
4.300000000000000000e+02,6.900000000000000000e+02,9.942396233903944847e+01
4.300000000000000000e+02,7.000000000000000000e+02,9.896990155080243312e+01
4.300000000000000000e+02,7.100000000000000000e+02,9.851145461128139402e+01
4.300000000000000000e+02,7.200000000000000000e+02,9.804818604173638619e+01
4.300000000000000000e+02,7.300000000000000000e+02,9.758017701805162858e+01
4.300000000000000000e+02,7.400000000000000000e+02,9.710816865708868306e+01
4.300000000000000000e+02,7.500000000000000000e+02,9.663371748449088727e+01
4.300000000000000000e+02,7.600000000000000000e+02,9.614855696039968791e+01
4.300000000000000000e+02,7.700000000000000000e+02,9.561143466049399819e+01
4.300000000000000000e+02,7.800000000000000000e+02,9.499404359815034127e+01
4.300000000000000000e+02,7.900000000000000000e+02,9.428912318518942470e+01
4.300000000000000000e+02,8.000000000000000000e+02,9.350562862832842370e+01
4.300000000000000000e+02,8.100000000000000000e+02,9.266434277657408813e+01
4.300000000000000000e+02,8.200000000000000000e+02,9.179393041955707133e+01
4.300000000000000000e+02,8.300000000000000000e+02,9.092743503680715378e+01
4.300000000000000000e+02,8.400000000000000000e+02,9.009921799796950381e+01
4.300000000000000000e+02,8.500000000000000000e+02,8.934234021396187586e+01
4.300000000000000000e+02,8.600000000000000000e+02,8.868638623907304464e+01
4.300000000000000000e+02,8.700000000000000000e+02,8.815573082400193528e+01
4.300000000000000000e+02,8.800000000000000000e+02,8.776824791983803209e+01
4.300000000000000000e+02,8.900000000000000000e+02,8.753446213298266798e+01
4.300000000000000000e+02,9.000000000000000000e+02,8.745714263101132246e+01
4.300000000000000000e+02,9.100000000000000000e+02,8.753133949947704195e+01
4.300000000000000000e+02,9.200000000000000000e+02,8.774486254965466969e+01
4.300000000000000000e+02,9.300000000000000000e+02,8.807920257722634005e+01
4.300000000000000000e+02,9.400000000000000000e+02,8.851089507190772565e+01
4.300000000000000000e+02,9.500000000000000000e+02,8.901332637801553460e+01
4.300000000000000000e+02,9.600000000000000000e+02,8.955898230597584586e+01
4.300000000000000000e+02,9.700000000000000000e+02,9.012213919477356683e+01
4.300000000000000000e+02,9.800000000000000000e+02,9.068199742534277163e+01
4.300000000000000000e+02,9.900000000000000000e+02,9.122625738489824698e+01
4.400000000000000000e+02,0.000000000000000000e+00,9.718505856778426732e+01
4.400000000000000000e+02,1.000000000000000000e+01,9.611748483316873148e+01
4.400000000000000000e+02,2.000000000000000000e+01,9.509253642315310628e+01
4.400000000000000000e+02,3.000000000000000000e+01,9.415371350400982919e+01
4.400000000000000000e+02,4.000000000000000000e+01,9.334288258124274762e+01
4.400000000000000000e+02,5.000000000000000000e+01,9.269780526214665883e+01
4.400000000000000000e+02,6.000000000000000000e+01,9.225007825859880484e+01
4.400000000000000000e+02,7.000000000000000000e+01,9.202348463008236479e+01
4.400000000000000000e+02,8.000000000000000000e+01,9.203275626694194500e+01
4.400000000000000000e+02,9.000000000000000000e+01,9.228274761387113756e+01
4.400000000000000000e+02,1.000000000000000000e+02,9.276802063363203388e+01
4.400000000000000000e+02,1.100000000000000000e+02,9.347284101100672160e+01
4.400000000000000000e+02,1.200000000000000000e+02,9.437158559698085014e+01
4.400000000000000000e+02,1.300000000000000000e+02,9.542956109315922220e+01
4.400000000000000000e+02,1.400000000000000000e+02,9.660423397641324073e+01
4.400000000000000000e+02,1.500000000000000000e+02,9.784687166376056666e+01
4.400000000000000000e+02,1.600000000000000000e+02,9.910459491747661787e+01
4.400000000000000000e+02,1.700000000000000000e+02,1.003228414904381935e+02
4.400000000000000000e+02,1.800000000000000000e+02,1.014482410116989968e+02
4.400000000000000000e+02,1.900000000000000000e+02,1.024319011122972825e+02
4.400000000000000000e+02,2.000000000000000000e+02,1.032331047912954176e+02
4.400000000000000000e+02,2.100000000000000000e+02,1.038234190220514535e+02
4.400000000000000000e+02,2.200000000000000000e+02,1.041912145987228513e+02
4.400000000000000000e+02,2.300000000000000000e+02,1.043465972230018650e+02
4.400000000000000000e+02,2.400000000000000000e+02,1.043267498310834753e+02
4.400000000000000000e+02,2.500000000000000000e+02,1.042016861608647105e+02
4.400000000000000000e+02,2.600000000000000000e+02,1.040657544809013899e+02
4.400000000000000000e+02,2.700000000000000000e+02,1.039777463947165188e+02
4.400000000000000000e+02,2.800000000000000000e+02,1.039704395866550612e+02
4.400000000000000000e+02,2.900000000000000000e+02,1.040623425574244010e+02
4.400000000000000000e+02,3.000000000000000000e+02,1.042600335003902501e+02
4.400000000000000000e+02,3.100000000000000000e+02,1.045603457694529368e+02
4.400000000000000000e+02,3.200000000000000000e+02,1.049523999385041861e+02
4.400000000000000000e+02,3.300000000000000000e+02,1.054194824524645355e+02
4.400000000000000000e+02,3.400000000000000000e+02,1.059407708699011152e+02
4.400000000000000000e+02,3.500000000000000000e+02,1.064929056972260213e+02
4.400000000000000000e+02,3.600000000000000000e+02,1.070514088144751526e+02
4.400000000000000000e+02,3.700000000000000000e+02,1.075919484926675835e+02
4.400000000000000000e+02,3.800000000000000000e+02,1.080914510027454298e+02
4.400000000000000000e+02,3.900000000000000000e+02,1.085290588160942207e+02
4.400000000000000000e+02,4.000000000000000000e+02,1.088869353966437643e+02
4.400000000000000000e+02,4.100000000000000000e+02,1.091509165845495630e+02
4.400000000000000000e+02,4.200000000000000000e+02,1.093110085714546784e+02
4.400000000000000000e+02,4.300000000000000000e+02,1.093617324673321463e+02
4.400000000000000000e+02,4.400000000000000000e+02,1.093023154589079127e+02
4.400000000000000000e+02,4.500000000000000000e+02,1.091367285596641636e+02
4.400000000000000000e+02,4.600000000000000000e+02,1.088735709514233179e+02
4.400000000000000000e+02,4.700000000000000000e+02,1.085258009175124414e+02
4.400000000000000000e+02,4.800000000000000000e+02,1.081103133675081835e+02
4.400000000000000000e+02,4.900000000000000000e+02,1.076473639535621629e+02
4.400000000000000000e+02,5.000000000000000000e+02,1.071598397783069885e+02
4.400000000000000000e+02,5.100000000000000000e+02,1.066690217243493919e+02
4.400000000000000000e+02,5.200000000000000000e+02,1.061830704048760907e+02
4.400000000000000000e+02,5.300000000000000000e+02,1.057057864097797193e+02
4.400000000000000000e+02,5.400000000000000000e+02,1.052398850417170877e+02
4.400000000000000000e+02,5.500000000000000000e+02,1.047870841008101053e+02
4.400000000000000000e+02,5.600000000000000000e+02,1.043481941078322279e+02
4.400000000000000000e+02,5.700000000000000000e+02,1.039232109658806280e+02
4.400000000000000000e+02,5.800000000000000000e+02,1.035114110605339448e+02
4.400000000000000000e+02,5.900000000000000000e+02,1.031114487984956583e+02
4.400000000000000000e+02,6.000000000000000000e+02,1.027214565847231569e+02
4.400000000000000000e+02,6.100000000000000000e+02,1.023391472380424005e+02
4.400000000000000000e+02,6.200000000000000000e+02,1.019619188452481779e+02
4.400000000000000000e+02,6.300000000000000000e+02,1.015869620536900868e+02
4.400000000000000000e+02,6.400000000000000000e+02,1.012113698023440804e+02
4.400000000000000000e+02,6.500000000000000000e+02,1.008322494913696517e+02
4.400000000000000000e+02,6.600000000000000000e+02,1.004468375901526684e+02
4.400000000000000000e+02,6.700000000000000000e+02,1.000526166838338895e+02
4.400000000000000000e+02,6.800000000000000000e+02,9.964743495832297526e+01
4.400000000000000000e+02,6.900000000000000000e+02,9.922962812379826403e+01
4.400000000000000000e+02,7.000000000000000000e+02,9.879814377669218572e+01
4.400000000000000000e+02,7.100000000000000000e+02,9.835266820016215661e+01
4.400000000000000000e+02,7.200000000000000000e+02,9.789375560304728197e+01
4.400000000000000000e+02,7.300000000000000000e+02,9.742295979731063937e+01
4.400000000000000000e+02,7.400000000000000000e+02,9.694296831396709990e+01
4.400000000000000000e+02,7.500000000000000000e+02,9.645773895749691462e+01
4.400000000000000000e+02,7.600000000000000000e+02,9.596232014747904771e+01
4.400000000000000000e+02,7.700000000000000000e+02,9.542049898894640592e+01
4.400000000000000000e+02,7.800000000000000000e+02,9.480822970133431227e+01
4.400000000000000000e+02,7.900000000000000000e+02,9.412121122641364934e+01
4.400000000000000000e+02,8.000000000000000000e+02,9.337018238973310247e+01
4.400000000000000000e+02,8.100000000000000000e+02,9.257665923185656709e+01
4.400000000000000000e+02,8.200000000000000000e+02,9.176911450939594772e+01
4.400000000000000000e+02,8.300000000000000000e+02,9.097959936583926321e+01
4.400000000000000000e+02,8.400000000000000000e+02,9.024080717217404413e+01
4.400000000000000000e+02,8.500000000000000000e+02,8.958357953730603640e+01
4.400000000000000000e+02,8.600000000000000000e+02,8.903485448827328241e+01
4.400000000000000000e+02,8.700000000000000000e+02,8.861605682025540887e+01
4.400000000000000000e+02,8.800000000000000000e+02,8.834193061637833466e+01
4.400000000000000000e+02,8.900000000000000000e+02,8.821981393731422827e+01
4.400000000000000000e+02,9.000000000000000000e+02,8.824935568067675717e+01
4.400000000000000000e+02,9.100000000000000000e+02,8.842267461021175734e+01
4.400000000000000000e+02,9.200000000000000000e+02,8.872496055478310950e+01
4.400000000000000000e+02,9.300000000000000000e+02,8.913551777715395019e+01
4.400000000000000000e+02,9.400000000000000000e+02,8.962925051256320330e+01
4.400000000000000000e+02,9.500000000000000000e+02,9.017859067709753162e+01
4.400000000000000000e+02,9.600000000000000000e+02,9.075586774585833894e+01
4.400000000000000000e+02,9.700000000000000000e+02,9.133612080092440522e+01
4.400000000000000000e+02,9.800000000000000000e+02,9.190035274910957241e+01
4.400000000000000000e+02,9.900000000000000000e+02,9.243922670951590703e+01
4.500000000000000000e+02,0.000000000000000000e+00,9.782137789062187494e+01
4.500000000000000000e+02,1.000000000000000000e+01,9.674676204285808012e+01
4.500000000000000000e+02,2.000000000000000000e+01,9.571383502381800668e+01
4.500000000000000000e+02,3.000000000000000000e+01,9.476519708364976680e+01
4.500000000000000000e+02,4.000000000000000000e+01,9.394189371433988356e+01
4.500000000000000000e+02,5.000000000000000000e+01,9.328098100299793316e+01
4.500000000000000000e+02,6.000000000000000000e+01,9.281349532051171991e+01
4.500000000000000000e+02,7.000000000000000000e+01,9.256282734557316871e+01
4.500000000000000000e+02,8.000000000000000000e+01,9.254350042407453714e+01
4.500000000000000000e+02,9.000000000000000000e+01,9.276035326387547286e+01
4.500000000000000000e+02,1.000000000000000000e+02,9.320812696494031968e+01
4.500000000000000000e+02,1.100000000000000000e+02,9.387145638484626886e+01
4.500000000000000000e+02,1.200000000000000000e+02,9.472526583966185854e+01
4.500000000000000000e+02,1.300000000000000000e+02,9.573556914019613373e+01
4.500000000000000000e+02,1.400000000000000000e+02,9.686067396361836757e+01
4.500000000000000000e+02,1.500000000000000000e+02,9.805279056044825836e+01
4.500000000000000000e+02,1.600000000000000000e+02,9.926004479691680160e+01
4.500000000000000000e+02,1.700000000000000000e+02,1.004288955326976236e+02
4.500000000000000000e+02,1.800000000000000000e+02,1.015069563340088905e+02
4.500000000000000000e+02,1.900000000000000000e+02,1.024462215220858781e+02
4.500000000000000000e+02,2.000000000000000000e+02,1.032066965570239461e+02
4.500000000000000000e+02,2.100000000000000000e+02,1.037604327569921026e+02
4.500000000000000000e+02,2.200000000000000000e+02,1.040959663528173564e+02
4.500000000000000000e+02,2.300000000000000000e+02,1.042231618779391198e+02
4.500000000000000000e+02,2.400000000000000000e+02,1.041784598937348392e+02
4.500000000000000000e+02,2.500000000000000000e+02,1.040305290502155771e+02
4.500000000000000000e+02,2.600000000000000000e+02,1.038713186904005568e+02
4.500000000000000000e+02,2.700000000000000000e+02,1.037558452041656523e+02
4.500000000000000000e+02,2.800000000000000000e+02,1.037140315288782801e+02
4.500000000000000000e+02,2.900000000000000000e+02,1.037627847838191997e+02
4.500000000000000000e+02,3.000000000000000000e+02,1.039081280278243611e+02
4.500000000000000000e+02,3.100000000000000000e+02,1.041471923462132594e+02
4.500000000000000000e+02,3.200000000000000000e+02,1.044700692670039643e+02
4.500000000000000000e+02,3.300000000000000000e+02,1.048615235064146844e+02
4.500000000000000000e+02,3.400000000000000000e+02,1.053025660436520639e+02
4.500000000000000000e+02,3.500000000000000000e+02,1.057718875249859707e+02
4.500000000000000000e+02,3.600000000000000000e+02,1.062471519971109615e+02
4.500000000000000000e+02,3.700000000000000000e+02,1.067061509697943649e+02
4.500000000000000000e+02,3.800000000000000000e+02,1.071278178078109704e+02
4.500000000000000000e+02,3.900000000000000000e+02,1.074931024521642371e+02
4.500000000000000000e+02,4.000000000000000000e+02,1.077857064705943344e+02
4.500000000000000000e+02,4.100000000000000000e+02,1.079926784373725042e+02
4.500000000000000000e+02,4.200000000000000000e+02,1.081048696423823401e+02
4.500000000000000000e+02,4.300000000000000000e+02,1.081172501294874024e+02
4.500000000000000000e+02,4.400000000000000000e+02,1.080290850641856650e+02
4.500000000000000000e+02,4.500000000000000000e+02,1.078439714305503969e+02
4.500000000000000000e+02,4.600000000000000000e+02,1.075697350574578479e+02
4.500000000000000000e+02,4.700000000000000000e+02,1.072181879741013262e+02
4.500000000000000000e+02,4.800000000000000000e+02,1.068047460947920797e+02
4.500000000000000000e+02,4.900000000000000000e+02,1.063479072330466977e+02
4.500000000000000000e+02,5.000000000000000000e+02,1.058685894449611169e+02
4.500000000000000000e+02,5.100000000000000000e+02,1.053872714039258085e+02
4.500000000000000000e+02,5.200000000000000000e+02,1.049159190072323184e+02
4.500000000000000000e+02,5.300000000000000000e+02,1.044620447289245959e+02
4.500000000000000000e+02,5.400000000000000000e+02,1.040307305651225107e+02
4.500000000000000000e+02,5.500000000000000000e+02,1.036248934582621359e+02
4.500000000000000000e+02,5.600000000000000000e+02,1.032455454062985893e+02
4.500000000000000000e+02,5.700000000000000000e+02,1.028920482568718029e+02
4.500000000000000000e+02,5.800000000000000000e+02,1.025623631864347658e+02
4.500000000000000000e+02,5.900000000000000000e+02,1.022532948643446531e+02
4.500000000000000000e+02,6.000000000000000000e+02,1.019607303019166267e+02
4.500000000000000000e+02,6.100000000000000000e+02,1.016798723864401950e+02
4.500000000000000000e+02,6.200000000000000000e+02,1.014054681001585720e+02
4.500000000000000000e+02,6.300000000000000000e+02,1.011320314242104104e+02
4.500000000000000000e+02,6.400000000000000000e+02,1.008540609275345048e+02
4.500000000000000000e+02,6.500000000000000000e+02,1.005662520407370977e+02
4.500000000000000000e+02,6.600000000000000000e+02,1.002637040149218706e+02
4.500000000000000000e+02,6.700000000000000000e+02,9.994212156548266535e+01
4.500000000000000000e+02,6.800000000000000000e+02,9.959801120085897708e+01
4.500000000000000000e+02,6.900000000000000000e+02,9.922887223625403408e+01
4.500000000000000000e+02,7.000000000000000000e+02,9.883338249231572092e+01
4.500000000000000000e+02,7.100000000000000000e+02,9.841157867878007437e+01
4.500000000000000000e+02,7.200000000000000000e+02,9.796503146307759380e+01
4.500000000000000000e+02,7.300000000000000000e+02,9.749701522390218145e+01
4.500000000000000000e+02,7.400000000000000000e+02,9.701267248974289714e+01
4.500000000000000000e+02,7.500000000000000000e+02,9.651917306237828598e+01
4.500000000000000000e+02,7.600000000000000000e+02,9.601565267188581743e+01
4.500000000000000000e+02,7.700000000000000000e+02,9.547049626676550815e+01
4.500000000000000000e+02,7.800000000000000000e+02,9.486331183312847770e+01
4.500000000000000000e+02,7.900000000000000000e+02,9.419233644633436597e+01
4.500000000000000000e+02,8.000000000000000000e+02,9.346983911234346465e+01
4.500000000000000000e+02,8.100000000000000000e+02,9.271796555512669613e+01
4.500000000000000000e+02,8.200000000000000000e+02,9.196502495013288581e+01
4.500000000000000000e+02,8.300000000000000000e+02,9.124221860381369709e+01
4.500000000000000000e+02,8.400000000000000000e+02,9.058081057920597345e+01
4.500000000000000000e+02,8.500000000000000000e+02,9.000974026757165802e+01
4.500000000000000000e+02,8.600000000000000000e+02,8.955367690609526221e+01
4.500000000000000000e+02,8.700000000000000000e+02,8.923151604163882666e+01
4.500000000000000000e+02,8.800000000000000000e+02,8.905531794055430339e+01
4.500000000000000000e+02,8.900000000000000000e+02,8.902968794455368595e+01
4.500000000000000000e+02,9.000000000000000000e+02,8.915159877263639032e+01
4.500000000000000000e+02,9.100000000000000000e+02,8.941065476907439802e+01
4.500000000000000000e+02,9.200000000000000000e+02,8.978979809745472096e+01
4.500000000000000000e+02,9.300000000000000000e+02,9.026645688077950069e+01
4.500000000000000000e+02,9.400000000000000000e+02,9.081413528762367093e+01
4.500000000000000000e+02,9.500000000000000000e+02,9.140444556434994183e+01
4.500000000000000000e+02,9.600000000000000000e+02,9.200958201338153231e+01
4.500000000000000000e+02,9.700000000000000000e+02,9.260523691753226672e+01
4.500000000000000000e+02,9.800000000000000000e+02,9.317395841039427751e+01
4.500000000000000000e+02,9.900000000000000000e+02,9.370895029278318589e+01
4.600000000000000000e+02,0.000000000000000000e+00,9.840525305305322945e+01
4.600000000000000000e+02,1.000000000000000000e+01,9.732517950367639514e+01
4.600000000000000000e+02,2.000000000000000000e+01,9.628475963582724262e+01
4.600000000000000000e+02,3.000000000000000000e+01,9.532489717340286006e+01
4.600000000000000000e+02,4.000000000000000000e+01,9.448531228256058512e+01
4.600000000000000000e+02,5.000000000000000000e+01,9.380210423067813963e+01
4.600000000000000000e+02,6.000000000000000000e+01,9.330571326792365028e+01
4.600000000000000000e+02,7.000000000000000000e+01,9.301928173143571144e+01
4.600000000000000000e+02,8.000000000000000000e+01,9.295741437211326286e+01
4.600000000000000000e+02,9.000000000000000000e+01,9.312533790401550959e+01
4.600000000000000000e+02,1.000000000000000000e+02,9.351845977637172780e+01
4.600000000000000000e+02,1.100000000000000000e+02,9.412232616820108433e+01
4.600000000000000000e+02,1.200000000000000000e+02,9.491297920554228540e+01
4.600000000000000000e+02,1.300000000000000000e+02,9.585771340129329587e+01
4.600000000000000000e+02,1.400000000000000000e+02,9.691623131766088761e+01
4.600000000000000000e+02,1.500000000000000000e+02,9.804219845122021582e+01
4.600000000000000000e+02,1.600000000000000000e+02,9.918519734058429549e+01
4.600000000000000000e+02,1.700000000000000000e+02,1.002930808966835059e+02
4.600000000000000000e+02,1.800000000000000000e+02,1.013147249556547962e+02
4.600000000000000000e+02,1.900000000000000000e+02,1.022031800543411748e+02
4.600000000000000000e+02,2.000000000000000000e+02,1.029192224284009285e+02
4.600000000000000000e+02,2.100000000000000000e+02,1.034353042330266987e+02
4.600000000000000000e+02,2.200000000000000000e+02,1.037399029862748989e+02
4.600000000000000000e+02,2.300000000000000000e+02,1.038422702350044631e+02
4.600000000000000000e+02,2.400000000000000000e+02,1.037775794434262195e+02
4.600000000000000000e+02,2.500000000000000000e+02,1.036124731042616247e+02
4.600000000000000000e+02,2.600000000000000000e+02,1.034359975037469752e+02
4.600000000000000000e+02,2.700000000000000000e+02,1.033000023339491378e+02
4.600000000000000000e+02,2.800000000000000000e+02,1.032321766634776168e+02
4.600000000000000000e+02,2.900000000000000000e+02,1.032481582559109228e+02
4.600000000000000000e+02,3.000000000000000000e+02,1.033535084934786283e+02
4.600000000000000000e+02,3.100000000000000000e+02,1.035455578022257868e+02
4.600000000000000000e+02,3.200000000000000000e+02,1.038151215786597419e+02
4.600000000000000000e+02,3.300000000000000000e+02,1.041480866178794571e+02
4.600000000000000000e+02,3.400000000000000000e+02,1.045268680431872212e+02
4.600000000000000000e+02,3.500000000000000000e+02,1.049317367371827459e+02
4.600000000000000000e+02,3.600000000000000000e+02,1.053420172743397814e+02
4.600000000000000000e+02,3.700000000000000000e+02,1.057371563550650251e+02
4.600000000000000000e+02,3.800000000000000000e+02,1.060976617412396195e+02
4.600000000000000000e+02,3.900000000000000000e+02,1.064059116932428992e+02
4.600000000000000000e+02,4.000000000000000000e+02,1.066468349084587430e+02
4.600000000000000000e+02,4.100000000000000000e+02,1.068084609612642026e+02
4.600000000000000000e+02,4.200000000000000000e+02,1.068823412445006227e+02
4.600000000000000000e+02,4.300000000000000000e+02,1.068638404124271943e+02
4.600000000000000000e+02,4.400000000000000000e+02,1.067522983251569286e+02
4.600000000000000000e+02,4.500000000000000000e+02,1.065510624945750351e+02
4.600000000000000000e+02,4.600000000000000000e+02,1.062673910317397343e+02
4.600000000000000000e+02,4.700000000000000000e+02,1.059122260957655470e+02
4.600000000000000000e+02,4.800000000000000000e+02,1.054998378441888605e+02
4.600000000000000000e+02,4.900000000000000000e+02,1.050473388848161704e+02
4.600000000000000000e+02,5.000000000000000000e+02,1.045740692290544587e+02
4.600000000000000000e+02,5.100000000000000000e+02,1.041001451335457659e+02
4.600000000000000000e+02,5.200000000000000000e+02,1.036419450899637269e+02
4.600000000000000000e+02,5.300000000000000000e+02,1.032112525361755644e+02
4.600000000000000000e+02,5.400000000000000000e+02,1.028159621311408358e+02
4.600000000000000000e+02,5.500000000000000000e+02,1.024605207369916116e+02
4.600000000000000000e+02,5.600000000000000000e+02,1.021463573449166233e+02
4.600000000000000000e+02,5.700000000000000000e+02,1.018723019448491414e+02
4.600000000000000000e+02,5.800000000000000000e+02,1.016349933389587790e+02
4.600000000000000000e+02,5.900000000000000000e+02,1.014292758989469974e+02
4.600000000000000000e+02,6.000000000000000000e+02,1.012485852671465381e+02
4.600000000000000000e+02,6.100000000000000000e+02,1.010853230014246407e+02
4.600000000000000000e+02,6.200000000000000000e+02,1.009312201638900603e+02
4.600000000000000000e+02,6.300000000000000000e+02,1.007776898534040129e+02
4.600000000000000000e+02,6.400000000000000000e+02,1.006161686818947771e+02
4.600000000000000000e+02,6.500000000000000000e+02,1.004384471944762822e+02
4.600000000000000000e+02,6.600000000000000000e+02,1.002369892333704229e+02
4.600000000000000000e+02,6.700000000000000000e+02,1.000052402456332459e+02
4.600000000000000000e+02,6.800000000000000000e+02,9.973792453468497854e+01
4.600000000000000000e+02,6.900000000000000000e+02,9.943133145564377173e+01
4.600000000000000000e+02,7.000000000000000000e+02,9.908359055446342722e+01
4.600000000000000000e+02,7.100000000000000000e+02,9.869493565087488207e+01
4.600000000000000000e+02,7.200000000000000000e+02,9.826795786513137898e+01
4.600000000000000000e+02,7.300000000000000000e+02,9.780784758855777739e+01
4.600000000000000000e+02,7.400000000000000000e+02,9.732262539790337996e+01
4.600000000000000000e+02,7.500000000000000000e+02,9.682336191349870091e+01
4.600000000000000000e+02,7.600000000000000000e+02,9.631388816943022846e+01
4.600000000000000000e+02,7.700000000000000000e+02,9.576655873580472189e+01
4.600000000000000000e+02,7.800000000000000000e+02,9.516387982144185287e+01
4.600000000000000000e+02,7.900000000000000000e+02,9.450610211965170038e+01
4.600000000000000000e+02,8.000000000000000000e+02,9.380670895587755354e+01
4.600000000000000000e+02,8.100000000000000000e+02,9.308834621572769663e+01
4.600000000000000000e+02,8.200000000000000000e+02,9.237919405339629009e+01
4.600000000000000000e+02,8.300000000000000000e+02,9.170978038047334735e+01
4.600000000000000000e+02,8.400000000000000000e+02,9.111023613514372244e+01
4.600000000000000000e+02,8.500000000000000000e+02,9.060799233177507972e+01
4.600000000000000000e+02,8.600000000000000000e+02,9.022591889089517281e+01
4.600000000000000000e+02,8.700000000000000000e+02,8.998090524955783565e+01
4.600000000000000000e+02,8.800000000000000000e+02,8.988288275209833955e+01
4.600000000000000000e+02,8.900000000000000000e+02,8.993428882127760460e+01
4.600000000000000000e+02,9.000000000000000000e+02,9.012997290981554954e+01
4.600000000000000000e+02,9.100000000000000000e+02,9.045754423231352348e+01
4.600000000000000000e+02,9.200000000000000000e+02,9.089816127756571973e+01
4.600000000000000000e+02,9.300000000000000000e+02,9.142776310125972827e+01
4.600000000000000000e+02,9.400000000000000000e+02,9.201874239906605624e+01
4.600000000000000000e+02,9.500000000000000000e+02,9.264206036011682954e+01
4.600000000000000000e+02,9.600000000000000000e+02,9.326980330087339155e+01
4.600000000000000000e+02,9.700000000000000000e+02,9.387818107938311130e+01
4.600000000000000000e+02,9.800000000000000000e+02,9.445096728992513135e+01
4.600000000000000000e+02,9.900000000000000000e+02,9.498338123804531108e+01
4.700000000000000000e+02,0.000000000000000000e+00,9.891607811828501440e+01
4.700000000000000000e+02,1.000000000000000000e+01,9.783206869379411330e+01
4.700000000000000000e+02,2.000000000000000000e+01,9.678471511051408527e+01
4.700000000000000000e+02,3.000000000000000000e+01,9.581253004967625486e+01
4.700000000000000000e+02,4.000000000000000000e+01,9.495347266902187755e+01
4.700000000000000000e+02,5.000000000000000000e+01,9.424247302932899117e+01
4.700000000000000000e+02,6.000000000000000000e+01,9.370935233523573515e+01
4.700000000000000000e+02,7.000000000000000000e+01,9.337713899035989584e+01
4.700000000000000000e+02,8.000000000000000000e+01,9.326078046671482014e+01
4.700000000000000000e+02,9.000000000000000000e+01,9.336625098842159787e+01
4.700000000000000000e+02,1.000000000000000000e+02,9.369005502971761246e+01
4.700000000000000000e+02,1.100000000000000000e+02,9.421912662726140297e+01
4.700000000000000000e+02,1.200000000000000000e+02,9.493112450673379499e+01
4.700000000000000000e+02,1.300000000000000000e+02,9.579512302373544230e+01
4.700000000000000000e+02,1.400000000000000000e+02,9.677269891898056642e+01
4.700000000000000000e+02,1.500000000000000000e+02,9.781941388778716373e+01
4.700000000000000000e+02,1.600000000000000000e+02,9.888669296386336782e+01
4.700000000000000000e+02,1.700000000000000000e+02,9.992409871739026528e+01
4.700000000000000000e+02,1.800000000000000000e+02,1.008820012674009803e+02
4.700000000000000000e+02,1.900000000000000000e+02,1.017146441084560138e+02
4.700000000000000000e+02,2.000000000000000000e+02,1.023836057516150788e+02
4.700000000000000000e+02,2.100000000000000000e+02,1.028616571797049772e+02
4.700000000000000000e+02,2.200000000000000000e+02,1.031370151168841858e+02
4.700000000000000000e+02,2.300000000000000000e+02,1.032179911125032277e+02
4.700000000000000000e+02,2.400000000000000000e+02,1.031380364392619811e+02
4.700000000000000000e+02,2.500000000000000000e+02,1.029611828056627729e+02
4.700000000000000000e+02,2.600000000000000000e+02,1.027731874630143523e+02
4.700000000000000000e+02,2.700000000000000000e+02,1.026234452731902707e+02
4.700000000000000000e+02,2.800000000000000000e+02,1.025381128090402427e+02
4.700000000000000000e+02,2.900000000000000000e+02,1.025319514675561692e+02
4.700000000000000000e+02,3.000000000000000000e+02,1.026101965904710056e+02
4.700000000000000000e+02,3.100000000000000000e+02,1.027703038674189600e+02
4.700000000000000000e+02,3.200000000000000000e+02,1.030035730216570613e+02
4.700000000000000000e+02,3.300000000000000000e+02,1.032966487783482279e+02
4.700000000000000000e+02,3.400000000000000000e+02,1.036328991154057633e+02
4.700000000000000000e+02,3.500000000000000000e+02,1.039936707968991385e+02
4.700000000000000000e+02,3.600000000000000000e+02,1.043594221890213305e+02
4.700000000000000000e+02,3.700000000000000000e+02,1.047107333586175315e+02
4.700000000000000000e+02,3.800000000000000000e+02,1.050291934542751875e+02
4.700000000000000000e+02,3.900000000000000000e+02,1.052981653699756066e+02
4.700000000000000000e+02,4.000000000000000000e+02,1.055034276913068396e+02
4.700000000000000000e+02,4.100000000000000000e+02,1.056336939242380737e+02
4.700000000000000000e+02,4.200000000000000000e+02,1.056810090064553691e+02
4.700000000000000000e+02,4.300000000000000000e+02,1.056410231012588810e+02
4.700000000000000000e+02,4.400000000000000000e+02,1.055131426740214380e+02
4.700000000000000000e+02,4.500000000000000000e+02,1.053005588512085211e+02
4.700000000000000000e+02,4.600000000000000000e+02,1.050101530619597696e+02
4.700000000000000000e+02,4.700000000000000000e+02,1.046522799622318018e+02
4.700000000000000000e+02,4.800000000000000000e+02,1.042404276415023787e+02
4.700000000000000000e+02,4.900000000000000000e+02,1.037907551120362513e+02
4.700000000000000000e+02,5.000000000000000000e+02,1.033215070807120668e+02
4.700000000000000000e+02,5.100000000000000000e+02,1.028529480413489097e+02
4.700000000000000000e+02,5.200000000000000000e+02,1.024063562534742005e+02
4.700000000000000000e+02,5.300000000000000000e+02,1.019982084798263600e+02
4.700000000000000000e+02,5.400000000000000000e+02,1.016395600326514170e+02
4.700000000000000000e+02,5.500000000000000000e+02,1.013366561711394382e+02
4.700000000000000000e+02,5.600000000000000000e+02,1.010915286154427122e+02
4.700000000000000000e+02,5.700000000000000000e+02,1.009025771772758873e+02
4.700000000000000000e+02,5.800000000000000000e+02,1.007651365070976937e+02
4.700000000000000000e+02,5.900000000000000000e+02,1.006720279578746613e+02
4.700000000000000000e+02,6.000000000000000000e+02,1.006140965654265074e+02
4.700000000000000000e+02,6.100000000000000000e+02,1.005807331453533351e+02
4.700000000000000000e+02,6.200000000000000000e+02,1.005603815065447577e+02
4.700000000000000000e+02,6.300000000000000000e+02,1.005410307812706492e+02
4.700000000000000000e+02,6.400000000000000000e+02,1.005106928718537489e+02
4.700000000000000000e+02,6.500000000000000000e+02,1.004578650139241915e+02
4.700000000000000000e+02,6.600000000000000000e+02,1.003719774562556495e+02
4.700000000000000000e+02,6.700000000000000000e+02,1.002438262571833718e+02
4.700000000000000000e+02,6.800000000000000000e+02,1.000659911976040348e+02
4.700000000000000000e+02,6.900000000000000000e+02,9.983323881055733295e+01
4.700000000000000000e+02,7.000000000000000000e+02,9.954291052738942369e+01
4.700000000000000000e+02,7.100000000000000000e+02,9.919529594049816978e+01
4.700000000000000000e+02,7.200000000000000000e+02,9.879399118266006496e+01
4.700000000000000000e+02,7.300000000000000000e+02,9.834624242293918428e+01
4.700000000000000000e+02,7.400000000000000000e+02,9.786327447917774691e+01
4.700000000000000000e+02,7.500000000000000000e+02,9.736060454706847622e+01
4.700000000000000000e+02,7.600000000000000000e+02,9.684719282921675187e+01
4.700000000000000000e+02,7.700000000000000000e+02,9.629861480502658821e+01
4.700000000000000000e+02,7.800000000000000000e+02,9.569943871927972623e+01
4.700000000000000000e+02,7.900000000000000000e+02,9.505134812919963849e+01
4.700000000000000000e+02,8.000000000000000000e+02,9.436869067868056504e+01
4.700000000000000000e+02,8.100000000000000000e+02,9.367446854246625776e+01
4.700000000000000000e+02,8.200000000000000000e+02,9.299677054027847589e+01
4.700000000000000000e+02,8.300000000000000000e+02,9.236564592089500536e+01
4.700000000000000000e+02,8.400000000000000000e+02,9.181041981617752867e+01
4.700000000000000000e+02,8.500000000000000000e+02,9.135745036504906125e+01
4.700000000000000000e+02,8.600000000000000000e+02,9.102832750742118151e+01
4.700000000000000000e+02,8.700000000000000000e+02,9.083851344807081318e+01
4.700000000000000000e+02,8.800000000000000000e+02,9.079642479046677295e+01
4.700000000000000000e+02,8.900000000000000000e+02,9.090295634054606921e+01
4.700000000000000000e+02,9.000000000000000000e+02,9.115144658043966785e+01
4.700000000000000000e+02,9.100000000000000000e+02,9.152808481214825065e+01
4.700000000000000000e+02,9.200000000000000000e+02,9.201275997116729854e+01
4.700000000000000000e+02,9.300000000000000000e+02,9.258035111006223872e+01
4.700000000000000000e+02,9.400000000000000000e+02,9.320245955199293064e+01
4.700000000000000000e+02,9.500000000000000000e+02,9.384958271418808806e+01
4.700000000000000000e+02,9.600000000000000000e+02,9.449372960136925315e+01
4.700000000000000000e+02,9.700000000000000000e+02,9.511147796912449337e+01
4.700000000000000000e+02,9.800000000000000000e+02,9.568747315723177849e+01
4.700000000000000000e+02,9.900000000000000000e+02,9.621836859293206601e+01
4.800000000000000000e+02,0.000000000000000000e+00,9.934456305715642088e+01
4.800000000000000000e+02,1.000000000000000000e+01,9.825796374225248542e+01
4.800000000000000000e+02,2.000000000000000000e+01,9.720424334100437136e+01
4.800000000000000000e+02,3.000000000000000000e+01,9.621896444538437265e+01
4.800000000000000000e+02,4.000000000000000000e+01,9.533797794764976175e+01
4.800000000000000000e+02,5.000000000000000000e+01,9.459487951895103208e+01
4.800000000000000000e+02,6.000000000000000000e+01,9.401885998824080559e+01
4.800000000000000000e+02,7.000000000000000000e+01,9.363294962148323464e+01
4.800000000000000000e+02,8.000000000000000000e+01,9.345265630116415423e+01
4.800000000000000000e+02,9.000000000000000000e+01,9.348499760610172871e+01
4.800000000000000000e+02,1.000000000000000000e+02,9.372792679155774920e+01
4.800000000000000000e+02,1.100000000000000000e+02,9.417015266964959608e+01
4.800000000000000000e+02,1.200000000000000000e+02,9.479135339006268168e+01
4.800000000000000000e+02,1.300000000000000000e+02,9.556278412106365749e+01
4.800000000000000000e+02,1.400000000000000000e+02,9.644827863081407315e+01
4.800000000000000000e+02,1.500000000000000000e+02,9.740564476898477153e+01
4.800000000000000000e+02,1.600000000000000000e+02,9.838845384867082089e+01
4.800000000000000000e+02,1.700000000000000000e+02,9.934822392860711204e+01
4.800000000000000000e+02,1.800000000000000000e+02,1.002369969956844358e+02
4.800000000000000000e+02,1.900000000000000000e+02,1.010103100477664100e+02
4.800000000000000000e+02,2.000000000000000000e+02,1.016305600768067450e+02
4.800000000000000000e+02,2.100000000000000000e+02,1.020707629522672732e+02
4.800000000000000000e+02,2.200000000000000000e+02,1.023187062048366442e+02
4.800000000000000000e+02,2.300000000000000000e+02,1.023814957104493288e+02
4.800000000000000000e+02,2.400000000000000000e+02,1.022904962746057294e+02
4.800000000000000000e+02,2.500000000000000000e+02,1.021066661169923862e+02
4.800000000000000000e+02,2.600000000000000000e+02,1.019122088843025864e+02
4.800000000000000000e+02,2.700000000000000000e+02,1.017547938223727328e+02
4.800000000000000000e+02,2.800000000000000000e+02,1.016597474511937804e+02
4.800000000000000000e+02,2.900000000000000000e+02,1.016413603010842763e+02
4.800000000000000000e+02,3.000000000000000000e+02,1.017046975010458851e+02
4.800000000000000000e+02,3.100000000000000000e+02,1.018472904577090219e+02
4.800000000000000000e+02,3.200000000000000000e+02,1.020607096248685366e+02
4.800000000000000000e+02,3.300000000000000000e+02,1.023320183636095635e+02
4.800000000000000000e+02,3.400000000000000000e+02,1.026451078930234928e+02
4.800000000000000000e+02,3.500000000000000000e+02,1.029819133315139936e+02
4.800000000000000000e+02,3.600000000000000000e+02,1.033235108286932302e+02
4.800000000000000000e+02,3.700000000000000000e+02,1.036510957878681154e+02
4.800000000000000000e+02,3.800000000000000000e+02,1.039468421791167714e+02
4.800000000000000000e+02,3.900000000000000000e+02,1.041946429429549426e+02
4.800000000000000000e+02,4.000000000000000000e+02,1.043807314845927152e+02
4.800000000000000000e+02,4.100000000000000000e+02,1.044941842587812033e+02
4.800000000000000000e+02,4.200000000000000000e+02,1.045273044452494418e+02
4.800000000000000000e+02,4.300000000000000000e+02,1.044758867147312884e+02
4.800000000000000000e+02,4.400000000000000000e+02,1.043393630855825762e+02
4.800000000000000000e+02,4.500000000000000000e+02,1.041208298709882456e+02
4.800000000000000000e+02,4.600000000000000000e+02,1.038269557167596560e+02
4.800000000000000000e+02,4.700000000000000000e+02,1.034677707297220479e+02
4.800000000000000000e+02,4.800000000000000000e+02,1.030563366966920000e+02
4.800000000000000000e+02,4.900000000000000000e+02,1.026082983940451356e+02
4.800000000000000000e+02,5.000000000000000000e+02,1.021413159878737957e+02
4.800000000000000000e+02,5.100000000000000000e+02,1.016763228453392287e+02
4.800000000000000000e+02,5.200000000000000000e+02,1.012398527016619880e+02
4.800000000000000000e+02,5.300000000000000000e+02,1.008533595744459603e+02
4.800000000000000000e+02,5.400000000000000000e+02,1.005313043777395734e+02
4.800000000000000000e+02,5.500000000000000000e+02,1.002819297291338074e+02
4.800000000000000000e+02,5.600000000000000000e+02,1.001080177242012041e+02
4.800000000000000000e+02,5.700000000000000000e+02,1.000076306782759445e+02
4.800000000000000000e+02,5.800000000000000000e+02,9.997483483557500961e+01
4.800000000000000000e+02,5.900000000000000000e+02,1.000004070456603245e+02
4.800000000000000000e+02,6.000000000000000000e+02,1.000725244072419997e+02
4.800000000000000000e+02,6.100000000000000000e+02,1.001774368793225563e+02
4.800000000000000000e+02,6.200000000000000000e+02,1.003001228596823040e+02
4.800000000000000000e+02,6.300000000000000000e+02,1.004249277307056474e+02
4.800000000000000000e+02,6.400000000000000000e+02,1.005361853725485020e+02
4.800000000000000000e+02,6.500000000000000000e+02,1.006188226436467517e+02
4.800000000000000000e+02,6.600000000000000000e+02,1.006589468285657603e+02
4.800000000000000000e+02,6.700000000000000000e+02,1.006444160531909375e+02
4.800000000000000000e+02,6.800000000000000000e+02,1.005653926672592604e+02
4.800000000000000000e+02,6.900000000000000000e+02,1.004148795942319765e+02
4.800000000000000000e+02,7.000000000000000000e+02,1.001892396485082628e+02
4.800000000000000000e+02,7.100000000000000000e+02,9.988869781997999553e+01
4.800000000000000000e+02,7.200000000000000000e+02,9.951782652592746103e+01
4.800000000000000000e+02,7.300000000000000000e+02,9.908601383025623477e+01
4.800000000000000000e+02,7.400000000000000000e+02,9.860791463007507218e+01
4.800000000000000000e+02,7.500000000000000000e+02,9.810388480961474045e+01
4.800000000000000000e+02,7.600000000000000000e+02,9.758828010511625450e+01
4.800000000000000000e+02,7.700000000000000000e+02,9.703912109500498673e+01
4.800000000000000000e+02,7.800000000000000000e+02,9.644221210590605153e+01
4.800000000000000000e+02,7.900000000000000000e+02,9.580009573915171472e+01
4.800000000000000000e+02,8.000000000000000000e+02,9.512763794951713692e+01
4.800000000000000000e+02,8.100000000000000000e+02,9.444805473188671385e+01
4.800000000000000000e+02,8.200000000000000000e+02,9.378938041585098517e+01
4.800000000000000000e+02,8.300000000000000000e+02,9.318137756823422535e+01
4.800000000000000000e+02,8.400000000000000000e+02,9.265288850355248940e+01
4.800000000000000000e+02,8.500000000000000000e+02,9.222962840240241178e+01
4.800000000000000000e+02,8.600000000000000000e+02,9.193242003778053117e+01
4.800000000000000000e+02,8.700000000000000000e+02,9.177587010933319789e+01
4.800000000000000000e+02,8.800000000000000000e+02,9.176748718553714923e+01
4.800000000000000000e+02,8.900000000000000000e+02,9.190724125381065335e+01
4.800000000000000000e+02,9.000000000000000000e+02,9.218756487855517889e+01
4.800000000000000000e+02,9.100000000000000000e+02,9.259379596712781790e+01
4.800000000000000000e+02,9.200000000000000000e+02,9.310506214374419187e+01
4.800000000000000000e+02,9.300000000000000000e+02,9.369560673131198314e+01
4.800000000000000000e+02,9.400000000000000000e+02,9.433655634119510580e+01
4.800000000000000000e+02,9.500000000000000000e+02,9.499813007090843087e+01
4.800000000000000000e+02,9.600000000000000000e+02,9.565229030974313673e+01
4.800000000000000000e+02,9.700000000000000000e+02,9.627583515232268496e+01
4.800000000000000000e+02,9.800000000000000000e+02,9.685393242008929349e+01
4.800000000000000000e+02,9.900000000000000000e+02,9.738409529072119142e+01
4.900000000000000000e+02,0.000000000000000000e+00,9.969700604620399531e+01
4.900000000000000000e+02,1.000000000000000000e+01,9.860885851017285120e+01
4.900000000000000000e+02,2.000000000000000000e+01,9.754926029606954785e+01
4.900000000000000000e+02,3.000000000000000000e+01,9.655042961962070081e+01
4.900000000000000000e+02,4.000000000000000000e+01,9.564586682067690049e+01
4.900000000000000000e+02,5.000000000000000000e+01,9.486772108922072277e+01
4.900000000000000000e+02,6.000000000000000000e+01,9.424455032498441653e+01
4.900000000000000000e+02,7.000000000000000000e+01,9.379947413067719708e+01
4.900000000000000000e+02,8.000000000000000000e+01,9.354871993882221659e+01
4.900000000000000000e+02,9.000000000000000000e+01,9.350056227220322569e+01
4.900000000000000000e+02,1.000000000000000000e+02,9.365465513792076990e+01
4.900000000000000000e+02,1.100000000000000000e+02,9.400175755505821940e+01
4.900000000000000000e+02,1.200000000000000000e+02,9.452385221595729092e+01
4.900000000000000000e+02,1.300000000000000000e+02,9.519465728110331781e+01
4.900000000000000000e+02,1.400000000000000000e+02,9.598053130762011165e+01
4.900000000000000000e+02,1.500000000000000000e+02,9.684177131137452932e+01
4.900000000000000000e+02,1.600000000000000000e+02,9.773430396269068865e+01
4.900000000000000000e+02,1.700000000000000000e+02,9.861176991567381833e+01
4.900000000000000000e+02,1.800000000000000000e+02,9.942800127114371378e+01
4.900000000000000000e+02,1.900000000000000000e+02,1.001398921731779836e+02
4.900000000000000000e+02,2.000000000000000000e+02,1.007106625392648027e+02
4.900000000000000000e+02,2.100000000000000000e+02,1.011135149240653845e+02
4.900000000000000000e+02,2.200000000000000000e+02,1.013356845167862019e+02
4.900000000000000000e+02,2.300000000000000000e+02,1.013828822721605434e+02
4.900000000000000000e+02,2.400000000000000000e+02,1.012841311750402440e+02
4.900000000000000000e+02,2.500000000000000000e+02,1.010969956385964821e+02
4.900000000000000000e+02,2.600000000000000000e+02,1.008999743149860677e+02
4.900000000000000000e+02,2.700000000000000000e+02,1.007396443754071527e+02
4.900000000000000000e+02,2.800000000000000000e+02,1.006411029594269877e+02
4.900000000000000000e+02,2.900000000000000000e+02,1.006185237893899114e+02
4.900000000000000000e+02,3.000000000000000000e+02,1.006769472940868866e+02
4.900000000000000000e+02,3.100000000000000000e+02,1.008139533484005881e+02
4.900000000000000000e+02,3.200000000000000000e+02,1.010212166289260409e+02
4.900000000000000000e+02,3.300000000000000000e+02,1.012859445855667531e+02
4.900000000000000000e+02,3.400000000000000000e+02,1.015921980291064273e+02
4.900000000000000000e+02,3.500000000000000000e+02,1.019220943347562240e+02
4.900000000000000000e+02,3.600000000000000000e+02,1.022568932616774759e+02
4.900000000000000000e+02,3.700000000000000000e+02,1.025779653884800808e+02
4.900000000000000000e+02,3.800000000000000000e+02,1.028676431646962612e+02
4.900000000000000000e+02,3.900000000000000000e+02,1.031099545782300311e+02
4.900000000000000000e+02,4.000000000000000000e+02,1.032912394387820854e+02
4.900000000000000000e+02,4.100000000000000000e+02,1.034006482772502551e+02
4.900000000000000000e+02,4.200000000000000000e+02,1.034305238611055131e+02
4.900000000000000000e+02,4.300000000000000000e+02,1.033766653257435593e+02
4.900000000000000000e+02,4.400000000000000000e+02,1.032384749218118287e+02
4.900000000000000000e+02,4.500000000000000000e+02,1.030189873785121364e+02
4.900000000000000000e+02,4.600000000000000000e+02,1.027247818828788439e+02
4.900000000000000000e+02,4.700000000000000000e+02,1.023657766750325635e+02
4.900000000000000000e+02,4.800000000000000000e+02,1.019549062594093130e+02
4.900000000000000000e+02,4.900000000000000000e+02,1.015076812319653641e+02
4.900000000000000000e+02,5.000000000000000000e+02,1.010416307233574997e+02
4.900000000000000000e+02,5.100000000000000000e+02,1.005788078265484558e+02
4.900000000000000000e+02,5.200000000000000000e+02,1.001512248112929626e+02
4.900000000000000000e+02,5.300000000000000000e+02,9.978547041746357138e+01
4.900000000000000000e+02,5.400000000000000000e+02,9.949955707631858104e+01
4.900000000000000000e+02,5.500000000000000000e+02,9.930385199823852815e+01
4.900000000000000000e+02,5.600000000000000000e+02,9.920199036688046590e+01
4.900000000000000000e+02,5.700000000000000000e+02,9.919177063975001829e+01
4.900000000000000000e+02,5.800000000000000000e+02,9.926603195519113854e+01
4.900000000000000000e+02,5.900000000000000000e+02,9.941351364579372785e+01
4.900000000000000000e+02,6.000000000000000000e+02,9.961969685821902942e+01
4.900000000000000000e+02,6.100000000000000000e+02,9.986762827944271237e+01
4.900000000000000000e+02,6.200000000000000000e+02,1.001387259694158729e+02
4.900000000000000000e+02,6.300000000000000000e+02,1.004135673001436402e+02
4.900000000000000000e+02,6.400000000000000000e+02,1.006726590011816995e+02
4.900000000000000000e+02,6.500000000000000000e+02,1.008971893115505623e+02
4.900000000000000000e+02,6.600000000000000000e+02,1.010697622380675398e+02
4.900000000000000000e+02,6.700000000000000000e+02,1.011751139200965923e+02
4.900000000000000000e+02,6.800000000000000000e+02,1.012008111007158391e+02
4.900000000000000000e+02,6.900000000000000000e+02,1.011379317043030426e+02
4.900000000000000000e+02,7.000000000000000000e+02,1.009817275205385840e+02
4.900000000000000000e+02,7.100000000000000000e+02,1.007322689948265122e+02
4.900000000000000000e+02,7.200000000000000000e+02,1.003950721251331402e+02
4.900000000000000000e+02,7.300000000000000000e+02,9.998170746524350250e+01
4.900000000000000000e+02,7.400000000000000000e+02,9.951039123443571555e+01
4.900000000000000000e+02,7.500000000000000000e+02,9.900655853357282865e+01
4.900000000000000000e+02,7.600000000000000000e+02,9.849008523486772049e+01
4.900000000000000000e+02,7.700000000000000000e+02,9.794075768084165645e+01
4.900000000000000000e+02,7.800000000000000000e+02,9.734491705129990180e+01
4.900000000000000000e+02,7.900000000000000000e+02,9.670547910520492962e+01
4.900000000000000000e+02,8.000000000000000000e+02,9.603753500815099642e+01
4.900000000000000000e+02,8.100000000000000000e+02,9.536439374292643834e+01
4.900000000000000000e+02,8.200000000000000000e+02,9.471406610316344654e+01
4.900000000000000000e+02,8.300000000000000000e+02,9.411619027007539273e+01
4.900000000000000000e+02,8.400000000000000000e+02,9.359939897228173322e+01
4.900000000000000000e+02,8.500000000000000000e+02,9.318912822872056267e+01
4.900000000000000000e+02,8.600000000000000000e+02,9.290586767464856166e+01
4.900000000000000000e+02,8.700000000000000000e+02,9.276385247072866491e+01
4.900000000000000000e+02,8.800000000000000000e+02,9.277019679520516604e+01
4.900000000000000000e+02,8.900000000000000000e+02,9.292446891916650031e+01
4.900000000000000000e+02,9.000000000000000000e+02,9.321870786489546390e+01
4.900000000000000000e+02,9.100000000000000000e+02,9.363788164730712538e+01
4.900000000000000000e+02,9.200000000000000000e+02,9.416078709847421635e+01
4.900000000000000000e+02,9.300000000000000000e+02,9.476139127524005801e+01
4.900000000000000000e+02,9.400000000000000000e+02,9.541061444991916574e+01
4.900000000000000000e+02,9.500000000000000000e+02,9.607855468408531863e+01
4.900000000000000000e+02,9.600000000000000000e+02,9.673715398544717914e+01
4.900000000000000000e+02,9.700000000000000000e+02,9.736330604781157660e+01
4.900000000000000000e+02,9.800000000000000000e+02,9.794240557413422721e+01
4.900000000000000000e+02,9.900000000000000000e+02,9.847233918265814623e+01
5.000000000000000000e+02,0.000000000000000000e+00,1.000000000000000000e+02
5.000000000000000000e+02,1.000000000000000000e+01,9.891089762681163222e+01
5.000000000000000000e+02,2.000000000000000000e+01,9.784572518852884571e+01
5.000000000000000000e+02,3.000000000000000000e+01,9.683315101762352128e+01
5.000000000000000000e+02,4.000000000000000000e+01,9.590420005433277595e+01
5.000000000000000000e+02,5.000000000000000000e+01,9.508951899265892393e+01
5.000000000000000000e+02,6.000000000000000000e+01,9.441703444228674869e+01
5.000000000000000000e+02,7.000000000000000000e+01,9.391000410641827045e+01
5.000000000000000000e+02,8.000000000000000000e+01,9.358546097552473952e+01
5.000000000000000000e+02,9.000000000000000000e+01,9.345305053701606823e+01
5.000000000000000000e+02,1.000000000000000000e+02,9.351426100082758808e+01
5.000000000000000000e+02,1.100000000000000000e+02,9.376204654092417456e+01
5.000000000000000000e+02,1.200000000000000000e+02,9.418084355272175401e+01
5.000000000000000000e+02,1.300000000000000000e+02,9.474697992642613542e+01
5.000000000000000000e+02,1.400000000000000000e+02,9.542947733628915330e+01
5.000000000000000000e+02,1.500000000000000000e+02,9.619124654578234868e+01
5.000000000000000000e+02,1.600000000000000000e+02,9.699067572868779052e+01
5.000000000000000000e+02,1.700000000000000000e+02,9.778361180610637859e+01
5.000000000000000000e+02,1.800000000000000000e+02,9.852573479938351397e+01
5.000000000000000000e+02,1.900000000000000000e+02,9.917532519895205212e+01
5.000000000000000000e+02,2.000000000000000000e+02,9.969642434909270889e+01
5.000000000000000000e+02,2.100000000000000000e+02,1.000623878486116780e+02
5.000000000000000000e+02,2.200000000000000000e+02,1.002598319674358720e+02
5.000000000000000000e+02,2.300000000000000000e+02,1.002929730791251330e+02
5.000000000000000000e+02,2.400000000000000000e+02,1.001883601093022662e+02
5.000000000000000000e+02,2.500000000000000000e+02,1.000000000000000000e+02
5.000000000000000000e+02,2.600000000000000000e+02,9.980262673380948968e+01
5.000000000000000000e+02,2.700000000000000000e+02,9.964212074794714624e+01
5.000000000000000000e+02,2.800000000000000000e+02,9.954372037005389018e+01
5.000000000000000000e+02,2.900000000000000000e+02,9.952170423373812014e+01
5.000000000000000000e+02,3.000000000000000000e+02,9.958118336148569938e+01
5.000000000000000000e+02,3.100000000000000000e+02,9.971977609770254958e+01
5.000000000000000000e+02,3.200000000000000000e+02,9.992916589188988041e+01
5.000000000000000000e+02,3.300000000000000000e+02,1.001965419319520265e+02
5.000000000000000000e+02,3.400000000000000000e+02,1.005059226276368918e+02
5.000000000000000000e+02,3.500000000000000000e+02,1.008393619441090010e+02
5.000000000000000000e+02,3.600000000000000000e+02,1.011780385856551732e+02
5.000000000000000000e+02,3.700000000000000000e+02,1.015032280295228304e+02
5.000000000000000000e+02,3.800000000000000000e+02,1.017971574098908576e+02
5.000000000000000000e+02,3.900000000000000000e+02,1.020437432519731118e+02
5.000000000000000000e+02,4.000000000000000000e+02,1.022292120562545676e+02
5.000000000000000000e+02,4.100000000000000000e+02,1.023426037328600415e+02
5.000000000000000000e+02,4.200000000000000000e+02,1.023761578860555517e+02
5.000000000000000000e+02,4.300000000000000000e+02,1.023255829488822144e+02
5.000000000000000000e+02,4.400000000000000000e+02,1.021902081679228900e+02
5.000000000000000000e+02,4.500000000000000000e+02,1.019730184382013363e+02
5.000000000000000000e+02,4.600000000000000000e+02,1.016805719882139982e+02
5.000000000000000000e+02,4.700000000000000000e+02,1.013228009150944331e+02
5.000000000000000000e+02,4.800000000000000000e+02,1.009126945699103004e+02
5.000000000000000000e+02,4.900000000000000000e+02,1.004658657930930161e+02
5.000000000000000000e+02,5.000000000000000000e+02,1.000000000000000000e+02
5.000000000000000000e+02,5.100000000000000000e+02,9.953855069438475311e+01
5.000000000000000000e+02,5.200000000000000000e+02,9.911910974721406831e+01
5.000000000000000000e+02,5.300000000000000000e+02,9.877345932449439658e+01
5.000000000000000000e+02,5.400000000000000000e+02,9.852322476501949211e+01
5.000000000000000000e+02,5.500000000000000000e+02,9.838095703785309354e+01
5.000000000000000000e+02,5.600000000000000000e+02,9.835119717407178541e+01
5.000000000000000000e+02,5.700000000000000000e+02,9.843152267276802547e+01
5.000000000000000000e+02,5.800000000000000000e+02,9.861357588131343732e+01
5.000000000000000000e+02,5.900000000000000000e+02,9.888407434988214106e+01
5.000000000000000000e+02,6.000000000000000000e+02,9.922580316023437774e+01
5.000000000000000000e+02,6.100000000000000000e+02,9.961858922876024280e+01
5.000000000000000000e+02,6.200000000000000000e+02,1.000402575837836565e+02
5.000000000000000000e+02,6.300000000000000000e+02,1.004675696171264576e+02
5.000000000000000000e+02,6.400000000000000000e+02,1.008771433099327197e+02
5.000000000000000000e+02,6.500000000000000000e+02,1.012463554327531767e+02
5.000000000000000000e+02,6.600000000000000000e+02,1.015542257198899563e+02
5.000000000000000000e+02,6.700000000000000000e+02,1.017822830180013085e+02
5.000000000000000000e+02,6.800000000000000000e+02,1.019154134089667139e+02
5.000000000000000000e+02,6.900000000000000000e+02,1.019426903070120147e+02
5.000000000000000000e+02,7.000000000000000000e+02,1.018581865300947555e+02
5.000000000000000000e+02,7.100000000000000000e+02,1.016617683455498025e+02
5.000000000000000000e+02,7.200000000000000000e+02,1.013598714899949869e+02
5.000000000000000000e+02,7.300000000000000000e+02,1.009662591634970568e+02
5.000000000000000000e+02,7.400000000000000000e+02,1.005027619979977516e+02
5.000000000000000000e+02,7.500000000000000000e+02,1.000000000000000000e+02
5.000000000000000000e+02,7.600000000000000000e+02,9.948339956681103047e+01
5.000000000000000000e+02,7.700000000000000000e+02,9.893408653349807480e+01
5.000000000000000000e+02,7.800000000000000000e+02,9.833851074390754832e+01
5.000000000000000000e+02,7.900000000000000000e+02,9.769966352174279223e+01
5.000000000000000000e+02,8.000000000000000000e+02,9.703268167471263439e+01
5.000000000000000000e+02,8.100000000000000000e+02,9.636089307795369052e+01
5.000000000000000000e+02,8.200000000000000000e+02,9.571230383672684638e+01
5.000000000000000000e+02,8.300000000000000000e+02,9.511652702838762252e+01
5.000000000000000000e+02,8.400000000000000000e+02,9.460215302363056367e+01
5.000000000000000000e+02,8.500000000000000000e+02,9.419456138700761016e+01
5.000000000000000000e+02,8.600000000000000000e+02,9.391417435672049407e+01
5.000000000000000000e+02,8.700000000000000000e+02,9.377515190368697517e+01
5.000000000000000000e+02,8.800000000000000000e+02,9.378452836988125796e+01
5.000000000000000000e+02,8.900000000000000000e+02,9.394179068594831961e+01
5.000000000000000000e+02,9.000000000000000000e+02,9.423889816809209208e+01
5.000000000000000000e+02,9.100000000000000000e+02,9.466074389423785362e+01
5.000000000000000000e+02,9.200000000000000000e+02,9.518605765946850283e+01
5.000000000000000000e+02,9.300000000000000000e+02,9.578875051073470104e+01
5.000000000000000000e+02,9.400000000000000000e+02,9.643970086083923832e+01
5.000000000000000000e+02,9.500000000000000000e+02,9.710898218169522522e+01
5.000000000000000000e+02,9.600000000000000000e+02,9.776853227685823811e+01
5.000000000000000000e+02,9.700000000000000000e+02,9.839526413333263122e+01
5.000000000000000000e+02,9.800000000000000000e+02,9.897461835265163188e+01
5.000000000000000000e+02,9.900000000000000000e+02,9.950455716123157401e+01
5.100000000000000000e+02,0.000000000000000000e+00,1.002790824010523352e+02
5.100000000000000000e+02,1.000000000000000000e+01,9.919014151678371150e+01
5.100000000000000000e+02,2.000000000000000000e+01,9.812043311689812697e+01
5.100000000000000000e+02,3.000000000000000000e+01,9.709500948694450528e+01
5.100000000000000000e+02,4.000000000000000000e+01,9.614236740296392725e+01
5.100000000000000000e+02,5.000000000000000000e+01,9.529161193959384946e+01
5.100000000000000000e+02,6.000000000000000000e+01,9.457001293871431358e+01
5.100000000000000000e+02,7.000000000000000000e+01,9.400095413863628835e+01
5.100000000000000000e+02,8.000000000000000000e+01,9.360227496383220114e+01
5.100000000000000000e+02,9.000000000000000000e+01,9.338500497520843169e+01
5.100000000000000000e+02,1.000000000000000000e+02,9.335249098092006648e+01
5.100000000000000000e+02,1.100000000000000000e+02,9.349991680772761526e+01
5.100000000000000000e+02,1.200000000000000000e+02,9.381421573289588878e+01
5.100000000000000000e+02,1.300000000000000000e+02,9.427437557663508017e+01
5.100000000000000000e+02,1.400000000000000000e+02,9.485213645508373759e+01
5.100000000000000000e+02,1.500000000000000000e+02,9.551308119383406847e+01
5.100000000000000000e+02,1.600000000000000000e+02,9.621811840199916332e+01
5.100000000000000000e+02,1.700000000000000000e+02,9.692535820682248016e+01
5.100000000000000000e+02,1.800000000000000000e+02,9.759238064882927688e+01
5.100000000000000000e+02,1.900000000000000000e+02,9.817889673752030433e+01
5.100000000000000000e+02,2.000000000000000000e+02,9.864980216760748988e+01
5.100000000000000000e+02,2.100000000000000000e+02,9.897862369579178221e+01
5.100000000000000000e+02,2.200000000000000000e+02,9.915135817808308616e+01
5.100000000000000000e+02,2.300000000000000000e+02,9.917070426766224500e+01
5.100000000000000000e+02,2.400000000000000000e+02,9.906068677328532601e+01
5.100000000000000000e+02,2.500000000000000000e+02,9.887167367822971187e+01
5.100000000000000000e+02,2.600000000000000000e+02,9.867456907251347786e+01
5.100000000000000000e+02,2.700000000000000000e+02,9.851465652378244897e+01
5.100000000000000000e+02,2.800000000000000000e+02,9.841741771861451582e+01
5.100000000000000000e+02,2.900000000000000000e+02,9.839729430826500334e+01
5.100000000000000000e+02,3.000000000000000000e+02,9.845948910796978737e+01
5.100000000000000000e+02,3.100000000000000000e+02,9.860164991705396176e+01
5.100000000000000000e+02,3.200000000000000000e+02,9.881543595984605588e+01
5.100000000000000000e+02,3.300000000000000000e+02,9.908796694739783106e+01
5.100000000000000000e+02,3.400000000000000000e+02,9.940315476000962747e+01
5.100000000000000000e+02,3.500000000000000000e+02,9.974291775056136089e+01
5.100000000000000000e+02,3.600000000000000000e+02,1.000882776686488995e+02
5.100000000000000000e+02,3.700000000000000000e+02,1.004203392055262611e+02
5.100000000000000000e+02,3.800000000000000000e+02,1.007211521598531618e+02
5.100000000000000000e+02,3.900000000000000000e+02,1.009744562242482289e+02
5.100000000000000000e+02,4.000000000000000000e+02,1.011663083926477782e+02
5.100000000000000000e+02,4.100000000000000000e+02,1.012855929884701567e+02
5.100000000000000000e+02,4.200000000000000000e+02,1.013244143135856206e+02
5.100000000000000000e+02,4.300000000000000000e+02,1.012783719180918069e+02
5.100000000000000000e+02,4.400000000000000000e+02,1.011467184908948127e+02
5.100000000000000000e+02,4.500000000000000000e+02,1.009324003710957243e+02
5.100000000000000000e+02,4.600000000000000000e+02,1.006419806801828400e+02
5.100000000000000000e+02,4.700000000000000000e+02,1.002854450750294006e+02
5.100000000000000000e+02,4.800000000000000000e+02,9.987589012169688374e+01
5.100000000000000000e+02,4.900000000000000000e+02,9.942909429004389210e+01
5.100000000000000000e+02,5.000000000000000000e+02,9.896297156914054938e+01
5.100000000000000000e+02,5.100000000000000000e+02,9.850244927330845712e+01
5.100000000000000000e+02,5.200000000000000000e+02,9.809075128389078202e+01
5.100000000000000000e+02,5.300000000000000000e+02,9.776489247093775248e+01
5.100000000000000000e+02,5.400000000000000000e+02,9.755014147311337069e+01
5.100000000000000000e+02,5.500000000000000000e+02,9.746125468124428437e+01
5.100000000000000000e+02,5.600000000000000000e+02,9.750369217198199578e+01
5.100000000000000000e+02,5.700000000000000000e+02,9.767481559157818083e+01
5.100000000000000000e+02,5.800000000000000000e+02,9.796506798977338804e+01
5.100000000000000000e+02,5.900000000000000000e+02,9.835913560379890441e+01
5.100000000000000000e+02,6.000000000000000000e+02,9.883709159249177389e+01
5.100000000000000000e+02,6.100000000000000000e+02,9.937552172052326682e+01
5.100000000000000000e+02,6.200000000000000000e+02,9.994863199274038834e+01
5.100000000000000000e+02,6.300000000000000000e+02,1.005293382386207099e+02
5.100000000000000000e+02,6.400000000000000000e+02,1.010903376468404957e+02
5.100000000000000000e+02,6.500000000000000000e+02,1.016051622499558960e+02
5.100000000000000000e+02,6.600000000000000000e+02,1.020492143591975776e+02
5.100000000000000000e+02,6.700000000000000000e+02,1.024007839493785070e+02
5.100000000000000000e+02,6.800000000000000000e+02,1.026420479939148862e+02
5.100000000000000000e+02,6.900000000000000000e+02,1.027600517499605104e+02
5.100000000000000000e+02,7.000000000000000000e+02,1.027476719936542082e+02
5.100000000000000000e+02,7.100000000000000000e+02,1.026045622054805762e+02
5.100000000000000000e+02,7.200000000000000000e+02,1.023380797057439935e+02
5.100000000000000000e+02,7.300000000000000000e+02,1.019641947401557900e+02
5.100000000000000000e+02,7.400000000000000000e+02,1.015083815155347509e+02
5.100000000000000000e+02,7.500000000000000000e+02,1.010064911856207459e+02
5.100000000000000000e+02,7.600000000000000000e+02,1.004895400923764441e+02
5.100000000000000000e+02,7.700000000000000000e+02,9.993994612459930238e+01
5.100000000000000000e+02,7.800000000000000000e+02,9.934420771320857568e+01
5.100000000000000000e+02,7.900000000000000000e+02,9.870534470026476015e+01
5.100000000000000000e+02,8.000000000000000000e+02,9.803850546120035858e+01
5.100000000000000000e+02,8.100000000000000000e+02,9.736701541739886068e+01
5.100000000000000000e+02,8.200000000000000000e+02,9.671886693912189514e+01
5.100000000000000000e+02,8.300000000000000000e+02,9.612365063878455373e+01
5.100000000000000000e+02,8.400000000000000000e+02,9.560992805457892985e+01
5.100000000000000000e+02,8.500000000000000000e+02,9.520304572444574376e+01
5.100000000000000000e+02,8.600000000000000000e+02,9.492339065039429613e+01
5.100000000000000000e+02,8.700000000000000000e+02,9.478508715317040867e+01
5.100000000000000000e+02,8.800000000000000000e+02,9.479513511727270725e+01
5.100000000000000000e+02,8.900000000000000000e+02,9.495298962631700590e+01
5.100000000000000000e+02,9.000000000000000000e+02,9.525058198874886273e+01
5.100000000000000000e+02,9.100000000000000000e+02,9.567278215390433616e+01
5.100000000000000000e+02,9.200000000000000000e+02,9.619830251841894153e+01
5.100000000000000000e+02,9.300000000000000000e+02,9.680104312298472280e+01
5.100000000000000000e+02,9.400000000000000000e+02,9.745187823945552452e+01
5.100000000000000000e+02,9.500000000000000000e+02,9.812088434830052108e+01
5.100000000000000000e+02,9.600000000000000000e+02,9.878000950640578992e+01
5.100000000000000000e+02,9.700000000000000000e+02,9.940618410522415616e+01
5.100000000000000000e+02,9.800000000000000000e+02,9.998487301927315229e+01
5.100000000000000000e+02,9.900000000000000000e+02,1.005140691449812778e+02
5.200000000000000000e+02,0.000000000000000000e+00,1.004832434043756706e+02
5.200000000000000000e+02,1.000000000000000000e+01,9.940002785708915667e+01
5.200000000000000000e+02,2.000000000000000000e+01,9.833121438209280996e+01
5.200000000000000000e+02,3.000000000000000000e+01,9.729808579707454896e+01
5.200000000000000000e+02,4.000000000000000000e+01,9.632644872235852063e+01
5.200000000000000000e+02,5.000000000000000000e+01,9.544370938488142997e+01
5.200000000000000000e+02,6.000000000000000000e+01,9.467633976766555293e+01
5.200000000000000000e+02,7.000000000000000000e+01,9.404773410478873075e+01
5.200000000000000000e+02,8.000000000000000000e+01,9.357645572185111860e+01
5.200000000000000000e+02,9.000000000000000000e+01,9.327487422193863154e+01
5.200000000000000000e+02,1.000000000000000000e+02,9.314819301708344312e+01
5.200000000000000000e+02,1.100000000000000000e+02,9.319386720522105350e+01
5.200000000000000000e+02,1.200000000000000000e+02,9.340141179264431059e+01
5.200000000000000000e+02,1.300000000000000000e+02,9.375260026195424246e+01
5.200000000000000000e+02,1.400000000000000000e+02,9.422205348550765791e+01
5.200000000000000000e+02,1.500000000000000000e+02,9.477821898436155834e+01
5.200000000000000000e+02,1.600000000000000000e+02,9.538474053271440312e+01
5.200000000000000000e+02,1.700000000000000000e+02,9.600221810784418608e+01
5.200000000000000000e+02,1.800000000000000000e+02,9.659035818554326625e+01
5.200000000000000000e+02,1.900000000000000000e+02,9.711051438105010902e+01
5.200000000000000000e+02,2.000000000000000000e+02,9.752861843547773901e+01
5.200000000000000000e+02,2.100000000000000000e+02,9.781850154773907491e+01
5.200000000000000000e+02,2.200000000000000000e+02,9.796560605196910387e+01
5.200000000000000000e+02,2.300000000000000000e+02,9.797108744044372486e+01
5.200000000000000000e+02,2.400000000000000000e+02,9.785630673199561613e+01
5.200000000000000000e+02,2.500000000000000000e+02,9.766771318592672912e+01
5.200000000000000000e+02,2.600000000000000000e+02,9.747208055090338519e+01
5.200000000000000000e+02,2.700000000000000000e+02,9.731422168639410586e+01
5.200000000000000000e+02,2.800000000000000000e+02,9.722002579094007046e+01
5.200000000000000000e+02,2.900000000000000000e+02,9.720417625751407797e+01
5.200000000000000000e+02,3.000000000000000000e+02,9.727197720298424599e+01
5.200000000000000000e+02,3.100000000000000000e+02,9.742106112446245447e+01
5.200000000000000000e+02,3.200000000000000000e+02,9.764297768253743470e+01
5.200000000000000000e+02,3.300000000000000000e+02,9.792466361139275932e+01
5.200000000000000000e+02,3.400000000000000000e+02,9.824979375580934970e+01
5.200000000000000000e+02,3.500000000000000000e+02,9.860001323505288440e+01
5.200000000000000000e+02,3.600000000000000000e+02,9.895605073364586701e+01
5.200000000000000000e+02,3.700000000000000000e+02,9.929871291902449570e+01
5.200000000000000000e+02,3.800000000000000000e+02,9.960975998608010684e+01
5.200000000000000000e+02,3.900000000000000000e+02,9.987266232858556236e+01
5.200000000000000000e+02,4.000000000000000000e+02,1.000732383375061971e+02
5.200000000000000000e+02,4.100000000000000000e+02,1.002001733261955820e+02
5.200000000000000000e+02,4.200000000000000000e+02,1.002454195824760603e+02
5.200000000000000000e+02,4.300000000000000000e+02,1.002044775476038723e+02
5.200000000000000000e+02,4.400000000000000000e+02,1.000765581221191525e+02
5.200000000000000000e+02,4.500000000000000000e+02,9.986462609858064354e+01
5.200000000000000000e+02,4.600000000000000000e+02,9.957532472118499811e+01
5.200000000000000000e+02,4.700000000000000000e+02,9.921878137227109562e+01
5.200000000000000000e+02,4.800000000000000000e+02,9.880829438570872014e+01
5.200000000000000000e+02,4.900000000000000000e+02,9.835990098717235242e+01
5.200000000000000000e+02,5.000000000000000000e+02,9.789182636129940818e+01
5.200000000000000000e+02,5.100000000000000000e+02,9.743056352262208009e+01
5.200000000000000000e+02,5.200000000000000000e+02,9.702514233395102394e+01
5.200000000000000000e+02,5.300000000000000000e+02,9.671796151457154167e+01
5.200000000000000000e+02,5.400000000000000000e+02,9.653803451093200749e+01
5.200000000000000000e+02,5.500000000000000000e+02,9.650238058415571629e+01
5.200000000000000000e+02,5.600000000000000000e+02,9.661739769036418579e+01
5.200000000000000000e+02,5.700000000000000000e+02,9.688021715381138677e+01
5.200000000000000000e+02,5.800000000000000000e+02,9.728004013282939866e+01
5.200000000000000000e+02,5.900000000000000000e+02,9.779945587858503586e+01
5.200000000000000000e+02,6.000000000000000000e+02,9.841574178664777151e+01
5.200000000000000000e+02,6.100000000000000000e+02,9.910214524136883085e+01
5.200000000000000000e+02,6.200000000000000000e+02,9.982914725307145432e+01
5.200000000000000000e+02,6.300000000000000000e+02,1.005657078880523585e+02
5.200000000000000000e+02,6.400000000000000000e+02,1.012804934913943242e+02
5.200000000000000000e+02,6.500000000000000000e+02,1.019430857025900536e+02
5.200000000000000000e+02,6.600000000000000000e+02,1.025251722639771828e+02
5.200000000000000000e+02,6.700000000000000000e+02,1.030017196219843925e+02
5.200000000000000000e+02,6.800000000000000000e+02,1.033521273211888172e+02
5.200000000000000000e+02,6.900000000000000000e+02,1.035613641911846514e+02
5.200000000000000000e+02,7.000000000000000000e+02,1.036210863262627271e+02
5.200000000000000000e+02,7.100000000000000000e+02,1.035307368579016156e+02
5.200000000000000000e+02,7.200000000000000000e+02,1.032986275200695161e+02
5.200000000000000000e+02,7.300000000000000000e+02,1.029430020073377250e+02
5.200000000000000000e+02,7.400000000000000000e+02,1.024930811258050198e+02
5.200000000000000000e+02,7.500000000000000000e+02,1.019900897368332409e+02
5.200000000000000000e+02,7.600000000000000000e+02,1.014708207854551461e+02
5.200000000000000000e+02,7.700000000000000000e+02,1.009191782843548708e+02
5.200000000000000000e+02,7.800000000000000000e+02,1.003218352160070026e+02
5.200000000000000000e+02,7.900000000000000000e+02,9.968189834089871226e+01
5.200000000000000000e+02,8.000000000000000000e+02,9.901453152715676254e+01
5.200000000000000000e+02,8.100000000000000000e+02,9.834301923979043636e+01
5.200000000000000000e+02,8.200000000000000000e+02,9.769527018955024289e+01
5.200000000000000000e+02,8.300000000000000000e+02,9.710076114140254333e+01
5.200000000000000000e+02,8.400000000000000000e+02,9.658792088262012498e+01
5.200000000000000000e+02,8.500000000000000000e+02,9.618195435048851039e+01
5.200000000000000000e+02,8.600000000000000000e+02,9.590310691962828571e+01
5.200000000000000000e+02,8.700000000000000000e+02,9.576536884893327795e+01
5.200000000000000000e+02,8.800000000000000000e+02,9.577561988812449556e+01
5.200000000000000000e+02,8.900000000000000000e+02,9.593321404392014529e+01
5.200000000000000000e+02,9.000000000000000000e+02,9.623000450582136978e+01
5.200000000000000000e+02,9.100000000000000000e+02,9.665080873151389085e+01
5.200000000000000000e+02,9.200000000000000000e+02,9.717431369188567203e+01
5.200000000000000000e+02,9.300000000000000000e+02,9.777442127566021668e+01
5.200000000000000000e+02,9.400000000000000000e+02,9.842203385364599910e+01
5.200000000000000000e+02,9.500000000000000000e+02,9.908728000260154545e+01
5.200000000000000000e+02,9.600000000000000000e+02,9.974218038871663339e+01
5.200000000000000000e+02,9.700000000000000000e+02,1.003637538107091416e+02
5.200000000000000000e+02,9.800000000000000000e+02,1.009375634025379043e+02
5.200000000000000000e+02,9.900000000000000000e+02,1.014617029957314998e+02
5.300000000000000000e+02,0.000000000000000000e+00,1.005627539156255636e+02
5.300000000000000000e+02,1.000000000000000000e+01,9.949511041957293855e+01
5.300000000000000000e+02,2.000000000000000000e+01,9.843686364781218856e+01
5.300000000000000000e+02,3.000000000000000000e+01,9.740530188789304589e+01
5.300000000000000000e+02,4.000000000000000000e+01,9.642328737724727716e+01
5.300000000000000000e+02,5.000000000000000000e+01,9.551626900921684182e+01
5.300000000000000000e+02,6.000000000000000000e+01,9.470967960521383588e+01
5.300000000000000000e+02,7.000000000000000000e+01,9.402671775301257640e+01
5.300000000000000000e+02,8.000000000000000000e+01,9.348651421117354232e+01
5.300000000000000000e+02,9.000000000000000000e+01,9.310268287959931399e+01
5.300000000000000000e+02,1.000000000000000000e+02,9.288225633622248267e+01
5.300000000000000000e+02,1.100000000000000000e+02,9.282500593982554449e+01
5.300000000000000000e+02,1.200000000000000000e+02,9.292314649899270762e+01
5.300000000000000000e+02,1.300000000000000000e+02,9.316142550719371229e+01
5.300000000000000000e+02,1.400000000000000000e+02,9.351759694399959244e+01
5.300000000000000000e+02,1.500000000000000000e+02,9.396327964243047859e+01
5.300000000000000000e+02,1.600000000000000000e+02,9.446520022243522874e+01
5.300000000000000000e+02,1.700000000000000000e+02,9.498682059050312887e+01
5.300000000000000000e+02,1.800000000000000000e+02,9.549035000540752094e+01
5.300000000000000000e+02,1.900000000000000000e+02,9.593914171008147207e+01
5.300000000000000000e+02,2.000000000000000000e+02,9.630047412962528597e+01
5.300000000000000000e+02,2.100000000000000000e+02,9.654871663544599869e+01
5.300000000000000000e+02,2.200000000000000000e+02,9.666887987552908612e+01
5.300000000000000000e+02,2.300000000000000000e+02,9.666055067084164421e+01
5.300000000000000000e+02,2.400000000000000000e+02,9.654221147786810775e+01
5.300000000000000000e+02,2.500000000000000000e+02,9.635594441727748460e+01
5.300000000000000000e+02,2.600000000000000000e+02,9.616390647850577977e+01
5.300000000000000000e+02,2.700000000000000000e+02,9.601065344958296066e+01
5.300000000000000000e+02,2.800000000000000000e+02,9.592275319868502947e+01
5.300000000000000000e+02,2.900000000000000000e+02,9.591525677500082736e+01
5.300000000000000000e+02,3.000000000000000000e+02,9.599357838081715499e+01
5.300000000000000000e+02,3.100000000000000000e+02,9.615525274100939157e+01
5.300000000000000000e+02,3.200000000000000000e+02,9.639156986993737064e+01
5.300000000000000000e+02,3.300000000000000000e+02,9.668908723574678277e+01
5.300000000000000000e+02,3.400000000000000000e+02,9.703101932207599134e+01
5.300000000000000000e+02,3.500000000000000000e+02,9.739850458716816206e+01
5.300000000000000000e+02,3.600000000000000000e+02,9.777174982038881978e+01
5.300000000000000000e+02,3.700000000000000000e+02,9.813105189614891799e+01
5.300000000000000000e+02,3.800000000000000000e+02,9.845769692523316508e+01
5.300000000000000000e+02,3.900000000000000000e+02,9.873473680353386328e+01
5.300000000000000000e+02,4.000000000000000000e+02,9.894764315819006129e+01
5.300000000000000000e+02,4.100000000000000000e+02,9.908483869113221942e+01
5.300000000000000000e+02,4.200000000000000000e+02,9.913810592003223121e+01
5.300000000000000000e+02,4.300000000000000000e+02,9.910287331665875854e+01
5.300000000000000000e+02,4.400000000000000000e+02,9.897837884263815056e+01
5.300000000000000000e+02,4.500000000000000000e+02,9.876771088262064779e+01
5.300000000000000000e+02,4.600000000000000000e+02,9.847772657485197101e+01
5.300000000000000000e+02,4.700000000000000000e+02,9.811884753915042268e+01
5.300000000000000000e+02,4.800000000000000000e+02,9.770473300228931635e+01
5.300000000000000000e+02,4.900000000000000000e+02,9.725183032078483336e+01
5.300000000000000000e+02,5.000000000000000000e+02,9.677880290108923589e+01
5.300000000000000000e+02,5.100000000000000000e+02,9.631383484804126738e+01
5.300000000000000000e+02,5.200000000000000000e+02,9.591198940012846208e+01
5.300000000000000000e+02,5.300000000000000000e+02,9.562124536288190768e+01
5.300000000000000000e+02,5.400000000000000000e+02,9.547449102244814867e+01
5.300000000000000000e+02,5.500000000000000000e+02,9.549108014589755555e+01
5.300000000000000000e+02,5.600000000000000000e+02,9.567836938164916205e+01
5.300000000000000000e+02,5.700000000000000000e+02,9.603323706001195603e+01
5.300000000000000000e+02,5.800000000000000000e+02,9.654358339384275212e+01
5.300000000000000000e+02,5.900000000000000000e+02,9.718981207932053223e+01
5.300000000000000000e+02,6.000000000000000000e+02,9.794629329683723995e+01
5.300000000000000000e+02,6.100000000000000000e+02,9.878280811200519906e+01
5.300000000000000000e+02,6.200000000000000000e+02,9.966597427678087229e+01
5.300000000000000000e+02,6.300000000000000000e+02,1.005606534307052868e+02
5.300000000000000000e+02,6.400000000000000000e+02,1.014313397022608001e+02
5.300000000000000000e+02,6.500000000000000000e+02,1.022435297103445322e+02
5.300000000000000000e+02,6.600000000000000000e+02,1.029650739658581386e+02
5.300000000000000000e+02,6.700000000000000000e+02,1.035675096734142215e+02
5.300000000000000000e+02,6.800000000000000000e+02,1.040273749331591517e+02
5.300000000000000000e+02,6.900000000000000000e+02,1.043275043427124444e+02
5.300000000000000000e+02,7.000000000000000000e+02,1.044583059992225884e+02
5.300000000000000000e+02,7.100000000000000000e+02,1.044190199015394427e+02
5.300000000000000000e+02,7.200000000000000000e+02,1.042189577525030586e+02
5.300000000000000000e+02,7.300000000000000000e+02,1.038787241613490409e+02
5.300000000000000000e+02,7.400000000000000000e+02,1.034314192462305044e+02
5.300000000000000000e+02,7.500000000000000000e+02,1.029238226368563005e+02
5.300000000000000000e+02,7.600000000000000000e+02,1.023987621413820079e+02
5.300000000000000000e+02,7.700000000000000000e+02,1.018419720101233708e+02
5.300000000000000000e+02,7.800000000000000000e+02,1.012405391472299954e+02
5.300000000000000000e+02,7.900000000000000000e+02,1.005977720937860624e+02
5.300000000000000000e+02,8.000000000000000000e+02,9.992886418679971428e+01
5.300000000000000000e+02,8.100000000000000000e+02,9.925699380536258332e+01
5.300000000000000000e+02,8.200000000000000000e+02,9.860986170397951867e+01
5.300000000000000000e+02,8.300000000000000000e+02,9.801666543306846791e+01
5.300000000000000000e+02,8.400000000000000000e+02,9.750551084663055690e+01
5.300000000000000000e+02,8.500000000000000000e+02,9.710126069709019703e+01
5.300000000000000000e+02,8.600000000000000000e+02,9.682382031730563199e+01
5.300000000000000000e+02,8.700000000000000000e+02,9.668686038974935570e+01
5.300000000000000000e+02,8.800000000000000000e+02,9.669697680285891295e+01
5.300000000000000000e+02,8.900000000000000000e+02,9.685328759455774161e+01
5.300000000000000000e+02,9.000000000000000000e+02,9.714746698294626981e+01
5.300000000000000000e+02,9.100000000000000000e+02,9.756421648416309722e+01
5.300000000000000000e+02,9.200000000000000000e+02,9.808217311741643130e+01
5.300000000000000000e+02,9.300000000000000000e+02,9.867525469718559350e+01
5.300000000000000000e+02,9.400000000000000000e+02,9.931444221259282301e+01
5.300000000000000000e+02,9.500000000000000000e+02,9.996999929394509365e+01
5.300000000000000000e+02,9.600000000000000000e+02,1.006141287664462283e+02
5.300000000000000000e+02,9.700000000000000000e+02,1.012240662910790974e+02
5.300000000000000000e+02,9.800000000000000000e+02,1.017856110926580726e+02
5.300000000000000000e+02,9.900000000000000000e+02,1.022970937750515361e+02
5.400000000000000000e+02,0.000000000000000000e+00,1.004913595064831497e+02
5.400000000000000000e+02,1.000000000000000000e+01,9.945212901457396981e+01
5.400000000000000000e+02,2.000000000000000000e+01,9.841715032012696440e+01
5.400000000000000000e+02,3.000000000000000000e+01,9.739949181897459596e+01
5.400000000000000000e+02,4.000000000000000000e+01,9.641878744114490019e+01
5.400000000000000000e+02,5.000000000000000000e+01,9.549822065792884018e+01
5.400000000000000000e+02,6.000000000000000000e+01,9.466188276357902964e+01
5.400000000000000000e+02,7.000000000000000000e+01,9.393250543163989619e+01
5.400000000000000000e+02,8.000000000000000000e+01,9.332956754590924220e+01
5.400000000000000000e+02,9.000000000000000000e+01,9.286777630603120315e+01
5.400000000000000000e+02,1.000000000000000000e+02,9.255592260772050395e+01
5.400000000000000000e+02,1.100000000000000000e+02,9.239611069761825490e+01
5.400000000000000000e+02,1.200000000000000000e+02,9.238336210277900307e+01
5.400000000000000000e+02,1.300000000000000000e+02,9.250559383478926634e+01
5.400000000000000000e+02,1.400000000000000000e+02,9.274397086851740823e+01
5.400000000000000000e+02,1.500000000000000000e+02,9.307363289549493857e+01
5.400000000000000000e+02,1.600000000000000000e+02,9.346479535192918320e+01
5.400000000000000000e+02,1.700000000000000000e+02,9.388422472134735131e+01
5.400000000000000000e+02,1.800000000000000000e+02,9.429708811187198592e+01
5.400000000000000000e+02,1.900000000000000000e+02,9.466917710812784037e+01
5.400000000000000000e+02,2.000000000000000000e+02,9.496950589778010965e+01
5.400000000000000000e+02,2.100000000000000000e+02,9.517328367270401657e+01
5.400000000000000000e+02,2.200000000000000000e+02,9.526526130478595178e+01
5.400000000000000000e+02,2.300000000000000000e+02,9.524345229635571286e+01
5.400000000000000000e+02,2.400000000000000000e+02,9.512322800525055300e+01
5.400000000000000000e+02,2.500000000000000000e+02,9.494178714451012979e+01
5.400000000000000000e+02,2.600000000000000000e+02,9.475610206524707735e+01
5.400000000000000000e+02,2.700000000000000000e+02,9.461073594619115568e+01
5.400000000000000000e+02,2.800000000000000000e+02,9.453326054984607651e+01
5.400000000000000000e+02,2.900000000000000000e+02,9.453923911813421910e+01
5.400000000000000000e+02,3.000000000000000000e+02,9.463419559433228301e+01
5.400000000000000000e+02,3.100000000000000000e+02,9.481545460120875646e+01
5.400000000000000000e+02,3.200000000000000000e+02,9.507385217536315736e+01
5.400000000000000000e+02,3.300000000000000000e+02,9.539531725776708981e+01
5.400000000000000000e+02,3.400000000000000000e+02,9.576232394050707342e+01
5.400000000000000000e+02,3.500000000000000000e+02,9.615521446972930164e+01
5.400000000000000000e+02,3.600000000000000000e+02,9.655339300478598830e+01
5.400000000000000000e+02,3.700000000000000000e+02,9.693639013358369994e+01
5.400000000000000000e+02,3.800000000000000000e+02,9.728479814413341842e+01
5.400000000000000000e+02,3.900000000000000000e+02,9.758107705230240470e+01
5.400000000000000000e+02,4.000000000000000000e+02,9.781023138576786380e+01
5.400000000000000000e+02,4.100000000000000000e+02,9.796035772417245369e+01
5.400000000000000000e+02,4.200000000000000000e+02,9.802306299548153845e+01
5.400000000000000000e+02,4.300000000000000000e+02,9.799375352854227117e+01
5.400000000000000000e+02,4.400000000000000000e+02,9.787179486184450639e+01
5.400000000000000000e+02,4.500000000000000000e+02,9.766054230848344275e+01
5.400000000000000000e+02,4.600000000000000000e+02,9.736724227732416637e+01
5.400000000000000000e+02,4.700000000000000000e+02,9.700280435036789584e+01
5.400000000000000000e+02,4.800000000000000000e+02,9.658144411632009962e+01
5.400000000000000000e+02,4.900000000000000000e+02,9.612019676036042881e+01
5.400000000000000000e+02,5.000000000000000000e+02,9.563830141011435160e+01
5.400000000000000000e+02,5.100000000000000000e+02,9.516574217000501790e+01
5.400000000000000000e+02,5.200000000000000000e+02,9.476379413448601952e+01
5.400000000000000000e+02,5.300000000000000000e+02,9.448616759535298115e+01
5.400000000000000000e+02,5.400000000000000000e+02,9.436972248282764042e+01
5.400000000000000000e+02,5.500000000000000000e+02,9.443619643660714758e+01
5.400000000000000000e+02,5.600000000000000000e+02,9.469391357774598816e+01
5.400000000000000000e+02,5.700000000000000000e+02,9.513947398137018752e+01
5.400000000000000000e+02,5.800000000000000000e+02,9.575942385022415237e+01
5.400000000000000000e+02,5.900000000000000000e+02,9.653190638904985121e+01
5.400000000000000000e+02,6.000000000000000000e+02,9.742829337979861748e+01
5.400000000000000000e+02,6.100000000000000000e+02,9.841479745767522047e+01
5.400000000000000000e+02,6.200000000000000000e+02,9.945406508801463019e+01
5.400000000000000000e+02,6.300000000000000000e+02,1.005067502439911209e+02
5.400000000000000000e+02,6.400000000000000000e+02,1.015330687851598270e+02
5.400000000000000000e+02,6.500000000000000000e+02,1.024943335368309079e+02
5.400000000000000000e+02,6.600000000000000000e+02,1.033544700702759798e+02
5.400000000000000000e+02,6.700000000000000000e+02,1.040815131837672993e+02
5.400000000000000000e+02,6.800000000000000000e+02,1.046490840844490862e+02
5.400000000000000000e+02,6.900000000000000000e+02,1.050378482710416250e+02
5.400000000000000000e+02,7.000000000000000000e+02,1.052369541173776071e+02
5.400000000000000000e+02,7.100000000000000000e+02,1.052454521567711367e+02
5.400000000000000000e+02,7.200000000000000000e+02,1.050736950672189920e+02
5.400000000000000000e+02,7.300000000000000000e+02,1.047447183574345928e+02
5.400000000000000000e+02,7.400000000000000000e+02,1.042956017537143225e+02
5.400000000000000000e+02,7.500000000000000000e+02,1.037788112876362305e+02
5.400000000000000000e+02,7.600000000000000000e+02,1.032434407007287120e+02
5.400000000000000000e+02,7.700000000000000000e+02,1.026775041949325100e+02
5.400000000000000000e+02,7.800000000000000000e+02,1.020688388711475625e+02
5.400000000000000000e+02,7.900000000000000000e+02,1.014211217194420414e+02
5.400000000000000000e+02,8.000000000000000000e+02,1.007496040826411274e+02
5.400000000000000000e+02,8.100000000000000000e+02,1.000772777358834560e+02
5.400000000000000000e+02,8.200000000000000000e+02,9.943147258214473538e+01
5.400000000000000000e+02,8.300000000000000000e+02,9.884088596372905045e+01
5.400000000000000000e+02,8.400000000000000000e+02,9.833304358972728210e+01
5.400000000000000000e+02,8.500000000000000000e+02,9.793219207944326854e+01
5.400000000000000000e+02,8.600000000000000000e+02,9.765762312178713955e+01
5.400000000000000000e+02,8.700000000000000000e+02,9.752242925063623602e+01
5.400000000000000000e+02,8.800000000000000000e+02,9.753269123616335889e+01
5.400000000000000000e+02,8.900000000000000000e+02,9.768709709213243286e+01
5.400000000000000000e+02,9.000000000000000000e+02,9.797699269916174103e+01
5.400000000000000000e+02,9.100000000000000000e+02,9.838686404395437535e+01
5.400000000000000000e+02,9.200000000000000000e+02,9.889525107449624386e+01
5.400000000000000000e+02,9.300000000000000000e+02,9.947609317122149264e+01
5.400000000000000000e+02,9.400000000000000000e+02,1.001005062341452856e+02
5.400000000000000000e+02,9.500000000000000000e+02,1.007389913859640700e+02
5.400000000000000000e+02,9.600000000000000000e+02,1.013640752911232283e+02
5.400000000000000000e+02,9.700000000000000000e+02,1.019533820908522301e+02
5.400000000000000000e+02,9.800000000000000000e+02,1.024931369541670421e+02
5.400000000000000000e+02,9.900000000000000000e+02,1.029821012448401660e+02
5.500000000000000000e+02,0.000000000000000000e+00,1.002621436164008628e+02
5.500000000000000000e+02,1.000000000000000000e+01,9.926599276074220768e+01
5.500000000000000000e+02,2.000000000000000000e+01,9.826889986129404519e+01
5.500000000000000000e+02,3.000000000000000000e+01,9.727954105342094238e+01
5.500000000000000000e+02,4.000000000000000000e+01,9.631405708207093141e+01
5.500000000000000000e+02,5.000000000000000000e+01,9.539305029467321617e+01
5.500000000000000000e+02,6.000000000000000000e+01,9.453894047053999827e+01
5.500000000000000000e+02,7.000000000000000000e+01,9.377367948677280651e+01
5.500000000000000000e+02,8.000000000000000000e+01,9.311682482067307376e+01
5.500000000000000000e+02,9.000000000000000000e+01,9.258397188865704663e+01
5.500000000000000000e+02,1.000000000000000000e+02,9.218554522167501375e+01
5.500000000000000000e+02,1.100000000000000000e+02,9.192594847713493778e+01
5.500000000000000000e+02,1.200000000000000000e+02,9.180307328733026395e+01
5.500000000000000000e+02,1.300000000000000000e+02,9.180816694437220349e+01
5.500000000000000000e+02,1.400000000000000000e+02,9.192605892162629289e+01
5.500000000000000000e+02,1.500000000000000000e+02,9.213574623165322919e+01
5.500000000000000000e+02,1.600000000000000000e+02,9.241133762065415169e+01
5.500000000000000000e+02,1.700000000000000000e+02,9.272335659942005748e+01
5.500000000000000000e+02,1.800000000000000000e+02,9.304040331078579129e+01
5.500000000000000000e+02,1.900000000000000000e+02,9.333117523358816925e+01
5.500000000000000000e+02,2.000000000000000000e+02,9.356684672312847795e+01
5.500000000000000000e+02,2.100000000000000000e+02,9.372380738813936318e+01
5.500000000000000000e+02,2.200000000000000000e+02,9.378675930425599461e+01
5.500000000000000000e+02,2.300000000000000000e+02,9.375217306399152051e+01
5.500000000000000000e+02,2.400000000000000000e+02,9.363210266321694064e+01
5.500000000000000000e+02,2.500000000000000000e+02,9.345835922414525498e+01
5.500000000000000000e+02,2.600000000000000000e+02,9.328216476940856694e+01
5.500000000000000000e+02,2.700000000000000000e+02,9.314837428685720511e+01
5.500000000000000000e+02,2.800000000000000000e+02,9.308589947043590485e+01
5.500000000000000000e+02,2.900000000000000000e+02,9.311095629789414829e+01
5.500000000000000000e+02,3.000000000000000000e+02,9.322916333522560706e+01
5.500000000000000000e+02,3.100000000000000000e+02,9.343750083493870306e+01
5.500000000000000000e+02,3.200000000000000000e+02,9.372613062815801754e+01
5.500000000000000000e+02,3.300000000000000000e+02,9.408007681055677551e+01
5.500000000000000000e+02,3.400000000000000000e+02,9.448076722212023526e+01
5.500000000000000000e+02,3.500000000000000000e+02,9.490743572074012491e+01
5.500000000000000000e+02,3.600000000000000000e+02,9.533838524963994132e+01
5.500000000000000000e+02,3.700000000000000000e+02,9.575211169863142402e+01
5.500000000000000000e+02,3.800000000000000000e+02,9.612828855920179194e+01
5.500000000000000000e+02,3.900000000000000000e+02,9.644861237343204152e+01
5.500000000000000000e+02,4.000000000000000000e+02,9.669750897674630608e+01
5.500000000000000000e+02,4.100000000000000000e+02,9.686270053449207751e+01
5.500000000000000000e+02,4.200000000000000000e+02,9.693563337235144672e+01
5.500000000000000000e+02,4.300000000000000000e+02,9.691176660058329162e+01
5.500000000000000000e+02,4.400000000000000000e+02,9.679072153209654061e+01
5.500000000000000000e+02,4.500000000000000000e+02,9.657629189435428430e+01
5.500000000000000000e+02,4.600000000000000000e+02,9.627631483510897681e+01
5.500000000000000000e+02,4.700000000000000000e+02,9.590240272196849958e+01
5.500000000000000000e+02,4.800000000000000000e+02,9.546953573579331476e+01
5.500000000000000000e+02,4.900000000000000000e+02,9.499551525792452367e+01
5.500000000000000000e+02,5.000000000000000000e+02,9.450027805124295810e+01
5.500000000000000000e+02,5.100000000000000000e+02,9.401566446261492160e+01
5.500000000000000000e+02,5.200000000000000000e+02,9.360921796385427740e+01
5.500000000000000000e+02,5.300000000000000000e+02,9.334042283542488860e+01
5.500000000000000000e+02,5.400000000000000000e+02,9.325013040796028463e+01
5.500000000000000000e+02,5.500000000000000000e+02,9.336246360408786416e+01
5.500000000000000000e+02,5.600000000000000000e+02,9.368670113210008310e+01
5.500000000000000000e+02,5.700000000000000000e+02,9.421914133147247128e+01
5.500000000000000000e+02,5.800000000000000000e+02,9.494494567022861986e+01
5.500000000000000000e+02,5.900000000000000000e+02,9.583996189415198330e+01
5.500000000000000000e+02,6.000000000000000000e+02,9.687252682784462365e+01
5.500000000000000000e+02,6.100000000000000000e+02,9.800524882763281198e+01
5.500000000000000000e+02,6.200000000000000000e+02,9.919676988631952952e+01
5.500000000000000000e+02,6.300000000000000000e+02,1.004035073897839396e+02
5.500000000000000000e+02,6.400000000000000000e+02,1.015813755254275605e+02
5.500000000000000000e+02,6.500000000000000000e+02,1.026874863424675794e+02
5.500000000000000000e+02,6.600000000000000000e+02,1.036818304640768673e+02
5.500000000000000000e+02,6.700000000000000000e+02,1.045289374513709504e+02
5.500000000000000000e+02,6.800000000000000000e+02,1.051995158192418671e+02
5.500000000000000000e+02,6.900000000000000000e+02,1.056720727040389960e+02
5.500000000000000000e+02,7.000000000000000000e+02,1.059345131830965983e+02
5.500000000000000000e+02,7.100000000000000000e+02,1.059857192461084452e+02
5.500000000000000000e+02,7.200000000000000000e+02,1.058371084183491746e+02
5.500000000000000000e+02,7.300000000000000000e+02,1.055141720357427033e+02
5.500000000000000000e+02,7.400000000000000000e+02,1.050579931717773974e+02
5.500000000000000000e+02,7.500000000000000000e+02,1.045267442162681562e+02
5.500000000000000000e+02,7.600000000000000000e+02,1.039759168300905259e+02
5.500000000000000000e+02,7.700000000000000000e+02,1.033963200180105275e+02
5.500000000000000000e+02,7.800000000000000000e+02,1.027769552588045343e+02
5.500000000000000000e+02,7.900000000000000000e+02,1.021220794195699000e+02
5.500000000000000000e+02,8.000000000000000000e+02,1.014470473105407109e+02
5.500000000000000000e+02,8.100000000000000000e+02,1.007745776486009674e+02
5.500000000000000000e+02,8.200000000000000000e+02,1.001314424294952659e+02
5.500000000000000000e+02,8.300000000000000000e+02,9.954557970873702288e+01
5.500000000000000000e+02,8.400000000000000000e+02,9.904362979121418675e+01
5.500000000000000000e+02,8.500000000000000000e+02,9.864889482949234889e+01
5.500000000000000000e+02,8.600000000000000000e+02,9.837972183081551236e+01
5.500000000000000000e+02,8.700000000000000000e+02,9.824830907280426118e+01
5.500000000000000000e+02,8.800000000000000000e+02,9.825993592785138731e+01
5.500000000000000000e+02,8.900000000000000000e+02,9.841261609621516016e+01
5.500000000000000000e+02,9.000000000000000000e+02,9.869717424780994008e+01
5.500000000000000000e+02,9.100000000000000000e+02,9.909774607269436331e+01
5.500000000000000000e+02,9.200000000000000000e+02,9.959270174025705558e+01
5.500000000000000000e+02,9.300000000000000000e+02,1.001559927670997325e+02
5.500000000000000000e+02,9.400000000000000000e+02,1.007589222936179709e+02
5.500000000000000000e+02,9.500000000000000000e+02,1.013723387692792528e+02
5.500000000000000000e+02,9.600000000000000000e+02,1.019692530465987090e+02
5.500000000000000000e+02,9.700000000000000000e+02,1.025278788838122779e+02
5.500000000000000000e+02,9.800000000000000000e+02,1.030350968562473071e+02
5.500000000000000000e+02,9.900000000000000000e+02,1.034903416763908268e+02
5.600000000000000000e+02,0.000000000000000000e+00,9.988368838191622956e+01
5.600000000000000000e+02,1.000000000000000000e+01,9.894606139860105998e+01
5.600000000000000000e+02,2.000000000000000000e+01,9.800237585844944022e+01
5.600000000000000000e+02,3.000000000000000000e+01,9.705683326474223804e+01
5.600000000000000000e+02,4.000000000000000000e+01,9.612187152362004383e+01
5.600000000000000000e+02,5.000000000000000000e+01,9.521522160995203876e+01
5.600000000000000000e+02,6.000000000000000000e+01,9.435730222028250580e+01
5.600000000000000000e+02,7.000000000000000000e+01,9.356895241285469922e+01
5.600000000000000000e+02,8.000000000000000000e+01,9.286950223471232846e+01
5.600000000000000000e+02,9.000000000000000000e+01,9.227518133587834370e+01
5.600000000000000000e+02,1.000000000000000000e+02,9.179786557061139263e+01
5.600000000000000000e+02,1.100000000000000000e+02,9.144416158573966413e+01
5.600000000000000000e+02,1.200000000000000000e+02,9.121482939607221851e+01
5.600000000000000000e+02,1.300000000000000000e+02,9.110454294688783250e+01
5.600000000000000000e+02,1.400000000000000000e+02,9.110198866350130231e+01
5.600000000000000000e+02,1.500000000000000000e+02,9.119030198790730424e+01
5.600000000000000000e+02,1.600000000000000000e+02,9.134784190250157110e+01
5.600000000000000000e+02,1.700000000000000000e+02,9.154930344087976835e+01
5.600000000000000000e+02,1.800000000000000000e+02,9.176716818571368606e+01
5.600000000000000000e+02,1.900000000000000000e+02,9.197349275370501687e+01
5.600000000000000000e+02,2.000000000000000000e+02,9.214203526761654928e+01
5.600000000000000000e+02,2.100000000000000000e+02,9.225071981538091848e+01
5.600000000000000000e+02,2.200000000000000000e+02,9.228443889628678676e+01
5.600000000000000000e+02,2.300000000000000000e+02,9.223819385424245354e+01
5.600000000000000000e+02,2.400000000000000000e+02,9.212057329811716500e+01
5.600000000000000000e+02,2.500000000000000000e+02,9.195756950915964012e+01
5.600000000000000000e+02,2.600000000000000000e+02,9.179415517987786188e+01
5.600000000000000000e+02,2.700000000000000000e+02,9.167575603509123994e+01
5.600000000000000000e+02,2.800000000000000000e+02,9.163293625152003585e+01
5.600000000000000000e+02,2.900000000000000000e+02,9.168268392392477040e+01
5.600000000000000000e+02,3.000000000000000000e+02,9.183067915435412942e+01
5.600000000000000000e+02,3.100000000000000000e+02,9.207340948088955201e+01
5.600000000000000000e+02,3.200000000000000000e+02,9.240013264588658615e+01
5.600000000000000000e+02,3.300000000000000000e+02,9.279468670371295502e+01
5.600000000000000000e+02,3.400000000000000000e+02,9.323714746798334829e+01
5.600000000000000000e+02,3.500000000000000000e+02,9.370533329829093816e+01
5.600000000000000000e+02,3.600000000000000000e+02,9.417615722643562037e+01
5.600000000000000000e+02,3.700000000000000000e+02,9.462682642214903694e+01
5.600000000000000000e+02,3.800000000000000000e+02,9.503588899831625270e+01
5.600000000000000000e+02,3.900000000000000000e+02,9.538412815569418512e+01
5.600000000000000000e+02,4.000000000000000000e+02,9.565530366712681598e+01
5.600000000000000000e+02,4.100000000000000000e+02,9.583674070125702826e+01
5.600000000000000000e+02,4.200000000000000000e+02,9.591976598573526758e+01
5.600000000000000000e+02,4.300000000000000000e+02,9.589999130992489995e+01
5.600000000000000000e+02,4.400000000000000000e+02,9.577744436710425191e+01
5.600000000000000000e+02,4.500000000000000000e+02,9.555654693616548911e+01
5.600000000000000000e+02,4.600000000000000000e+02,9.524594040281006357e+01
5.600000000000000000e+02,4.700000000000000000e+02,9.485815862024107048e+01
5.600000000000000000e+02,4.800000000000000000e+02,9.440914810935218782e+01
5.600000000000000000e+02,4.900000000000000000e+02,9.391763559841342612e+01
5.600000000000000000e+02,5.000000000000000000e+02,9.340434290225354630e+01
5.600000000000000000e+02,5.100000000000000000e+02,9.290294638213806877e+01
5.600000000000000000e+02,5.200000000000000000e+02,9.248714563687224199e+01
5.600000000000000000e+02,5.300000000000000000e+02,9.222209163900075168e+01
5.600000000000000000e+02,5.400000000000000000e+02,9.215254205192788106e+01
5.600000000000000000e+02,5.500000000000000000e+02,9.230494247408965691e+01
5.600000000000000000e+02,5.600000000000000000e+02,9.268948591830167061e+01
5.600000000000000000e+02,5.700000000000000000e+02,9.330215052628284411e+01
5.600000000000000000e+02,5.800000000000000000e+02,9.412671551835498462e+01
5.600000000000000000e+02,5.900000000000000000e+02,9.513675537831809947e+01
5.600000000000000000e+02,6.000000000000000000e+02,9.629761227350154229e+01
5.600000000000000000e+02,6.100000000000000000e+02,9.756834670999103309e+01
5.600000000000000000e+02,6.200000000000000000e+02,9.890366642303145284e+01
5.600000000000000000e+02,6.300000000000000000e+02,1.002558335026053840e+02
5.600000000000000000e+02,6.400000000000000000e+02,1.015765497541876101e+02
5.600000000000000000e+02,6.500000000000000000e+02,1.028188202946753051e+02
5.600000000000000000e+02,6.600000000000000000e+02,1.039387953834940532e+02
5.600000000000000000e+02,6.700000000000000000e+02,1.048975904888798141e+02
5.600000000000000000e+02,6.800000000000000000e+02,1.056630845893364494e+02
5.600000000000000000e+02,6.900000000000000000e+02,1.062116967102694218e+02
5.600000000000000000e+02,7.000000000000000000e+02,1.065301406957948416e+02
5.600000000000000000e+02,7.100000000000000000e+02,1.066171582157247997e+02
5.600000000000000000e+02,7.200000000000000000e+02,1.064852300077282052e+02
5.600000000000000000e+02,7.300000000000000000e+02,1.061622653546675394e+02
5.600000000000000000e+02,7.400000000000000000e+02,1.056932697971114692e+02
5.600000000000000000e+02,7.500000000000000000e+02,1.051419910810231357e+02
5.600000000000000000e+02,7.600000000000000000e+02,1.045703039529598186e+02
5.600000000000000000e+02,7.700000000000000000e+02,1.039723557656904944e+02
5.600000000000000000e+02,7.800000000000000000e+02,1.033387836030480429e+02
5.600000000000000000e+02,7.900000000000000000e+02,1.026746714033190244e+02
5.600000000000000000e+02,8.000000000000000000e+02,1.019955403173466522e+02
5.600000000000000000e+02,8.100000000000000000e+02,1.013237513912874590e+02
5.600000000000000000e+02,8.200000000000000000e+02,1.006853205740219721e+02
5.600000000000000000e+02,8.300000000000000000e+02,1.001071460492192813e+02
5.600000000000000000e+02,8.400000000000000000e+02,9.961464789205533066e+01
5.600000000000000000e+02,8.500000000000000000e+02,9.922982005058524635e+01
5.600000000000000000e+02,8.600000000000000000e+02,9.896969465176940162e+01
5.600000000000000000e+02,8.700000000000000000e+02,9.884521863215348958e+01
5.600000000000000000e+02,8.800000000000000000e+02,9.886054269320227661e+01
5.600000000000000000e+02,8.900000000000000000e+02,9.901272258128747694e+01
5.600000000000000000e+02,9.000000000000000000e+02,9.929183269232922271e+01
5.600000000000000000e+02,9.100000000000000000e+02,9.968149200109164099e+01
5.600000000000000000e+02,9.200000000000000000e+02,1.001598023151321541e+02
5.600000000000000000e+02,9.300000000000000000e+02,1.007006988534047167e+02
5.600000000000000000e+02,9.400000000000000000e+02,1.012757131495169176e+02
5.600000000000000000e+02,9.500000000000000000e+02,1.018561482796408910e+02
5.600000000000000000e+02,9.600000000000000000e+02,1.024156664150782206e+02
5.600000000000000000e+02,9.700000000000000000e+02,1.029332886994785667e+02
5.600000000000000000e+02,9.800000000000000000e+02,1.033968074507123163e+02
5.600000000000000000e+02,9.900000000000000000e+02,1.038066106873969829e+02
5.700000000000000000e+02,0.000000000000000000e+00,9.937653309353370901e+01
5.700000000000000000e+02,1.000000000000000000e+01,9.851272464785533600e+01
5.700000000000000000e+02,2.000000000000000000e+01,9.763796284717875551e+01
5.700000000000000000e+02,3.000000000000000000e+01,9.675200466678759881e+01
5.700000000000000000e+02,4.000000000000000000e+01,9.586345558138179968e+01
5.700000000000000000e+02,5.000000000000000000e+01,9.498693528445889456e+01
5.700000000000000000e+02,6.000000000000000000e+01,9.414055519568252350e+01
5.700000000000000000e+02,7.000000000000000000e+01,9.334370775623783345e+01
5.700000000000000000e+02,8.000000000000000000e+01,9.261516751217422438e+01
5.700000000000000000e+02,9.000000000000000000e+01,9.197150398573508312e+01
5.700000000000000000e+02,1.000000000000000000e+02,9.142580633467460416e+01
5.700000000000000000e+02,1.100000000000000000e+02,9.098671979956179712e+01
5.700000000000000000e+02,1.200000000000000000e+02,9.065779393907155281e+01
5.700000000000000000e+02,1.300000000000000000e+02,9.043714265326286750e+01
5.700000000000000000e+02,1.400000000000000000e+02,9.031741599484408312e+01
5.700000000000000000e+02,1.500000000000000000e+02,9.028608376842535677e+01
5.700000000000000000e+02,1.600000000000000000e+02,9.032603091775813198e+01
5.700000000000000000e+02,1.700000000000000000e+02,9.041646470096181076e+01
5.700000000000000000e+02,1.800000000000000000e+02,9.053413365373748434e+01
5.700000000000000000e+02,1.900000000000000000e+02,9.065485834056875092e+01
5.700000000000000000e+02,2.000000000000000000e+02,9.075537389390970588e+01
5.700000000000000000e+02,2.100000000000000000e+02,9.081548434136001902e+01
5.700000000000000000e+02,2.200000000000000000e+02,9.082052872082708461e+01
5.700000000000000000e+02,2.300000000000000000e+02,9.076415898367531554e+01
5.700000000000000000e+02,2.400000000000000000e+02,9.065142968586256700e+01
5.700000000000000000e+02,2.500000000000000000e+02,9.050219946706361895e+01
5.700000000000000000e+02,2.600000000000000000e+02,9.035480643269669088e+01
5.700000000000000000e+02,2.700000000000000000e+02,9.025550009867052381e+01
5.700000000000000000e+02,2.800000000000000000e+02,9.023676012161662641e+01
5.700000000000000000e+02,2.900000000000000000e+02,9.031643270504380894e+01
5.700000000000000000e+02,3.000000000000000000e+02,9.050020738213675031e+01
5.700000000000000000e+02,3.100000000000000000e+02,9.078392423152811830e+01
5.700000000000000000e+02,3.200000000000000000e+02,9.115571152604421457e+01
5.700000000000000000e+02,3.300000000000000000e+02,9.159795381442404505e+01
5.700000000000000000e+02,3.400000000000000000e+02,9.208909043601204303e+01
5.700000000000000000e+02,3.500000000000000000e+02,9.260524446842417490e+01
5.700000000000000000e+02,3.600000000000000000e+02,9.312168210818761338e+01
5.700000000000000000e+02,3.700000000000000000e+02,9.361410248435400661e+01
5.700000000000000000e+02,3.800000000000000000e+02,9.405975790508608725e+01
5.700000000000000000e+02,3.900000000000000000e+02,9.443840453721793438e+01
5.700000000000000000e+02,4.000000000000000000e+02,9.473308351878870326e+01
5.700000000000000000e+02,4.100000000000000000e+02,9.493073250454989420e+01
5.700000000000000000e+02,4.200000000000000000e+02,9.502262764444608933e+01
5.700000000000000000e+02,4.300000000000000000e+02,9.500465599506920000e+01
5.700000000000000000e+02,4.400000000000000000e+02,9.487741836408631002e+01
5.700000000000000000e+02,4.500000000000000000e+02,9.464616258764095846e+01
5.700000000000000000e+02,4.600000000000000000e+02,9.432054724072796148e+01
5.700000000000000000e+02,4.700000000000000000e+02,9.391423578054173049e+01
5.700000000000000000e+02,4.800000000000000000e+02,9.344432112279808678e+01
5.700000000000000000e+02,4.900000000000000000e+02,9.293058065102975718e+01
5.700000000000000000e+02,5.000000000000000000e+02,9.239456165885505357e+01
5.700000000000000000e+02,5.100000000000000000e+02,9.187166698507313356e+01
5.700000000000000000e+02,5.200000000000000000e+02,9.144144769263013472e+01
5.700000000000000000e+02,5.300000000000000000e+02,9.117444389950293271e+01
5.700000000000000000e+02,5.400000000000000000e+02,9.111911609240942767e+01
5.700000000000000000e+02,5.500000000000000000e+02,9.130409834403138802e+01
5.700000000000000000e+02,5.600000000000000000e+02,9.174042798524460807e+01
5.700000000000000000e+02,5.700000000000000000e+02,9.242375173235632246e+01
5.700000000000000000e+02,5.800000000000000000e+02,9.333650826934994882e+01
5.700000000000000000e+02,5.900000000000000000e+02,9.445008728513707297e+01
5.700000000000000000e+02,6.000000000000000000e+02,9.572696496581667702e+01
5.700000000000000000e+02,6.100000000000000000e+02,9.712281594194173806e+01
5.700000000000000000e+02,6.200000000000000000e+02,9.858860169079306957e+01
5.700000000000000000e+02,6.300000000000000000e+02,1.000726353936603772e+02
5.700000000000000000e+02,6.400000000000000000e+02,1.015226232481307136e+02
5.700000000000000000e+02,6.500000000000000000e+02,1.028876822353841334e+02
5.700000000000000000e+02,6.600000000000000000e+02,1.041203343424966477e+02
5.700000000000000000e+02,6.700000000000000000e+02,1.051784772397504781e+02
5.700000000000000000e+02,6.800000000000000000e+02,1.060273314129515256e+02
5.700000000000000000e+02,6.900000000000000000e+02,1.066413637507542802e+02
5.700000000000000000e+02,7.000000000000000000e+02,1.070061875869937325e+02
5.700000000000000000e+02,7.100000000000000000e+02,1.071204391980249255e+02
5.700000000000000000e+02,7.200000000000000000e+02,1.069976307550694372e+02
5.700000000000000000e+02,7.300000000000000000e+02,1.066679797315693889e+02
5.700000000000000000e+02,7.400000000000000000e+02,1.061802147655486976e+02
5.700000000000000000e+02,7.500000000000000000e+02,1.056033579769813855e+02
5.700000000000000000e+02,7.600000000000000000e+02,1.050054792306861202e+02
5.700000000000000000e+02,7.700000000000000000e+02,1.043846040826871615e+02
5.700000000000000000e+02,7.800000000000000000e+02,1.037335114111505021e+02
5.700000000000000000e+02,7.900000000000000000e+02,1.030583846889865214e+02
5.700000000000000000e+02,8.000000000000000000e+02,1.023749905711232202e+02
5.700000000000000000e+02,8.100000000000000000e+02,1.017052558783832410e+02
5.700000000000000000e+02,8.200000000000000000e+02,1.010742429779648575e+02
5.700000000000000000e+02,8.300000000000000000e+02,1.005075235605265789e+02
5.700000000000000000e+02,8.400000000000000000e+02,1.000289508138757526e+02
5.700000000000000000e+02,8.500000000000000000e+02,9.965882999326085212e+01
5.700000000000000000e+02,8.600000000000000000e+02,9.941248738826762121e+01
5.700000000000000000e+02,8.700000000000000000e+02,9.929923768631906000e+01
5.700000000000000000e+02,8.800000000000000000e+02,9.932174973277921026e+01
5.700000000000000000e+02,8.900000000000000000e+02,9.947581068766073997e+01
5.700000000000000000e+02,9.000000000000000000e+02,9.975048857893631293e+01
5.700000000000000000e+02,9.100000000000000000e+02,1.001286932524538997e+02
5.700000000000000000e+02,9.200000000000000000e+02,1.005881357184557316e+02
5.700000000000000000e+02,9.300000000000000000e+02,1.011026858947011959e+02
5.700000000000000000e+02,9.400000000000000000e+02,1.016441287461934877e+02
5.700000000000000000e+02,9.500000000000000000e+02,1.021843188215101037e+02
5.700000000000000000e+02,9.600000000000000000e+02,1.026977331857371354e+02
5.700000000000000000e+02,9.700000000000000000e+02,1.031644227500073896e+02
5.700000000000000000e+02,9.800000000000000000e+02,1.035733619976422943e+02
5.700000000000000000e+02,9.900000000000000000e+02,1.039261971068977033e+02
5.800000000000000000e+02,0.000000000000000000e+00,9.876993028017479048e+01
5.800000000000000000e+02,1.000000000000000000e+01,9.799427960844461438e+01
5.800000000000000000e+02,2.000000000000000000e+01,9.720314988996580041e+01
5.800000000000000000e+02,3.000000000000000000e+01,9.639200586672485827e+01
5.800000000000000000e+02,4.000000000000000000e+01,9.556558577470995886e+01
5.800000000000000000e+02,5.000000000000000000e+01,9.473522590725001180e+01
5.800000000000000000e+02,6.000000000000000000e+01,9.391646576202501251e+01
5.800000000000000000e+02,7.000000000000000000e+01,9.312693377174720410e+01
5.800000000000000000e+02,8.000000000000000000e+01,9.238451361851336685e+01
5.800000000000000000e+02,9.000000000000000000e+01,9.170579113182824926e+01
5.800000000000000000e+02,1.000000000000000000e+02,9.110478177029888514e+01
5.800000000000000000e+02,1.100000000000000000e+02,9.059193868700005225e+01
5.800000000000000000e+02,1.200000000000000000e+02,9.017344137851071650e+01
5.800000000000000000e+02,1.300000000000000000e+02,8.985076491762163187e+01
5.800000000000000000e+02,1.400000000000000000e+02,8.962052976971376950e+01
5.800000000000000000e+02,1.500000000000000000e+02,8.947463219280808744e+01
5.800000000000000000e+02,1.600000000000000000e+02,8.940065522128605835e+01
5.800000000000000000e+02,1.700000000000000000e+02,8.938256023328138156e+01
5.800000000000000000e+02,1.800000000000000000e+02,8.940165910174279418e+01
5.800000000000000000e+02,1.900000000000000000e+02,8.943786692916776815e+01
5.800000000000000000e+02,2.000000000000000000e+02,8.947123536600739158e+01
5.800000000000000000e+02,2.100000000000000000e+02,8.948376651274217863e+01
5.800000000000000000e+02,2.200000000000000000e+02,8.946150740562909220e+01
5.800000000000000000e+02,2.300000000000000000e+02,8.939692508611935295e+01
5.800000000000000000e+02,2.400000000000000000e+02,8.929156225394757485e+01
5.800000000000000000e+02,2.500000000000000000e+02,8.915897350389172971e+01
5.800000000000000000e+02,2.600000000000000000e+02,8.903062216190515699e+01
5.800000000000000000e+02,2.700000000000000000e+02,8.895379303735508358e+01
5.800000000000000000e+02,2.800000000000000000e+02,8.896307614445935030e+01
5.800000000000000000e+02,2.900000000000000000e+02,8.907722060516776708e+01
5.800000000000000000e+02,3.000000000000000000e+02,8.930185504902745208e+01
5.800000000000000000e+02,3.100000000000000000e+02,8.963201830957851257e+01
5.800000000000000000e+02,3.200000000000000000e+02,9.005450041728002475e+01
5.800000000000000000e+02,3.300000000000000000e+02,9.054999388896652590e+01
5.800000000000000000e+02,3.400000000000000000e+02,9.109505531383467769e+01
5.800000000000000000e+02,3.500000000000000000e+02,9.166387723596051273e+01
5.800000000000000000e+02,3.600000000000000000e+02,9.222987033334676710e+01
5.800000000000000000e+02,3.700000000000000000e+02,9.276705589350086711e+01
5.800000000000000000e+02,3.800000000000000000e+02,9.325126858554307319e+01
5.800000000000000000e+02,3.900000000000000000e+02,9.366116952884509317e+01
5.800000000000000000e+02,4.000000000000000000e+02,9.397906965819896641e+01
5.800000000000000000e+02,4.100000000000000000e+02,9.419156338551641738e+01
5.800000000000000000e+02,4.200000000000000000e+02,9.428997255805850841e+01
5.800000000000000000e+02,4.300000000000000000e+02,9.427060071319561985e+01
5.800000000000000000e+02,4.400000000000000000e+02,9.413479762969791409e+01
5.800000000000000000e+02,4.500000000000000000e+02,9.388883417555601341e+01
5.800000000000000000e+02,4.600000000000000000e+02,9.354358745233216155e+01
5.800000000000000000e+02,4.700000000000000000e+02,9.311403623604168445e+01
5.800000000000000000e+02,4.800000000000000000e+02,9.261856671456480683e+01
5.800000000000000000e+02,4.900000000000000000e+02,9.207808852158891000e+01
5.800000000000000000e+02,5.000000000000000000e+02,9.151496106708100342e+01
5.800000000000000000e+02,5.100000000000000000e+02,9.096611153578005826e+01
5.800000000000000000e+02,5.200000000000000000e+02,9.051644185091438999e+01
5.800000000000000000e+02,5.300000000000000000e+02,9.024143076947858333e+01
5.800000000000000000e+02,5.400000000000000000e+02,9.019291830402366372e+01
5.800000000000000000e+02,5.500000000000000000e+02,9.040152097016503774e+01
5.800000000000000000e+02,5.600000000000000000e+02,9.087902136883558057e+01
5.800000000000000000e+02,5.700000000000000000e+02,9.162073210328372852e+01
5.800000000000000000e+02,5.800000000000000000e+02,9.260783403081671850e+01
5.800000000000000000e+02,5.900000000000000000e+02,9.380968884928877571e+01
5.800000000000000000e+02,6.000000000000000000e+02,9.518612601833439157e+01
5.800000000000000000e+02,6.100000000000000000e+02,9.668970401534673442e+01
5.800000000000000000e+02,6.200000000000000000e+02,9.826794592620100843e+01
5.800000000000000000e+02,6.300000000000000000e+02,9.986554937072300220e+01
5.800000000000000000e+02,6.400000000000000000e+02,1.014265707629025144e+02
5.800000000000000000e+02,6.500000000000000000e+02,1.028965839058520686e+02
5.800000000000000000e+02,6.600000000000000000e+02,1.042248129215104200e+02
5.800000000000000000e+02,6.700000000000000000e+02,1.053662395150914506e+02
5.800000000000000000e+02,6.800000000000000000e+02,1.062836845742777143e+02
5.800000000000000000e+02,6.900000000000000000e+02,1.069498641031595128e+02
5.800000000000000000e+02,7.000000000000000000e+02,1.073494194909185353e+02
5.800000000000000000e+02,7.100000000000000000e+02,1.074809221152570444e+02
5.800000000000000000e+02,7.200000000000000000e+02,1.073588522805716394e+02
5.800000000000000000e+02,7.300000000000000000e+02,1.070155524908725226e+02
5.800000000000000000e+02,7.400000000000000000e+02,1.065031550574475574e+02
5.800000000000000000e+02,7.500000000000000000e+02,1.058954840412713736e+02
5.800000000000000000e+02,7.600000000000000000e+02,1.052664356935226664e+02
5.800000000000000000e+02,7.700000000000000000e+02,1.046184216537467080e+02
5.800000000000000000e+02,7.800000000000000000e+02,1.039468810750281875e+02
5.800000000000000000e+02,7.900000000000000000e+02,1.032593831411625587e+02
5.800000000000000000e+02,8.000000000000000000e+02,1.025720330039652026e+02
5.800000000000000000e+02,8.100000000000000000e+02,1.019062595282390333e+02
5.800000000000000000e+02,8.200000000000000000e+02,1.012859848444006587e+02
5.800000000000000000e+02,8.300000000000000000e+02,1.007351757087651976e+02
5.800000000000000000e+02,8.400000000000000000e+02,1.002757766714894814e+02
5.800000000000000000e+02,8.500000000000000000e+02,9.992602505217398345e+01
5.800000000000000000e+02,8.600000000000000000e+02,9.969914772312317552e+01
5.800000000000000000e+02,8.700000000000000000e+02,9.960243970026451166e+01
5.800000000000000000e+02,8.800000000000000000e+02,9.963672454172592552e+01
5.800000000000000000e+02,8.900000000000000000e+02,9.979619655407192624e+01
5.800000000000000000e+02,9.000000000000000000e+02,1.000686448061981366e+02
5.800000000000000000e+02,9.100000000000000000e+02,1.004360589508845436e+02
5.800000000000000000e+02,9.200000000000000000e+02,1.008756168540072338e+02
5.800000000000000000e+02,9.300000000000000000e+02,1.013610540314085711e+02
5.800000000000000000e+02,9.400000000000000000e+02,1.018644148934261295e+02
5.800000000000000000e+02,9.500000000000000000e+02,1.023581857970800257e+02
5.800000000000000000e+02,9.600000000000000000e+02,1.028178099059189066e+02
5.800000000000000000e+02,9.700000000000000000e+02,1.032245838575243653e+02
5.800000000000000000e+02,9.800000000000000000e+02,1.035689362386740413e+02
5.800000000000000000e+02,9.900000000000000000e+02,1.038540878681632620e+02
5.900000000000000000e+02,0.000000000000000000e+00,9.809889942119600903e+01
5.900000000000000000e+02,1.000000000000000000e+01,9.742410620534202792e+01
5.900000000000000000e+02,2.000000000000000000e+01,9.672981490951885064e+01
5.900000000000000000e+02,3.000000000000000000e+01,9.600747124106973729e+01
5.900000000000000000e+02,4.000000000000000000e+01,9.525801201384115302e+01
5.900000000000000000e+02,5.000000000000000000e+01,9.448939654874108385e+01
5.900000000000000000e+02,6.000000000000000000e+01,9.371438303215803955e+01
5.900000000000000000e+02,7.000000000000000000e+01,9.294854983224085743e+01
5.900000000000000000e+02,8.000000000000000000e+01,9.220856177303929258e+01
5.900000000000000000e+02,9.000000000000000000e+01,9.151068136650536644e+01
5.900000000000000000e+02,1.000000000000000000e+02,9.086952500235560137e+01
5.900000000000000000e+02,1.100000000000000000e+02,9.029706409579394233e+01
5.900000000000000000e+02,1.200000000000000000e+02,8.980187119309546517e+01
5.900000000000000000e+02,1.300000000000000000e+02,8.938861103505098527e+01
5.900000000000000000e+02,1.400000000000000000e+02,8.905777657827228211e+01
5.900000000000000000e+02,1.500000000000000000e+02,8.880566997435829535e+01
5.900000000000000000e+02,1.600000000000000000e+02,8.862462850692193683e+01
5.900000000000000000e+02,1.700000000000000000e+02,8.850349548647781717e+01
5.900000000000000000e+02,1.800000000000000000e+02,8.842833610319068782e+01
5.900000000000000000e+02,1.900000000000000000e+02,8.838339823748472668e+01
5.900000000000000000e+02,2.000000000000000000e+02,8.835231822851351069e+01
5.900000000000000000e+02,2.100000000000000000e+02,8.831957160049094568e+01
5.900000000000000000e+02,2.200000000000000000e+02,8.827216874688278381e+01
5.900000000000000000e+02,2.300000000000000000e+02,8.820159557245905546e+01
5.900000000000000000e+02,2.400000000000000000e+02,8.810599909320730205e+01
5.900000000000000000e+02,2.500000000000000000e+02,8.799261799410651008e+01
5.900000000000000000e+02,2.600000000000000000e+02,8.788596298468212353e+01
5.900000000000000000e+02,2.700000000000000000e+02,8.783451278692348296e+01
5.900000000000000000e+02,2.800000000000000000e+02,8.787508274212314063e+01
5.900000000000000000e+02,2.900000000000000000e+02,8.802732465465305722e+01
5.900000000000000000e+02,3.000000000000000000e+02,8.829672000606056770e+01
5.900000000000000000e+02,3.100000000000000000e+02,8.867736047601907501e+01
5.900000000000000000e+02,3.200000000000000000e+02,8.915451577013357110e+01
5.900000000000000000e+02,3.300000000000000000e+02,8.970698875460087152e+01
5.900000000000000000e+02,3.400000000000000000e+02,9.030925789772474843e+01
5.900000000000000000e+02,3.500000000000000000e+02,9.093340701828574879e+01
5.900000000000000000e+02,3.600000000000000000e+02,9.155084234076585403e+01
5.900000000000000000e+02,3.700000000000000000e+02,9.213379685742788183e+01
5.900000000000000000e+02,3.800000000000000000e+02,9.265662199724974357e+01
5.900000000000000000e+02,3.900000000000000000e+02,9.309686660171337280e+01
5.900000000000000000e+02,4.000000000000000000e+02,9.343614320744858048e+01
5.900000000000000000e+02,4.100000000000000000e+02,9.366078163573156701e+01
5.900000000000000000e+02,4.200000000000000000e+02,9.376226988883833258e+01
5.900000000000000000e+02,4.300000000000000000e+02,9.373748235325275857e+01
5.900000000000000000e+02,4.400000000000000000e+02,9.358869530972955886e+01
5.900000000000000000e+02,4.500000000000000000e+02,9.332338975021198735e+01
5.900000000000000000e+02,4.600000000000000000e+02,9.295384150160438708e+01
5.900000000000000000e+02,4.700000000000000000e+02,9.249649865639933921e+01
5.900000000000000000e+02,4.800000000000000000e+02,9.197114631015988095e+01
5.900000000000000000e+02,4.900000000000000000e+02,9.139985860585625232e+01
5.900000000000000000e+02,5.000000000000000000e+02,9.080573808505755551e+01
5.900000000000000000e+02,5.100000000000000000e+02,9.022694640367303975e+01
5.900000000000000000e+02,5.200000000000000000e+02,8.975305332405469017e+01
5.900000000000000000e+02,5.300000000000000000e+02,8.946386509875408422e+01
5.900000000000000000e+02,5.400000000000000000e+02,8.941416721960862901e+01
5.900000000000000000e+02,5.500000000000000000e+02,8.963628674818146180e+01
5.900000000000000000e+02,5.600000000000000000e+02,9.014262656025351816e+01
5.900000000000000000e+02,5.700000000000000000e+02,9.092817150436817997e+01
5.900000000000000000e+02,5.800000000000000000e+02,9.197296647442820472e+01
5.900000000000000000e+02,5.900000000000000000e+02,9.324456639634500732e+01
5.900000000000000000e+02,6.000000000000000000e+02,9.470045812874037949e+01
5.900000000000000000e+02,6.100000000000000000e+02,9.629045427770053323e+01
5.900000000000000000e+02,6.200000000000000000e+02,9.795905892558251082e+01
5.900000000000000000e+02,6.300000000000000000e+02,9.964780527387310372e+01
5.900000000000000000e+02,6.400000000000000000e+02,1.012975652000999105e+02
5.900000000000000000e+02,6.500000000000000000e+02,1.028508307287949748e+02
5.900000000000000000e+02,6.600000000000000000e+02,1.042539674165107186e+02
5.900000000000000000e+02,6.700000000000000000e+02,1.054594396508882710e+02
5.900000000000000000e+02,6.800000000000000000e+02,1.064280078637780917e+02
5.900000000000000000e+02,6.900000000000000000e+02,1.071308976584131614e+02
5.900000000000000000e+02,7.000000000000000000e+02,1.075519408506342245e+02
5.900000000000000000e+02,7.100000000000000000e+02,1.076896884241678691e+02
5.900000000000000000e+02,7.200000000000000000e+02,1.075594953999564609e+02
5.900000000000000000e+02,7.300000000000000000e+02,1.071955776195408419e+02
5.900000000000000000e+02,7.400000000000000000e+02,1.066530404424953389e+02
5.900000000000000000e+02,7.500000000000000000e+02,1.060098793579148975e+02
5.900000000000000000e+02,7.600000000000000000e+02,1.053452758217596141e+02
5.900000000000000000e+02,7.700000000000000000e+02,1.046664793156692639e+02
5.900000000000000000e+02,7.800000000000000000e+02,1.039720974190551885e+02
5.900000000000000000e+02,7.900000000000000000e+02,1.032713727433193327e+02
5.900000000000000000e+02,8.000000000000000000e+02,1.025808522273994043e+02
5.900000000000000000e+02,8.100000000000000000e+02,1.019214193014572913e+02
5.900000000000000000e+02,8.200000000000000000e+02,1.013156889187110750e+02
5.900000000000000000e+02,8.300000000000000000e+02,1.007857654554103419e+02
5.900000000000000000e+02,8.400000000000000000e+02,1.003513634789549229e+02
5.900000000000000000e+02,8.500000000000000000e+02,1.000282913841571570e+02
5.900000000000000000e+02,8.600000000000000000e+02,9.982729789764745476e+01
5.900000000000000000e+02,8.700000000000000000e+02,9.975328145042337269e+01
5.900000000000000000e+02,8.800000000000000000e+02,9.980486241854208629e+01
5.900000000000000000e+02,8.900000000000000000e+02,9.997431823195626066e+01
5.900000000000000000e+02,9.000000000000000000e+02,1.002478813514934188e+02
5.900000000000000000e+02,9.100000000000000000e+02,1.006064001139786086e+02
5.900000000000000000e+02,9.200000000000000000e+02,1.010263624455006379e+02
5.900000000000000000e+02,9.300000000000000000e+02,1.014812824428216089e+02
5.900000000000000000e+02,9.400000000000000000e+02,1.019434498229299777e+02
5.900000000000000000e+02,9.500000000000000000e+02,1.023860422407369697e+02
5.900000000000000000e+02,9.600000000000000000e+02,1.027856004749164498e+02
5.900000000000000000e+02,9.700000000000000000e+02,1.031248664818882048e+02
5.900000000000000000e+02,9.800000000000000000e+02,1.033959843179446381e+02
5.900000000000000000e+02,9.900000000000000000e+02,1.036040639295209616e+02
6.000000000000000000e+02,0.000000000000000000e+00,9.740157828597531875e+01
6.000000000000000000e+02,1.000000000000000000e+01,9.683814067709853646e+01
6.000000000000000000e+02,2.000000000000000000e+01,9.625180977697495166e+01
6.000000000000000000e+02,3.000000000000000000e+01,9.563039583476412986e+01
6.000000000000000000e+02,4.000000000000000000e+01,9.497119886236311004e+01
6.000000000000000000e+02,5.000000000000000000e+01,9.427879098853014739e+01
6.000000000000000000e+02,6.000000000000000000e+01,9.356300450308232541e+01
6.000000000000000000e+02,7.000000000000000000e+01,9.283712559116652585e+01
6.000000000000000000e+02,8.000000000000000000e+01,9.211629375760404059e+01
6.000000000000000000e+02,9.000000000000000000e+01,9.141610694130878301e+01
6.000000000000000000e+02,1.000000000000000000e+02,9.075143231977892810e+01
6.000000000000000000e+02,1.100000000000000000e+02,9.013542280366226578e+01
6.000000000000000000e+02,1.200000000000000000e+02,8.957873922139502554e+01
6.000000000000000000e+02,1.300000000000000000e+02,8.908897819391424377e+01
6.000000000000000000e+02,1.400000000000000000e+02,8.867030569944380147e+01
6.000000000000000000e+02,1.500000000000000000e+02,8.832329632835391919e+01
6.000000000000000000e+02,1.600000000000000000e+02,8.804497822809425145e+01
6.000000000000000000e+02,1.700000000000000000e+02,8.782908373820049519e+01
6.000000000000000000e+02,1.800000000000000000e+02,8.766650571537468295e+01
6.000000000000000000e+02,1.900000000000000000e+02,8.754595954863890483e+01
6.000000000000000000e+02,2.000000000000000000e+02,8.745485086456262991e+01
6.000000000000000000e+02,2.100000000000000000e+02,8.738034892256365538e+01
6.000000000000000000e+02,2.200000000000000000e+02,8.731066570028249885e+01
6.000000000000000000e+02,2.300000000000000000e+02,8.723654066903050364e+01
6.000000000000000000e+02,2.400000000000000000e+02,8.715293125931128770e+01
6.000000000000000000e+02,2.500000000000000000e+02,8.706090901641600510e+01
6.000000000000000000e+02,2.600000000000000000e+02,8.697812152078230952e+01
6.000000000000000000e+02,2.700000000000000000e+02,8.695433979952896664e+01
6.000000000000000000e+02,2.800000000000000000e+02,8.702863384351317677e+01
6.000000000000000000e+02,2.900000000000000000e+02,8.722151241705316238e+01
6.000000000000000000e+02,3.000000000000000000e+02,8.753821124546831811e+01
6.000000000000000000e+02,3.100000000000000000e+02,8.797174316959606699e+01
6.000000000000000000e+02,3.200000000000000000e+02,8.850571026728536594e+01
6.000000000000000000e+02,3.300000000000000000e+02,8.911687794186707379e+01
6.000000000000000000e+02,3.400000000000000000e+02,8.977751097760075538e+01
6.000000000000000000e+02,3.500000000000000000e+02,9.045747156209843354e+01
6.000000000000000000e+02,3.600000000000000000e+02,9.112607927572477706e+01
6.000000000000000000e+02,3.700000000000000000e+02,9.175373304797423657e+01
6.000000000000000000e+02,3.800000000000000000e+02,9.231329508082461643e+01
6.000000000000000000e+02,3.900000000000000000e+02,9.278123673906755187e+01
6.000000000000000000e+02,4.000000000000000000e+02,9.313854640761553583e+01
6.000000000000000000e+02,4.100000000000000000e+02,9.337139931578570895e+01
6.000000000000000000e+02,4.200000000000000000e+02,9.347158932856029878e+01
6.000000000000000000e+02,4.300000000000000000e+02,9.343672270482380782e+01
6.000000000000000000e+02,4.400000000000000000e+02,9.327017382257673717e+01
6.000000000000000000e+02,4.500000000000000000e+02,9.298080287112625797e+01
6.000000000000000000e+02,4.600000000000000000e+02,9.258243551025331897e+01
6.000000000000000000e+02,4.700000000000000000e+02,9.209310449635660234e+01
6.000000000000000000e+02,4.800000000000000000e+02,9.153405327557308624e+01
6.000000000000000000e+02,4.900000000000000000e+02,9.092850154387537032e+01
6.000000000000000000e+02,5.000000000000000000e+02,9.030017277414559373e+01
6.000000000000000000e+02,5.100000000000000000e+02,8.968809704997707399e+01
6.000000000000000000e+02,5.200000000000000000e+02,8.918567405037336471e+01
6.000000000000000000e+02,5.300000000000000000e+02,8.887629038913894419e+01
6.000000000000000000e+02,5.400000000000000000e+02,8.881714977943867950e+01
6.000000000000000000e+02,5.500000000000000000e+02,8.904196308725815356e+01
6.000000000000000000e+02,5.600000000000000000e+02,8.956360763075954878e+01
6.000000000000000000e+02,5.700000000000000000e+02,9.037675572553320080e+01
6.000000000000000000e+02,5.800000000000000000e+02,9.146047247574479400e+01
6.000000000000000000e+02,5.900000000000000000e+02,9.278078281117831239e+01
6.000000000000000000e+02,6.000000000000000000e+02,9.429320777017441912e+01
6.000000000000000000e+02,6.100000000000000000e+02,9.594527002846470509e+01
6.000000000000000000e+02,6.200000000000000000e+02,9.767896867390145133e+01
6.000000000000000000e+02,6.300000000000000000e+02,9.943322322708313266e+01
6.000000000000000000e+02,6.400000000000000000e+02,1.011462869078754494e+02
6.000000000000000000e+02,6.500000000000000000e+02,1.027581291478281997e+02
6.000000000000000000e+02,6.600000000000000000e+02,1.042127873484875522e+02
6.000000000000000000e+02,6.700000000000000000e+02,1.054606878856042016e+02
6.000000000000000000e+02,6.800000000000000000e+02,1.064609363592370102e+02
6.000000000000000000e+02,6.900000000000000000e+02,1.071835770897524469e+02
6.000000000000000000e+02,7.000000000000000000e+02,1.076118218597194556e+02
6.000000000000000000e+02,7.100000000000000000e+02,1.077442479017002483e+02
6.000000000000000000e+02,7.200000000000000000e+02,1.075969651319364999e+02
6.000000000000000000e+02,7.300000000000000000e+02,1.072057526299313395e+02
6.000000000000000000e+02,7.400000000000000000e+02,1.066281643639270413e+02
6.000000000000000000e+02,7.500000000000000000e+02,1.059456041622780873e+02
6.000000000000000000e+02,7.600000000000000000e+02,1.052418465769438001e+02
6.000000000000000000e+02,7.700000000000000000e+02,1.045293545997040923e+02
6.000000000000000000e+02,7.800000000000000000e+02,1.038103801254730456e+02
6.000000000000000000e+02,7.900000000000000000e+02,1.030961161058438051e+02
6.000000000000000000e+02,8.000000000000000000e+02,1.024036605203728669e+02
6.000000000000000000e+02,8.100000000000000000e+02,1.017533223403324598e+02
6.000000000000000000e+02,8.200000000000000000e+02,1.011662694849309645e+02
6.000000000000000000e+02,8.300000000000000000e+02,1.006625187700013271e+02
6.000000000000000000e+02,8.400000000000000000e+02,1.002592678491575668e+02
6.000000000000000000e+02,8.500000000000000000e+02,9.996956914741929268e+01
6.000000000000000000e+02,8.600000000000000000e+02,9.980134578730421424e+01
6.000000000000000000e+02,8.700000000000000000e+02,9.975674950738883240e+01
6.000000000000000000e+02,8.800000000000000000e+02,9.983186057333699637e+01
6.000000000000000000e+02,8.900000000000000000e+02,1.000167296813965834e+02
6.000000000000000000e+02,9.000000000000000000e+02,1.002957618543642582e+02
6.000000000000000000e+02,9.100000000000000000e+02,1.006484423300181561e+02
6.000000000000000000e+02,9.200000000000000000e+02,1.010504044420187455e+02
6.000000000000000000e+02,9.300000000000000000e+02,1.014748394932775710e+02
6.000000000000000000e+02,9.400000000000000000e+02,1.018942486217942189e+02
6.000000000000000000e+02,9.500000000000000000e+02,1.022825366589611065e+02
6.000000000000000000e+02,9.600000000000000000e+02,1.026174479803365358e+02
6.000000000000000000e+02,9.700000000000000000e+02,1.028833443488855863e+02
6.000000000000000000e+02,9.800000000000000000e+02,1.030743247506891720e+02
6.000000000000000000e+02,9.900000000000000000e+02,1.031976872231211360e+02
6.100000000000000000e+02,0.000000000000000000e+00,9.671687190106632670e+01
6.100000000000000000e+02,1.000000000000000000e+01,9.627264710813265935e+01
6.100000000000000000e+02,2.000000000000000000e+01,9.580284615498186440e+01
6.100000000000000000e+02,3.000000000000000000e+01,9.529211978330386046e+01
6.100000000000000000e+02,4.000000000000000000e+01,9.473438637503231519e+01
6.100000000000000000e+02,5.000000000000000000e+01,9.413090359804627383e+01
6.100000000000000000e+02,6.000000000000000000e+01,9.348850376397622597e+01
6.100000000000000000e+02,7.000000000000000000e+01,9.281799289811445419e+01
6.100000000000000000e+02,8.000000000000000000e+01,9.213271352142984938e+01
6.100000000000000000e+02,9.000000000000000000e+01,9.144727114468700790e+01
6.100000000000000000e+02,1.000000000000000000e+02,9.077642447466975284e+01
6.100000000000000000e+02,1.100000000000000000e+02,9.013413933250896548e+01
6.100000000000000000e+02,1.200000000000000000e+02,8.953280628411489772e+01
6.100000000000000000e+02,1.300000000000000000e+02,8.898262198271370949e+01
6.100000000000000000e+02,1.400000000000000000e+02,8.849113422348847280e+01
6.100000000000000000e+02,1.500000000000000000e+02,8.806295071032457145e+01
6.100000000000000000e+02,1.600000000000000000e+02,8.769961153465928305e+01
6.100000000000000000e+02,1.700000000000000000e+02,8.739962536643604096e+01
6.100000000000000000e+02,1.800000000000000000e+02,8.715866935716272224e+01
6.100000000000000000e+02,1.900000000000000000e+02,8.696995275507461542e+01
6.100000000000000000e+02,2.000000000000000000e+02,8.682474423240148553e+01
6.100000000000000000e+02,2.100000000000000000e+02,8.671306292473921928e+01
6.100000000000000000e+02,2.200000000000000000e+02,8.662453318252573808e+01
6.100000000000000000e+02,2.300000000000000000e+02,8.654940303462126394e+01
6.100000000000000000e+02,2.400000000000000000e+02,8.647972636399303781e+01
6.100000000000000000e+02,2.500000000000000000e+02,8.641070879550433403e+01
6.100000000000000000e+02,2.600000000000000000e+02,8.635338594626955455e+01
6.100000000000000000e+02,2.700000000000000000e+02,8.635885560037556274e+01
6.100000000000000000e+02,2.800000000000000000e+02,8.646838565821661859e+01
6.100000000000000000e+02,2.900000000000000000e+02,8.670325311129160184e+01
6.100000000000000000e+02,3.000000000000000000e+02,8.706834142137050492e+01
6.100000000000000000e+02,3.100000000000000000e+02,8.755547277785329641e+01
6.100000000000000000e+02,3.200000000000000000e+02,8.814647523332102708e+01
6.100000000000000000e+02,3.300000000000000000e+02,8.881598471727922117e+01
6.100000000000000000e+02,3.400000000000000000e+02,8.953398192809359557e+01
6.100000000000000000e+02,3.500000000000000000e+02,9.026806410311800732e+01
6.100000000000000000e+02,3.600000000000000000e+02,9.098545166701477172e+01
6.100000000000000000e+02,3.700000000000000000e+02,9.165472975826718027e+01
6.100000000000000000e+02,3.800000000000000000e+02,9.224732463388440351e+01
6.100000000000000000e+02,3.900000000000000000e+02,9.273871495229859363e+01
6.100000000000000000e+02,4.000000000000000000e+02,9.310937793445434352e+01
6.100000000000000000e+02,4.100000000000000000e+02,9.334547040309038834e+01
6.100000000000000000e+02,4.200000000000000000e+02,9.343924470021367767e+01
6.100000000000000000e+02,4.300000000000000000e+02,9.338919948276557648e+01
6.100000000000000000e+02,4.400000000000000000e+02,9.319996539648057876e+01
6.100000000000000000e+02,4.500000000000000000e+02,9.288192562793709328e+01
6.100000000000000000e+02,4.600000000000000000e+02,9.245057133480068501e+01
6.100000000000000000e+02,4.700000000000000000e+02,9.192559195425948815e+01
6.100000000000000000e+02,4.800000000000000000e+02,9.132970038965201809e+01
6.100000000000000000e+02,4.900000000000000000e+02,9.068719307528718332e+01
6.100000000000000000e+02,5.000000000000000000e+02,9.002224491945656837e+01
6.100000000000000000e+02,5.100000000000000000e+02,8.937432910404778852e+01
6.100000000000000000e+02,5.200000000000000000e+02,8.883972084923669854e+01
6.100000000000000000e+02,5.300000000000000000e+02,8.850453826567870408e+01
6.100000000000000000e+02,5.400000000000000000e+02,8.842780696837844800e+01
6.100000000000000000e+02,5.500000000000000000e+02,8.864425497754862704e+01
6.100000000000000000e+02,5.600000000000000000e+02,8.916707401305716019e+01
6.100000000000000000e+02,5.700000000000000000e+02,8.999064718246241057e+01
6.100000000000000000e+02,5.800000000000000000e+02,9.109324306263677329e+01
6.100000000000000000e+02,5.900000000000000000e+02,9.243967617497845879e+01
6.100000000000000000e+02,6.000000000000000000e+02,9.398393385421142909e+01
6.100000000000000000e+02,6.100000000000000000e+02,9.567176951077372848e+01
6.100000000000000000e+02,6.200000000000000000e+02,9.744326228679383917e+01
6.100000000000000000e+02,6.300000000000000000e+02,9.923534310565544558e+01
6.100000000000000000e+02,6.400000000000000000e+02,1.009842871151503374e+02
6.100000000000000000e+02,6.500000000000000000e+02,1.026281725242195648e+02
6.100000000000000000e+02,6.600000000000000000e+02,1.041093058332827752e+02
6.100000000000000000e+02,6.700000000000000000e+02,1.053766134581559584e+02
6.100000000000000000e+02,6.800000000000000000e+02,1.063879997475571031e+02
6.100000000000000000e+02,6.900000000000000000e+02,1.071126713942004471e+02
6.100000000000000000e+02,7.000000000000000000e+02,1.075334282394786385e+02
6.100000000000000000e+02,7.100000000000000000e+02,1.076489204717333905e+02
6.100000000000000000e+02,7.200000000000000000e+02,1.074758722181141621e+02
6.100000000000000000e+02,7.300000000000000000e+02,1.070512715300251614e+02
6.100000000000000000e+02,7.400000000000000000e+02,1.064345267621606865e+02
6.100000000000000000e+02,7.500000000000000000e+02,1.057095893451283786e+02
6.100000000000000000e+02,7.600000000000000000e+02,1.049640158831850982e+02
6.100000000000000000e+02,7.700000000000000000e+02,1.042157667043175735e+02
6.100000000000000000e+02,7.800000000000000000e+02,1.034711610373957313e+02
6.100000000000000000e+02,7.900000000000000000e+02,1.027435962095138962e+02
6.100000000000000000e+02,8.000000000000000000e+02,1.020508315898281353e+02
6.100000000000000000e+02,8.100000000000000000e+02,1.014125922093900698e+02
6.100000000000000000e+02,8.200000000000000000e+02,1.008484920569769798e+02
6.100000000000000000e+02,8.300000000000000000e+02,1.003762770509185742e+02
6.100000000000000000e+02,8.400000000000000000e+02,1.000103876869199695e+02
6.100000000000000000e+02,8.500000000000000000e+02,9.976084136188129037e+01
6.100000000000000000e+02,8.600000000000000000e+02,9.963243437371370703e+01
6.100000000000000000e+02,8.700000000000000000e+02,9.962426359715171031e+01
6.100000000000000000e+02,8.800000000000000000e+02,9.972956783556213622e+01
6.100000000000000000e+02,8.900000000000000000e+02,9.993588884874939993e+01
6.100000000000000000e+02,9.000000000000000000e+02,1.002255520567572518e+02
6.100000000000000000e+02,9.100000000000000000e+02,1.005764669196670411e+02
6.100000000000000000e+02,9.200000000000000000e+02,1.009632469933923034e+02
6.100000000000000000e+02,9.300000000000000000e+02,1.013586496614698262e+02
6.100000000000000000e+02,9.400000000000000000e+02,1.017353355428473378e+02
6.100000000000000000e+02,9.500000000000000000e+02,1.020679475756672474e+02
6.100000000000000000e+02,9.600000000000000000e+02,1.023355097770473066e+02
6.100000000000000000e+02,9.700000000000000000e+02,1.025241456788572947e+02
6.100000000000000000e+02,9.800000000000000000e+02,1.026301164394924399e+02
6.100000000000000000e+02,9.900000000000000000e+02,1.026631786316431487e+02
6.200000000000000000e+02,0.000000000000000000e+00,9.608239914492089895e+01
6.200000000000000000e+02,1.000000000000000000e+01,9.576228700476556810e+01
6.200000000000000000e+02,2.000000000000000000e+01,9.541468209565816494e+01
6.200000000000000000e+02,3.000000000000000000e+01,9.502162025791554356e+01
6.200000000000000000e+02,4.000000000000000000e+01,9.457397051094116591e+01
6.200000000000000000e+02,5.000000000000000000e+01,9.406982687802410226e+01
6.200000000000000000e+02,6.000000000000000000e+01,9.351302027565611752e+01
6.200000000000000000e+02,7.000000000000000000e+01,9.291175046736680088e+01
6.200000000000000000e+02,8.000000000000000000e+01,9.227733808207673860e+01
6.200000000000000000e+02,9.000000000000000000e+01,9.162309669696880121e+01
6.200000000000000000e+02,1.000000000000000000e+02,9.096332498487743123e+01
6.200000000000000000e+02,1.100000000000000000e+02,9.031241892619603107e+01
6.200000000000000000e+02,1.200000000000000000e+02,8.968410408530237987e+01
6.200000000000000000e+02,1.300000000000000000e+02,8.909078795150216479e+01
6.200000000000000000e+02,1.400000000000000000e+02,8.854303234449044169e+01
6.200000000000000000e+02,1.500000000000000000e+02,8.804914588433136657e+01
6.200000000000000000e+02,1.600000000000000000e+02,8.761489652595577127e+01
6.200000000000000000e+02,1.700000000000000000e+02,8.724334415817692445e+01
6.200000000000000000e+02,1.800000000000000000e+02,8.693479326722433598e+01
6.200000000000000000e+02,1.900000000000000000e+02,8.668686566479560440e+01
6.200000000000000000e+02,2.000000000000000000e+02,8.649469328062627937e+01
6.200000000000000000e+02,2.100000000000000000e+02,8.635123101957789515e+01
6.200000000000000000e+02,2.200000000000000000e+02,8.624768968324394791e+01
6.200000000000000000e+02,2.300000000000000000e+02,8.617408895607400154e+01
6.200000000000000000e+02,2.400000000000000000e+02,8.611993045601585095e+01
6.200000000000000000e+02,2.500000000000000000e+02,8.607499084967568592e+01
6.200000000000000000e+02,2.600000000000000000e+02,8.604409208154636701e+01
6.200000000000000000e+02,2.700000000000000000e+02,8.607962876071452740e+01
6.200000000000000000e+02,2.800000000000000000e+02,8.622492807571754270e+01
6.200000000000000000e+02,2.900000000000000000e+02,8.650190838925085757e+01
6.200000000000000000e+02,3.000000000000000000e+02,8.691499157053630142e+01
6.200000000000000000e+02,3.100000000000000000e+02,8.745472203967847236e+01
6.200000000000000000e+02,3.200000000000000000e+02,8.810109252400913249e+01
6.200000000000000000e+02,3.300000000000000000e+02,8.882657652641961477e+01
6.200000000000000000e+02,3.400000000000000000e+02,8.959886750568122693e+01
6.200000000000000000e+02,3.500000000000000000e+02,9.038332476875376642e+01
6.200000000000000000e+02,3.600000000000000000e+02,9.114512607508190456e+01
6.200000000000000000e+02,3.700000000000000000e+02,9.185112695287972429e+01
6.200000000000000000e+02,3.800000000000000000e+02,9.247142672740326930e+01
6.200000000000000000e+02,3.900000000000000000e+02,9.298064126121096251e+01
6.200000000000000000e+02,4.000000000000000000e+02,9.335888240641224911e+01
6.200000000000000000e+02,4.100000000000000000e+02,9.359244416890413731e+01
6.200000000000000000e+02,4.200000000000000000e+02,9.367419558459576479e+01
6.200000000000000000e+02,4.300000000000000000e+02,9.360368030762106173e+01
6.200000000000000000e+02,4.400000000000000000e+02,9.338692291053928329e+01
6.200000000000000000e+02,4.500000000000000000e+02,9.303594189652378077e+01
6.200000000000000000e+02,4.600000000000000000e+02,9.256796942353855684e+01
6.200000000000000000e+02,4.700000000000000000e+02,9.200437774050301698e+01
6.200000000000000000e+02,4.800000000000000000e+02,9.136931233544467545e+01
6.200000000000000000e+02,4.900000000000000000e+02,9.068803179563983008e+01
6.200000000000000000e+02,5.000000000000000000e+02,8.998495437974237632e+01
6.200000000000000000e+02,5.100000000000000000e+02,8.929953252925477614e+01
6.200000000000000000e+02,5.200000000000000000e+02,8.872989249770853348e+01
6.200000000000000000e+02,5.300000000000000000e+02,8.836397446445711523e+01
6.200000000000000000e+02,5.400000000000000000e+02,8.826198944097424715e+01
6.200000000000000000e+02,5.500000000000000000e+02,8.845929375111360571e+01
6.200000000000000000e+02,5.600000000000000000e+02,8.896922693920274128e+01
6.200000000000000000e+02,5.700000000000000000e+02,8.978591310597089148e+01
6.200000000000000000e+02,5.800000000000000000e+02,9.088702567231115381e+01
6.200000000000000000e+02,5.900000000000000000e+02,9.223651557087669062e+01
6.200000000000000000e+02,6.000000000000000000e+02,9.378730286551099482e+01
6.200000000000000000e+02,6.100000000000000000e+02,9.548393179851242962e+01
6.200000000000000000e+02,6.200000000000000000e+02,9.726518926573282897e+01
6.200000000000000000e+02,6.300000000000000000e+02,9.906668671951018723e+01
6.200000000000000000e+02,6.400000000000000000e+02,1.008234054994355091e+02
6.200000000000000000e+02,6.500000000000000000e+02,1.024722055909538767e+02
6.200000000000000000e+02,6.600000000000000000e+02,1.039542978117994920e+02
6.200000000000000000e+02,6.700000000000000000e+02,1.052176794262649651e+02
6.200000000000000000e+02,6.800000000000000000e+02,1.062195331873046200e+02
6.200000000000000000e+02,6.900000000000000000e+02,1.069285898064721891e+02
6.200000000000000000e+02,7.000000000000000000e+02,1.073274538516921837e+02
6.200000000000000000e+02,7.100000000000000000e+02,1.074148930728659224e+02
6.200000000000000000e+02,7.200000000000000000e+02,1.072080911553112230e+02
6.200000000000000000e+02,7.300000000000000000e+02,1.067448639010365525e+02
6.200000000000000000e+02,7.400000000000000000e+02,1.060858388378492094e+02
6.200000000000000000e+02,7.500000000000000000e+02,1.053165982562974676e+02
6.200000000000000000e+02,7.600000000000000000e+02,1.045275905585492637e+02
6.200000000000000000e+02,7.700000000000000000e+02,1.037424538983340341e+02
6.200000000000000000e+02,7.800000000000000000e+02,1.029719263394102882e+02
6.200000000000000000e+02,7.900000000000000000e+02,1.022318293844185462e+02
6.200000000000000000e+02,8.000000000000000000e+02,1.015406901038654013e+02
6.200000000000000000e+02,8.100000000000000000e+02,1.009176597370247634e+02
6.200000000000000000e+02,8.200000000000000000e+02,1.003807287647565403e+02
6.200000000000000000e+02,8.300000000000000000e+02,9.994523845424239994e+01
6.200000000000000000e+02,8.400000000000000000e+02,9.962268887563908493e+01
6.200000000000000000e+02,8.500000000000000000e+02,9.941984339064870824e+01
6.200000000000000000e+02,8.600000000000000000e+02,9.933812961300662892e+01
6.200000000000000000e+02,8.700000000000000000e+02,9.937333684088636687e+01
6.200000000000000000e+02,8.800000000000000000e+02,9.951560996122199754e+01
6.200000000000000000e+02,8.900000000000000000e+02,9.974973982594769950e+01
6.200000000000000000e+02,9.000000000000000000e+02,1.000557501001546399e+02
6.200000000000000000e+02,9.100000000000000000e+02,1.004097805821651264e+02
6.200000000000000000e+02,9.200000000000000000e+02,1.007852669955241396e+02
6.200000000000000000e+02,9.300000000000000000e+02,1.011544172529079333e+02
6.200000000000000000e+02,9.400000000000000000e+02,1.014899841919501853e+02
6.200000000000000000e+02,9.500000000000000000e+02,1.017673347829852446e+02
6.200000000000000000e+02,9.600000000000000000e+02,1.019668158087087448e+02
6.200000000000000000e+02,9.700000000000000000e+02,1.020764160157554699e+02
6.200000000000000000e+02,9.800000000000000000e+02,1.020947247381945147e+02
6.200000000000000000e+02,9.900000000000000000e+02,1.020341869929417982e+02
6.300000000000000000e+02,0.000000000000000000e+00,9.553273697017961297e+01
6.300000000000000000e+02,1.000000000000000000e+01,9.533848691500172379e+01
6.300000000000000000e+02,2.000000000000000000e+01,9.511560939343088705e+01
6.300000000000000000e+02,3.000000000000000000e+01,9.484411093378278679e+01
6.300000000000000000e+02,4.000000000000000000e+01,9.451220312203452067e+01
6.300000000000000000e+02,5.000000000000000000e+01,9.411503665080424241e+01
6.300000000000000000e+02,6.000000000000000000e+01,9.365351122147221474e+01
6.300000000000000000e+02,7.000000000000000000e+01,9.313316129944318789e+01
6.300000000000000000e+02,8.000000000000000000e+01,9.256311772255031656e+01
6.300000000000000000e+02,9.000000000000000000e+01,9.195514516260023186e+01
6.300000000000000000e+02,1.000000000000000000e+02,9.132275544005973700e+01
6.300000000000000000e+02,1.100000000000000000e+02,9.068039669188375740e+01
6.300000000000000000e+02,1.200000000000000000e+02,9.004271839248465881e+01
6.300000000000000000e+02,1.300000000000000000e+02,8.942391222784308979e+01
6.300000000000000000e+02,1.400000000000000000e+02,8.883712882276005018e+01
6.300000000000000000e+02,1.500000000000000000e+02,8.829397032125042699e+01
6.300000000000000000e+02,1.600000000000000000e+02,8.780405882007798368e+01
6.300000000000000000e+02,1.700000000000000000e+02,8.737468065543156115e+01
6.300000000000000000e+02,1.800000000000000000e+02,8.701050654274288831e+01
6.300000000000000000e+02,1.900000000000000000e+02,8.671338756964553340e+01
6.300000000000000000e+02,2.000000000000000000e+02,8.648222704207550748e+01
6.300000000000000000e+02,2.100000000000000000e+02,8.631292818351302287e+01
6.300000000000000000e+02,2.200000000000000000e+02,8.619841768736577592e+01
6.300000000000000000e+02,2.300000000000000000e+02,8.612874512249358361e+01
6.300000000000000000e+02,2.400000000000000000e+02,8.609125819187440243e+01
6.300000000000000000e+02,2.500000000000000000e+02,8.607085384441174369e+01
6.300000000000000000e+02,2.600000000000000000e+02,8.606666401368016750e+01
6.300000000000000000e+02,2.700000000000000000e+02,8.613228828716093233e+01
6.300000000000000000e+02,2.800000000000000000e+02,8.631290068997476794e+01
6.300000000000000000e+02,2.900000000000000000e+02,8.663090276877730389e+01
6.300000000000000000e+02,3.000000000000000000e+02,8.709014803321841214e+01
6.300000000000000000e+02,3.100000000000000000e+02,8.767984457936570664e+01
6.300000000000000000e+02,3.200000000000000000e+02,8.837813589509286771e+01
6.300000000000000000e+02,3.300000000000000000e+02,8.915535984743205233e+01
6.300000000000000000e+02,3.400000000000000000e+02,8.997698585189098708e+01
6.300000000000000000e+02,3.500000000000000000e+02,9.080623022373438857e+01
6.300000000000000000e+02,3.600000000000000000e+02,9.160634971122993875e+01
6.300000000000000000e+02,3.700000000000000000e+02,9.234261321085850227e+01
6.300000000000000000e+02,3.800000000000000000e+02,9.298395166448904092e+01
6.300000000000000000e+02,3.900000000000000000e+02,9.350428613851779858e+01
6.300000000000000000e+02,4.000000000000000000e+02,9.388353408497198416e+01
6.300000000000000000e+02,4.100000000000000000e+02,9.410829378457788152e+01
6.300000000000000000e+02,4.200000000000000000e+02,9.417220697179348576e+01
6.300000000000000000e+02,4.300000000000000000e+02,9.407599964180545271e+01
6.300000000000000000e+02,4.400000000000000000e+02,9.382720103949058910e+01
6.300000000000000000e+02,4.500000000000000000e+02,9.343954083034174118e+01
6.300000000000000000e+02,4.600000000000000000e+02,9.293202445335816719e+01
6.300000000000000000e+02,4.700000000000000000e+02,9.232768665590035084e+01
6.300000000000000000e+02,4.800000000000000000e+02,9.165202321050918499e+01
6.300000000000000000e+02,4.900000000000000000e+02,9.093110081368971009e+01
6.300000000000000000e+02,5.000000000000000000e+02,9.018934516665919432e+01
6.300000000000000000e+02,5.100000000000000000e+02,8.946570887842834452e+01
6.300000000000000000e+02,5.200000000000000000e+02,8.885912572880599214e+01
6.300000000000000000e+02,5.300000000000000000e+02,8.845843333694737964e+01
6.300000000000000000e+02,5.400000000000000000e+02,8.832438313448251677e+01
6.300000000000000000e+02,5.500000000000000000e+02,8.849256803629400281e+01
6.300000000000000000e+02,5.600000000000000000e+02,8.897631053506650289e+01
6.300000000000000000e+02,5.700000000000000000e+02,8.976951121960811975e+01
6.300000000000000000e+02,5.800000000000000000e+02,9.084945771694330574e+01
6.300000000000000000e+02,5.900000000000000000e+02,9.217959405817782681e+01
6.300000000000000000e+02,6.000000000000000000e+02,9.371225046813518134e+01
6.300000000000000000e+02,6.100000000000000000e+02,9.539133357876501407e+01
6.300000000000000000e+02,6.200000000000000000e+02,9.715497706632311292e+01
6.300000000000000000e+02,6.300000000000000000e+02,9.893815271232335817e+01
6.300000000000000000e+02,6.400000000000000000e+02,1.006752418882611835e+02
6.300000000000000000e+02,6.500000000000000000e+02,1.023025674641090177e+02
6.300000000000000000e+02,6.600000000000000000e+02,1.037608861405833665e+02
6.300000000000000000e+02,6.700000000000000000e+02,1.049978412051837040e+02
6.300000000000000000e+02,6.800000000000000000e+02,1.059703757120030190e+02
6.300000000000000000e+02,6.900000000000000000e+02,1.066471060853103694e+02
6.300000000000000000e+02,7.000000000000000000e+02,1.070106561469047790e+02
6.300000000000000000e+02,7.100000000000000000e+02,1.070599515672414128e+02
6.300000000000000000e+02,7.200000000000000000e+02,1.068124747403289945e+02
6.300000000000000000e+02,7.300000000000000000e+02,1.063064800823993465e+02
6.300000000000000000e+02,7.400000000000000000e+02,1.056031697543486700e+02
6.300000000000000000e+02,7.500000000000000000e+02,1.047888298079501794e+02
6.300000000000000000e+02,7.600000000000000000e+02,1.039558756965374755e+02
6.300000000000000000e+02,7.700000000000000000e+02,1.031336933544491643e+02
6.300000000000000000e+02,7.800000000000000000e+02,1.023377036157728810e+02
6.300000000000000000e+02,7.900000000000000000e+02,1.015863275243213479e+02
6.300000000000000000e+02,8.000000000000000000e+02,1.008989569974914531e+02
6.300000000000000000e+02,8.100000000000000000e+02,1.002941984582372186e+02
6.300000000000000000e+02,8.200000000000000000e+02,9.978838943515683013e+01
6.300000000000000000e+02,8.300000000000000000e+02,9.939438813069361345e+01
6.300000000000000000e+02,8.400000000000000000e+02,9.912063595745092925e+01
6.300000000000000000e+02,8.500000000000000000e+02,9.897049304262108649e+01
6.300000000000000000e+02,8.600000000000000000e+02,9.894184670052818831e+01
6.300000000000000000e+02,8.700000000000000000e+02,9.902699287328501043e+01
6.300000000000000000e+02,8.800000000000000000e+02,9.921279053956369864e+01
6.300000000000000000e+02,8.900000000000000000e+02,9.948108909148062651e+01
6.300000000000000000e+02,9.000000000000000000e+02,9.980942867959505804e+01
6.300000000000000000e+02,9.100000000000000000e+02,1.001720135260218569e+02
6.300000000000000000e+02,9.200000000000000000e+02,1.005409582056581854e+02
6.300000000000000000e+02,9.300000000000000000e+02,1.008878068955240224e+02
6.300000000000000000e+02,9.400000000000000000e+02,1.011853255922168842e+02
6.300000000000000000e+02,9.500000000000000000e+02,1.014095672974802937e+02
6.300000000000000000e+02,9.600000000000000000e+02,1.015422101718863530e+02
6.300000000000000000e+02,9.700000000000000000e+02,1.015731686566321628e+02
6.300000000000000000e+02,9.800000000000000000e+02,1.015034775634503745e+02
6.300000000000000000e+02,9.900000000000000000e+02,1.013484491326335615e+02
6.400000000000000000e+02,0.000000000000000000e+00,9.509796225353059640e+01
6.400000000000000000e+02,1.000000000000000000e+01,9.502810409205491737e+01
6.400000000000000000e+02,2.000000000000000000e+01,9.492924169275129032e+01
6.400000000000000000e+02,3.000000000000000000e+01,9.477994898132178037e+01
6.400000000000000000e+02,4.000000000000000000e+01,9.456621151697589767e+01
6.400000000000000000e+02,5.000000000000000000e+01,9.428051490745963292e+01
6.400000000000000000e+02,6.000000000000000000e+01,9.392096542963970762e+01
6.400000000000000000e+02,7.000000000000000000e+01,9.349044285564269785e+01
6.400000000000000000e+02,8.000000000000000000e+01,9.299578548454950067e+01
6.400000000000000000e+02,9.000000000000000000e+01,9.244700737964461723e+01
6.400000000000000000e+02,1.000000000000000000e+02,9.185654781122070744e+01
6.400000000000000000e+02,1.100000000000000000e+02,9.123855290493813186e+01
6.400000000000000000e+02,1.200000000000000000e+02,9.060818949573956615e+01
6.400000000000000000e+02,1.300000000000000000e+02,8.998099118731977342e+01
6.400000000000000000e+02,1.400000000000000000e+02,8.937223661715034950e+01
6.400000000000000000e+02,1.500000000000000000e+02,8.879635992705958358e+01
6.400000000000000000e+02,1.600000000000000000e+02,8.826639343936750493e+01
6.400000000000000000e+02,1.700000000000000000e+02,8.779344253857578906e+01
6.400000000000000000e+02,1.800000000000000000e+02,8.738619275861297808e+01
6.400000000000000000e+02,1.900000000000000000e+02,8.705044907563457457e+01
6.400000000000000000e+02,2.000000000000000000e+02,8.678870740637837855e+01
6.400000000000000000e+02,2.100000000000000000e+02,8.659975831207481178e+01
6.400000000000000000e+02,2.200000000000000000e+02,8.647832290791230037e+01
6.400000000000000000e+02,2.300000000000000000e+02,8.641472097805785779e+01
6.400000000000000000e+02,2.400000000000000000e+02,8.639457129623257003e+01
6.400000000000000000e+02,2.500000000000000000e+02,8.639852415184232370e+01
6.400000000000000000e+02,2.600000000000000000e+02,8.642064325302553129e+01
6.400000000000000000e+02,2.700000000000000000e+02,8.651558442733038135e+01
6.400000000000000000e+02,2.800000000000000000e+02,8.673009344936269827e+01
6.400000000000000000e+02,2.900000000000000000e+02,8.708687372210199840e+01
6.400000000000000000e+02,3.000000000000000000e+02,8.758911157405921699e+01
6.400000000000000000e+02,3.100000000000000000e+02,8.822465157219450305e+01
6.400000000000000000e+02,3.200000000000000000e+02,8.896982185059530934e+01
6.400000000000000000e+02,3.300000000000000000e+02,8.979290945491459297e+01
6.400000000000000000e+02,3.400000000000000000e+02,9.065728570256916896e+01
6.400000000000000000e+02,3.500000000000000000e+02,9.152418155869827388e+01
6.400000000000000000e+02,3.600000000000000000e+02,9.235511302788232513e+01
6.400000000000000000e+02,3.700000000000000000e+02,9.311395656162184764e+01
6.400000000000000000e+02,3.800000000000000000e+02,9.376867448157646834e+01
6.400000000000000000e+02,3.900000000000000000e+02,9.429269041856424849e+01
6.400000000000000000e+02,4.000000000000000000e+02,9.466591476732112653e+01
6.400000000000000000e+02,4.100000000000000000e+02,9.487542015702042875e+01
6.400000000000000000e+02,4.200000000000000000e+02,9.491576693755277461e+01
6.400000000000000000e+02,4.300000000000000000e+02,9.478897868156595052e+01
6.400000000000000000e+02,4.400000000000000000e+02,9.450416770226503616e+01
6.400000000000000000e+02,4.500000000000000000e+02,9.407681058697275489e+01
6.400000000000000000e+02,4.600000000000000000e+02,9.352767374644996323e+01
6.400000000000000000e+02,4.700000000000000000e+02,9.288138897997622223e+01
6.400000000000000000e+02,4.800000000000000000e+02,9.216467905619069256e+01
6.400000000000000000e+02,4.900000000000000000e+02,9.140423330969316851e+01
6.400000000000000000e+02,5.000000000000000000e+02,9.062423325340515134e+01
6.400000000000000000e+02,5.100000000000000000e+02,8.986266163886966751e+01
6.400000000000000000e+02,5.200000000000000000e+02,8.921825015135728165e+01
6.400000000000000000e+02,5.300000000000000000e+02,8.877984087091265053e+01
6.400000000000000000e+02,5.400000000000000000e+02,8.860810486983559997e+01
6.400000000000000000e+02,5.500000000000000000e+02,8.873849690552560787e+01
6.400000000000000000e+02,5.600000000000000000e+02,8.918416757134374961e+01
6.400000000000000000e+02,5.700000000000000000e+02,8.993883290549246112e+01
6.400000000000000000e+02,5.800000000000000000e+02,9.097960145791290643e+01
6.400000000000000000e+02,5.900000000000000000e+02,9.226975881519994971e+01
6.400000000000000000e+02,6.000000000000000000e+02,9.376150958353483134e+01
6.400000000000000000e+02,6.100000000000000000e+02,9.539867682963554785e+01
6.400000000000000000e+02,6.200000000000000000e+02,9.711935897972477960e+01
6.400000000000000000e+02,6.300000000000000000e+02,9.885854417651559345e+01
6.400000000000000000e+02,6.400000000000000000e+02,1.005506820942146931e+02
6.400000000000000000e+02,6.500000000000000000e+02,1.021322132115434158e+02
6.400000000000000000e+02,6.600000000000000000e+02,1.035440555427763627e+02
6.400000000000000000e+02,6.700000000000000000e+02,1.047340488267976610e+02
6.400000000000000000e+02,6.800000000000000000e+02,1.056593561741748459e+02
6.400000000000000000e+02,6.900000000000000000e+02,1.062888231722506305e+02
6.400000000000000000e+02,7.000000000000000000e+02,1.066052944482518825e+02
6.400000000000000000e+02,7.100000000000000000e+02,1.066078876904168169e+02
6.400000000000000000e+02,7.200000000000000000e+02,1.063142251271393661e+02
6.400000000000000000e+02,7.300000000000000000e+02,1.057626224641314536e+02
6.400000000000000000e+02,7.400000000000000000e+02,1.050142352796030281e+02
6.400000000000000000e+02,7.500000000000000000e+02,1.041551628774593041e+02
6.400000000000000000e+02,7.600000000000000000e+02,1.032788754976523791e+02
6.400000000000000000e+02,7.700000000000000000e+02,1.024204634131163658e+02
6.400000000000000000e+02,7.800000000000000000e+02,1.016001937862004638e+02
6.400000000000000000e+02,7.900000000000000000e+02,1.008392095364678767e+02
6.400000000000000000e+02,8.000000000000000000e+02,1.001578505509557431e+02
6.400000000000000000e+02,8.100000000000000000e+02,9.957422465846991599e+01
6.400000000000000000e+02,8.200000000000000000e+02,9.910302836791443326e+01
6.400000000000000000e+02,8.300000000000000000e+02,9.875461737065586476e+01
6.400000000000000000e+02,8.400000000000000000e+02,9.853432680692255019e+01
6.400000000000000000e+02,8.500000000000000000e+02,9.844204129623848587e+01
6.400000000000000000e+02,8.600000000000000000e+02,9.847201473189214482e+01
6.400000000000000000e+02,8.700000000000000000e+02,9.861293983944000274e+01
6.400000000000000000e+02,8.800000000000000000e+02,9.884826749924501144e+01
6.400000000000000000e+02,8.900000000000000000e+02,9.915677583304969289e+01
6.400000000000000000e+02,9.000000000000000000e+02,9.951338905458422346e+01
6.400000000000000000e+02,9.100000000000000000e+02,9.989024608420923812e+01
6.400000000000000000e+02,9.200000000000000000e+02,1.002580189275933975e+02
6.400000000000000000e+02,9.300000000000000000e+02,1.005874808184258455e+02
6.400000000000000000e+02,9.400000000000000000e+02,1.008513241251635293e+02
6.400000000000000000e+02,9.500000000000000000e+02,1.010262280218130400e+02
6.400000000000000000e+02,9.600000000000000000e+02,1.010951759227477140e+02
6.400000000000000000e+02,9.700000000000000000e+02,1.010500226815590992e+02
6.400000000000000000e+02,9.800000000000000000e+02,1.008943115539434814e+02
6.400000000000000000e+02,9.900000000000000000e+02,1.006463409246232601e+02
6.500000000000000000e+02,0.000000000000000000e+00,9.480249127313628321e+01
6.500000000000000000e+02,1.000000000000000000e+01,9.485239020161978374e+01
6.500000000000000000e+02,2.000000000000000000e+01,9.487360335068832740e+01
6.500000000000000000e+02,3.000000000000000000e+01,9.484384958050598868e+01
6.500000000000000000e+02,4.000000000000000000e+01,9.474733760036291130e+01
6.500000000000000000e+02,5.000000000000000000e+01,9.457421030974765586e+01
6.500000000000000000e+02,6.000000000000000000e+01,9.431997936700543050e+01
6.500000000000000000e+02,7.000000000000000000e+01,9.398494998558214775e+01
6.500000000000000000e+02,8.000000000000000000e+01,9.357363595785439259e+01
6.500000000000000000e+02,9.000000000000000000e+01,9.309416490654537313e+01
6.500000000000000000e+02,1.000000000000000000e+02,9.255767376372656940e+01
6.500000000000000000e+02,1.100000000000000000e+02,9.197769447740547832e+01
6.500000000000000000e+02,1.200000000000000000e+02,9.136952994569904263e+01
6.500000000000000000e+02,1.300000000000000000e+02,9.074962017859314756e+01
6.500000000000000000e+02,1.400000000000000000e+02,9.013489868728785837e+01
6.500000000000000000e+02,1.500000000000000000e+02,8.954213910112866870e+01
6.500000000000000000e+02,1.600000000000000000e+02,8.898729201212350404e+01
6.500000000000000000e+02,1.700000000000000000e+02,8.848481204704573599e+01
6.500000000000000000e+02,1.800000000000000000e+02,8.804697516712299432e+01
6.500000000000000000e+02,1.900000000000000000e+02,8.768318619531194713e+01
6.500000000000000000e+02,2.000000000000000000e+02,8.739927657115883619e+01
6.500000000000000000e+02,2.100000000000000000e+02,8.719679233324606571e+01
6.500000000000000000e+02,2.200000000000000000e+02,8.707227232922454618e+01
6.500000000000000000e+02,2.300000000000000000e+02,8.701651665343199227e+01
6.500000000000000000e+02,2.400000000000000000e+02,8.701384531209707518e+01
6.500000000000000000e+02,2.500000000000000000e+02,8.704134711612947228e+01
6.500000000000000000e+02,2.600000000000000000e+02,8.708870642414309771e+01
6.500000000000000000e+02,2.700000000000000000e+02,8.721143689179602632e+01
6.500000000000000000e+02,2.800000000000000000e+02,8.745753193197529640e+01
6.500000000000000000e+02,2.900000000000000000e+02,8.784980141967741929e+01
6.500000000000000000e+02,3.000000000000000000e+02,8.839067870306929819e+01
6.500000000000000000e+02,3.100000000000000000e+02,8.906665054152506400e+01
6.500000000000000000e+02,3.200000000000000000e+02,8.985230997063854375e+01
6.500000000000000000e+02,3.300000000000000000e+02,9.071403209421160341e+01
6.500000000000000000e+02,3.400000000000000000e+02,9.161327280321822286e+01
6.500000000000000000e+02,3.500000000000000000e+02,9.250949042174434567e+01
6.500000000000000000e+02,3.600000000000000000e+02,9.336269027990351788e+01
6.500000000000000000e+02,3.700000000000000000e+02,9.413559221372830166e+01
6.500000000000000000e+02,3.800000000000000000e+02,9.479542099203742112e+01
6.500000000000000000e+02,3.900000000000000000e+02,9.531531967027876817e+01
6.500000000000000000e+02,4.000000000000000000e+02,9.567538587134811223e+01
6.500000000000000000e+02,4.100000000000000000e+02,9.586333099338357044e+01
6.500000000000000000e+02,4.200000000000000000e+02,9.587476234453598067e+01
6.500000000000000000e+02,4.300000000000000000e+02,9.571308820471483614e+01
6.500000000000000000e+02,4.400000000000000000e+02,9.538904581431022223e+01
6.500000000000000000e+02,4.500000000000000000e+02,9.491985228989037182e+01
6.500000000000000000e+02,4.600000000000000000e+02,9.432797846687502386e+01
6.500000000000000000e+02,4.700000000000000000e+02,9.363954566918462774e+01
6.500000000000000000e+02,4.800000000000000000e+02,9.288234540586526577e+01
6.500000000000000000e+02,4.900000000000000000e+02,9.208348199468932194e+01
6.500000000000000000e+02,5.000000000000000000e+02,9.126663811273198235e+01
6.500000000000000000e+02,5.100000000000000000e+02,9.046838966692436657e+01
6.500000000000000000e+02,5.200000000000000000e+02,8.978634209146174783e+01
6.500000000000000000e+02,5.300000000000000000e+02,8.930852622785569395e+01
6.500000000000000000e+02,5.400000000000000000e+02,8.909496794054462043e+01
6.500000000000000000e+02,5.500000000000000000e+02,8.918064521659562160e+01
6.500000000000000000e+02,5.600000000000000000e+02,8.957839987111637470e+01
6.500000000000000000e+02,5.700000000000000000e+02,9.028180385837744382e+01
6.500000000000000000e+02,5.800000000000000000e+02,9.126798018864468531e+01
6.500000000000000000e+02,5.900000000000000000e+02,9.250037845072198195e+01
6.500000000000000000e+02,6.000000000000000000e+02,9.393150494020416374e+01
6.500000000000000000e+02,6.100000000000000000e+02,9.550560739344020078e+01
6.500000000000000000e+02,6.200000000000000000e+02,9.716131432720661110e+01
6.500000000000000000e+02,6.300000000000000000e+02,9.883422898409112634e+01
6.500000000000000000e+02,6.400000000000000000e+02,1.004594778835866009e+02
6.500000000000000000e+02,6.500000000000000000e+02,1.019742139788951079e+02
6.500000000000000000e+02,6.600000000000000000e+02,1.033200744194423493e+02
6.500000000000000000e+02,6.700000000000000000e+02,1.044455929191022676e+02
6.500000000000000000e+02,6.800000000000000000e+02,1.053085667301318153e+02
6.500000000000000000e+02,6.900000000000000000e+02,1.058783782228162522e+02
6.500000000000000000e+02,7.000000000000000000e+02,1.061382710708241746e+02
6.500000000000000000e+02,7.100000000000000000e+02,1.060875810422733707e+02
6.500000000000000000e+02,7.200000000000000000e+02,1.057439213965064084e+02
6.500000000000000000e+02,7.300000000000000000e+02,1.051453228865768068e+02
6.500000000000000000e+02,7.400000000000000000e+02,1.043523283674453381e+02
6.500000000000000000e+02,7.500000000000000000e+02,1.034500420098863884e+02
6.500000000000000000e+02,7.600000000000000000e+02,1.025321355510506720e+02
6.500000000000000000e+02,7.700000000000000000e+02,1.016392482768057448e+02
6.500000000000000000e+02,7.800000000000000000e+02,1.007965479192578471e+02
6.500000000000000000e+02,7.900000000000000000e+02,1.000279620268365761e+02
6.500000000000000000e+02,8.000000000000000000e+02,9.935484324067313366e+01
6.500000000000000000e+02,8.100000000000000000e+02,9.879486201854186334e+01
6.500000000000000000e+02,8.200000000000000000e+02,9.836112680636483674e+01
6.500000000000000000e+02,8.300000000000000000e+02,9.806153165727978660e+01
6.500000000000000000e+02,8.400000000000000000e+02,9.789833129827124480e+01
6.500000000000000000e+02,8.500000000000000000e+02,9.786794364436477167e+01
6.500000000000000000e+02,8.600000000000000000e+02,9.796097976038463173e+01
6.500000000000000000e+02,8.700000000000000000e+02,9.816250127027440442e+01
6.500000000000000000e+02,8.800000000000000000e+02,9.845250521398101284e+01
6.500000000000000000e+02,8.900000000000000000e+02,9.880663635190188643e+01
6.500000000000000000e+02,9.000000000000000000e+02,9.919712691689534267e+01
6.500000000000000000e+02,9.100000000000000000e+02,9.959396381385423069e+01
6.500000000000000000e+02,9.200000000000000000e+02,9.996628326684266597e+01
6.500000000000000000e+02,9.300000000000000000e+02,1.002839929137961263e+02
6.500000000000000000e+02,9.400000000000000000e+02,1.005196213487847103e+02
6.500000000000000000e+02,9.500000000000000000e+02,1.006503951118394724e+02
6.500000000000000000e+02,9.600000000000000000e+02,1.006605431263422759e+02
6.500000000000000000e+02,9.700000000000000000e+02,1.005438285839784953e+02
6.500000000000000000e+02,9.800000000000000000e+02,1.003063082772532510e+02
6.500000000000000000e+02,9.900000000000000000e+02,9.996931937957069181e+01
6.600000000000000000e+02,0.000000000000000000e+00,9.466421681362835727e+01
6.600000000000000000e+02,1.000000000000000000e+01,9.482625307288869010e+01
6.600000000000000000e+02,2.000000000000000000e+01,9.496051905440006635e+01
6.600000000000000000e+02,3.000000000000000000e+01,9.504440795824024235e+01
6.600000000000000000e+02,4.000000000000000000e+01,9.506079658729238702e+01
6.600000000000000000e+02,5.000000000000000000e+01,9.499783634688820655e+01
6.600000000000000000e+02,6.000000000000000000e+01,9.484869520424990696e+01
6.600000000000000000e+02,7.000000000000000000e+01,9.461125060773071027e+01
6.600000000000000000e+02,8.000000000000000000e+01,9.428773336585410902e+01
6.600000000000000000e+02,9.000000000000000000e+01,9.388432248615168874e+01
6.600000000000000000e+02,1.000000000000000000e+02,9.341069097379970287e+01
6.600000000000000000e+02,1.100000000000000000e+02,9.287950259005427256e+01
6.600000000000000000e+02,1.200000000000000000e+02,9.230585957048518253e+01
6.600000000000000000e+02,1.300000000000000000e+02,9.170670130300848655e+01
6.600000000000000000e+02,1.400000000000000000e+02,9.110015396571759538e+01
6.600000000000000000e+02,1.500000000000000000e+02,9.050483112451317425e+01
6.600000000000000000e+02,1.600000000000000000e+02,8.993908529053159384e+01
6.600000000000000000e+02,1.700000000000000000e+02,8.942021043737213404e+01
6.600000000000000000e+02,1.800000000000000000e+02,8.896359547812275537e+01
6.600000000000000000e+02,1.900000000000000000e+02,8.858182870218460891e+01
6.600000000000000000e+02,2.000000000000000000e+02,8.828375317189514249e+01
6.600000000000000000e+02,2.100000000000000000e+02,8.807347307894993094e+01
6.600000000000000000e+02,2.200000000000000000e+02,8.794931106062308857e+01
6.600000000000000000e+02,2.300000000000000000e+02,8.790271647578647674e+01
6.600000000000000000e+02,2.400000000000000000e+02,8.791712464072733724e+01
6.600000000000000000e+02,2.500000000000000000e+02,8.796676702476487719e+01
6.600000000000000000e+02,2.600000000000000000e+02,8.803767149101467737e+01
6.600000000000000000e+02,2.700000000000000000e+02,8.818597049236565510e+01
6.600000000000000000e+02,2.800000000000000000e+02,8.846054724629290433e+01
6.600000000000000000e+02,2.900000000000000000e+02,8.888411812943013501e+01
6.600000000000000000e+02,3.000000000000000000e+02,8.945829519667798024e+01
6.600000000000000000e+02,3.100000000000000000e+02,9.016824628740998548e+01
6.600000000000000000e+02,3.200000000000000000e+02,9.098695271877630830e+01
6.600000000000000000e+02,3.300000000000000000e+02,9.187906456610505757e+01
6.600000000000000000e+02,3.400000000000000000e+02,9.280435353040128632e+01
6.600000000000000000e+02,3.500000000000000000e+02,9.372076339294379466e+01
6.600000000000000000e+02,3.600000000000000000e+02,9.458705805697944413e+01
6.600000000000000000e+02,3.700000000000000000e+02,9.536506717651525378e+01
6.600000000000000000e+02,3.800000000000000000e+02,9.602152937220816398e+01
6.600000000000000000e+02,3.900000000000000000e+02,9.652953303435242560e+01
6.600000000000000000e+02,4.000000000000000000e+02,9.686955471296477072e+01
6.600000000000000000e+02,4.100000000000000000e+02,9.703009509496713747e+01
6.600000000000000000e+02,4.200000000000000000e+02,9.700791256846719079e+01
6.600000000000000000e+02,4.300000000000000000e+02,9.680785437413639727e+01
6.600000000000000000e+02,4.400000000000000000e+02,9.644228534368595263e+01
6.600000000000000000e+02,4.500000000000000000e+02,9.593011422544019240e+01
6.600000000000000000e+02,4.600000000000000000e+02,9.529541759700784098e+01
6.600000000000000000e+02,4.700000000000000000e+02,9.456566136505081488e+01
6.600000000000000000e+02,4.800000000000000000e+02,9.376951985215082175e+01
6.600000000000000000e+02,4.900000000000000000e+02,9.293429247077355626e+01
6.600000000000000000e+02,5.000000000000000000e+02,9.208291798433059228e+01
6.600000000000000000e+02,5.100000000000000000e+02,9.125018371211955071e+01
6.600000000000000000e+02,5.200000000000000000e+02,9.053177735555202332e+01
6.600000000000000000e+02,5.300000000000000000e+02,9.001422179701773985e+01
6.600000000000000000e+02,5.400000000000000000e+02,8.975641768953965993e+01
6.600000000000000000e+02,5.500000000000000000e+02,8.979258114734092544e+01
6.600000000000000000e+02,5.600000000000000000e+02,9.013513337396496183e+01
6.600000000000000000e+02,5.700000000000000000e+02,9.077754222794946770e+01
6.600000000000000000e+02,5.800000000000000000e+02,9.169711572605362448e+01
6.600000000000000000e+02,5.900000000000000000e+02,9.285774748403899537e+01
6.600000000000000000e+02,6.000000000000000000e+02,9.421261409500378647e+01
6.600000000000000000e+02,6.100000000000000000e+02,9.570682444527082566e+01
6.600000000000000000e+02,6.200000000000000000e+02,9.728002096782883257e+01
6.600000000000000000e+02,6.300000000000000000e+02,9.886893283332737781e+01
6.600000000000000000e+02,6.400000000000000000e+02,1.004098810786252187e+02
6.600000000000000000e+02,6.500000000000000000e+02,1.018412356728922674e+02
6.600000000000000000e+02,6.600000000000000000e+02,1.031058245212649922e+02
6.600000000000000000e+02,6.700000000000000000e+02,1.041532944060553660e+02
6.600000000000000000e+02,6.800000000000000000e+02,1.049424238655132484e+02
6.600000000000000000e+02,6.900000000000000000e+02,1.054433880101425132e+02
6.600000000000000000e+02,7.000000000000000000e+02,1.056399752765703113e+02
6.600000000000000000e+02,7.100000000000000000e+02,1.055317561189702644e+02
6.600000000000000000e+02,7.200000000000000000e+02,1.051362036380387934e+02
6.600000000000000000e+02,7.300000000000000000e+02,1.044907661475252212e+02
6.600000000000000000e+02,7.400000000000000000e+02,1.036548916783154084e+02
6.600000000000000000e+02,7.500000000000000000e+02,1.027120044200685101e+02
6.600000000000000000e+02,7.600000000000000000e+02,1.017552265662823885e+02
6.600000000000000000e+02,7.700000000000000000e+02,1.008304851346359357e+02
6.600000000000000000e+02,7.800000000000000000e+02,9.996778892334040734e+01
6.600000000000000000e+02,7.900000000000000000e+02,9.919384922083352762e+01
6.600000000000000000e+02,8.000000000000000000e+02,9.853107436273373310e+01
6.600000000000000000e+02,8.100000000000000000e+02,9.799677086068219012e+01
6.600000000000000000e+02,8.200000000000000000e+02,9.760255110307262782e+01
6.600000000000000000e+02,8.300000000000000000e+02,9.735394762766905785e+01
6.600000000000000000e+02,8.400000000000000000e+02,9.725023396611121029e+01
6.600000000000000000e+02,8.500000000000000000e+02,9.728445206030792747e+01
6.600000000000000000e+02,8.600000000000000000e+02,9.744364625071828812e+01
6.600000000000000000e+02,8.700000000000000000e+02,9.770930383652063256e+01
6.600000000000000000e+02,8.800000000000000000e+02,9.805800220766933251e+01
6.600000000000000000e+02,8.900000000000000000e+02,9.846226254883947604e+01
6.600000000000000000e+02,9.000000000000000000e+02,9.889161011525932565e+01
6.600000000000000000e+02,9.100000000000000000e+02,9.931384108043060621e+01
6.600000000000000000e+02,9.200000000000000000e+02,9.969649595573665124e+01
6.600000000000000000e+02,9.300000000000000000e+02,1.000085395819383507e+02
6.600000000000000000e+02,9.400000000000000000e+02,1.002222476925579713e+02
6.600000000000000000e+02,9.500000000000000000e+02,1.003153000491506504e+02
6.600000000000000000e+02,9.600000000000000000e+02,1.002730801484640466e+02
6.600000000000000000e+02,9.700000000000000000e+02,1.000911815014853516e+02
6.600000000000000000e+02,9.800000000000000000e+02,9.977812048437658632e+01
6.600000000000000000e+02,9.900000000000000000e+02,9.935825576129749948e+01
6.700000000000000000e+02,0.000000000000000000e+00,9.469394289867082648e+01
6.700000000000000000e+02,1.000000000000000000e+01,9.495781649331416929e+01
6.700000000000000000e+02,2.000000000000000000e+01,9.519530419348284056e+01
6.700000000000000000e+02,3.000000000000000000e+01,9.538392894878408867e+01
6.700000000000000000e+02,4.000000000000000000e+01,9.550565529327482750e+01
6.700000000000000000e+02,5.000000000000000000e+01,9.554700714716760501e+01
6.700000000000000000e+02,6.000000000000000000e+01,9.549910095252471365e+01
6.700000000000000000e+02,7.000000000000000000e+01,9.535759414294098235e+01
6.700000000000000000e+02,8.000000000000000000e+01,9.512254894721471032e+01
6.700000000000000000e+02,9.000000000000000000e+01,9.479821152700719722e+01
6.700000000000000000e+02,1.000000000000000000e+02,9.439270644849061398e+01
6.700000000000000000e+02,1.100000000000000000e+02,9.391764648798420012e+01
6.700000000000000000e+02,1.200000000000000000e+02,9.338765777157901482e+01
6.700000000000000000e+02,1.300000000000000000e+02,9.281982024875095760e+01
6.700000000000000000e+02,1.400000000000000000e+02,9.223302349996225757e+01
6.700000000000000000e+02,1.500000000000000000e+02,9.164723787825137435e+01
6.700000000000000000e+02,1.600000000000000000e+02,9.108270098481126809e+01
6.700000000000000000e+02,1.700000000000000000e+02,9.055901947855608114e+01
6.700000000000000000e+02,1.800000000000000000e+02,9.009418621967624574e+01
6.700000000000000000e+02,1.900000000000000000e+02,8.970351274718197487e+01
6.700000000000000000e+02,2.000000000000000000e+02,8.939847709043513646e+01
6.700000000000000000e+02,2.100000000000000000e+02,8.918548691466963874e+01
6.700000000000000000e+02,2.200000000000000000e+02,8.906455800049999993e+01
6.700000000000000000e+02,2.300000000000000000e+02,8.902790805741864233e+01
6.700000000000000000e+02,2.400000000000000000e+02,8.905846587128120007e+01
6.700000000000000000e+02,2.500000000000000000e+02,8.912829578578060818e+01
6.700000000000000000e+02,2.600000000000000000e+02,8.922049251655482749e+01
6.700000000000000000e+02,2.700000000000000000e+02,8.939153819667906475e+01
6.700000000000000000e+02,2.800000000000000000e+02,8.969083055721213782e+01
6.700000000000000000e+02,2.900000000000000000e+02,9.014079727142946297e+01
6.700000000000000000e+02,3.000000000000000000e+02,9.074218181885615309e+01
6.700000000000000000e+02,3.100000000000000000e+02,9.147890394672236880e+01
6.700000000000000000e+02,3.200000000000000000e+02,9.232249472884063834e+01
6.700000000000000000e+02,3.300000000000000000e+02,9.323610622190531672e+01
6.700000000000000000e+02,3.400000000000000000e+02,9.417809571921422673e+01
6.700000000000000000e+02,3.500000000000000000e+02,9.510518460181229727e+01
6.700000000000000000e+02,3.600000000000000000e+02,9.597519178705734078e+01
6.700000000000000000e+02,3.700000000000000000e+02,9.674934177460798423e+01
6.700000000000000000e+02,3.800000000000000000e+02,9.739414728983358316e+01
6.700000000000000000e+02,3.900000000000000000e+02,9.788286652464636006e+01
6.700000000000000000e+02,4.000000000000000000e+02,9.819653497575559697e+01
6.700000000000000000e+02,4.100000000000000000e+02,9.832457188034386775e+01
6.700000000000000000e+02,4.200000000000000000e+02,9.826496124916555175e+01
6.700000000000000000e+02,4.300000000000000000e+02,9.802400749706720262e+01
6.700000000000000000e+02,4.400000000000000000e+02,9.761566567093022684e+01
6.700000000000000000e+02,4.500000000000000000e+02,9.706044627503557365e+01
6.700000000000000000e+02,4.600000000000000000e+02,9.638389469385047903e+01
6.700000000000000000e+02,4.700000000000000000e+02,9.561464521223747681e+01
6.700000000000000000e+02,4.800000000000000000e+02,9.478204963308533593e+01
6.700000000000000000e+02,4.900000000000000000e+02,9.391338049236216534e+01
6.700000000000000000e+02,5.000000000000000000e+02,9.303060887159065828e+01
6.700000000000000000e+02,5.100000000000000000e+02,9.216642603086422980e+01
6.700000000000000000e+02,5.200000000000000000e+02,9.141398291505831253e+01
6.700000000000000000e+02,5.300000000000000000e+02,9.085775176592642310e+01
6.700000000000000000e+02,5.400000000000000000e+02,9.055513707394712242e+01
6.700000000000000000e+02,5.500000000000000000e+02,9.053937592378805732e+01
6.700000000000000000e+02,5.600000000000000000e+02,9.082238785663093950e+01
6.700000000000000000e+02,5.700000000000000000e+02,9.139757424935723407e+01
6.700000000000000000e+02,5.800000000000000000e+02,9.224256721059477115e+01
6.700000000000000000e+02,5.900000000000000000e+02,9.332192799362519509e+01
6.700000000000000000e+02,6.000000000000000000e+02,9.458979492615212337e+01
6.700000000000000000e+02,6.100000000000000000e+02,9.599248085693028543e+01
6.700000000000000000e+02,6.200000000000000000e+02,9.747102011925537113e+01
6.700000000000000000e+02,6.300000000000000000e+02,9.896366501131484483e+01
6.700000000000000000e+02,6.400000000000000000e+02,1.004083317933993413e+02
6.700000000000000000e+02,6.500000000000000000e+02,1.017449962019752405e+02
6.700000000000000000e+02,6.600000000000000000e+02,1.029180384806177244e+02
6.700000000000000000e+02,6.700000000000000000e+02,1.038785379278049277e+02
6.700000000000000000e+02,6.800000000000000000e+02,1.045865169615727126e+02
6.700000000000000000e+02,6.900000000000000000e+02,1.050131347010305092e+02
6.700000000000000000e+02,7.000000000000000000e+02,1.051428300647376801e+02
6.700000000000000000e+02,7.100000000000000000e+02,1.049754143859410220e+02
6.700000000000000000e+02,7.200000000000000000e+02,1.045281135446728058e+02
6.700000000000000000e+02,7.300000000000000000e+02,1.038375596167099815e+02
6.700000000000000000e+02,7.400000000000000000e+02,1.029617320393938940e+02
6.700000000000000000e+02,7.500000000000000000e+02,1.019818482943109359e+02
6.700000000000000000e+02,7.600000000000000000e+02,1.009898695551165986e+02
6.700000000000000000e+02,7.700000000000000000e+02,1.000366537173786128e+02
6.700000000000000000e+02,7.800000000000000000e+02,9.915687811525216944e+01
6.700000000000000000e+02,7.900000000000000000e+02,9.837997211943066134e+01
6.700000000000000000e+02,8.000000000000000000e+02,9.772941842899946607e+01
6.700000000000000000e+02,8.100000000000000000e+02,9.722224199566254299e+01
6.700000000000000000e+02,8.200000000000000000e+02,9.686868658034160262e+01
6.700000000000000000e+02,8.300000000000000000e+02,9.667207894214801911e+01
6.700000000000000000e+02,8.400000000000000000e+02,9.662888065972744300e+01
6.700000000000000000e+02,8.500000000000000000e+02,9.672892758497715704e+01
6.700000000000000000e+02,8.600000000000000000e+02,9.695585692913604703e+01
6.700000000000000000e+02,8.700000000000000000e+02,9.728772198124730153e+01
6.700000000000000000e+02,8.800000000000000000e+02,9.769779445899388293e+01
6.700000000000000000e+02,8.900000000000000000e+02,9.815555449190655679e+01
6.700000000000000000e+02,9.000000000000000000e+02,9.862786823694476368e+01
6.700000000000000000e+02,9.100000000000000000e+02,9.908035312645007764e+01
6.700000000000000000e+02,9.200000000000000000e+02,9.947893074847245032e+01
6.700000000000000000e+02,9.300000000000000000e+02,9.979156735946902756e+01
6.700000000000000000e+02,9.400000000000000000e+02,9.999020202937590796e+01
6.700000000000000000e+02,9.500000000000000000e+02,1.000528624190522606e+02
6.700000000000000000e+02,9.600000000000000000e+02,9.996596819009744195e+01
6.700000000000000000e+02,9.700000000000000000e+02,9.972682204704064191e+01
6.700000000000000000e+02,9.800000000000000000e+02,9.934628841190327364e+01
6.700000000000000000e+02,9.900000000000000000e+02,9.885165973113413429e+01
6.800000000000000000e+02,0.000000000000000000e+00,9.489511715109119905e+01
6.800000000000000000e+02,1.000000000000000000e+01,9.524827804711674162e+01
6.800000000000000000e+02,2.000000000000000000e+01,9.557675598719852417e+01
6.800000000000000000e+02,3.000000000000000000e+01,9.585856407722437211e+01
6.800000000000000000e+02,4.000000000000000000e+01,9.607512999949840093e+01
6.800000000000000000e+02,5.000000000000000000e+01,9.621171094436836313e+01
6.800000000000000000e+02,6.000000000000000000e+01,9.625769267152540465e+01
6.800000000000000000e+02,7.000000000000000000e+01,9.620677270097617395e+01
6.800000000000000000e+02,8.000000000000000000e+01,9.605702763368715580e+01
6.800000000000000000e+02,9.000000000000000000e+01,9.581086460190147136e+01
6.800000000000000000e+02,1.000000000000000000e+02,9.547485684912791726e+01
6.800000000000000000e+02,1.100000000000000000e+02,9.505946343980242830e+01
6.800000000000000000e+02,1.200000000000000000e+02,9.457863309862182177e+01
6.800000000000000000e+02,1.300000000000000000e+02,9.404929217954988019e+01
6.800000000000000000e+02,1.400000000000000000e+02,9.349071676449578661e+01
6.800000000000000000e+02,1.500000000000000000e+02,9.292378889166491263e+01
6.800000000000000000e+02,1.600000000000000000e+02,9.237013691358191636e+01
6.800000000000000000e+02,1.700000000000000000e+02,9.185115998478615040e+01
6.800000000000000000e+02,1.800000000000000000e+02,9.138693667919953612e+01
6.800000000000000000e+02,1.900000000000000000e+02,9.099501773716660580e+01
6.800000000000000000e+02,2.000000000000000000e+02,9.068910294216698276e+01
6.800000000000000000e+02,2.100000000000000000e+02,9.047760212720019979e+01
6.800000000000000000e+02,2.200000000000000000e+02,9.036208031084279924e+01
6.800000000000000000e+02,2.300000000000000000e+02,9.033558696297785673e+01
6.800000000000000000e+02,2.400000000000000000e+02,9.038086940019672966e+01
6.800000000000000000e+02,2.500000000000000000e+02,9.046847031087321511e+01
6.800000000000000000e+02,2.600000000000000000e+02,9.057924295641872448e+01
6.800000000000000000e+02,2.700000000000000000e+02,9.076973159912550670e+01
6.800000000000000000e+02,2.800000000000000000e+02,9.108947223743879817e+01
6.800000000000000000e+02,2.900000000000000000e+02,9.156042212797191837e+01
6.800000000000000000e+02,3.000000000000000000e+02,9.218243224231126476e+01
6.800000000000000000e+02,3.100000000000000000e+02,9.293827418480019276e+01
6.800000000000000000e+02,3.200000000000000000e+02,9.379822157130186611e+01
6.800000000000000000e+02,3.300000000000000000e+02,9.472418586894109183e+01
6.800000000000000000e+02,3.400000000000000000e+02,9.567340669682502607e+01
6.800000000000000000e+02,3.500000000000000000e+02,9.660169658774292145e+01
6.800000000000000000e+02,3.600000000000000000e+02,9.746624021084474521e+01
6.800000000000000000e+02,3.700000000000000000e+02,9.822794805529882467e+01
6.800000000000000000e+02,3.800000000000000000e+02,9.885336457492839202e+01
6.800000000000000000e+02,3.900000000000000000e+02,9.931613079382707099e+01
6.800000000000000000e+02,4.000000000000000000e+02,9.959800137295336242e+01
6.800000000000000000e+02,4.100000000000000000e+02,9.968941613770401489e+01
6.800000000000000000e+02,4.200000000000000000e+02,9.958962606646645099e+01
6.800000000000000000e+02,4.300000000000000000e+02,9.930637374014999352e+01
6.800000000000000000e+02,4.400000000000000000e+02,9.885512825269620407e+01
6.800000000000000000e+02,4.500000000000000000e+02,9.825787458256802154e+01
6.800000000000000000e+02,4.600000000000000000e+02,9.754145742521797047e+01
6.800000000000000000e+02,4.700000000000000000e+02,9.673547948653529716e+01
6.800000000000000000e+02,4.800000000000000000e+02,9.586975423727194823e+01
6.800000000000000000e+02,4.900000000000000000e+02,9.497131312844766171e+01
6.800000000000000000e+02,5.000000000000000000e+02,9.406096726773388639e+01
6.800000000000000000e+02,5.100000000000000000e+02,9.316909308971317216e+01
6.800000000000000000e+02,5.200000000000000000e+02,9.238588751267478472e+01
6.800000000000000000e+02,5.300000000000000000e+02,9.179340920749299926e+01
6.800000000000000000e+02,5.400000000000000000e+02,9.144732221780421355e+01
6.800000000000000000e+02,5.500000000000000000e+02,9.137974574173510689e+01
6.800000000000000000e+02,5.600000000000000000e+02,9.160205131022931369e+01
6.800000000000000000e+02,5.700000000000000000e+02,9.210760736197275378e+01
6.800000000000000000e+02,5.800000000000000000e+02,9.287447121491759106e+01
6.800000000000000000e+02,5.900000000000000000e+02,9.386802843440477773e+01
6.800000000000000000e+02,6.000000000000000000e+02,9.504357959788512744e+01
6.800000000000000000e+02,6.100000000000000000e+02,9.634887445623918723e+01
6.800000000000000000e+02,6.200000000000000000e+02,9.772659349169546772e+01
6.800000000000000000e+02,6.300000000000000000e+02,9.911677687234751488e+01
6.800000000000000000e+02,6.400000000000000000e+02,1.004592008032694253e+02
6.800000000000000000e+02,6.500000000000000000e+02,1.016957012742300606e+02
6.800000000000000000e+02,6.600000000000000000e+02,1.027724452040058054e+02
6.800000000000000000e+02,6.700000000000000000e+02,1.036421489812920385e+02
6.800000000000000000e+02,6.800000000000000000e+02,1.042662444022129762e+02
6.800000000000000000e+02,6.900000000000000000e+02,1.046169920044305428e+02
6.800000000000000000e+02,7.000000000000000000e+02,1.046795417978512717e+02
6.800000000000000000e+02,7.100000000000000000e+02,1.044539413919324460e+02
6.800000000000000000e+02,7.200000000000000000e+02,1.039570915195862710e+02
6.800000000000000000e+02,7.300000000000000000e+02,1.032246489576830584e+02
6.800000000000000000e+02,7.400000000000000000e+02,1.023128768441529246e+02
6.800000000000000000e+02,7.500000000000000000e+02,1.013004423916858343e+02
6.800000000000000000e+02,7.600000000000000000e+02,1.002777024634538776e+02
6.800000000000000000e+02,7.700000000000000000e+02,9.930000828283586145e+01
6.800000000000000000e+02,7.800000000000000000e+02,9.840642666637957348e+01
6.800000000000000000e+02,7.900000000000000000e+02,9.762897689074777929e+01
6.800000000000000000e+02,8.000000000000000000e+02,9.699220933578780546e+01
6.800000000000000000e+02,8.100000000000000000e+02,9.651295517102865062e+01
6.800000000000000000e+02,8.200000000000000000e+02,9.620024708560545434e+01
6.800000000000000000e+02,8.300000000000000000e+02,9.605541106161136611e+01
6.800000000000000000e+02,8.400000000000000000e+02,9.607232919087701362e+01
6.800000000000000000e+02,8.500000000000000000e+02,9.623787353517717236e+01
6.800000000000000000e+02,8.600000000000000000e+02,9.653251102986513388e+01
6.800000000000000000e+02,8.700000000000000000e+02,9.693107943093427536e+01
6.800000000000000000e+02,8.800000000000000000e+02,9.740373430550720002e+01
6.800000000000000000e+02,8.900000000000000000e+02,9.791706706575232033e+01
6.800000000000000000e+02,9.000000000000000000e+02,9.843539404622781319e+01
6.800000000000000000e+02,9.100000000000000000e+02,9.892221662465300369e+01
6.800000000000000000e+02,9.200000000000000000e+02,9.934185238610733393e+01
6.800000000000000000e+02,9.300000000000000000e+02,9.966123733065649049e+01
6.800000000000000000e+02,9.400000000000000000e+02,9.985189912440635851e+01
6.800000000000000000e+02,9.500000000000000000e+02,9.989210139398396393e+01
6.800000000000000000e+02,9.600000000000000000e+02,9.976915906444624227e+01
6.800000000000000000e+02,9.700000000000000000e+02,9.948192474061600876e+01
6.800000000000000000e+02,9.800000000000000000e+02,9.904344613184544244e+01
6.800000000000000000e+02,9.900000000000000000e+02,9.848379452020708413e+01
6.900000000000000000e+02,0.000000000000000000e+00,9.526386078057974771e+01
6.900000000000000000e+02,1.000000000000000000e+01,9.569206499753818207e+01
6.900000000000000000e+02,2.000000000000000000e+01,9.609744536657930780e+01
6.900000000000000000e+02,3.000000000000000000e+01,9.645875616599718683e+01
6.900000000000000000e+02,4.000000000000000000e+01,9.675720389344233752e+01
6.900000000000000000e+02,5.000000000000000000e+01,9.697712119902486450e+01
6.900000000000000000e+02,6.000000000000000000e+01,9.710649874899972644e+01
6.900000000000000000e+02,7.000000000000000000e+01,9.713737502003387192e+01
6.900000000000000000e+02,8.000000000000000000e+01,9.706608402405535685e+01
6.900000000000000000e+02,9.000000000000000000e+01,9.689336096368437268e+01
6.900000000000000000e+02,1.000000000000000000e+02,9.662430581824636988e+01
6.900000000000000000e+02,1.100000000000000000e+02,9.626820486036703528e+01
6.900000000000000000e+02,1.200000000000000000e+02,9.583821010314923683e+01
6.900000000000000000e+02,1.300000000000000000e+02,9.535087667793193589e+01
6.900000000000000000e+02,1.400000000000000000e+02,9.482555814263116645e+01
6.900000000000000000e+02,1.500000000000000000e+02,9.428365972066279710e+01
6.900000000000000000e+02,1.600000000000000000e+02,9.374774947044738838e+01
6.900000000000000000e+02,1.700000000000000000e+02,9.324052738549698915e+01
6.900000000000000000e+02,1.800000000000000000e+02,9.278365242508385791e+01
6.900000000000000000e+02,1.900000000000000000e+02,9.239642747549113722e+01
6.900000000000000000e+02,2.000000000000000000e+02,9.209434224184559525e+01
6.900000000000000000e+02,2.100000000000000000e+02,9.188747407053220684e+01
6.900000000000000000e+02,2.200000000000000000e+02,9.177874670219073039e+01
6.900000000000000000e+02,2.300000000000000000e+02,9.176204695529433764e+01
6.900000000000000000e+02,2.400000000000000000e+02,9.182019934031004027e+01
6.900000000000000000e+02,2.500000000000000000e+02,9.192279860444122619e+01
6.900000000000000000e+02,2.600000000000000000e+02,9.204908748710651878e+01
6.900000000000000000e+02,2.700000000000000000e+02,9.225537880808150248e+01
6.900000000000000000e+02,2.800000000000000000e+02,9.259098564424380129e+01
6.900000000000000000e+02,2.900000000000000000e+02,9.307723420908178014e+01
6.900000000000000000e+02,3.000000000000000000e+02,9.371308316975448349e+01
6.900000000000000000e+02,3.100000000000000000e+02,9.448028051860717369e+01
6.900000000000000000e+02,3.200000000000000000e+02,9.534805799914278168e+01
6.900000000000000000e+02,3.300000000000000000e+02,9.627736308644894336e+01
6.900000000000000000e+02,3.400000000000000000e+02,9.722462852208086304e+01
6.900000000000000000e+02,3.500000000000000000e+02,9.814507940339989034e+01
6.900000000000000000e+02,3.600000000000000000e+02,9.899557782736778222e+01
6.900000000000000000e+02,3.700000000000000000e+02,9.973700508879679205e+01
6.900000000000000000e+02,3.800000000000000000e+02,1.003361814330554438e+02
6.900000000000000000e+02,3.900000000000000000e+02,1.007673233632299912e+02
6.900000000000000000e+02,4.000000000000000000e+02,1.010130385017417467e+02
6.900000000000000000e+02,4.100000000000000000e+02,1.010648580064199820e+02
6.900000000000000000e+02,4.200000000000000000e+02,1.009233065410307546e+02
6.900000000000000000e+02,4.300000000000000000e+02,1.005975098002612498e+02
6.900000000000000000e+02,4.400000000000000000e+02,1.001043395891600767e+02
6.900000000000000000e+02,4.500000000000000000e+02,9.946709645703312219e+01
6.900000000000000000e+02,4.600000000000000000e+02,9.871372988579526009e+01
6.900000000000000000e+02,4.700000000000000000e+02,9.787459603277775955e+01
6.900000000000000000e+02,4.800000000000000000e+02,9.697975302799137864e+01
6.900000000000000000e+02,4.900000000000000000e+02,9.605579382584527082e+01
6.900000000000000000e+02,5.000000000000000000e+02,9.512221661132159056e+01
6.900000000000000000e+02,5.100000000000000000e+02,9.420696135819422068e+01
6.900000000000000000e+02,5.200000000000000000e+02,9.339707119022833126e+01
6.900000000000000000e+02,5.300000000000000000e+02,9.277202168365873547e+01
6.900000000000000000e+02,5.400000000000000000e+02,9.238562795271087680e+01
6.900000000000000000e+02,5.500000000000000000e+02,9.226883588177518902e+01
6.900000000000000000e+02,5.600000000000000000e+02,9.243245897401158118e+01
6.900000000000000000e+02,5.700000000000000000e+02,9.286986081638396229e+01
6.900000000000000000e+02,5.800000000000000000e+02,9.355958316112493378e+01
6.900000000000000000e+02,5.900000000000000000e+02,9.446791962363045059e+01
6.900000000000000000e+02,6.000000000000000000e+02,9.555143499678455044e+01
6.900000000000000000e+02,6.100000000000000000e+02,9.675943018171435028e+01
6.900000000000000000e+02,6.200000000000000000e+02,9.803635273497476987e+01
6.900000000000000000e+02,6.300000000000000000e+02,9.932415303216369296e+01
6.900000000000000000e+02,6.400000000000000000e+02,1.005645860479669409e+02
6.900000000000000000e+02,6.500000000000000000e+02,1.017014587526334850e+02
6.900000000000000000e+02,6.600000000000000000e+02,1.026828231248805992e+02
6.900000000000000000e+02,6.700000000000000000e+02,1.034631147812292085e+02
6.900000000000000000e+02,6.800000000000000000e+02,1.040052372217691925e+02
6.900000000000000000e+02,6.900000000000000000e+02,1.042825916923549414e+02
6.900000000000000000e+02,7.000000000000000000e+02,1.042810526632306960e+02
6.900000000000000000e+02,7.100000000000000000e+02,1.040008889240863397e+02
6.900000000000000000e+02,7.200000000000000000e+02,1.034586302955428323e+02
6.900000000000000000e+02,7.300000000000000000e+02,1.026888799570681527e+02
6.900000000000000000e+02,7.400000000000000000e+02,1.017460723913230254e+02
6.900000000000000000e+02,7.500000000000000000e+02,1.007061769449367574e+02
6.900000000000000000e+02,7.600000000000000000e+02,9.965768825332504832e+01
6.900000000000000000e+02,7.700000000000000000e+02,9.865995203159013727e+01
6.900000000000000000e+02,7.800000000000000000e+02,9.775605192646054320e+01
6.900000000000000000e+02,7.900000000000000000e+02,9.698041249707810607e+01
6.900000000000000000e+02,8.000000000000000000e+02,9.635862030514206822e+01
6.900000000000000000e+02,8.100000000000000000e+02,9.590740212043034774e+01
6.900000000000000000e+02,8.200000000000000000e+02,9.563476024169841594e+01
6.900000000000000000e+02,8.300000000000000000e+02,9.554026493295535261e+01
6.900000000000000000e+02,8.400000000000000000e+02,9.561550397511746269e+01
6.900000000000000000e+02,8.500000000000000000e+02,9.584468933303908500e+01
6.900000000000000000e+02,8.600000000000000000e+02,9.620542093792090554e+01
6.900000000000000000e+02,8.700000000000000000e+02,9.666960758509570439e+01
6.900000000000000000e+02,8.800000000000000000e+02,9.720454494719130878e+01
6.900000000000000000e+02,8.900000000000000000e+02,9.777415070267106501e+01
6.900000000000000000e+02,9.000000000000000000e+02,9.834035677975165868e+01
6.900000000000000000e+02,9.100000000000000000e+02,9.886465871569828323e+01
6.900000000000000000e+02,9.200000000000000000e+02,9.930982213149727045e+01
6.900000000000000000e+02,9.300000000000000000e+02,9.964174632190592718e+01
6.900000000000000000e+02,9.400000000000000000e+02,9.983148496088007562e+01
6.900000000000000000e+02,9.500000000000000000e+02,9.985742392237851561e+01
6.900000000000000000e+02,9.600000000000000000e+02,9.970761621654536100e+01
6.900000000000000000e+02,9.700000000000000000e+02,9.938227404126936904e+01
6.900000000000000000e+02,9.800000000000000000e+02,9.889641794912084549e+01
6.900000000000000000e+02,9.900000000000000000e+02,9.828268312966596909e+01
7.000000000000000000e+02,0.000000000000000000e+00,9.578929619895696135e+01
7.000000000000000000e+02,1.000000000000000000e+01,9.627728821284030403e+01
7.000000000000000000e+02,2.000000000000000000e+01,9.674430961141067087e+01
7.000000000000000000e+02,3.000000000000000000e+01,9.716999146445903079e+01
7.000000000000000000e+02,4.000000000000000000e+01,9.753556408483990481e+01
7.000000000000000000e+02,5.000000000000000000e+01,9.782474537450490004e+01
7.000000000000000000e+02,6.000000000000000000e+01,9.802446625169130812e+01
7.000000000000000000e+02,7.000000000000000000e+01,9.812543315926599519e+01
7.000000000000000000e+02,8.000000000000000000e+01,9.812252765422415735e+01
7.000000000000000000e+02,9.000000000000000000e+01,9.801504307834342455e+01
7.000000000000000000e+02,1.000000000000000000e+02,9.780675830999297204e+01
7.000000000000000000e+02,1.100000000000000000e+02,9.750584859709773866e+01
7.000000000000000000e+02,1.200000000000000000e+02,9.712463347125783741e+01
7.000000000000000000e+02,1.300000000000000000e+02,9.667916174302303034e+01
7.000000000000000000e+02,1.400000000000000000e+02,9.618863357832232452e+01
7.000000000000000000e+02,1.500000000000000000e+02,9.567465965604876033e+01
7.000000000000000000e+02,1.600000000000000000e+02,9.516035740679917865e+01
7.000000000000000000e+02,1.700000000000000000e+02,9.466928433276927990e+01
7.000000000000000000e+02,1.800000000000000000e+02,9.422420840880364779e+01
7.000000000000000000e+02,1.900000000000000000e+02,9.384571556460102215e+01
7.000000000000000000e+02,2.000000000000000000e+02,9.355065424807457930e+01
7.000000000000000000e+02,2.100000000000000000e+02,9.335041706986741872e+01
7.000000000000000000e+02,2.200000000000000000e+02,9.324905952902309991e+01
7.000000000000000000e+02,2.300000000000000000e+02,9.324125581981142830e+01
7.000000000000000000e+02,2.400000000000000000e+02,9.331009171970912064e+01
7.000000000000000000e+02,2.500000000000000000e+02,9.342469455853589011e+01
7.000000000000000000e+02,2.600000000000000000e+02,9.356324236836390185e+01
7.000000000000000000e+02,2.700000000000000000e+02,9.378152974946857512e+01
7.000000000000000000e+02,2.800000000000000000e+02,9.412831552158203863e+01
7.000000000000000000e+02,2.900000000000000000e+02,9.462416127342743266e+01
7.000000000000000000e+02,3.000000000000000000e+02,9.526715665524004351e+01
7.000000000000000000e+02,3.100000000000000000e+02,9.603816877140991437e+01
7.000000000000000000e+02,3.200000000000000000e+02,9.690561567324601810e+01
7.000000000000000000e+02,3.300000000000000000e+02,9.782976395186177854e+01
7.000000000000000000e+02,3.400000000000000000e+02,9.876655043118228150e+01
7.000000000000000000e+02,3.500000000000000000e+02,9.967092796107274921e+01
7.000000000000000000e+02,3.600000000000000000e+02,1.004997353105886617e+02
7.000000000000000000e+02,3.700000000000000000e+02,1.012140911613473264e+02
7.000000000000000000e+02,3.800000000000000000e+02,1.017813122010208673e+02
7.000000000000000000e+02,3.900000000000000000e+02,1.021763553169508043e+02
7.000000000000000000e+02,4.000000000000000000e+02,1.023827838898840810e+02
7.000000000000000000e+02,4.100000000000000000e+02,1.023932581878304973e+02
7.000000000000000000e+02,4.200000000000000000e+02,1.022095498600417898e+02
7.000000000000000000e+02,4.300000000000000000e+02,1.018420805311120603e+02
7.000000000000000000e+02,4.400000000000000000e+02,1.013089844951997662e+02
7.000000000000000000e+02,4.500000000000000000e+02,1.006346955103711451e+02
7.000000000000000000e+02,4.600000000000000000e+02,9.984805769306520062e+01
7.000000000000000000e+02,4.700000000000000000e+02,9.897996051268009410e+01
7.000000000000000000e+02,4.800000000000000000e+02,9.806049788628109809e+01
7.000000000000000000e+02,4.900000000000000000e+02,9.711565137342995513e+01
7.000000000000000000e+02,5.000000000000000000e+02,9.616349747113579838e+01
7.000000000000000000e+02,5.100000000000000000e+02,9.522951619119895383e+01
7.000000000000000000e+02,5.200000000000000000e+02,9.439761373814909007e+01
7.000000000000000000e+02,5.300000000000000000e+02,9.374470536559032041e+01
7.000000000000000000e+02,5.400000000000000000e+02,9.332278334641860340e+01
7.000000000000000000e+02,5.500000000000000000e+02,9.316164701776183676e+01
7.000000000000000000e+02,5.600000000000000000e+02,9.327157702567913589e+01
7.000000000000000000e+02,5.700000000000000000e+02,9.364595376961901252e+01
7.000000000000000000e+02,5.800000000000000000e+02,9.426382004663656744e+01
7.000000000000000000e+02,5.900000000000000000e+02,9.509238789536972547e+01
7.000000000000000000e+02,6.000000000000000000e+02,9.608948963977439917e+01
7.000000000000000000e+02,6.100000000000000000e+02,9.720597313261863803e+01
7.000000000000000000e+02,6.200000000000000000e+02,9.838804119873590537e+01
7.000000000000000000e+02,6.300000000000000000e+02,9.957953527803719851e+01
7.000000000000000000e+02,6.400000000000000000e+02,1.007241632682822114e+02
7.000000000000000000e+02,6.500000000000000000e+02,1.017676715676095540e+02
7.000000000000000000e+02,6.600000000000000000e+02,1.026599613168258713e+02
7.000000000000000000e+02,6.700000000000000000e+02,1.033571488414540767e+02
7.000000000000000000e+02,6.800000000000000000e+02,1.038235702935403850e+02
7.000000000000000000e+02,6.900000000000000000e+02,1.040337304932206735e+02
7.000000000000000000e+02,7.000000000000000000e+02,1.039741959700453577e+02
7.000000000000000000e+02,7.100000000000000000e+02,1.036454322040638516e+02
7.000000000000000000e+02,7.200000000000000000e+02,1.030635850666674145e+02
7.000000000000000000e+02,7.300000000000000000e+02,1.022622064611914823e+02
7.000000000000000000e+02,7.400000000000000000e+02,1.012939241632768130e+02
7.000000000000000000e+02,7.500000000000000000e+02,1.002320558609894192e+02
7.000000000000000000e+02,7.600000000000000000e+02,9.916316443497692035e+01
7.000000000000000000e+02,7.700000000000000000e+02,9.815005395312726932e+01
7.000000000000000000e+02,7.800000000000000000e+02,9.723937862494933881e+01
7.000000000000000000e+02,7.900000000000000000e+02,9.646773755735776490e+01
7.000000000000000000e+02,8.000000000000000000e+02,9.586169959868898616e+01
7.000000000000000000e+02,8.100000000000000000e+02,9.543797421405093928e+01
7.000000000000000000e+02,8.200000000000000000e+02,9.520372839200658177e+01
7.000000000000000000e+02,8.300000000000000000e+02,9.515704958259108537e+01
7.000000000000000000e+02,8.400000000000000000e+02,9.528755466666291341e+01
7.000000000000000000e+02,8.500000000000000000e+02,9.557714495658849785e+01
7.000000000000000000e+02,8.600000000000000000e+02,9.600090722826080025e+01
7.000000000000000000e+02,8.700000000000000000e+02,9.652816078445154346e+01
7.000000000000000000e+02,8.800000000000000000e+02,9.712365054949727039e+01
7.000000000000000000e+02,8.900000000000000000e+02,9.774888619531905931e+01
7.000000000000000000e+02,9.000000000000000000e+02,9.836362729877609468e+01
7.000000000000000000e+02,9.100000000000000000e+02,9.892751453035293707e+01
7.000000000000000000e+02,9.200000000000000000e+02,9.940184687418056342e+01
7.000000000000000000e+02,9.300000000000000000e+02,9.975150487939113475e+01
7.000000000000000000e+02,9.400000000000000000e+02,9.994701994280657686e+01
7.000000000000000000e+02,9.500000000000000000e+02,9.996678962296084592e+01
7.000000000000000000e+02,9.600000000000000000e+02,9.979943898545602110e+01
7.000000000000000000e+02,9.700000000000000000e+02,9.944632797965203963e+01
7.000000000000000000e+02,9.800000000000000000e+02,9.892420484669035829e+01
7.000000000000000000e+02,9.900000000000000000e+02,9.826800555885122890e+01
7.100000000000000000e+02,0.000000000000000000e+00,9.645417226300898506e+01
7.100000000000000000e+02,1.000000000000000000e+01,9.698649413604900360e+01
7.100000000000000000e+02,2.000000000000000000e+01,9.749954574209198199e+01
7.100000000000000000e+02,3.000000000000000000e+01,9.797385930150724676e+01
7.100000000000000000e+02,4.000000000000000000e+01,9.839085819699079138e+01
7.100000000000000000e+02,5.000000000000000000e+01,9.873391136791703104e+01
7.100000000000000000e+02,6.000000000000000000e+01,9.898920934771875579e+01
7.100000000000000000e+02,7.000000000000000000e+01,9.914646194429508341e+01
7.100000000000000000e+02,8.000000000000000000e+01,9.919941756344752548e+01
7.100000000000000000e+02,9.000000000000000000e+01,9.914620417534398200e+01
7.100000000000000000e+02,1.000000000000000000e+02,9.898949192401097719e+01
7.100000000000000000e+02,1.100000000000000000e+02,9.873647737985375272e+01
7.100000000000000000e+02,1.200000000000000000e+02,9.839868943520461642e+01
7.100000000000000000e+02,1.300000000000000000e+02,9.799161684289911989e+01
7.100000000000000000e+02,1.400000000000000000e+02,9.753415739788054850e+01
7.100000000000000000e+02,1.500000000000000000e+02,9.704788876183224033e+01
7.100000000000000000e+02,1.600000000000000000e+02,9.655616093083808948e+01
7.100000000000000000e+02,1.700000000000000000e+02,9.608301034607110580e+01
7.100000000000000000e+02,1.800000000000000000e+02,9.565189564750994577e+01
7.100000000000000000e+02,1.900000000000000000e+02,9.528425507068352829e+01
7.100000000000000000e+02,2.000000000000000000e+02,9.499788548644383468e+01
7.100000000000000000e+02,2.100000000000000000e+02,9.480514308376656629e+01
7.100000000000000000e+02,2.200000000000000000e+02,9.471096569557994371e+01
7.100000000000000000e+02,2.300000000000000000e+02,9.471071676762166192e+01
7.100000000000000000e+02,2.400000000000000000e+02,9.478785097032368867e+01
7.100000000000000000e+02,2.500000000000000000e+02,9.491140145372534676e+01
7.100000000000000000e+02,2.600000000000000000e+02,9.505892433987921208e+01
7.100000000000000000e+02,2.700000000000000000e+02,9.528542888663143628e+01
7.100000000000000000e+02,2.800000000000000000e+02,9.563883102757436916e+01
7.100000000000000000e+02,2.900000000000000000e+02,9.613882500465371095e+01
7.100000000000000000e+02,3.000000000000000000e+02,9.678267462557683132e+01
7.100000000000000000e+02,3.100000000000000000e+02,9.755051865897151231e+01
7.100000000000000000e+02,3.200000000000000000e+02,9.841019036729559843e+01
7.100000000000000000e+02,3.300000000000000000e+02,9.932155117749711337e+01
7.100000000000000000e+02,3.400000000000000000e+02,1.002403384894251701e+02
7.100000000000000000e+02,3.500000000000000000e+02,1.011215276219914756e+02
7.100000000000000000e+02,3.600000000000000000e+02,1.019222078970825152e+02
7.100000000000000000e+02,3.700000000000000000e+02,1.026039728612224025e+02
7.100000000000000000e+02,3.800000000000000000e+02,1.031348246449863950e+02
7.100000000000000000e+02,3.900000000000000000e+02,1.034905924601650611e+02
7.100000000000000000e+02,4.000000000000000000e+02,1.036558652346791263e+02
7.100000000000000000e+02,4.100000000000000000e+02,1.036244383852449005e+02
7.100000000000000000e+02,4.200000000000000000e+02,1.033992747277905551e+02
7.100000000000000000e+02,4.300000000000000000e+02,1.029919795256228525e+02
7.100000000000000000e+02,4.400000000000000000e+02,1.024217896753446553e+02
7.100000000000000000e+02,4.500000000000000000e+02,1.017140770305230433e+02
7.100000000000000000e+02,4.600000000000000000e+02,1.008983658631081823e+02
7.100000000000000000e+02,4.700000000000000000e+02,1.000058644626027302e+02
7.100000000000000000e+02,4.800000000000000000e+02,9.906651087298199343e+01
7.100000000000000000e+02,4.900000000000000000e+02,9.810553276736473549e+01
7.100000000000000000e+02,5.000000000000000000e+02,9.713952146043456537e+01
7.100000000000000000e+02,5.100000000000000000e+02,9.619156380093686209e+01
7.100000000000000000e+02,5.200000000000000000e+02,9.534264206654350460e+01
7.100000000000000000e+02,5.300000000000000000e+02,9.466730767042470518e+01
7.100000000000000000e+02,5.400000000000000000e+02,9.421587721935674153e+01
7.100000000000000000e+02,5.500000000000000000e+02,9.401710371871610050e+01
7.100000000000000000e+02,5.600000000000000000e+02,9.408079092824694101e+01
7.100000000000000000e+02,5.700000000000000000e+02,9.440035086860207514e+01
7.100000000000000000e+02,5.800000000000000000e+02,9.495530447865728263e+01
7.100000000000000000e+02,5.900000000000000000e+02,9.571372542359907243e+01
7.100000000000000000e+02,6.000000000000000000e+02,9.663462705378584872e+01
7.100000000000000000e+02,6.100000000000000000e+02,9.767029251438253823e+01
7.100000000000000000e+02,6.200000000000000000e+02,9.876854800576850835e+01
7.100000000000000000e+02,6.300000000000000000e+02,9.987497919471911700e+01
7.100000000000000000e+02,6.400000000000000000e+02,1.009350907763604397e+02
7.100000000000000000e+02,6.500000000000000000e+02,1.018964091868975999e+02
7.100000000000000000e+02,6.600000000000000000e+02,1.027105284671163474e+02
7.100000000000000000e+02,6.700000000000000000e+02,1.033350992766582834e+02
7.100000000000000000e+02,6.800000000000000000e+02,1.037357610590691905e+02
7.100000000000000000e+02,6.900000000000000000e+02,1.038880173576211376e+02
7.100000000000000000e+02,7.000000000000000000e+02,1.037790542819076194e+02
7.100000000000000000e+02,7.100000000000000000e+02,1.034095021252124837e+02
7.100000000000000000e+02,7.200000000000000000e+02,1.027951401326519232e+02
7.100000000000000000e+02,7.300000000000000000e+02,1.019685444200902253e+02
7.100000000000000000e+02,7.400000000000000000e+02,1.009806790438286868e+02
7.100000000000000000e+02,7.500000000000000000e+02,9.990243022106797355e+01
7.100000000000000000e+02,7.600000000000000000e+02,9.881853404904417459e+01
7.100000000000000000e+02,7.700000000000000000e+02,9.779470810233188161e+01
7.100000000000000000e+02,7.800000000000000000e+02,9.688068494997662583e+01
7.100000000000000000e+02,7.900000000000000000e+02,9.611497644507848293e+01
7.100000000000000000e+02,8.000000000000000000e+02,9.552506200408285508e+01
7.100000000000000000e+02,8.100000000000000000e+02,9.512771471013513747e+01
7.100000000000000000e+02,8.200000000000000000e+02,9.492946524049909840e+01
7.100000000000000000e+02,8.300000000000000000e+02,9.492720361803927176e+01
7.100000000000000000e+02,8.400000000000000000e+02,9.510891878676699207e+01
7.100000000000000000e+02,8.500000000000000000e+02,9.545457601145037074e+01
7.100000000000000000e+02,8.600000000000000000e+02,9.593713210128805713e+01
7.100000000000000000e+02,8.700000000000000000e+02,9.652368845764682703e+01
7.100000000000000000e+02,8.800000000000000000e+02,9.717678194586305551e+01
7.100000000000000000e+02,8.900000000000000000e+02,9.785581359110790345e+01
7.100000000000000000e+02,9.000000000000000000e+02,9.851861509831650210e+01
7.100000000000000000e+02,9.100000000000000000e+02,9.912315319618075193e+01
7.100000000000000000e+02,9.200000000000000000e+02,9.962937180520617630e+01
7.100000000000000000e+02,9.300000000000000000e+02,1.000011720298323894e+02
7.100000000000000000e+02,9.400000000000000000e+02,1.002085299746176048e+02
7.100000000000000000e+02,9.500000000000000000e+02,1.002297523844867442e+02
7.100000000000000000e+02,9.600000000000000000e+02,1.000538701090436575e+02
7.100000000000000000e+02,9.700000000000000000e+02,9.968316939094677309e+01
7.100000000000000000e+02,9.800000000000000000e+02,9.913586097834905786e+01
7.100000000000000000e+02,9.900000000000000000e+02,9.844888706140146439e+01
7.200000000000000000e+02,0.000000000000000000e+00,9.723578714489140395e+01
7.200000000000000000e+02,1.000000000000000000e+01,9.779771479844410464e+01
7.200000000000000000e+02,2.000000000000000000e+01,9.834180466637512552e+01
7.200000000000000000e+02,3.000000000000000000e+01,9.884941926124983524e+01
7.200000000000000000e+02,4.000000000000000000e+01,9.930227053342294141e+01
7.200000000000000000e+02,5.000000000000000000e+01,9.968359159584393581e+01
7.200000000000000000e+02,6.000000000000000000e+01,9.997911980039012292e+01
7.200000000000000000e+02,7.000000000000000000e+01,1.001778911657271038e+02
7.200000000000000000e+02,8.000000000000000000e+01,1.002728461566966729e+02
7.200000000000000000e+02,9.000000000000000000e+01,1.002612468152323117e+02
7.200000000000000000e+02,1.000000000000000000e+02,1.001449052428020536e+02
7.200000000000000000e+02,1.100000000000000000e+02,9.993022343437894506e+01
7.200000000000000000e+02,1.200000000000000000e+02,9.962804446393882074e+01
7.200000000000000000e+02,1.300000000000000000e+02,9.925331502148577556e+01
7.200000000000000000e+02,1.400000000000000000e+02,9.882455930160487867e+01
7.200000000000000000e+02,1.500000000000000000e+02,9.836316424354262722e+01
7.200000000000000000e+02,1.600000000000000000e+02,9.789247612281461386e+01
7.200000000000000000e+02,1.700000000000000000e+02,9.743670849434089121e+01
7.200000000000000000e+02,1.800000000000000000e+02,9.701966148710870641e+01
7.200000000000000000e+02,1.900000000000000000e+02,9.666325245036273373e+01
7.200000000000000000e+02,2.000000000000000000e+02,9.638585795132279088e+01
7.200000000000000000e+02,2.100000000000000000e+02,9.620046712442906767e+01
7.200000000000000000e+02,2.200000000000000000e+02,9.611264637211478146e+01
7.200000000000000000e+02,2.300000000000000000e+02,9.611831541710637339e+01
7.200000000000000000e+02,2.400000000000000000e+02,9.620133470625108885e+01
7.200000000000000000e+02,2.500000000000000000e+02,9.633090416587219806e+01
7.200000000000000000e+02,2.600000000000000000e+02,9.648428805227685245e+01
7.200000000000000000e+02,2.700000000000000000e+02,9.671547535653623129e+01
7.200000000000000000e+02,2.800000000000000000e+02,9.707130338735247221e+01
7.200000000000000000e+02,2.900000000000000000e+02,9.757052834313019218e+01
7.200000000000000000e+02,3.000000000000000000e+02,9.820964560181207048e+01
7.200000000000000000e+02,3.100000000000000000e+02,9.896821750726144273e+01
7.200000000000000000e+02,3.200000000000000000e+02,9.981370865219196276e+01
7.200000000000000000e+02,3.300000000000000000e+02,1.007058286576442896e+02
7.200000000000000000e+02,3.400000000000000000e+02,1.016003824490099419e+02
7.200000000000000000e+02,3.500000000000000000e+02,1.024526280286020494e+02
7.200000000000000000e+02,3.600000000000000000e+02,1.032201417447733007e+02
7.200000000000000000e+02,3.700000000000000000e+02,1.038651910575809154e+02
7.200000000000000000e+02,3.800000000000000000e+02,1.043566148009985852e+02
7.200000000000000000e+02,3.900000000000000000e+02,1.046712109416756533e+02
7.200000000000000000e+02,4.000000000000000000e+02,1.047946318342431624e+02
7.200000000000000000e+02,4.100000000000000000e+02,1.047217869731671129e+02
7.200000000000000000e+02,4.200000000000000000e+02,1.044567532411486610e+02
7.200000000000000000e+02,4.300000000000000000e+02,1.040121926540714838e+02
7.200000000000000000e+02,4.400000000000000000e+02,1.034082776024961134e+02
7.200000000000000000e+02,4.500000000000000000e+02,1.026711235897013950e+02
7.200000000000000000e+02,4.600000000000000000e+02,1.018307294662729703e+02
7.200000000000000000e+02,4.700000000000000000e+02,1.009184251612388010e+02
7.200000000000000000e+02,4.800000000000000000e+02,9.996382690975184460e+01
7.200000000000000000e+02,4.900000000000000000e+02,9.899129997731965602e+01
7.200000000000000000e+02,5.000000000000000000e+02,9.801592888058115705e+01
7.200000000000000000e+02,5.100000000000000000e+02,9.705854631845285496e+01
7.200000000000000000e+02,5.200000000000000000e+02,9.619757649786930642e+01
7.200000000000000000e+02,5.300000000000000000e+02,9.550553841456286364e+01
7.200000000000000000e+02,5.400000000000000000e+02,9.503131364909586409e+01
7.200000000000000000e+02,5.500000000000000000e+02,9.480276514417538181e+01
7.200000000000000000e+02,5.600000000000000000e+02,9.482929843345750953e+01
7.200000000000000000e+02,5.700000000000000000e+02,9.510436532184084513e+01
7.200000000000000000e+02,5.800000000000000000e+02,9.560791001724953730e+01
7.200000000000000000e+02,5.900000000000000000e+02,9.630875771390562079e+01
7.200000000000000000e+02,6.000000000000000000e+02,9.716694562709069771e+01
7.200000000000000000e+02,6.100000000000000000e+02,9.813599647939716419e+01
7.200000000000000000e+02,6.200000000000000000e+02,9.916513443846861264e+01
7.200000000000000000e+02,6.300000000000000000e+02,1.002014435062298645e+02
7.200000000000000000e+02,6.400000000000000000e+02,1.011919683596061361e+02
7.200000000000000000e+02,6.500000000000000000e+02,1.020857576427317639e+02
7.200000000000000000e+02,6.600000000000000000e+02,1.028358497106482474e+02
7.200000000000000000e+02,6.700000000000000000e+02,1.034012008244917666e+02
7.200000000000000000e+02,6.800000000000000000e+02,1.037485557981698605e+02
7.200000000000000000e+02,6.900000000000000000e+02,1.038542610965278357e+02
7.200000000000000000e+02,7.000000000000000000e+02,1.037060203850042086e+02
7.200000000000000000e+02,7.100000000000000000e+02,1.033045925307758068e+02
7.200000000000000000e+02,7.200000000000000000e+02,1.026654320553920456e+02
7.200000000000000000e+02,7.300000000000000000e+02,1.018202720388987927e+02
7.200000000000000000e+02,7.400000000000000000e+02,1.008186494754515081e+02
7.200000000000000000e+02,7.500000000000000000e+02,9.972937308041768745e+01
7.200000000000000000e+02,7.600000000000000000e+02,9.863559809880811713e+01
7.200000000000000000e+02,7.700000000000000000e+02,9.760543530635582954e+01
7.200000000000000000e+02,7.800000000000000000e+02,9.669119350490535680e+01
7.200000000000000000e+02,7.900000000000000000e+02,9.593302462164447775e+01
7.200000000000000000e+02,8.000000000000000000e+02,9.535923609403690193e+01
7.200000000000000000e+02,8.100000000000000000e+02,9.498673560761606893e+01
7.200000000000000000e+02,8.200000000000000000e+02,9.482160818663997759e+01
7.200000000000000000e+02,8.300000000000000000e+02,9.485982563760713049e+01
7.200000000000000000e+02,8.400000000000000000e+02,9.508808834563356527e+01
7.200000000000000000e+02,8.500000000000000000e+02,9.548479942369093010e+01
7.200000000000000000e+02,8.600000000000000000e+02,9.602117121470570282e+01
7.200000000000000000e+02,8.700000000000000000e+02,9.666246414651946850e+01
7.200000000000000000e+02,8.800000000000000000e+02,9.736935793971024111e+01
7.200000000000000000e+02,8.900000000000000000e+02,9.809945516827497158e+01
7.200000000000000000e+02,9.000000000000000000e+02,9.880891717317300049e+01
7.200000000000000000e+02,9.100000000000000000e+02,9.945423232873069708e+01
7.200000000000000000e+02,9.200000000000000000e+02,9.999411666190721348e+01
7.200000000000000000e+02,9.300000000000000000e+02,1.003915468244211269e+02
7.200000000000000000e+02,9.400000000000000000e+02,1.006159254177384952e+02
7.200000000000000000e+02,9.500000000000000000e+02,1.006453786709216018e+02
7.200000000000000000e+02,9.600000000000000000e+02,1.004691864713391425e+02
7.200000000000000000e+02,9.700000000000000000e+02,1.000903447482372428e+02
7.200000000000000000e+02,9.800000000000000000e+02,9.952826020917170524e+01
7.200000000000000000e+02,9.900000000000000000e+02,9.882157742930134248e+01
7.300000000000000000e+02,0.000000000000000000e+00,9.810720883010081650e+01
7.300000000000000000e+02,1.000000000000000000e+01,9.868581587679419442e+01
7.300000000000000000e+02,2.000000000000000000e+01,9.924768608098084144e+01
7.300000000000000000e+02,3.000000000000000000e+01,9.977487588172439814e+01
7.300000000000000000e+02,4.000000000000000000e+01,1.002494178199038828e+02
7.300000000000000000e+02,5.000000000000000000e+01,1.006545647349014700e+02
7.300000000000000000e+02,6.000000000000000000e+01,1.009758395334528700e+02
7.300000000000000000e+02,7.000000000000000000e+01,1.012018905306603216e+02
7.300000000000000000e+02,8.000000000000000000e+01,1.013251523631682574e+02
7.300000000000000000e+02,9.000000000000000000e+01,1.013423124745015400e+02
7.300000000000000000e+02,1.000000000000000000e+02,1.012545831725664129e+02
7.300000000000000000e+02,1.100000000000000000e+02,1.010677792593140651e+02
7.300000000000000000e+02,1.200000000000000000e+02,1.007922012325667254e+02
7.300000000000000000e+02,1.300000000000000000e+02,1.004423240600065270e+02
7.300000000000000000e+02,1.400000000000000000e+02,1.000362915253270018e+02
7.300000000000000000e+02,1.500000000000000000e+02,9.959521614654704535e+01
7.300000000000000000e+02,1.600000000000000000e+02,9.914228466648769711e+01
7.300000000000000000e+02,1.700000000000000000e+02,9.870166911541147670e+01
7.300000000000000000e+02,1.800000000000000000e+02,9.829724344582437823e+01
7.300000000000000000e+02,1.900000000000000000e+02,9.795110573944043608e+01
7.300000000000000000e+02,2.000000000000000000e+02,9.768190598630899046e+01
7.300000000000000000e+02,2.100000000000000000e+02,9.750297943610461004e+01
7.300000000000000000e+02,2.200000000000000000e+02,9.742028552157950116e+01
7.300000000000000000e+02,2.300000000000000000e+02,9.743015235417875886e+01
7.300000000000000000e+02,2.400000000000000000e+02,9.751682679181809021e+01
7.300000000000000000e+02,2.500000000000000000e+02,9.764983007882422328e+01
7.300000000000000000e+02,2.600000000000000000e+02,9.780635203240696285e+01
7.300000000000000000e+02,2.700000000000000000e+02,9.803917052228891293e+01
7.300000000000000000e+02,2.800000000000000000e+02,9.839386817126683127e+01
7.300000000000000000e+02,2.900000000000000000e+02,9.888822247311532010e+01
7.300000000000000000e+02,3.000000000000000000e+02,9.951802362078723263e+01
7.300000000000000000e+02,3.100000000000000000e+02,1.002623961016818299e+02
7.300000000000000000e+02,3.200000000000000000e+02,1.010886240599806740e+02
7.300000000000000000e+02,3.300000000000000000e+02,1.019564804260512290e+02
7.300000000000000000e+02,3.400000000000000000e+02,1.028220598129182548e+02
7.300000000000000000e+02,3.500000000000000000e+02,1.036411151798028243e+02
7.300000000000000000e+02,3.600000000000000000e+02,1.043718982627291894e+02
7.300000000000000000e+02,3.700000000000000000e+02,1.049775037721992703e+02
7.300000000000000000e+02,3.800000000000000000e+02,1.054277173579350233e+02
7.300000000000000000e+02,3.900000000000000000e+02,1.057003673406883451e+02
7.300000000000000000e+02,4.000000000000000000e+02,1.057821802111188561e+02
7.300000000000000000e+02,4.100000000000000000e+02,1.056691398957394199e+02
7.300000000000000000e+02,4.200000000000000000e+02,1.053663507899292426e+02
7.300000000000000000e+02,4.300000000000000000e+02,1.048874045580149073e+02
7.300000000000000000e+02,4.400000000000000000e+02,1.042532507004190023e+02
7.300000000000000000e+02,4.500000000000000000e+02,1.034905708878764869e+02
7.300000000000000000e+02,4.600000000000000000e+02,1.026296570627188629e+02
7.300000000000000000e+02,4.700000000000000000e+02,1.017017933072260689e+02
7.300000000000000000e+02,4.800000000000000000e+02,1.007361414790459690e+02
7.300000000000000000e+02,4.900000000000000000e+02,9.975613061368176204e+01
7.300000000000000000e+02,5.000000000000000000e+02,9.877535009404704169e+01
7.300000000000000000e+02,5.100000000000000000e+02,9.781255994470831183e+01
7.300000000000000000e+02,5.200000000000000000e+02,9.694407598121266290e+01
7.300000000000000000e+02,5.300000000000000000e+02,9.624078948351291274e+01
7.300000000000000000e+02,5.400000000000000000e+02,9.575043746274835144e+01
7.300000000000000000e+02,5.500000000000000000e+02,9.550017793298414404e+01
7.300000000000000000e+02,5.600000000000000000e+02,9.549910724174533527e+01
7.300000000000000000e+02,5.700000000000000000e+02,9.574071945934559835e+01
7.300000000000000000e+02,5.800000000000000000e+02,9.620530782701074202e+01
7.300000000000000000e+02,5.900000000000000000e+02,9.686230826379677694e+01
7.300000000000000000e+02,6.000000000000000000e+02,9.767258493230288252e+01
7.300000000000000000e+02,6.100000000000000000e+02,9.859065786317889035e+01
7.300000000000000000e+02,6.200000000000000000e+02,9.956687263842759705e+01
7.300000000000000000e+02,6.300000000000000000e+02,1.005495121335017785e+02
7.300000000000000000e+02,6.400000000000000000e+02,1.014868503181957919e+02
7.300000000000000000e+02,6.500000000000000000e+02,1.023291481163320640e+02
7.300000000000000000e+02,6.600000000000000000e+02,1.030305913242420814e+02
7.300000000000000000e+02,6.700000000000000000e+02,1.035511705880422966e+02
7.300000000000000000e+02,6.800000000000000000e+02,1.038585034397045348e+02
7.300000000000000000e+02,6.900000000000000000e+02,1.039295983919213313e+02
7.300000000000000000e+02,7.000000000000000000e+02,1.037525610917656849e+02
7.300000000000000000e+02,7.100000000000000000e+02,1.033282425331458256e+02
7.300000000000000000e+02,7.200000000000000000e+02,1.026718293280544430e+02
7.300000000000000000e+02,7.300000000000000000e+02,1.018143760366127424e+02
7.300000000000000000e+02,7.400000000000000000e+02,1.008042795559092895e+02
7.300000000000000000e+02,7.500000000000000000e+02,9.970869556763322805e+01
7.300000000000000000e+02,7.600000000000000000e+02,9.860952943254190473e+01
7.300000000000000000e+02,7.700000000000000000e+02,9.757682730185933906e+01
7.300000000000000000e+02,7.800000000000000000e+02,9.666500714248194015e+01
7.300000000000000000e+02,7.900000000000000000e+02,9.591560320517257310e+01
7.300000000000000000e+02,8.000000000000000000e+02,9.535766725794123033e+01
7.300000000000000000e+02,8.100000000000000000e+02,9.500829909984109634e+01
7.300000000000000000e+02,8.200000000000000000e+02,9.487330635517990629e+01
7.300000000000000000e+02,8.300000000000000000e+02,9.494799354814679759e+01
7.300000000000000000e+02,8.400000000000000000e+02,9.521808045785438424e+01
7.300000000000000000e+02,8.500000000000000000e+02,9.566074975379633827e+01
7.300000000000000000e+02,8.600000000000000000e+02,9.624582391172026519e+01
7.300000000000000000e+02,8.700000000000000000e+02,9.693707140991597271e+01
7.300000000000000000e+02,8.800000000000000000e+02,9.769364220591913295e+01
7.300000000000000000e+02,8.900000000000000000e+02,9.847163249363025272e+01
7.300000000000000000e+02,9.000000000000000000e+02,9.922577874084909411e+01
7.300000000000000000e+02,9.100000000000000000e+02,9.991128100722441729e+01
7.300000000000000000e+02,9.200000000000000000e+02,1.004857555426191453e+02
7.300000000000000000e+02,9.300000000000000000e+02,1.009113166658907517e+02
7.300000000000000000e+02,9.400000000000000000e+02,1.011567879240873538e+02
7.300000000000000000e+02,9.500000000000000000e+02,1.012000425320586743e+02
7.300000000000000000e+02,9.600000000000000000e+02,1.010304730924828931e+02
7.300000000000000000e+02,9.700000000000000000e+02,1.006515905963085231e+02
7.300000000000000000e+02,9.800000000000000000e+02,1.000837527036117649e+02
7.300000000000000000e+02,9.900000000000000000e+02,9.936702130486936824e+01
7.400000000000000000e+02,0.000000000000000000e+00,9.903879324301482256e+01
7.400000000000000000e+02,1.000000000000000000e+01,9.962414279433725994e+01
7.400000000000000000e+02,2.000000000000000000e+01,1.001935341280930629e+02
7.400000000000000000e+02,3.000000000000000000e+01,1.007295608766664969e+02
7.400000000000000000e+02,4.000000000000000000e+01,1.012145645218015630e+02
7.400000000000000000e+02,5.000000000000000000e+01,1.016319151171237536e+02
7.400000000000000000e+02,6.000000000000000000e+01,1.019670952677791149e+02
7.400000000000000000e+02,7.000000000000000000e+01,1.022085873671907592e+02
7.400000000000000000e+02,8.000000000000000000e+01,1.023485640909326122e+02
7.400000000000000000e+02,9.000000000000000000e+01,1.023833821477205674e+02
7.400000000000000000e+02,1.000000000000000000e+02,1.023138792875209617e+02
7.400000000000000000e+02,1.100000000000000000e+02,1.021454745667763717e+02
7.400000000000000000e+02,1.200000000000000000e+02,1.018880718707488171e+02
7.400000000000000000e+02,1.300000000000000000e+02,1.015557666929801997e+02
7.400000000000000000e+02,1.400000000000000000e+02,1.011663561718702198e+02
7.400000000000000000e+02,1.500000000000000000e+02,1.007406523843715291e+02
7.400000000000000000e+02,1.600000000000000000e+02,1.003015988968022612e+02
7.400000000000000000e+02,1.700000000000000000e+02,9.987319057277591128e+01
7.400000000000000000e+02,1.800000000000000000e+02,9.947919663824855263e+01
7.400000000000000000e+02,1.900000000000000000e+02,9.914168700368340126e+01
7.400000000000000000e+02,2.000000000000000000e+02,9.887936184333270262e+01
7.400000000000000000e+02,2.100000000000000000e+02,9.870568443163698191e+01
7.400000000000000000e+02,2.200000000000000000e+02,9.862681723674162981e+01
7.400000000000000000e+02,2.300000000000000000e+02,9.863936127113086627e+01
7.400000000000000000e+02,2.400000000000000000e+02,9.872789869937891183e+01
7.400000000000000000e+02,2.500000000000000000e+02,9.886233870301873594e+01
7.400000000000000000e+02,2.600000000000000000e+02,9.901991318293174515e+01
7.400000000000000000e+02,2.700000000000000000e+02,9.925205294197397166e+01
7.400000000000000000e+02,2.800000000000000000e+02,9.960297219845770655e+01
7.400000000000000000e+02,2.900000000000000000e+02,1.000894534653366890e+02
7.400000000000000000e+02,3.000000000000000000e+02,1.007066393567662317e+02
7.400000000000000000e+02,3.100000000000000000e+02,1.014333266678102348e+02
7.400000000000000000e+02,3.200000000000000000e+02,1.022367627272951012e+02
7.400000000000000000e+02,3.300000000000000000e+02,1.030769440238105261e+02
7.400000000000000000e+02,3.400000000000000000e+02,1.039104171048572454e+02
7.400000000000000000e+02,3.500000000000000000e+02,1.046935817491415861e+02
7.400000000000000000e+02,3.600000000000000000e+02,1.053854964120170052e+02
7.400000000000000000e+02,3.700000000000000000e+02,1.059501859440724303e+02
7.400000000000000000e+02,3.800000000000000000e+02,1.063584515828676729e+02
7.400000000000000000e+02,3.900000000000000000e+02,1.065891832178154601e+02
7.400000000000000000e+02,4.000000000000000000e+02,1.066301739282106524e+02
7.400000000000000000e+02,4.100000000000000000e+02,1.064784367944061785e+02
7.400000000000000000e+02,4.200000000000000000e+02,1.061400239821359435e+02
7.400000000000000000e+02,4.300000000000000000e+02,1.056293480999845542e+02
7.400000000000000000e+02,4.400000000000000000e+02,1.049680058300040457e+02
7.400000000000000000e+02,4.500000000000000000e+02,1.041831038314774815e+02
7.400000000000000000e+02,4.600000000000000000e+02,1.033050869178293567e+02
7.400000000000000000e+02,4.700000000000000000e+02,1.023650685066830448e+02
7.400000000000000000e+02,4.800000000000000000e+02,1.013916633430650052e+02
7.400000000000000000e+02,4.900000000000000000e+02,1.004073224957559773e+02
7.400000000000000000e+02,5.000000000000000000e+02,9.942417062678902084e+01
7.400000000000000000e+02,5.100000000000000000e+02,9.845907619122543508e+01
7.400000000000000000e+02,5.200000000000000000e+02,9.758668222816758941e+01
7.400000000000000000e+02,5.300000000000000000e+02,9.687664301828230862e+01
7.400000000000000000e+02,5.400000000000000000e+02,9.637582971730631698e+01
7.400000000000000000e+02,5.500000000000000000e+02,9.611087128552628656e+01
7.400000000000000000e+02,5.600000000000000000e+02,9.609063731875164649e+01
7.400000000000000000e+02,5.700000000000000000e+02,9.630866278077996867e+01
7.400000000000000000e+02,5.800000000000000000e+02,9.674551463735505763e+01
7.400000000000000000e+02,5.900000000000000000e+02,9.737110039161763098e+01
7.400000000000000000e+02,6.000000000000000000e+02,9.814691852104868985e+01
7.400000000000000000e+02,6.100000000000000000e+02,9.902825081590556522e+01
7.400000000000000000e+02,6.200000000000000000e+02,9.996629661915051202e+01
7.400000000000000000e+02,6.300000000000000000e+02,1.009102489678720644e+02
7.400000000000000000e+02,6.400000000000000000e+02,1.018093126361989960e+02
7.400000000000000000e+02,6.500000000000000000e+02,1.026146640797068983e+02
7.400000000000000000e+02,6.600000000000000000e+02,1.032813532813174504e+02
7.400000000000000000e+02,6.700000000000000000e+02,1.037701474986903492e+02
7.400000000000000000e+02,6.800000000000000000e+02,1.040493169131078020e+02
7.400000000000000000e+02,6.900000000000000000e+02,1.040963621798518375e+02
7.400000000000000000e+02,7.000000000000000000e+02,1.038996838800739937e+02
7.400000000000000000e+02,7.100000000000000000e+02,1.034601938741580227e+02
7.400000000000000000e+02,7.200000000000000000e+02,1.027928685565748310e+02
7.400000000000000000e+02,7.300000000000000000e+02,1.019282440122304791e+02
7.400000000000000000e+02,7.400000000000000000e+02,1.009138530743065303e+02
7.400000000000000000e+02,7.500000000000000000e+02,9.981560428359310322e+01
7.400000000000000000e+02,7.600000000000000000e+02,9.871448807594227048e+01
7.400000000000000000e+02,7.700000000000000000e+02,9.768213330262474869e+01
7.400000000000000000e+02,7.800000000000000000e+02,9.677468967658296606e+01
7.400000000000000000e+02,7.900000000000000000e+02,9.603486277473619737e+01
7.400000000000000000e+02,8.000000000000000000e+02,9.549237650606792727e+01
7.400000000000000000e+02,8.100000000000000000e+02,9.516456362939648272e+01
7.400000000000000000e+02,8.200000000000000000e+02,9.505708432082847992e+01
7.400000000000000000e+02,8.300000000000000000e+02,9.516477279089559715e+01
7.400000000000000000e+02,8.400000000000000000e+02,9.547261195137424750e+01
7.400000000000000000e+02,8.500000000000000000e+02,9.595683613178842108e+01
7.400000000000000000e+02,8.600000000000000000e+02,9.658616184559554085e+01
7.400000000000000000e+02,8.700000000000000000e+02,9.732314660605541690e+01
7.400000000000000000e+02,8.800000000000000000e+02,9.812567579178234212e+01
7.400000000000000000e+02,8.900000000000000000e+02,9.894857756198011600e+01
7.400000000000000000e+02,9.000000000000000000e+02,9.974536582136028073e+01
7.400000000000000000e+02,9.100000000000000000e+02,1.004701112347433138e+02
7.400000000000000000e+02,9.200000000000000000e+02,1.010794402913430758e+02
7.400000000000000000e+02,9.300000000000000000e+02,1.015346624187340439e+02
7.400000000000000000e+02,9.400000000000000000e+02,1.018040251465020134e+02
7.400000000000000000e+02,9.500000000000000000e+02,1.018650973195774014e+02
7.400000000000000000e+02,9.600000000000000000e+02,1.017072803612520744e+02
7.400000000000000000e+02,9.700000000000000000e+02,1.013344475858789195e+02
7.400000000000000000e+02,9.800000000000000000e+02,1.007677115612547141e+02
7.400000000000000000e+02,9.900000000000000000e+02,1.000483195206859364e+02
7.500000000000000000e+02,0.000000000000000000e+00,1.000000000000000000e+02
7.500000000000000000e+02,1.000000000000000000e+01,1.005864648655066844e+02
7.500000000000000000e+02,2.000000000000000000e+01,1.011575338067309815e+02
7.500000000000000000e+02,3.000000000000000000e+01,1.016962228803272126e+02
7.500000000000000000e+02,4.000000000000000000e+01,1.021851577367946220e+02
7.500000000000000000e+02,5.000000000000000000e+01,1.026078697801739992e+02
7.500000000000000000e+02,6.000000000000000000e+01,1.029498952294863869e+02
7.500000000000000000e+02,7.000000000000000000e+01,1.031996770819137907e+02
7.500000000000000000e+02,8.000000000000000000e+01,1.033492699777220736e+02
7.500000000000000000e+02,9.000000000000000000e+01,1.033948479669258234e+02
7.500000000000000000e+02,1.000000000000000000e+02,1.033370151776954629e+02
7.500000000000000000e+02,1.100000000000000000e+02,1.031809193865063037e+02
7.500000000000000000e+02,1.200000000000000000e+02,1.029361684900297718e+02
7.500000000000000000e+02,1.300000000000000000e+02,1.026165498787667048e+02
7.500000000000000000e+02,1.400000000000000000e+02,1.022395527124226930e+02
7.500000000000000000e+02,1.500000000000000000e+02,1.018256930970256207e+02
7.500000000000000000e+02,1.600000000000000000e+02,1.013976421637851502e+02
7.500000000000000000e+02,1.700000000000000000e+02,1.009791570496943933e+02
7.500000000000000000e+02,1.800000000000000000e+02,1.005938147798736821e+02
7.500000000000000000e+02,1.900000000000000000e+02,1.002635490516563408e+02
7.500000000000000000e+02,2.000000000000000000e+02,1.000069899204165722e+02
7.500000000000000000e+02,2.100000000000000000e+02,9.983760638713958713e+01
7.500000000000000000e+02,2.200000000000000000e+02,9.976165188773350678e+01
7.500000000000000000e+02,2.300000000000000000e+02,9.977591268408372116e+01
7.500000000000000000e+02,2.400000000000000000e+02,9.986525915684902088e+01
7.500000000000000000e+02,2.500000000000000000e+02,1.000000000000000000e+02
7.500000000000000000e+02,2.600000000000000000e+02,1.001574498162078015e+02
7.500000000000000000e+02,2.700000000000000000e+02,1.003876207538131382e+02
7.500000000000000000e+02,2.800000000000000000e+02,1.007333050657889544e+02
7.500000000000000000e+02,2.900000000000000000e+02,1.012102885749868761e+02
7.500000000000000000e+02,3.000000000000000000e+02,1.018131034431355317e+02
7.500000000000000000e+02,3.100000000000000000e+02,1.025202829836585181e+02
7.500000000000000000e+02,3.200000000000000000e+02,1.032991185183124543e+02
7.500000000000000000e+02,3.300000000000000000e+02,1.041099182776446952e+02
7.500000000000000000e+02,3.400000000000000000e+02,1.049097683452710186e+02
7.500000000000000000e+02,3.500000000000000000e+02,1.056557956459731145e+02
7.500000000000000000e+02,3.600000000000000000e+02,1.063079329776159483e+02
7.500000000000000000e+02,3.700000000000000000e+02,1.068311860868848981e+02
7.500000000000000000e+02,3.800000000000000000e+02,1.071974027888429220e+02
7.500000000000000000e+02,3.900000000000000000e+02,1.073865441303073283e+02
7.500000000000000000e+02,4.000000000000000000e+02,1.073874575970466765e+02
7.500000000000000000e+02,4.100000000000000000e+02,1.071981523647972523e+02
7.500000000000000000e+02,4.200000000000000000e+02,1.068255765940996298e+02
7.500000000000000000e+02,4.300000000000000000e+02,1.062848967689549511e+02
7.500000000000000000e+02,4.400000000000000000e+02,1.055982790793010793e+02
7.500000000000000000e+02,4.500000000000000000e+02,1.047931728473086253e+02
7.500000000000000000e+02,4.600000000000000000e+02,1.039000959974968623e+02
7.500000000000000000e+02,4.700000000000000000e+02,1.029499225706693863e+02
7.500000000000000000e+02,4.800000000000000000e+02,1.019706722816697209e+02
7.500000000000000000e+02,4.900000000000000000e+02,1.009838021209567529e+02
7.500000000000000000e+02,5.000000000000000000e+02,1.000000000000000000e+02
7.500000000000000000e+02,5.100000000000000000e+02,9.903436621029507592e+01
7.500000000000000000e+02,5.200000000000000000e+02,9.816016277031731363e+01
7.500000000000000000e+02,5.300000000000000000e+02,9.744606811831923210e+01
7.500000000000000000e+02,5.400000000000000000e+02,9.693827316791650617e+01
7.500000000000000000e+02,5.500000000000000000e+02,9.666299423939928204e+01
7.500000000000000000e+02,5.600000000000000000e+02,9.662892786838939685e+01
7.500000000000000000e+02,5.700000000000000000e+02,9.682964749184314712e+01
7.500000000000000000e+02,5.800000000000000000e+02,9.724594201139979077e+01
7.500000000000000000e+02,5.900000000000000000e+02,9.784809623407589640e+01
7.500000000000000000e+02,6.000000000000000000e+02,9.859811319030517041e+01
7.500000000000000000e+02,6.100000000000000000e+02,9.945187832932421657e+01
7.500000000000000000e+02,6.200000000000000000e+02,1.003612655919038588e+02
7.500000000000000000e+02,6.300000000000000000e+02,1.012761853604262825e+02
7.500000000000000000e+02,6.400000000000000000e+02,1.021465742863077395e+02
7.500000000000000000e+02,6.500000000000000000e+02,1.029243269947671280e+02
7.500000000000000000e+02,6.600000000000000000e+02,1.035651696669401645e+02
7.500000000000000000e+02,6.700000000000000000e+02,1.040304754993393459e+02
7.500000000000000000e+02,6.800000000000000000e+02,1.042890220406595319e+02
7.500000000000000000e+02,6.900000000000000000e+02,1.043186904059293738e+02
7.500000000000000000e+02,7.000000000000000000e+02,1.041081063680082224e+02
7.500000000000000000e+02,7.100000000000000000e+02,1.036582233264290664e+02
7.500000000000000000e+02,7.200000000000000000e+02,1.029838471535868649e+02
7.500000000000000000e+02,7.300000000000000000e+02,1.021151029182727967e+02
7.500000000000000000e+02,7.400000000000000000e+02,1.010988434865541876e+02
7.500000000000000000e+02,7.500000000000000000e+02,1.000000000000000000e+02
7.500000000000000000e+02,7.600000000000000000e+02,9.889887801464801953e+01
7.500000000000000000e+02,7.700000000000000000e+02,9.786848899754329523e+01
7.500000000000000000e+02,7.800000000000000000e+02,9.696649147155764581e+01
7.500000000000000000e+02,7.900000000000000000e+02,9.623663641005308023e+01
7.500000000000000000e+02,8.000000000000000000e+02,9.570927504636308925e+01
7.500000000000000000e+02,8.100000000000000000e+02,9.540199454403119717e+01
7.500000000000000000e+02,8.200000000000000000e+02,9.532038152780680207e+01
7.500000000000000000e+02,8.300000000000000000e+02,9.545891347539834726e+01
7.500000000000000000e+02,8.400000000000000000e+02,9.580197796998361071e+01
7.500000000000000000e+02,8.500000000000000000e+02,9.632501981347741093e+01
7.500000000000000000e+02,8.600000000000000000e+02,9.699581600055648778e+01
7.500000000000000000e+02,8.700000000000000000e+02,9.777587855344164325e+01
7.500000000000000000e+02,8.800000000000000000e+02,9.862198521743727042e+01
7.500000000000000000e+02,8.900000000000000000e+02,9.948783801722794351e+01
7.500000000000000000e+02,9.000000000000000000e+02,1.003258496739324670e+02
7.500000000000000000e+02,9.100000000000000000e+02,1.010890578829150712e+02
7.500000000000000000e+02,9.200000000000000000e+02,1.017331674523539817e+02
7.500000000000000000e+02,9.300000000000000000e+02,1.022187203025670641e+02
7.500000000000000000e+02,9.400000000000000000e+02,1.025133933260950272e+02
7.500000000000000000e+02,9.500000000000000000e+02,1.025944241085415456e+02
7.500000000000000000e+02,9.600000000000000000e+02,1.024511645101709689e+02
7.500000000000000000e+02,9.700000000000000000e+02,1.020877621082630640e+02
7.500000000000000000e+02,9.800000000000000000e+02,1.015259695002251732e+02
7.500000000000000000e+02,9.900000000000000000e+02,1.008080814674615624e+02
7.600000000000000000e+02,0.000000000000000000e+00,1.009492401986764918e+02
7.600000000000000000e+02,1.000000000000000000e+01,1.015353708560155468e+02
7.600000000000000000e+02,2.000000000000000000e+01,1.021067201701026192e+02
7.600000000000000000e+02,3.000000000000000000e+01,1.026467727228849327e+02
7.600000000000000000e+02,4.000000000000000000e+01,1.031384768348123089e+02
7.600000000000000000e+02,5.000000000000000000e+01,1.035655554335718449e+02
7.600000000000000000e+02,6.000000000000000000e+01,1.039136196964951608e+02
7.600000000000000000e+02,7.000000000000000000e+01,1.041710854666380044e+02
7.600000000000000000e+02,8.000000000000000000e+01,1.043298924425323690e+02
7.600000000000000000e+02,9.000000000000000000e+01,1.043860261416111541e+02
7.600000000000000000e+02,1.000000000000000000e+02,1.043398426373051677e+02
7.600000000000000000e+02,1.100000000000000000e+02,1.041961960698127427e+02
7.600000000000000000e+02,1.200000000000000000e+02,1.039643689305416672e+02
7.600000000000000000e+02,1.300000000000000000e+02,1.036578051202237702e+02
7.600000000000000000e+02,1.400000000000000000e+02,1.032936457807018655e+02
7.600000000000000000e+02,1.500000000000000000e+02,1.028920679003891507e+02
7.600000000000000000e+02,1.600000000000000000e+02,1.024754256934011920e+02
7.600000000000000000e+02,1.700000000000000000e+02,1.020671947523602228e+02
7.600000000000000000e+02,1.800000000000000000e+02,1.016907189748721123e+02
7.600000000000000000e+02,1.900000000000000000e+02,1.013677602636756063e+02
7.600000000000000000e+02,2.000000000000000000e+02,1.011168510004642087e+02
7.600000000000000000e+02,2.100000000000000000e+02,1.009514492933804206e+02
7.600000000000000000e+02,2.200000000000000000e+02,1.008778969981824929e+02
7.600000000000000000e+02,2.300000000000000000e+02,1.008931805130837347e+02
7.600000000000000000e+02,2.400000000000000000e+02,1.009824943472640797e+02
7.600000000000000000e+02,2.500000000000000000e+02,1.011166074630544074e+02
7.600000000000000000e+02,2.600000000000000000e+02,1.012729863411057067e+02
7.600000000000000000e+02,2.700000000000000000e+02,1.015002428355316511e+02
7.600000000000000000e+02,2.800000000000000000e+02,1.018397710106748661e+02
7.600000000000000000e+02,2.900000000000000000e+02,1.023064015644142017e+02
7.600000000000000000e+02,3.000000000000000000e+02,1.028941081896288665e+02
7.600000000000000000e+02,3.100000000000000000e+02,1.035812166387313198e+02
7.600000000000000000e+02,3.200000000000000000e+02,1.043351164912686500e+02
7.600000000000000000e+02,3.300000000000000000e+02,1.051164756245928231e+02
7.600000000000000000e+02,3.400000000000000000e+02,1.058829573875993049e+02
7.600000000000000000e+02,3.500000000000000000e+02,1.065924404775345664e+02
7.600000000000000000e+02,3.600000000000000000e+02,1.072057415198720491e+02
7.600000000000000000e+02,3.700000000000000000e+02,1.076888403512568715e+02
7.600000000000000000e+02,3.800000000000000000e+02,1.080146080055191362e+02
7.600000000000000000e+02,3.900000000000000000e+02,1.081640374027558948e+02
7.600000000000000000e+02,4.000000000000000000e+02,1.081269767414817409e+02
7.600000000000000000e+02,4.100000000000000000e+02,1.079023655938480033e+02
7.600000000000000000e+02,4.200000000000000000e+02,1.074979737039307253e+02
7.600000000000000000e+02,4.300000000000000000e+02,1.069296424890870725e+02
7.600000000000000000e+02,4.400000000000000000e+02,1.062200292443805552e+02
7.600000000000000000e+02,4.500000000000000000e+02,1.053968540500748219e+02
7.600000000000000000e+02,4.600000000000000000e+02,1.044906493821960254e+02
7.600000000000000000e+02,4.700000000000000000e+02,1.035320124261639876e+02
7.600000000000000000e+02,4.800000000000000000e+02,1.025483600934919224e+02
7.600000000000000000e+02,4.900000000000000000e+02,1.015601867415546593e+02
7.600000000000000000e+02,5.000000000000000000e+02,1.005768245964258227e+02
7.600000000000000000e+02,5.100000000000000000e+02,9.961171577878052119e+01
7.600000000000000000e+02,5.200000000000000000e+02,9.873676618066478738e+01
7.600000000000000000e+02,5.300000000000000000e+02,9.801966953149199924e+01
7.600000000000000000e+02,5.400000000000000000e+02,9.750592163323167938e+01
7.600000000000000000e+02,5.500000000000000000e+02,9.722130783876713167e+01
7.600000000000000000e+02,5.600000000000000000e+02,9.717433207449360566e+01
7.600000000000000000e+02,5.700000000000000000e+02,9.735858740715701742e+01
7.600000000000000000e+02,5.800000000000000000e+02,9.775506815493314150e+01
7.600000000000000000e+02,5.900000000000000000e+02,9.833442354274751551e+01
7.600000000000000000e+02,6.000000000000000000e+02,9.905915290183565958e+01
7.600000000000000000e+02,6.100000000000000000e+02,9.988574241354407945e+01
7.600000000000000000e+02,6.200000000000000000e+02,1.007667433973716697e+02
7.600000000000000000e+02,6.300000000000000000e+02,1.016527921432516877e+02
7.600000000000000000e+02,6.400000000000000000e+02,1.024945712880742832e+02
7.600000000000000000e+02,6.500000000000000000e+02,1.032447127364495998e+02
7.600000000000000000e+02,6.600000000000000000e+02,1.038596421257113889e+02
7.600000000000000000e+02,6.700000000000000000e+02,1.043013648351612375e+02
7.600000000000000000e+02,6.800000000000000000e+02,1.045391935395531391e+02
7.600000000000000000e+02,6.900000000000000000e+02,1.045514173068190047e+02
7.600000000000000000e+02,7.000000000000000000e+02,1.043269122400341757e+02
7.600000000000000000e+02,7.100000000000000000e+02,1.038666936636241047e+02
7.600000000000000000e+02,7.200000000000000000e+02,1.031854098538109525e+02
7.600000000000000000e+02,7.300000000000000000e+02,1.023127773133012823e+02
7.600000000000000000e+02,7.400000000000000000e+02,1.012949575902139827e+02
7.600000000000000000e+02,7.500000000000000000e+02,1.001958756412487332e+02
7.600000000000000000e+02,7.600000000000000000e+02,9.909508262381889665e+01
7.600000000000000000e+02,7.700000000000000000e+02,9.806683068303455286e+01
7.600000000000000000e+02,7.800000000000000000e+02,9.717017769594316690e+01
7.600000000000000000e+02,7.900000000000000000e+02,9.644986102477824375e+01
7.600000000000000000e+02,8.000000000000000000e+02,9.593684195582758889e+01
7.600000000000000000e+02,8.100000000000000000e+02,9.564897842185560251e+01
7.600000000000000000e+02,8.200000000000000000e+02,9.559182600807943686e+01
7.600000000000000000e+02,8.300000000000000000e+02,9.575956724169932954e+01
7.600000000000000000e+02,8.400000000000000000e+02,9.613606916498272881e+01
7.600000000000000000e+02,8.500000000000000000e+02,9.669606919190250949e+01
7.600000000000000000e+02,8.600000000000000000e+02,9.740648924832917999e+01
7.600000000000000000e+02,8.700000000000000000e+02,9.822787819577698087e+01
7.600000000000000000e+02,8.800000000000000000e+02,9.911598253870414510e+01
7.600000000000000000e+02,8.900000000000000000e+02,1.000234454153668935e+02
7.600000000000000000e+02,9.000000000000000000e+02,1.009016338722276771e+02
7.600000000000000000e+02,9.100000000000000000e+02,1.017025944219171691e+02
7.600000000000000000e+02,9.200000000000000000e+02,1.023811368847504752e+02
7.600000000000000000e+02,9.300000000000000000e+02,1.028970465137970791e+02
7.600000000000000000e+02,9.400000000000000000e+02,1.032174244035050776e+02
7.600000000000000000e+02,9.500000000000000000e+02,1.033191561818789523e+02
7.600000000000000000e+02,9.600000000000000000e+02,1.031915089862119288e+02
7.600000000000000000e+02,9.700000000000000000e+02,1.028388567223716734e+02
7.600000000000000000e+02,9.800000000000000000e+02,1.022835336076405213e+02
7.600000000000000000e+02,9.900000000000000000e+02,1.015688159971094109e+02
7.700000000000000000e+02,0.000000000000000000e+00,1.018066167570309375e+02
7.700000000000000000e+02,1.000000000000000000e+01,1.023900489099618341e+02
7.700000000000000000e+02,2.000000000000000000e+01,1.029598284146946696e+02
7.700000000000000000e+02,3.000000000000000000e+01,1.035002846201525983e+02
7.700000000000000000e+02,4.000000000000000000e+01,1.039949306506242408e+02
7.700000000000000000e+02,5.000000000000000000e+01,1.044278062667536631e+02
7.700000000000000000e+02,6.000000000000000000e+01,1.047846226659102769e+02
7.700000000000000000e+02,7.000000000000000000e+01,1.050537092219385613e+02
7.700000000000000000e+02,8.000000000000000000e+01,1.052267621642876207e+02
7.700000000000000000e+02,9.000000000000000000e+01,1.052993951965205355e+02
7.700000000000000000e+02,1.000000000000000000e+02,1.052714920542035628e+02
7.700000000000000000e+02,1.100000000000000000e+02,1.051473610021752449e+02
7.700000000000000000e+02,1.200000000000000000e+02,1.049356912711952390e+02
7.700000000000000000e+02,1.300000000000000000e+02,1.046493114339729971e+02
7.700000000000000000e+02,1.400000000000000000e+02,1.043047497205764245e+02
7.700000000000000000e+02,1.500000000000000000e+02,1.039215962732201177e+02
7.700000000000000000e+02,1.600000000000000000e+02,1.035216673404336944e+02
7.700000000000000000e+02,1.700000000000000000e+02,1.031279714106097458e+02
7.700000000000000000e+02,1.800000000000000000e+02,1.027634772849318097e+02
7.700000000000000000e+02,1.900000000000000000e+02,1.024496840896819663e+02
7.700000000000000000e+02,2.000000000000000000e+02,1.022049932279284832e+02
7.700000000000000000e+02,2.100000000000000000e+02,1.020428822705931537e+02
7.700000000000000000e+02,2.200000000000000000e+02,1.019698807868984574e+02
7.700000000000000000e+02,2.300000000000000000e+02,1.019833481141947260e+02
7.700000000000000000e+02,2.400000000000000000e+02,1.020690530671668768e+02
7.700000000000000000e+02,2.500000000000000000e+02,1.021985555864212216e+02
7.700000000000000000e+02,2.600000000000000000e+02,1.023498184531042057e+02
7.700000000000000000e+02,2.700000000000000000e+02,1.025702090055116287e+02
7.700000000000000000e+02,2.800000000000000000e+02,1.028998901913951727e+02
7.700000000000000000e+02,2.900000000000000000e+02,1.033529562403541036e+02
7.700000000000000000e+02,3.000000000000000000e+02,1.039230644839625626e+02
7.700000000000000000e+02,3.100000000000000000e+02,1.045885741735549459e+02
7.700000000000000000e+02,3.200000000000000000e+02,1.053171922956693436e+02
7.700000000000000000e+02,3.300000000000000000e+02,1.060701263851490381e+02
7.700000000000000000e+02,3.400000000000000000e+02,1.068057443359019487e+02
7.700000000000000000e+02,3.500000000000000000e+02,1.074827412093182915e+02
7.700000000000000000e+02,3.600000000000000000e+02,1.080628130403461427e+02
7.700000000000000000e+02,3.700000000000000000e+02,1.085128376412250759e+02
7.700000000000000000e+02,3.800000000000000000e+02,1.088065624028779865e+02
7.700000000000000000e+02,3.900000000000000000e+02,1.089257990939607339e+02
7.700000000000000000e+02,4.000000000000000000e+02,1.088611256575700139e+02
7.700000000000000000e+02,4.100000000000000000e+02,1.086120950056092056e+02
7.700000000000000000e+02,4.200000000000000000e+02,1.081869508108123199e+02
7.700000000000000000e+02,4.300000000000000000e+02,1.076018502964258801e+02
7.700000000000000000e+02,4.400000000000000000e+02,1.068795940235489752e+02
7.700000000000000000e+02,4.500000000000000000e+02,1.060478626761313592e+02
7.700000000000000000e+02,4.600000000000000000e+02,1.051369608436294243e+02
7.700000000000000000e+02,4.700000000000000000e+02,1.041770678013205043e+02
7.700000000000000000e+02,4.800000000000000000e+02,1.031949952882749670e+02
7.700000000000000000e+02,4.900000000000000000e+02,1.022104522829865090e+02
7.700000000000000000e+02,5.000000000000000000e+02,1.012318167766604233e+02
7.700000000000000000e+02,5.100000000000000000e+02,1.002713351087426474e+02
7.700000000000000000e+02,5.200000000000000000e+02,9.939938948286983589e+01
7.700000000000000000e+02,5.300000000000000000e+02,9.868237049979738629e+01
7.700000000000000000e+02,5.400000000000000000e+02,9.816480541163267048e+01
7.700000000000000000e+02,5.500000000000000000e+02,9.787182759637059348e+01
7.700000000000000000e+02,5.600000000000000000e+02,9.781158540669990487e+01
7.700000000000000000e+02,5.700000000000000000e+02,9.797759039308024853e+01
7.700000000000000000e+02,5.800000000000000000e+02,9.835100490109020654e+01
7.700000000000000000e+02,5.900000000000000000e+02,9.890286904304608129e+01
7.700000000000000000e+02,6.000000000000000000e+02,9.959626704389145857e+01
7.700000000000000000e+02,6.100000000000000000e+02,1.003884329613577506e+02
7.700000000000000000e+02,6.200000000000000000e+02,1.012327957803953495e+02
7.700000000000000000e+02,6.300000000000000000e+02,1.020809638818758742e+02
7.700000000000000000e+02,6.400000000000000000e+02,1.028846488855650136e+02
7.700000000000000000e+02,6.500000000000000000e+02,1.035975288673663499e+02
7.700000000000000000e+02,6.600000000000000000e+02,1.041770509508358771e+02
7.700000000000000000e+02,6.700000000000000000e+02,1.045861732729675424e+02
7.700000000000000000e+02,6.800000000000000000e+02,1.047950463242493839e+02
7.700000000000000000e+02,6.900000000000000000e+02,1.047826336629907189e+02
7.700000000000000000e+02,7.000000000000000000e+02,1.045382720039199711e+02
7.700000000000000000e+02,7.100000000000000000e+02,1.040631706810534780e+02
7.700000000000000000e+02,7.200000000000000000e+02,1.033718504848349795e+02
7.700000000000000000e+02,7.300000000000000000e+02,1.024935218735461291e+02
7.700000000000000000e+02,7.400000000000000000e+02,1.014734025589877007e+02
7.700000000000000000e+02,7.500000000000000000e+02,1.003739744664315339e+02
7.700000000000000000e+02,7.600000000000000000e+02,9.927341368644071906e+01
7.700000000000000000e+02,7.700000000000000000e+02,9.824663591824193531e+01
7.700000000000000000e+02,7.800000000000000000e+02,9.735372475164294315e+01
7.700000000000000000e+02,7.900000000000000000e+02,9.664020935393924105e+01
7.700000000000000000e+02,8.000000000000000000e+02,9.613761359272936602e+01
7.700000000000000000e+02,8.100000000000000000e+02,9.586413619653760065e+01
7.700000000000000000e+02,8.200000000000000000e+02,9.582546195324428595e+01
7.700000000000000000e+02,8.300000000000000000e+02,9.601570394632368277e+01
7.700000000000000000e+02,8.400000000000000000e+02,9.641847682888928261e+01
7.700000000000000000e+02,8.500000000000000000e+02,9.700810113554668135e+01
7.700000000000000000e+02,8.600000000000000000e+02,9.775093863205405853e+01
7.700000000000000000e+02,8.700000000000000000e+02,9.860685870279007759e+01
7.700000000000000000e+02,8.800000000000000000e+02,9.953083577602937737e+01
7.700000000000000000e+02,8.900000000000000000e+02,1.004746777870255272e+02
7.700000000000000000e+02,9.000000000000000000e+02,1.013888856789016728e+02
7.700000000000000000e+02,9.100000000000000000e+02,1.022246439413484893e+02
7.700000000000000000e+02,9.200000000000000000e+02,1.029359421871298537e+02
7.700000000000000000e+02,9.300000000000000000e+02,1.034818277663958952e+02
7.700000000000000000e+02,9.400000000000000000e+02,1.038287894188037939e+02
7.700000000000000000e+02,9.500000000000000000e+02,1.039532719634457720e+02
7.700000000000000000e+02,9.600000000000000000e+02,1.038443220265849902e+02
7.700000000000000000e+02,9.700000000000000000e+02,1.035063648071986364e+02
7.700000000000000000e+02,9.800000000000000000e+02,1.029621118803288482e+02
7.700000000000000000e+02,9.900000000000000000e+02,1.022556000382409849e+02
7.800000000000000000e+02,0.000000000000000000e+00,1.025033938726827643e+02
7.800000000000000000e+02,1.000000000000000000e+01,1.030799413863799572e+02
7.800000000000000000e+02,2.000000000000000000e+01,1.036448378810246140e+02
7.800000000000000000e+02,3.000000000000000000e+01,1.041838950153241967e+02
7.800000000000000000e+02,4.000000000000000000e+01,1.046815995571524240e+02
7.800000000000000000e+02,5.000000000000000000e+01,1.051225179927005087e+02
7.800000000000000000e+02,6.000000000000000000e+01,1.054925009922491768e+02
7.800000000000000000e+02,7.000000000000000000e+01,1.057796877325613707e+02
7.800000000000000000e+02,8.000000000000000000e+01,1.059753100758958908e+02
7.800000000000000000e+02,9.000000000000000000e+01,1.060742966056415497e+02
7.800000000000000000e+02,1.000000000000000000e+02,1.060756765185723935e+02
7.800000000000000000e+02,1.100000000000000000e+02,1.059827833737235068e+02
7.800000000000000000e+02,1.200000000000000000e+02,1.058032586978875713e+02
7.800000000000000000e+02,1.300000000000000000e+02,1.055488554477323362e+02
7.800000000000000000e+02,1.400000000000000000e+02,1.052350413285387702e+02
7.800000000000000000e+02,1.500000000000000000e+02,1.048804019695599692e+02
7.800000000000000000e+02,1.600000000000000000e+02,1.045058439560008452e+02
7.800000000000000000e+02,1.700000000000000000e+02,1.041335977176186702e+02
7.800000000000000000e+02,1.800000000000000000e+02,1.037860202739442599e+02
7.800000000000000000e+02,1.900000000000000000e+02,1.034841978361240251e+02
7.800000000000000000e+02,2.000000000000000000e+02,1.032463482653827356e+02
7.800000000000000000e+02,2.100000000000000000e+02,1.030860233881071224e+02
7.800000000000000000e+02,2.200000000000000000e+02,1.030101111675501784e+02
7.800000000000000000e+02,2.300000000000000000e+02,1.030166377321562692e+02
7.800000000000000000e+02,2.400000000000000000e+02,1.030923692605069846e+02
7.800000000000000000e+02,2.500000000000000000e+02,1.032102137228878291e+02
7.800000000000000000e+02,2.600000000000000000e+02,1.033492035169199283e+02
7.800000000000000000e+02,2.700000000000000000e+02,1.035557025731851724e+02
7.800000000000000000e+02,2.800000000000000000e+02,1.038689120343851187e+02
7.800000000000000000e+02,2.900000000000000000e+02,1.043025580711453557e+02
7.800000000000000000e+02,3.000000000000000000e+02,1.048503986727013171e+02
7.800000000000000000e+02,3.100000000000000000e+02,1.054912481564144286e+02
7.800000000000000000e+02,3.200000000000000000e+02,1.061935193961182620e+02
7.800000000000000000e+02,3.300000000000000000e+02,1.069192837692950206e+02
7.800000000000000000e+02,3.400000000000000000e+02,1.076278488230820614e+02
7.800000000000000000e+02,3.500000000000000000e+02,1.082788536591087905e+02
7.800000000000000000e+02,3.600000000000000000e+02,1.088348820371635526e+02
7.800000000000000000e+02,3.700000000000000000e+02,1.092635931976907955e+02
7.800000000000000000e+02,3.800000000000000000e+02,1.095393704031184114e+02
7.800000000000000000e+02,3.900000000000000000e+02,1.096444871980152556e+02
7.800000000000000000e+02,4.000000000000000000e+02,1.095697913880788406e+02
7.800000000000000000e+02,4.100000000000000000e+02,1.093149067379531942e+02
7.800000000000000000e+02,4.200000000000000000e+02,1.088879523878769504e+02
7.800000000000000000e+02,4.300000000000000000e+02,1.083047799891616023e+02
7.800000000000000000e+02,4.400000000000000000e+02,1.075877285584998759e+02
7.800000000000000000e+02,4.500000000000000000e+02,1.067638970511043937e+02
7.800000000000000000e+02,4.600000000000000000e+02,1.058629346526764010e+02
7.800000000000000000e+02,4.700000000000000000e+02,1.049143487902048406e+02
7.800000000000000000e+02,4.800000000000000000e+02,1.039443308615954180e+02
7.800000000000000000e+02,4.900000000000000000e+02,1.029720996841299439e+02
7.800000000000000000e+02,5.000000000000000000e+02,1.020057626617559094e+02
7.800000000000000000e+02,5.100000000000000000e+02,1.010571717015648687e+02
7.800000000000000000e+02,5.200000000000000000e+02,1.001949357567416712e+02
7.800000000000000000e+02,5.300000000000000000e+02,9.948362892005333435e+01
7.800000000000000000e+02,5.400000000000000000e+02,9.896636099653289875e+01
7.800000000000000000e+02,5.500000000000000000e+02,9.866724357489091801e+01
7.800000000000000000e+02,5.600000000000000000e+02,9.859379005600496271e+01
7.800000000000000000e+02,5.700000000000000000e+02,9.873924963848715208e+01
7.800000000000000000e+02,5.800000000000000000e+02,9.908487526132974210e+01
7.800000000000000000e+02,5.900000000000000000e+02,9.960212550362868456e+01
7.800000000000000000e+02,6.000000000000000000e+02,1.002548004413851856e+02
7.800000000000000000e+02,6.100000000000000000e+02,1.010011114613853778e+02
7.800000000000000000e+02,6.200000000000000000e+02,1.017956850321579196e+02
7.800000000000000000e+02,6.300000000000000000e+02,1.025915004320096386e+02
7.800000000000000000e+02,6.400000000000000000e+02,1.033417614341392436e+02
7.800000000000000000e+02,6.500000000000000000e+02,1.040017019488289662e+02
7.800000000000000000e+02,6.600000000000000000e+02,1.045303256227142867e+02
7.800000000000000000e+02,6.700000000000000000e+02,1.048920793951317023e+02
7.800000000000000000e+02,6.800000000000000000e+02,1.050584610115443951e+02
7.800000000000000000e+02,6.900000000000000000e+02,1.050095604940460987e+02
7.800000000000000000e+02,7.000000000000000000e+02,1.047355355689427796e+02
7.800000000000000000e+02,7.100000000000000000e+02,1.042380210514125309e+02
7.800000000000000000e+02,7.200000000000000000e+02,1.035314721872433239e+02
7.800000000000000000e+02,7.300000000000000000e+02,1.026444419516489148e+02
7.800000000000000000e+02,7.400000000000000000e+02,1.016207923051627091e+02
7.800000000000000000e+02,7.500000000000000000e+02,1.005208394066095678e+02
7.800000000000000000e+02,7.600000000000000000e+02,9.942034015600638952e+01
7.800000000000000000e+02,7.700000000000000000e+02,9.839386658174741740e+01
7.800000000000000000e+02,7.800000000000000000e+02,9.750186870010871587e+01
7.800000000000000000e+02,7.900000000000000000e+02,9.679032436011746654e+01
7.800000000000000000e+02,8.000000000000000000e+02,9.629123661277371582e+01
7.800000000000000000e+02,8.100000000000000000e+02,9.602326899390028814e+01
7.800000000000000000e+02,8.200000000000000000e+02,9.599251872062079372e+01
7.800000000000000000e+02,8.300000000000000000e+02,9.619342780146580196e+01
7.800000000000000000e+02,8.400000000000000000e+02,9.660983206010709523e+01
7.800000000000000000e+02,8.500000000000000000e+02,9.721614807272014502e+01
7.800000000000000000e+02,8.600000000000000000e+02,9.797869801897471120e+01
7.800000000000000000e+02,8.700000000000000000e+02,9.885717244665346470e+01
7.800000000000000000e+02,8.800000000000000000e+02,9.980623094989893218e+01
7.800000000000000000e+02,8.900000000000000000e+02,1.007772407610884358e+02
7.800000000000000000e+02,9.000000000000000000e+02,1.017201532563372126e+02
7.800000000000000000e+02,9.100000000000000000e+02,1.025855183746297143e+02
7.800000000000000000e+02,9.200000000000000000e+02,1.033266369505789726e+02
7.800000000000000000e+02,9.300000000000000000e+02,1.039018509608141585e+02
7.800000000000000000e+02,9.400000000000000000e+02,1.042769716839962797e+02
7.800000000000000000e+02,9.500000000000000000e+02,1.044278457744619288e+02
7.800000000000000000e+02,9.600000000000000000e+02,1.043430592494953260e+02
7.800000000000000000e+02,9.700000000000000000e+02,1.040267793902283273e+02
7.800000000000000000e+02,9.800000000000000000e+02,1.035017345561687137e+02
7.800000000000000000e+02,9.900000000000000000e+02,1.028123319133565730e+02
7.900000000000000000e+02,0.000000000000000000e+00,1.029936364893160032e+02
7.900000000000000000e+02,1.000000000000000000e+01,1.035578375282318575e+02
7.900000000000000000e+02,2.000000000000000000e+01,1.041134733951890041e+02
7.900000000000000000e+02,3.000000000000000000e+01,1.046486279356223577e+02
7.900000000000000000e+02,4.000000000000000000e+01,1.051492658568571414e+02
7.900000000000000000e+02,5.000000000000000000e+01,1.056007366702927470e+02
7.900000000000000000e+02,6.000000000000000000e+01,1.059890747813713290e+02
7.900000000000000000e+02,7.000000000000000000e+01,1.063020957273313343e+02
7.900000000000000000e+02,8.000000000000000000e+01,1.065302885627457812e+02
7.900000000000000000e+02,9.000000000000000000e+01,1.066675043928453874e+02
7.900000000000000000e+02,1.000000000000000000e+02,1.067114410546265191e+02
7.900000000000000000e+02,1.100000000000000000e+02,1.066639239457440169e+02
7.900000000000000000e+02,1.200000000000000000e+02,1.065309830011887300e+02
7.900000000000000000e+02,1.300000000000000000e+02,1.063227258177500119e+02
7.900000000000000000e+02,1.400000000000000000e+02,1.060530069262629809e+02
7.900000000000000000e+02,1.500000000000000000e+02,1.057388932116405300e+02
7.900000000000000000e+02,1.600000000000000000e+02,1.053999254806903423e+02
7.900000000000000000e+02,1.700000000000000000e+02,1.050571761777165563e+02
7.900000000000000000e+02,1.800000000000000000e+02,1.047321032479063661e+02
7.900000000000000000e+02,1.900000000000000000e+02,1.044452001485014137e+02
7.900000000000000000e+02,2.000000000000000000e+02,1.042144420077539593e+02
7.900000000000000000e+02,2.100000000000000000e+02,1.040535279316680004e+02
7.900000000000000000e+02,2.200000000000000000e+02,1.039699194585250694e+02
7.900000000000000000e+02,2.300000000000000000e+02,1.039626751611949942e+02
7.900000000000000000e+02,2.400000000000000000e+02,1.040200813972313654e+02
7.900000000000000000e+02,2.500000000000000000e+02,1.041170792067519244e+02
7.900000000000000000e+02,2.600000000000000000e+02,1.042344651155723483e+02
7.900000000000000000e+02,2.700000000000000000e+02,1.044178633484134053e+02
7.900000000000000000e+02,2.800000000000000000e+02,1.047058257754172530e+02
7.900000000000000000e+02,2.900000000000000000e+02,1.051121637202058139e+02
7.900000000000000000e+02,3.000000000000000000e+02,1.056312628568298067e+02
7.900000000000000000e+02,3.100000000000000000e+02,1.062429349170837014e+02
7.900000000000000000e+02,3.200000000000000000e+02,1.069168062081861308e+02
7.900000000000000000e+02,3.300000000000000000e+02,1.076162429408261971e+02
7.900000000000000000e+02,3.400000000000000000e+02,1.083018133675753063e+02
7.900000000000000000e+02,3.500000000000000000e+02,1.089342867316647983e+02
7.900000000000000000e+02,3.600000000000000000e+02,1.094771690261291468e+02
7.900000000000000000e+02,3.700000000000000000e+02,1.098987755633150130e+02
7.900000000000000000e+02,3.800000000000000000e+02,1.101738403547558534e+02
7.900000000000000000e+02,3.900000000000000000e+02,1.102846623014122116e+02
7.900000000000000000e+02,4.000000000000000000e+02,1.102217881942778064e+02
7.900000000000000000e+02,4.100000000000000000e+02,1.099842325253512172e+02
7.900000000000000000e+02,4.200000000000000000e+02,1.095792341089732957e+02
7.900000000000000000e+02,4.300000000000000000e+02,1.090215495135301893e+02
7.900000000000000000e+02,4.400000000000000000e+02,1.083322833035222317e+02
7.900000000000000000e+02,4.500000000000000000e+02,1.075372550919982757e+02
7.900000000000000000e+02,4.600000000000000000e+02,1.066649034033559502e+02
7.900000000000000000e+02,4.700000000000000000e+02,1.057437263465074153e+02
7.900000000000000000e+02,4.800000000000000000e+02,1.047992590984109427e+02
7.900000000000000000e+02,4.900000000000000000e+02,1.038505881979680652e+02
7.900000000000000000e+02,5.000000000000000000e+02,1.029064026502865659e+02
7.900000000000000000e+02,5.100000000000000000e+02,1.019791800629087533e+02
7.900000000000000000e+02,5.200000000000000000e+02,1.011354995995533130e+02
7.900000000000000000e+02,5.300000000000000000e+02,1.004375229092815545e+02
7.900000000000000000e+02,5.400000000000000000e+02,9.992640832082291524e+01
7.900000000000000000e+02,5.500000000000000000e+02,9.962479463042784289e+01
7.900000000000000000e+02,5.600000000000000000e+02,9.953920920022953567e+01
7.900000000000000000e+02,5.700000000000000000e+02,9.966240036711448624e+01
7.900000000000000000e+02,5.800000000000000000e+02,9.997559416210184224e+01
7.900000000000000000e+02,5.900000000000000000e+02,1.004506753402316548e+02
7.900000000000000000e+02,6.000000000000000000e+02,1.010522927209618018e+02
7.900000000000000000e+02,6.100000000000000000e+02,1.017398888390738989e+02
7.900000000000000000e+02,6.200000000000000000e+02,1.024696539060879275e+02
7.900000000000000000e+02,6.300000000000000000e+02,1.031964040821857367e+02
7.900000000000000000e+02,6.400000000000000000e+02,1.038753840586432773e+02
7.900000000000000000e+02,6.500000000000000000e+02,1.044639939507717799e+02
7.900000000000000000e+02,6.600000000000000000e+02,1.049234405013676934e+02
7.900000000000000000e+02,6.700000000000000000e+02,1.052203125946714408e+02
7.900000000000000000e+02,6.800000000000000000e+02,1.053280810808349486e+02
7.900000000000000000e+02,6.900000000000000000e+02,1.052285229108982065e+02
7.900000000000000000e+02,7.000000000000000000e+02,1.049130695822742467e+02
7.900000000000000000e+02,7.100000000000000000e+02,1.043840798947434507e+02
7.900000000000000000e+02,7.200000000000000000e+02,1.036560370169562191e+02
7.900000000000000000e+02,7.300000000000000000e+02,1.027566698634447704e+02
7.900000000000000000e+02,7.400000000000000000e+02,1.017279987821436720e+02
7.900000000000000000e+02,7.500000000000000000e+02,1.006273055524190312e+02
7.900000000000000000e+02,7.600000000000000000e+02,9.952664592086158279e+01
7.900000000000000000e+02,7.700000000000000000e+02,9.849895549180055809e+01
7.900000000000000000e+02,7.800000000000000000e+02,9.760419383481240629e+01
7.900000000000000000e+02,7.900000000000000000e+02,9.688834184419656026e+01
7.900000000000000000e+02,8.000000000000000000e+02,9.638377389963672215e+01
7.900000000000000000e+02,8.100000000000000000e+02,9.610978018448487603e+01
7.900000000000000000e+02,8.200000000000000000e+02,9.607323916166799904e+01
7.900000000000000000e+02,8.300000000000000000e+02,9.626944020721740003e+01
7.900000000000000000e+02,8.400000000000000000e+02,9.668305640142088464e+01
7.900000000000000000e+02,8.500000000000000000e+02,9.728926747759747684e+01
7.900000000000000000e+02,8.600000000000000000e+02,9.805503292849493846e+01
7.900000000000000000e+02,8.700000000000000000e+02,9.894051527030991622e+01
7.900000000000000000e+02,8.800000000000000000e+02,9.990065346433084414e+01
7.900000000000000000e+02,8.900000000000000000e+02,1.008868864962034735e+02
7.900000000000000000e+02,9.000000000000000000e+02,1.018490271128192148e+02
7.900000000000000000e+02,9.100000000000000000e+02,1.027372857168260083e+02
7.900000000000000000e+02,9.200000000000000000e+02,1.035044444187620485e+02
7.900000000000000000e+02,9.300000000000000000e+02,1.041081812468120660e+02
7.900000000000000000e+02,9.400000000000000000e+02,1.045135445141865347e+02
7.900000000000000000e+02,9.500000000000000000e+02,1.046955773441231798e+02
7.900000000000000000e+02,9.600000000000000000e+02,1.046420923525116677e+02
7.900000000000000000e+02,9.700000000000000000e+02,1.043565964881405534e+02
7.900000000000000000e+02,9.800000000000000000e+02,1.038613660305671971e+02
7.900000000000000000e+02,9.900000000000000000e+02,1.032006717456103928e+02
8.000000000000000000e+02,0.000000000000000000e+00,1.032516003969524832e+02
8.000000000000000000e+02,1.000000000000000000e+01,1.037972131380146692e+02
8.000000000000000000e+02,2.000000000000000000e+01,1.043385173302498572e+02
8.000000000000000000e+02,3.000000000000000000e+01,1.048667193532325541e+02
8.000000000000000000e+02,4.000000000000000000e+01,1.053698018252292172e+02
8.000000000000000000e+02,5.000000000000000000e+01,1.058341682852607164e+02
8.000000000000000000e+02,6.000000000000000000e+01,1.062460784593800298e+02
8.000000000000000000e+02,7.000000000000000000e+01,1.065928741111649884e+02
8.000000000000000000e+02,8.000000000000000000e+01,1.068639954764262114e+02
8.000000000000000000e+02,9.000000000000000000e+01,1.070517882821301896e+02
8.000000000000000000e+02,1.000000000000000000e+02,1.071521013495375172e+02
8.000000000000000000e+02,1.100000000000000000e+02,1.071646747815562151e+02
8.000000000000000000e+02,1.200000000000000000e+02,1.070933187343102730e+02
8.000000000000000000e+02,1.300000000000000000e+02,1.069458827729232837e+02
8.000000000000000000e+02,1.400000000000000000e+02,1.067340158115172670e+02
8.000000000000000000e+02,1.500000000000000000e+02,1.064727166374265721e+02
8.000000000000000000e+02,1.600000000000000000e+02,1.061796750196269983e+02
8.000000000000000000e+02,1.700000000000000000e+02,1.058744034013800075e+02
8.000000000000000000e+02,1.800000000000000000e+02,1.055771591770921134e+02
8.000000000000000000e+02,1.900000000000000000e+02,1.053076575533893902e+02
8.000000000000000000e+02,2.000000000000000000e+02,1.050835749944071011e+02
8.000000000000000000e+02,2.100000000000000000e+02,1.049188432512946179e+02
8.000000000000000000e+02,2.200000000000000000e+02,1.048217339759352456e+02
8.000000000000000000e+02,2.300000000000000000e+02,1.047927339188814102e+02
8.000000000000000000e+02,2.400000000000000000e+02,1.048222107115048516e+02
8.000000000000000000e+02,2.500000000000000000e+02,1.048878692323620356e+02
8.000000000000000000e+02,2.600000000000000000e+02,1.049729970727837838e+02
8.000000000000000000e+02,2.700000000000000000e+02,1.051227166450013328e+02
8.000000000000000000e+02,2.800000000000000000e+02,1.053752392521802932e+02
8.000000000000000000e+02,2.900000000000000000e+02,1.057449450432978892e+02
8.000000000000000000e+02,3.000000000000000000e+02,1.062274283682476153e+02
8.000000000000000000e+02,3.100000000000000000e+02,1.068041085822381149e+02
8.000000000000000000e+02,3.200000000000000000e+02,1.074464062994864832e+02
8.000000000000000000e+02,3.300000000000000000e+02,1.081194850962060201e+02
8.000000000000000000e+02,3.400000000000000000e+02,1.087855586628882207e+02
8.000000000000000000e+02,3.500000000000000000e+02,1.094067634058791754e+02
8.000000000000000000e+02,3.600000000000000000e+02,1.099475964982504195e+02
8.000000000000000000e+02,3.700000000000000000e+02,1.103769193799640078e+02
8.000000000000000000e+02,3.800000000000000000e+02,1.106695267073321105e+02
8.000000000000000000e+02,3.900000000000000000e+02,1.108072807517708185e+02
8.000000000000000000e+02,4.000000000000000000e+02,1.107798112478484285e+02
8.000000000000000000e+02,4.100000000000000000e+02,1.105847806906281221e+02
8.000000000000000000e+02,4.200000000000000000e+02,1.102277150823048402e+02
8.000000000000000000e+02,4.300000000000000000e+02,1.097214001281367501e+02
8.000000000000000000e+02,4.400000000000000000e+02,1.090848428816709088e+02
8.000000000000000000e+02,4.500000000000000000e+02,1.083417988392633191e+02
8.000000000000000000e+02,4.600000000000000000e+02,1.075188644838935090e+02
8.000000000000000000e+02,4.700000000000000000e+02,1.066431352782732489e+02
8.000000000000000000e+02,4.800000000000000000e+02,1.057394291072497907e+02
8.000000000000000000e+02,4.900000000000000000e+02,1.048270751695033880e+02
8.000000000000000000e+02,5.000000000000000000e+02,1.039162683185393092e+02
8.000000000000000000e+02,5.100000000000000000e+02,1.030212459669946838e+02
8.000000000000000000e+02,5.200000000000000000e+02,1.022063504740898878e+02
8.000000000000000000e+02,5.300000000000000000e+02,1.015307421741157299e+02
8.000000000000000000e+02,5.400000000000000000e+02,1.010330820723956151e+02
8.000000000000000000e+02,5.500000000000000000e+02,1.007340600663551839e+02
8.000000000000000000e+02,5.600000000000000000e+02,1.006388330064254433e+02
8.000000000000000000e+02,5.700000000000000000e+02,1.007393725967798161e+02
8.000000000000000000e+02,5.800000000000000000e+02,1.010167231359048543e+02
8.000000000000000000e+02,5.900000000000000000e+02,1.014431690970047413e+02
8.000000000000000000e+02,6.000000000000000000e+02,1.019843125482393589e+02
8.000000000000000000e+02,6.100000000000000000e+02,1.026010604127963148e+02
8.000000000000000000e+02,6.200000000000000000e+02,1.032515215687965338e+02
8.000000000000000000e+02,6.300000000000000000e+02,1.038928137890336529e+02
8.000000000000000000e+02,6.400000000000000000e+02,1.044827805205470810e+02
8.000000000000000000e+02,6.500000000000000000e+02,1.049816175040289323e+02
8.000000000000000000e+02,6.600000000000000000e+02,1.053534092330644967e+02
8.000000000000000000e+02,6.700000000000000000e+02,1.055675752532066269e+02
8.000000000000000000e+02,6.800000000000000000e+02,1.056002263008836479e+02
8.000000000000000000e+02,6.900000000000000000e+02,1.054354302821412972e+02
8.000000000000000000e+02,7.000000000000000000e+02,1.050663880912180304e+02
8.000000000000000000e+02,7.100000000000000000e+02,1.044965192689544295e+02
8.000000000000000000e+02,7.200000000000000000e+02,1.037404575010359338e+02
8.000000000000000000e+02,7.300000000000000000e+02,1.028249559560697861e+02
8.000000000000000000e+02,7.400000000000000000e+02,1.017897024634952459e+02
8.000000000000000000e+02,7.500000000000000000e+02,1.006880445313278472e+02
8.000000000000000000e+02,7.600000000000000000e+02,9.958697194097953798e+01
8.000000000000000000e+02,7.700000000000000000e+02,9.855633322031468424e+01
8.000000000000000000e+02,7.800000000000000000e+02,9.765462240135177296e+01
8.000000000000000000e+02,7.900000000000000000e+02,9.692731670645538600e+01
8.000000000000000000e+02,8.000000000000000000e+02,9.640703978210146374e+01
8.000000000000000000e+02,8.100000000000000000e+02,9.611389345729966749e+01
8.000000000000000000e+02,8.200000000000000000e+02,9.605595802667259875e+01
8.000000000000000000e+02,8.300000000000000000e+02,9.622996105819203194e+01
8.000000000000000000e+02,8.400000000000000000e+02,9.662211472557213199e+01
8.000000000000000000e+02,8.500000000000000000e+02,9.720912166531961418e+01
8.000000000000000000e+02,8.600000000000000000e+02,9.795934935844088898e+01
8.000000000000000000e+02,8.700000000000000000e+02,9.883417303680610644e+01
8.000000000000000000e+02,8.800000000000000000e+02,9.978948711417028505e+01
8.000000000000000000e+02,8.900000000000000000e+02,1.007773851418513118e+02
8.000000000000000000e+02,9.000000000000000000e+02,1.017480082890649555e+02
8.000000000000000000e+02,9.100000000000000000e+02,1.026515623479168227e+02
8.000000000000000000e+02,9.200000000000000000e+02,1.034405032630513404e+02
8.000000000000000000e+02,9.300000000000000000e+02,1.040718911859575400e+02
8.000000000000000000e+02,9.400000000000000000e+02,1.045099130539321095e+02
8.000000000000000000e+02,9.500000000000000000e+02,1.047285736936990332e+02
8.000000000000000000e+02,9.600000000000000000e+02,1.047145554496865856e+02
8.000000000000000000e+02,9.700000000000000000e+02,1.044702463369609262e+02
8.000000000000000000e+02,9.800000000000000000e+02,1.040169367188169645e+02
8.000000000000000000e+02,9.900000000000000000e+02,1.033981845090260663e+02
8.100000000000000000e+02,0.000000000000000000e+00,1.032691909655811884e+02
8.100000000000000000e+02,1.000000000000000000e+01,1.037896386380438116e+02
8.100000000000000000e+02,2.000000000000000000e+01,1.043111884322991898e+02
8.100000000000000000e+02,3.000000000000000000e+01,1.048290042666936159e+02
8.100000000000000000e+02,4.000000000000000000e+01,1.053336132730629515e+02
8.100000000000000000e+02,5.000000000000000000e+01,1.058127330467900435e+02
8.100000000000000000e+02,6.000000000000000000e+01,1.062528819673914597e+02
8.100000000000000000e+02,7.000000000000000000e+01,1.066407725896332721e+02
8.100000000000000000e+02,8.000000000000000000e+01,1.069644881051760024e+02
8.100000000000000000e+02,9.000000000000000000e+01,1.072144418747487862e+02
8.100000000000000000e+02,1.000000000000000000e+02,1.073841200308525714e+02
8.100000000000000000e+02,1.100000000000000000e+02,1.074706071509926488e+02
8.100000000000000000e+02,1.200000000000000000e+02,1.074748950014401032e+02
8.100000000000000000e+02,1.300000000000000000e+02,1.074019743515226253e+02
8.100000000000000000e+02,1.400000000000000000e+02,1.072607098584444003e+02
8.100000000000000000e+02,1.500000000000000000e+02,1.070634980226350876e+02
8.100000000000000000e+02,1.600000000000000000e+02,1.068257082136280474e+02
8.100000000000000000e+02,1.700000000000000000e+02,1.065649067664676721e+02
8.100000000000000000e+02,1.800000000000000000e+02,1.062998641486458808e+02
8.100000000000000000e+02,1.900000000000000000e+02,1.060493451975677885e+02
8.100000000000000000e+02,2.000000000000000000e+02,1.058306824285464387e+02
8.100000000000000000e+02,2.100000000000000000e+02,1.056581324133268538e+02
8.100000000000000000e+02,2.200000000000000000e+02,1.055410152291390631e+02
8.100000000000000000e+02,2.300000000000000000e+02,1.054816369782804060e+02
8.100000000000000000e+02,2.400000000000000000e+02,1.054729953782268979e+02
8.100000000000000000e+02,2.500000000000000000e+02,1.054962684222738716e+02
8.100000000000000000e+02,2.600000000000000000e+02,1.055379229302041608e+02
8.100000000000000000e+02,2.700000000000000000e+02,1.056427562095208117e+02
8.100000000000000000e+02,2.800000000000000000e+02,1.058489078038237778e+02
8.100000000000000000e+02,2.900000000000000000e+02,1.061717963933154749e+02
8.100000000000000000e+02,3.000000000000000000e+02,1.066088123540405235e+02
8.100000000000000000e+02,3.100000000000000000e+02,1.071436144437312521e+02
8.100000000000000000e+02,3.200000000000000000e+02,1.077500306142589892e+02
8.100000000000000000e+02,3.300000000000000000e+02,1.083955629506911862e+02
8.100000000000000000e+02,3.400000000000000000e+02,1.090444967369543434e+02
8.100000000000000000e+02,3.500000000000000000e+02,1.096606136481026681e+02
8.100000000000000000e+02,3.600000000000000000e+02,1.102095090691926345e+02
8.100000000000000000e+02,3.700000000000000000e+02,1.106605135407632332e+02
8.100000000000000000e+02,3.800000000000000000e+02,1.109882183309221091e+02
8.100000000000000000e+02,3.900000000000000000e+02,1.111736051340373876e+02
8.100000000000000000e+02,4.000000000000000000e+02,1.112047798960354612e+02
8.100000000000000000e+02,4.100000000000000000e+02,1.110773107663044215e+02
8.100000000000000000e+02,4.200000000000000000e+02,1.107941701762033233e+02
8.100000000000000000e+02,4.300000000000000000e+02,1.103652810441773227e+02
8.100000000000000000e+02,4.400000000000000000e+02,1.098066671074785461e+02
8.100000000000000000e+02,4.500000000000000000e+02,1.091392073804927350e+02
8.100000000000000000e+02,4.600000000000000000e+02,1.083869947396717635e+02
8.100000000000000000e+02,4.700000000000000000e+02,1.075752986350719169e+02
8.100000000000000000e+02,4.800000000000000000e+02,1.067281319284979162e+02
8.100000000000000000e+02,4.900000000000000000e+02,1.058654218582528017e+02
8.100000000000000000e+02,5.000000000000000000e+02,1.049997851304936631e+02
8.100000000000000000e+02,5.100000000000000000e+02,1.041483769772288497e+02
8.100000000000000000e+02,5.200000000000000000e+02,1.033731852220766001e+02
8.100000000000000000e+02,5.300000000000000000e+02,1.027298558078082351e+02
8.100000000000000000e+02,5.400000000000000000e+02,1.022540523693363212e+02
8.100000000000000000e+02,5.500000000000000000e+02,1.019640600460414390e+02
8.100000000000000000e+02,5.600000000000000000e+02,1.018632795910645115e+02
8.100000000000000000e+02,5.700000000000000000e+02,1.019426117775647214e+02
8.100000000000000000e+02,5.800000000000000000e+02,1.021827321019429888e+02
8.100000000000000000e+02,5.900000000000000000e+02,1.025562557840311229e+02
8.100000000000000000e+02,6.000000000000000000e+02,1.030297930642464053e+02
8.100000000000000000e+02,6.100000000000000000e+02,1.035658947977119482e+02
8.100000000000000000e+02,6.200000000000000000e+02,1.041248883453424270e+02
8.100000000000000000e+02,6.300000000000000000e+02,1.046666037618956437e+02
8.100000000000000000e+02,6.400000000000000000e+02,1.051519902809893381e+02
8.100000000000000000e+02,6.500000000000000000e+02,1.055446230970840134e+02
8.100000000000000000e+02,6.600000000000000000e+02,1.058121004444308824e+02
8.100000000000000000e+02,6.700000000000000000e+02,1.059273309729858568e+02
8.100000000000000000e+02,6.800000000000000000e+02,1.058697114212886561e+02
8.100000000000000000e+02,6.900000000000000000e+02,1.056261945863079603e+02
8.100000000000000000e+02,7.000000000000000000e+02,1.051922475902517533e+02
8.100000000000000000e+02,7.100000000000000000e+02,1.045727004443435533e+02
8.100000000000000000e+02,7.200000000000000000e+02,1.037824849095639479e+02
8.100000000000000000e+02,7.300000000000000000e+02,1.028472636543579739e+02
8.100000000000000000e+02,7.400000000000000000e+02,1.018039497093080001e+02
8.100000000000000000e+02,7.500000000000000000e+02,1.007011162187719862e+02
8.100000000000000000e+02,7.600000000000000000e+02,9.959936572979459868e+01
8.100000000000000000e+02,7.700000000000000000e+02,9.856396232474733665e+01
8.100000000000000000e+02,7.800000000000000000e+02,9.765091191724448549e+01
8.100000000000000000e+02,7.900000000000000000e+02,9.690465713109354340e+01
8.100000000000000000e+02,8.000000000000000000e+02,9.635794366027087676e+01
8.100000000000000000e+02,8.100000000000000000e+02,9.603187995851541814e+01
8.100000000000000000e+02,8.200000000000000000e+02,9.593619025853996618e+01
8.100000000000000000e+02,8.300000000000000000e+02,9.606966092086045705e+01
8.100000000000000000e+02,8.400000000000000000e+02,9.642078011224290890e+01
8.100000000000000000e+02,8.500000000000000000e+02,9.696857081376826670e+01
8.100000000000000000e+02,8.600000000000000000e+02,9.768361715851507654e+01
8.100000000000000000e+02,8.700000000000000000e+02,9.852928409885987548e+01
8.100000000000000000e+02,8.800000000000000000e+02,9.946313040339551037e+01
8.100000000000000000e+02,8.900000000000000000e+02,1.004385149834671438e+02
8.100000000000000000e+02,9.000000000000000000e+02,1.014063965493261890e+02
8.100000000000000000e+02,9.100000000000000000e+02,1.023173265959019886e+02
8.100000000000000000e+02,9.200000000000000000e+02,1.031236357181913235e+02
8.100000000000000000e+02,9.300000000000000000e+02,1.037818132562656928e+02
8.100000000000000000e+02,9.400000000000000000e+02,1.042550802698965953e+02
8.100000000000000000e+02,9.500000000000000000e+02,1.045161558427982271e+02
8.100000000000000000e+02,9.600000000000000000e+02,1.045502167164884781e+02
8.100000000000000000e+02,9.700000000000000000e+02,1.043580502537673027e+02
8.100000000000000000e+02,9.800000000000000000e+02,1.039594007318132753e+02
8.100000000000000000e+02,9.900000000000000000e+02,1.033965089648976914e+02
8.200000000000000000e+02,0.000000000000000000e+00,1.030534905121437106e+02
8.200000000000000000e+02,1.000000000000000000e+01,1.035422555154114548e+02
8.200000000000000000e+02,2.000000000000000000e+01,1.040385874112013767e+02
8.200000000000000000e+02,3.000000000000000000e+01,1.045423665027445566e+02
8.200000000000000000e+02,4.000000000000000000e+01,1.050471386275102503e+02
8.200000000000000000e+02,5.000000000000000000e+01,1.055421643997817540e+02
8.200000000000000000e+02,6.000000000000000000e+01,1.060142420821713358e+02
8.200000000000000000e+02,7.000000000000000000e+01,1.064493040860745481e+02
8.200000000000000000e+02,8.000000000000000000e+01,1.068337871010637201e+02
8.200000000000000000e+02,9.000000000000000000e+01,1.071557758532206321e+02
8.200000000000000000e+02,1.000000000000000000e+02,1.074059204924085407e+02
8.200000000000000000e+02,1.100000000000000000e+02,1.075781276084832996e+02
8.200000000000000000e+02,1.200000000000000000e+02,1.076700248764437902e+02
8.200000000000000000e+02,1.300000000000000000e+02,1.076831993305215889e+02
8.200000000000000000e+02,1.400000000000000000e+02,1.076232092672098446e+02
8.200000000000000000e+02,1.500000000000000000e+02,1.074993697772313794e+02
8.200000000000000000e+02,1.600000000000000000e+02,1.073243119064460132e+02
8.200000000000000000e+02,1.700000000000000000e+02,1.071133154456971539e+02
8.200000000000000000e+02,1.800000000000000000e+02,1.068834153495976267e+02
8.200000000000000000e+02,1.900000000000000000e+02,1.066522817842546687e+02
8.200000000000000000e+02,2.000000000000000000e+02,1.064368738039342048e+02
8.200000000000000000e+02,2.100000000000000000e+02,1.062518666566643901e+02
8.200000000000000000e+02,2.200000000000000000e+02,1.061078527187782612e+02
8.200000000000000000e+02,2.300000000000000000e+02,1.060093160583957967e+02
8.200000000000000000e+02,2.400000000000000000e+02,1.059523806278449882e+02
8.200000000000000000e+02,2.500000000000000000e+02,1.059223320850224184e+02
8.200000000000000000e+02,2.600000000000000000e+02,1.059094108794601965e+02
8.200000000000000000e+02,2.700000000000000000e+02,1.059581810754411748e+02
8.200000000000000000e+02,2.800000000000000000e+02,1.061069132774686494e+02
8.200000000000000000e+02,2.900000000000000000e+02,1.063724852325924104e+02
8.200000000000000000e+02,3.000000000000000000e+02,1.067546374685280028e+02
8.200000000000000000e+02,3.100000000000000000e+02,1.072398816597357865e+02
8.200000000000000000e+02,3.200000000000000000e+02,1.078050617214600351e+02
8.200000000000000000e+02,3.300000000000000000e+02,1.084205676317279057e+02
8.200000000000000000e+02,3.400000000000000000e+02,1.090532019813084474e+02
8.200000000000000000e+02,3.500000000000000000e+02,1.096686992516313808e+02
8.200000000000000000e+02,3.600000000000000000e+02,1.102338978206659874e+02
8.200000000000000000e+02,3.700000000000000000e+02,1.107185646967598842e+02
8.200000000000000000e+02,3.800000000000000000e+02,1.110968729804376665e+02
8.200000000000000000e+02,3.900000000000000000e+02,1.113485320541595343e+02
8.200000000000000000e+02,4.000000000000000000e+02,1.114595705000399590e+02
8.200000000000000000e+02,4.100000000000000000e+02,1.114227717455261200e+02
8.200000000000000000e+02,4.200000000000000000e+02,1.112377624370363662e+02
8.200000000000000000e+02,4.300000000000000000e+02,1.109107535415586341e+02
8.200000000000000000e+02,4.400000000000000000e+02,1.104539341762087759e+02
8.200000000000000000e+02,4.500000000000000000e+02,1.098845181657488439e+02
8.200000000000000000e+02,4.600000000000000000e+02,1.092234433280652581e+02
8.200000000000000000e+02,4.700000000000000000e+02,1.084937234876069994e+02
8.200000000000000000e+02,4.800000000000000000e+02,1.077184532167836721e+02
8.200000000000000000e+02,4.900000000000000000e+02,1.069184653053235650e+02
8.200000000000000000e+02,5.000000000000000000e+02,1.061096409575915942e+02
8.200000000000000000e+02,5.100000000000000000e+02,1.053131592231762994e+02
8.200000000000000000e+02,5.200000000000000000e+02,1.045886497429861350e+02
8.200000000000000000e+02,5.300000000000000000e+02,1.039878565148351868e+02
8.200000000000000000e+02,5.400000000000000000e+02,1.035430347947772418e+02
8.200000000000000000e+02,5.500000000000000000e+02,1.032696647644353334e+02
8.200000000000000000e+02,5.600000000000000000e+02,1.031690309380095556e+02
8.200000000000000000e+02,5.700000000000000000e+02,1.032306673089627793e+02
8.200000000000000000e+02,5.800000000000000000e+02,1.034346682363845957e+02
8.200000000000000000e+02,5.900000000000000000e+02,1.037538650710333599e+02
8.200000000000000000e+02,6.000000000000000000e+02,1.041558685210562487e+02
8.200000000000000000e+02,6.100000000000000000e+02,1.046049767573875755e+02
8.200000000000000000e+02,6.200000000000000000e+02,1.050639492588250192e+02
8.200000000000000000e+02,6.300000000000000000e+02,1.054956463967841245e+02
8.200000000000000000e+02,6.400000000000000000e+02,1.058645347597308302e+02
8.200000000000000000e+02,6.500000000000000000e+02,1.061380582172920697e+02
8.200000000000000000e+02,6.600000000000000000e+02,1.062878747240445421e+02
8.200000000000000000e+02,6.700000000000000000e+02,1.062909588629815971e+02
8.200000000000000000e+02,6.800000000000000000e+02,1.061305701286580785e+02
8.200000000000000000e+02,6.900000000000000000e+02,1.057970869500135223e+02
8.200000000000000000e+02,7.000000000000000000e+02,1.052887064528731713e+02
8.200000000000000000e+02,7.100000000000000000e+02,1.046120099621273738e+02
8.200000000000000000e+02,7.200000000000000000e+02,1.037823942435888114e+02
8.200000000000000000e+02,7.300000000000000000e+02,1.028243684855280549e+02
8.200000000000000000e+02,7.400000000000000000e+02,1.017717170198871770e+02
8.200000000000000000e+02,7.500000000000000000e+02,1.006675277831713373e+02
8.200000000000000000e+02,7.600000000000000000e+02,9.956483818109455797e+01
8.200000000000000000e+02,7.700000000000000000e+02,9.852287899786487912e+01
8.200000000000000000e+02,7.800000000000000000e+02,9.759416009141035886e+01
8.200000000000000000e+02,7.900000000000000000e+02,9.682156669418944261e+01
8.200000000000000000e+02,8.000000000000000000e+02,9.623784204085718841e+01
8.200000000000000000e+02,8.100000000000000000e+02,9.586529449510703671e+01
8.200000000000000000e+02,8.200000000000000000e+02,9.571572917568799710e+01
8.200000000000000000e+02,8.300000000000000000e+02,9.579060408159719486e+01
8.200000000000000000e+02,8.400000000000000000e+02,9.608141071644782016e+01
8.200000000000000000e+02,8.500000000000000000e+02,9.657027921201259346e+01
8.200000000000000000e+02,8.600000000000000000e+02,9.723080795094253403e+01
8.200000000000000000e+02,8.700000000000000000e+02,9.802911768866118791e+01
8.200000000000000000e+02,8.800000000000000000e+02,9.892513017443430101e+01
8.200000000000000000e+02,8.900000000000000000e+02,9.987407127161480958e+01
8.200000000000000000e+02,9.000000000000000000e+02,1.008281985770633327e+02
8.200000000000000000e+02,9.100000000000000000e+02,1.017387535397440814e+02
8.200000000000000000e+02,9.200000000000000000e+02,1.025581380784961141e+02
8.200000000000000000e+02,9.300000000000000000e+02,1.032423156989800361e+02
8.200000000000000000e+02,9.400000000000000000e+02,1.037534371098001884e+02
8.200000000000000000e+02,9.500000000000000000e+02,1.040626903378020671e+02
8.200000000000000000e+02,9.600000000000000000e+02,1.041533753425453597e+02
8.200000000000000000e+02,9.700000000000000000e+02,1.040242031299522694e+02
8.200000000000000000e+02,9.800000000000000000e+02,1.036928193651312853e+02
8.200000000000000000e+02,9.900000000000000000e+02,1.031995524843764542e+02
8.300000000000000000e+02,0.000000000000000000e+00,1.026243543008758508e+02
8.300000000000000000e+02,1.000000000000000000e+01,1.030753211516206278e+02
8.300000000000000000e+02,2.000000000000000000e+01,1.035412092960137755e+02
8.300000000000000000e+02,3.000000000000000000e+01,1.040272512386277839e+02
8.300000000000000000e+02,4.000000000000000000e+01,1.045304035319155957e+02
8.300000000000000000e+02,5.000000000000000000e+01,1.050416527527670354e+02
8.300000000000000000e+02,6.000000000000000000e+01,1.055480838626388049e+02
8.300000000000000000e+02,7.000000000000000000e+01,1.060347109512577219e+02
8.300000000000000000e+02,8.000000000000000000e+01,1.064860703638973831e+02
8.300000000000000000e+02,9.000000000000000000e+01,1.068875762122282680e+02
8.300000000000000000e+02,1.000000000000000000e+02,1.072266382687411834e+02
8.300000000000000000e+02,1.100000000000000000e+02,1.074935422447440772e+02
8.300000000000000000e+02,1.200000000000000000e+02,1.076820924519322489e+02
8.300000000000000000e+02,1.300000000000000000e+02,1.077900168475320157e+02
8.300000000000000000e+02,1.400000000000000000e+02,1.078191344630176474e+02
8.300000000000000000e+02,1.500000000000000000e+02,1.077752852164017696e+02
8.300000000000000000e+02,1.600000000000000000e+02,1.076680221080991657e+02
8.300000000000000000e+02,1.700000000000000000e+02,1.075100658003638614e+02
8.300000000000000000e+02,1.800000000000000000e+02,1.073165215802997210e+02
8.300000000000000000e+02,1.900000000000000000e+02,1.071038587064443703e+02
8.300000000000000000e+02,2.000000000000000000e+02,1.068886521389264885e+02
8.300000000000000000e+02,2.100000000000000000e+02,1.066860866531964973e+02
8.300000000000000000e+02,2.200000000000000000e+02,1.065082233373306906e+02
8.300000000000000000e+02,2.300000000000000000e+02,1.063620284729087047e+02
8.300000000000000000e+02,2.400000000000000000e+02,1.062471647994643149e+02
8.300000000000000000e+02,2.500000000000000000e+02,1.061535451625097437e+02
8.300000000000000000e+02,2.600000000000000000e+02,1.060756441490291309e+02
8.300000000000000000e+02,2.700000000000000000e+02,1.060577863425679510e+02
8.300000000000000000e+02,2.800000000000000000e+02,1.061384931416836537e+02
8.300000000000000000e+02,2.900000000000000000e+02,1.063364460527326543e+02
8.300000000000000000e+02,3.000000000000000000e+02,1.066542246730869721e+02
8.300000000000000000e+02,3.100000000000000000e+02,1.070817552887483970e+02
8.300000000000000000e+02,3.200000000000000000e+02,1.075994700863606539e+02
8.300000000000000000e+02,3.300000000000000000e+02,1.081811769796191243e+02
8.300000000000000000e+02,3.400000000000000000e+02,1.087966400500785085e+02
8.300000000000000000e+02,3.500000000000000000e+02,1.094138706023580454e+02
8.300000000000000000e+02,3.600000000000000000e+02,1.100011288337446871e+02
8.300000000000000000e+02,3.700000000000000000e+02,1.105286361181939014e+02
8.300000000000000000e+02,3.800000000000000000e+02,1.109699979047282312e+02
8.300000000000000000e+02,3.900000000000000000e+02,1.113033372302337227e+02
8.300000000000000000e+02,4.000000000000000000e+02,1.115121388466539685e+02
8.300000000000000000e+02,4.100000000000000000e+02,1.115858039625819913e+02
8.300000000000000000e+02,4.200000000000000000e+02,1.115199155992498703e+02
8.300000000000000000e+02,4.300000000000000000e+02,1.113162145609161087e+02
8.300000000000000000e+02,4.400000000000000000e+02,1.109822860196508429e+02
8.300000000000000000e+02,4.500000000000000000e+02,1.105309567145185667e+02
8.300000000000000000e+02,4.600000000000000000e+02,1.099794027651589516e+02
8.300000000000000000e+02,4.700000000000000000e+02,1.093479680997651826e+02
8.300000000000000000e+02,4.800000000000000000e+02,1.086586934974600922e+02
8.300000000000000000e+02,4.900000000000000000e+02,1.079335562450701218e+02
8.300000000000000000e+02,5.000000000000000000e+02,1.071924204082969823e+02
8.300000000000000000e+02,5.100000000000000000e+02,1.064614804338802259e+02
8.300000000000000000e+02,5.200000000000000000e+02,1.057981298382258188e+02
8.300000000000000000e+02,5.300000000000000000e+02,1.052499812630999543e+02
8.300000000000000000e+02,5.400000000000000000e+02,1.048455897914167991e+02
8.300000000000000000e+02,5.500000000000000000e+02,1.045973123785164489e+02
8.300000000000000000e+02,5.600000000000000000e+02,1.045040037742671473e+02
8.300000000000000000e+02,5.700000000000000000e+02,1.045535489359921968e+02
8.300000000000000000e+02,5.800000000000000000e+02,1.047252319322210923e+02
8.300000000000000000e+02,5.900000000000000000e+02,1.049919413372652173e+02
8.300000000000000000e+02,6.000000000000000000e+02,1.053222121166180045e+02
8.300000000000000000e+02,6.100000000000000000e+02,1.056821040031795036e+02
8.300000000000000000e+02,6.200000000000000000e+02,1.060369163643053554e+02
8.300000000000000000e+02,6.300000000000000000e+02,1.063527395596803302e+02
8.300000000000000000e+02,6.400000000000000000e+02,1.065978427900162444e+02
8.300000000000000000e+02,6.500000000000000000e+02,1.067438984365742840e+02
8.300000000000000000e+02,6.600000000000000000e+02,1.067670428915118919e+02
8.300000000000000000e+02,6.700000000000000000e+02,1.066487738790540334e+02
8.300000000000000000e+02,6.800000000000000000e+02,1.063766842674888267e+02
8.300000000000000000e+02,6.900000000000000000e+02,1.059450323719878639e+02
8.300000000000000000e+02,7.000000000000000000e+02,1.053551487482506985e+02
8.300000000000000000e+02,7.100000000000000000e+02,1.046156794769740372e+02
8.300000000000000000e+02,7.200000000000000000e+02,1.037426659391451125e+02
8.300000000000000000e+02,7.300000000000000000e+02,1.027594610821597598e+02
8.300000000000000000e+02,7.400000000000000000e+02,1.016964821767648743e+02
8.300000000000000000e+02,7.500000000000000000e+02,1.005908000648251317e+02
8.300000000000000000e+02,7.600000000000000000e+02,9.948692774097179381e+01
8.300000000000000000e+02,7.700000000000000000e+02,9.843674213539127038e+01
8.300000000000000000e+02,7.800000000000000000e+02,9.748831734334186194e+01
8.300000000000000000e+02,7.900000000000000000e+02,9.668249439509109777e+01
8.300000000000000000e+02,8.000000000000000000e+02,9.605189898154816319e+01
8.300000000000000000e+02,8.100000000000000000e+02,9.562022080344181063e+01
8.300000000000000000e+02,8.200000000000000000e+02,9.540175454404379707e+01
8.300000000000000000e+02,8.300000000000000000e+02,9.540120246543779103e+01
8.300000000000000000e+02,8.400000000000000000e+02,9.561373862833383441e+01
8.300000000000000000e+02,8.500000000000000000e+02,9.602533473542821696e+01
8.300000000000000000e+02,8.600000000000000000e+02,9.661334759830894825e+01
8.300000000000000000e+02,8.700000000000000000e+02,9.734736822790669919e+01
8.300000000000000000e+02,8.800000000000000000e+02,9.819033254849117043e+01
8.300000000000000000e+02,8.900000000000000000e+02,9.909989373521310085e+01
8.300000000000000000e+02,9.000000000000000000e+02,1.000300561751916320e+02
8.300000000000000000e+02,9.100000000000000000e+02,1.009330710521472554e+02
8.300000000000000000e+02,9.200000000000000000e+02,1.017615935545803296e+02
8.300000000000000000e+02,9.300000000000000000e+02,1.024711017074948529e+02
8.300000000000000000e+02,9.400000000000000000e+02,1.030225768276680895e+02
8.300000000000000000e+02,9.500000000000000000e+02,1.033854456024653103e+02
8.300000000000000000e+02,9.600000000000000000e+02,1.035407837922004148e+02
8.300000000000000000e+02,9.700000000000000000e+02,1.034847815560416961e+02
8.300000000000000000e+02,9.800000000000000000e+02,1.032324704014634023e+02
8.300000000000000000e+02,9.900000000000000000e+02,1.028217117572427100e+02
8.400000000000000000e+02,0.000000000000000000e+00,1.020120751770054994e+02
8.400000000000000000e+02,1.000000000000000000e+01,1.024198220368946721e+02
8.400000000000000000e+02,2.000000000000000000e+01,1.028505225550851492e+02
8.400000000000000000e+02,3.000000000000000000e+01,1.033152402448487521e+02
8.400000000000000000e+02,4.000000000000000000e+01,1.038146309644319132e+02
8.400000000000000000e+02,5.000000000000000000e+01,1.043415339214767101e+02
8.400000000000000000e+02,6.000000000000000000e+01,1.048833122222378194e+02
8.400000000000000000e+02,7.000000000000000000e+01,1.054239429655955007e+02
8.400000000000000000e+02,8.000000000000000000e+01,1.059458568818642874e+02
8.400000000000000000e+02,9.000000000000000000e+01,1.064315275163978640e+02
8.400000000000000000e+02,1.000000000000000000e+02,1.068648099579896638e+02
8.400000000000000000e+02,1.100000000000000000e+02,1.072320291120694549e+02
8.400000000000000000e+02,1.200000000000000000e+02,1.075228175186958879e+02
8.400000000000000000e+02,1.300000000000000000e+02,1.077307027153449042e+02
8.400000000000000000e+02,1.400000000000000000e+02,1.078534441444941336e+02
8.400000000000000000e+02,1.500000000000000000e+02,1.078931196060031397e+02
8.400000000000000000e+02,1.600000000000000000e+02,1.078559612542896673e+02
8.400000000000000000e+02,1.700000000000000000e+02,1.077519411403017102e+02
8.400000000000000000e+02,1.800000000000000000e+02,1.075941062982856806e+02
8.400000000000000000e+02,1.900000000000000000e+02,1.073976633773502272e+02
8.400000000000000000e+02,2.000000000000000000e+02,1.071788128178262980e+02
8.400000000000000000e+02,2.100000000000000000e+02,1.069533325724228519e+02
8.400000000000000000e+02,2.200000000000000000e+02,1.067349113721786438e+02
8.400000000000000000e+02,2.300000000000000000e+02,1.065332315372099288e+02
8.400000000000000000e+02,2.400000000000000000e+02,1.063518013322539844e+02
8.400000000000000000e+02,2.500000000000000000e+02,1.061855368670086932e+02
8.400000000000000000e+02,2.600000000000000000e+02,1.060334468459370783e+02
8.400000000000000000e+02,2.700000000000000000e+02,1.059395078817893534e+02
8.400000000000000000e+02,2.800000000000000000e+02,1.059425197069275697e+02
8.400000000000000000e+02,2.900000000000000000e+02,1.060632176019619237e+02
8.400000000000000000e+02,3.000000000000000000e+02,1.063074191437518579e+02
8.400000000000000000e+02,3.100000000000000000e+02,1.066689476564589825e+02
8.400000000000000000e+02,3.200000000000000000e+02,1.071323323656518909e+02
8.400000000000000000e+02,3.300000000000000000e+02,1.076752852554627395e+02
8.400000000000000000e+02,3.400000000000000000e+02,1.082709546287956925e+02
8.400000000000000000e+02,3.500000000000000000e+02,1.088899553705871881e+02
8.400000000000000000e+02,3.600000000000000000e+02,1.095021759141180695e+02
8.400000000000000000e+02,3.700000000000000000e+02,1.100783619103774953e+02
8.400000000000000000e+02,3.800000000000000000e+02,1.105914766004786713e+02
8.400000000000000000e+02,3.900000000000000000e+02,1.110178378911265185e+02
8.400000000000000000e+02,4.000000000000000000e+02,1.113380321331370055e+02
8.400000000000000000e+02,4.100000000000000000e+02,1.115376046030085035e+02
8.400000000000000000e+02,4.200000000000000000e+02,1.116075266875447909e+02
8.400000000000000000e+02,4.300000000000000000e+02,1.115444397715300084e+02
8.400000000000000000e+02,4.400000000000000000e+02,1.113506758284554365e+02
8.400000000000000000e+02,4.500000000000000000e+02,1.110340547142980085e+02
8.400000000000000000e+02,4.600000000000000000e+02,1.106074581643507457e+02
8.400000000000000000e+02,4.700000000000000000e+02,1.100881804931050851e+02
8.400000000000000000e+02,4.800000000000000000e+02,1.094970559971847734e+02
8.400000000000000000e+02,4.900000000000000000e+02,1.088573630613319523e+02
8.400000000000000000e+02,5.000000000000000000e+02,1.081935049674447953e+02
8.400000000000000000e+02,5.100000000000000000e+02,1.075375192275274827e+02
8.400000000000000000e+02,5.200000000000000000e+02,1.069448112207042811e+02
8.400000000000000000e+02,5.300000000000000000e+02,1.064588083637349172e+02
8.400000000000000000e+02,5.400000000000000000e+02,1.061042114157034462e+02
8.400000000000000000e+02,5.500000000000000000e+02,1.058900356966106671e+02
8.400000000000000000e+02,5.600000000000000000e+02,1.058124554035223923e+02
8.400000000000000000e+02,5.700000000000000000e+02,1.058574510242732600e+02
8.400000000000000000e+02,5.800000000000000000e+02,1.060032598487265005e+02
8.400000000000000000e+02,5.900000000000000000e+02,1.062226295775893732e+02
8.400000000000000000e+02,6.000000000000000000e+02,1.064848750287844297e+02
8.400000000000000000e+02,6.100000000000000000e+02,1.067577379413764476e+02
8.400000000000000000e+02,6.200000000000000000e+02,1.070090498770552472e+02
8.400000000000000000e+02,6.300000000000000000e+02,1.072081982191741645e+02
8.400000000000000000e+02,6.400000000000000000e+02,1.073273952693443931e+02
8.400000000000000000e+02,6.500000000000000000e+02,1.073427504415849683e+02
8.400000000000000000e+02,6.600000000000000000e+02,1.072351455540286338e+02
8.400000000000000000e+02,6.700000000000000000e+02,1.069909132181834224e+02
8.400000000000000000e+02,6.800000000000000000e+02,1.066023183257499340e+02
8.400000000000000000e+02,6.900000000000000000e+02,1.060678426329945552e+02
8.400000000000000000e+02,7.000000000000000000e+02,1.053922724426782338e+02
8.400000000000000000e+02,7.100000000000000000e+02,1.045865893835411811e+02
8.400000000000000000e+02,7.200000000000000000e+02,1.036676642873432286e+02
8.400000000000000000e+02,7.300000000000000000e+02,1.026577541634600408e+02
8.400000000000000000e+02,7.400000000000000000e+02,1.015838022710350543e+02
8.400000000000000000e+02,7.500000000000000000e+02,1.004765412886870735e+02
8.400000000000000000e+02,7.600000000000000000e+02,9.937127192483315241e+01
8.400000000000000000e+02,7.700000000000000000e+02,9.831138982154114103e+01
8.400000000000000000e+02,7.800000000000000000e+02,9.733970692196291452e+01
8.400000000000000000e+02,7.900000000000000000e+02,9.649459261123932663e+01
8.400000000000000000e+02,8.000000000000000000e+02,9.580845494444983501e+01
8.400000000000000000e+02,8.100000000000000000e+02,9.530652588281380133e+01
8.400000000000000000e+02,8.200000000000000000e+02,9.500595053814325297e+01
8.400000000000000000e+02,8.300000000000000000e+02,9.491518042554731949e+01
8.400000000000000000e+02,8.400000000000000000e+02,9.503367072438818752e+01
8.400000000000000000e+02,8.500000000000000000e+02,9.535188154748857414e+01
8.400000000000000000e+02,8.600000000000000000e+02,9.585158321859091757e+01
8.400000000000000000e+02,8.700000000000000000e+02,9.650646555806801530e+01
8.400000000000000000e+02,8.800000000000000000e+02,9.728305117688526593e+01
8.400000000000000000e+02,8.900000000000000000e+02,9.814191277881448627e+01
8.400000000000000000e+02,9.000000000000000000e+02,9.903919447089936057e+01
8.400000000000000000e+02,9.100000000000000000e+02,9.992843708217235132e+01
8.400000000000000000e+02,9.200000000000000000e+02,1.007627074906232565e+02
8.400000000000000000e+02,9.300000000000000000e+02,1.014970319584192993e+02
8.400000000000000000e+02,9.400000000000000000e+02,1.020911334753769211e+02
8.400000000000000000e+02,9.500000000000000000e+02,1.025124731106848515e+02
8.400000000000000000e+02,9.600000000000000000e+02,1.027395953728791369e+02
8.400000000000000000e+02,9.700000000000000000e+02,1.027657775780693612e+02
8.400000000000000000e+02,9.800000000000000000e+02,1.026029832264167823e+02
8.400000000000000000e+02,9.900000000000000000e+02,1.022861193868637883e+02
8.500000000000000000e+02,0.000000000000000000e+00,1.012551168338063974e+02
8.500000000000000000e+02,1.000000000000000000e+01,1.016151553691621956e+02
8.500000000000000000e+02,2.000000000000000000e+01,1.020066149808322251e+02
8.500000000000000000e+02,3.000000000000000000e+01,1.024466898483917134e+02
8.500000000000000000e+02,4.000000000000000000e+01,1.029399068754174777e+02
8.500000000000000000e+02,5.000000000000000000e+01,1.034810222880653328e+02
8.500000000000000000e+02,6.000000000000000000e+01,1.040576536271758101e+02
8.500000000000000000e+02,7.000000000000000000e+01,1.046526471339078910e+02
8.500000000000000000e+02,8.000000000000000000e+01,1.052461805289008510e+02
8.500000000000000000e+02,9.000000000000000000e+01,1.058176011849642890e+02
8.500000000000000000e+02,1.000000000000000000e+02,1.063469996932961976e+02
8.500000000000000000e+02,1.100000000000000000e+02,1.068165188232292309e+02
8.500000000000000000e+02,1.200000000000000000e+02,1.072113978755050425e+02
8.500000000000000000e+02,1.300000000000000000e+02,1.075207524290767225e+02
8.500000000000000000e+02,1.400000000000000000e+02,1.077380894814394310e+02
8.500000000000000000e+02,1.500000000000000000e+02,1.078615579824890887e+02
8.500000000000000000e+02,1.600000000000000000e+02,1.078939347619091933e+02
8.500000000000000000e+02,1.700000000000000000e+02,1.078423458500857635e+02
8.500000000000000000e+02,1.800000000000000000e+02,1.077177231925504515e+02
8.500000000000000000e+02,1.900000000000000000e+02,1.075339967579516696e+02
8.500000000000000000e+02,2.000000000000000000e+02,1.073070220395539280e+02
8.500000000000000000e+02,2.100000000000000000e+02,1.070532429502652292e+02
8.500000000000000000e+02,2.200000000000000000e+02,1.067880901111926875e+02
8.500000000000000000e+02,2.300000000000000000e+02,1.065241145337260775e+02
8.500000000000000000e+02,2.400000000000000000e+02,1.062688566951497364e+02
8.500000000000000000e+02,2.500000000000000000e+02,1.060224510077823652e+02
8.500000000000000000e+02,2.600000000000000000e+02,1.057885652522817992e+02
8.500000000000000000e+02,2.700000000000000000e+02,1.056106209651306784e+02
8.500000000000000000e+02,2.800000000000000000e+02,1.055276294529573704e+02
8.500000000000000000e+02,2.900000000000000000e+02,1.055625234200009288e+02
8.500000000000000000e+02,3.000000000000000000e+02,1.057246492865908607e+02
8.500000000000000000e+02,3.100000000000000000e+02,1.060121090554838332e+02
8.500000000000000000e+02,3.200000000000000000e+02,1.064139517260574195e+02
8.500000000000000000e+02,3.300000000000000000e+02,1.069122142563607412e+02
8.500000000000000000e+02,3.400000000000000000e+02,1.074838120730221789e+02
8.500000000000000000e+02,3.500000000000000000e+02,1.081022791290139367e+02
8.500000000000000000e+02,3.600000000000000000e+02,1.087393575092737024e+02
8.500000000000000000e+02,3.700000000000000000e+02,1.093664365841832193e+02
8.500000000000000000e+02,3.800000000000000000e+02,1.099558417109038544e+02
8.500000000000000000e+02,3.900000000000000000e+02,1.104819724825690912e+02
8.500000000000000000e+02,4.000000000000000000e+02,1.109222905253341338e+02
8.500000000000000000e+02,4.100000000000000000e+02,1.112581568432822650e+02
8.500000000000000000e+02,4.200000000000000000e+02,1.114755187111884283e+02
8.500000000000000000e+02,4.300000000000000000e+02,1.115654461151395793e+02
8.500000000000000000e+02,4.400000000000000000e+02,1.115245177410121471e+02
8.500000000000000000e+02,4.500000000000000000e+02,1.113550565108064205e+02
8.500000000000000000e+02,4.600000000000000000e+02,1.110652146668378748e+02
8.500000000000000000e+02,4.700000000000000000e+02,1.106689084037855793e+02
8.500000000000000000e+02,4.800000000000000000e+02,1.101856020485973744e+02
8.500000000000000000e+02,4.900000000000000000e+02,1.096399417882523721e+02
8.500000000000000000e+02,5.000000000000000000e+02,1.090612389453800404e+02
8.500000000000000000e+02,5.100000000000000000e+02,1.084880006574602476e+02
8.500000000000000000e+02,5.200000000000000000e+02,1.079740086897778468e+02
8.500000000000000000e+02,5.300000000000000000e+02,1.075586309785019239e+02
8.500000000000000000e+02,5.400000000000000000e+02,1.072627054516841127e+02
8.500000000000000000e+02,5.500000000000000000e+02,1.070917976265708944e+02
8.500000000000000000e+02,5.600000000000000000e+02,1.070392244974556775e+02
8.500000000000000000e+02,5.700000000000000000e+02,1.070888447140705466e+02
8.500000000000000000e+02,5.800000000000000000e+02,1.072176150505177645e+02
8.500000000000000000e+02,5.900000000000000000e+02,1.073979131647410696e+02
8.500000000000000000e+02,6.000000000000000000e+02,1.075996266485365709e+02
8.500000000000000000e+02,6.100000000000000000e+02,1.077920083681034242e+02
8.500000000000000000e+02,6.200000000000000000e+02,1.079452980951343193e+02
8.500000000000000000e+02,6.300000000000000000e+02,1.080321104284455487e+02
8.500000000000000000e+02,6.400000000000000000e+02,1.080285890061468876e+02
8.500000000000000000e+02,6.500000000000000000e+02,1.079153270083512268e+02
8.500000000000000000e+02,6.600000000000000000e+02,1.076780539504237737e+02
8.500000000000000000e+02,6.700000000000000000e+02,1.073080887667712773e+02
8.500000000000000000e+02,6.800000000000000000e+02,1.068025591851706224e+02
8.500000000000000000e+02,6.900000000000000000e+02,1.061643873916374190e+02
8.500000000000000000e+02,7.000000000000000000e+02,1.054020419858342166e+02
8.500000000000000000e+02,7.100000000000000000e+02,1.045290562270184296e+02
8.500000000000000000e+02,7.200000000000000000e+02,1.035633125705299733e+02
8.500000000000000000e+02,7.300000000000000000e+02,1.025260934948187668e+02
8.500000000000000000e+02,7.400000000000000000e+02,1.014408986190117901e+02
8.500000000000000000e+02,7.500000000000000000e+02,1.003320281110199375e+02
8.500000000000000000e+02,7.600000000000000000e+02,9.922518617946862207e+01
8.500000000000000000e+02,7.700000000000000000e+02,9.815440323243691978e+01
8.500000000000000000e+02,7.800000000000000000e+02,9.715655262417595850e+01
8.500000000000000000e+02,7.900000000000000000e+02,9.626718297642371169e+01
8.500000000000000000e+02,8.000000000000000000e+02,9.551840405860599503e+01
8.500000000000000000e+02,8.100000000000000000e+02,9.493712339392475030e+01
8.500000000000000000e+02,8.200000000000000000e+02,9.454363359133347444e+01
8.500000000000000000e+02,8.300000000000000000e+02,9.435055040339959476e+01
8.500000000000000000e+02,8.400000000000000000e+02,9.436210151005415980e+01
8.500000000000000000e+02,8.500000000000000000e+02,9.457376602822847644e+01
8.500000000000000000e+02,8.600000000000000000e+02,9.497226474737809099e+01
8.500000000000000000e+02,8.700000000000000000e+02,9.553590109089358862e+01
8.500000000000000000e+02,8.800000000000000000e+02,9.623525280339879373e+01
8.500000000000000000e+02,8.900000000000000000e+02,9.703421436393595911e+01
8.500000000000000000e+02,9.000000000000000000e+02,9.789139012503804338e+01
8.500000000000000000e+02,9.100000000000000000e+02,9.876183817768819040e+01
8.500000000000000000e+02,9.200000000000000000e+02,9.959916494216632543e+01
8.500000000000000000e+02,9.300000000000000000e+02,1.003579704847827259e+02
8.500000000000000000e+02,9.400000000000000000e+02,1.009966445604990355e+02
8.500000000000000000e+02,9.500000000000000000e+02,1.014805133814359266e+02
8.500000000000000000e+02,9.600000000000000000e+02,1.017853371112683760e+02
8.500000000000000000e+02,9.700000000000000000e+02,1.019011580855077170e+02
8.500000000000000000e+02,9.800000000000000000e+02,1.018364997576709072e+02
8.500000000000000000e+02,9.900000000000000000e+02,1.016229163713370838e+02
8.600000000000000000e+02,0.000000000000000000e+00,1.003979157130083024e+02
8.600000000000000000e+02,1.000000000000000000e+01,1.007068790377175844e+02
8.600000000000000000e+02,2.000000000000000000e+01,1.010559063391942658e+02
8.600000000000000000e+02,3.000000000000000000e+01,1.014684316163921096e+02
8.600000000000000000e+02,4.000000000000000000e+01,1.019529013436136893e+02
8.600000000000000000e+02,5.000000000000000000e+01,1.025059886759901389e+02
8.600000000000000000e+02,6.000000000000000000e+01,1.031155279205298285e+02
8.600000000000000000e+02,7.000000000000000000e+01,1.037631692727358512e+02
8.600000000000000000e+02,8.000000000000000000e+01,1.044267538187924487e+02
8.600000000000000000e+02,9.000000000000000000e+01,1.050824088033203196e+02
8.600000000000000000e+02,1.000000000000000000e+02,1.057063631627009102e+02
8.600000000000000000e+02,1.100000000000000000e+02,1.062764833239694298e+02
8.600000000000000000e+02,1.200000000000000000e+02,1.067735292692769349e+02
8.600000000000000000e+02,1.300000000000000000e+02,1.071821308659212377e+02
8.600000000000000000e+02,1.400000000000000000e+02,1.074914844619466834e+02
8.600000000000000000e+02,1.500000000000000000e+02,1.076957697473128519e+02
8.600000000000000000e+02,1.600000000000000000e+02,1.077942868806322423e+02
8.600000000000000000e+02,1.700000000000000000e+02,1.077913138814766540e+02
8.600000000000000000e+02,1.800000000000000000e+02,1.076956842882526928e+02
8.600000000000000000e+02,1.900000000000000000e+02,1.075200850816459877e+02
8.600000000000000000e+02,2.000000000000000000e+02,1.072800748736344474e+02
8.600000000000000000e+02,2.100000000000000000e+02,1.069928223620703136e+02
8.600000000000000000e+02,2.200000000000000000e+02,1.066755650508311533e+02
8.600000000000000000e+02,2.300000000000000000e+02,1.063437882355397761e+02
8.600000000000000000e+02,2.400000000000000000e+02,1.060091242548529920e+02
8.600000000000000000e+02,2.500000000000000000e+02,1.056769720073192644e+02
8.600000000000000000e+02,2.600000000000000000e+02,1.053556045765800633e+02
8.600000000000000000e+02,2.700000000000000000e+02,1.050875928211166297e+02
8.600000000000000000e+02,2.800000000000000000e+02,1.049120024632021142e+02
8.600000000000000000e+02,2.900000000000000000e+02,1.048539956804601729e+02
8.600000000000000000e+02,3.000000000000000000e+02,1.049266188608584542e+02
8.600000000000000000e+02,3.100000000000000000e+02,1.051325177779630025e+02
8.600000000000000000e+02,3.200000000000000000e+02,1.054655801864535221e+02
8.600000000000000000e+02,3.300000000000000000e+02,1.059125058378994595e+02
8.600000000000000000e+02,3.400000000000000000e+02,1.064543039167969880e+02
8.600000000000000000e+02,3.500000000000000000e+02,1.070677178968667249e+02
8.600000000000000000e+02,3.600000000000000000e+02,1.077265778176124229e+02
8.600000000000000000e+02,3.700000000000000000e+02,1.084030799811405075e+02
8.600000000000000000e+02,3.800000000000000000e+02,1.090689940692403468e+02
8.600000000000000000e+02,3.900000000000000000e+02,1.096967976807255098e+02
8.600000000000000000e+02,4.000000000000000000e+02,1.102607382890357854e+02
8.600000000000000000e+02,4.100000000000000000e+02,1.107378226201000899e+02
8.600000000000000000e+02,4.200000000000000000e+02,1.111087334504602211e+02
8.600000000000000000e+02,4.300000000000000000e+02,1.113586738256554725e+02
8.600000000000000000e+02,4.400000000000000000e+02,1.114781386988680225e+02
8.600000000000000000e+02,4.500000000000000000e+02,1.114636139898293266e+02
8.600000000000000000e+02,4.600000000000000000e+02,1.113182030639871982e+02
8.600000000000000000e+02,4.700000000000000000e+02,1.110521806319338509e+02
8.600000000000000000e+02,4.800000000000000000e+02,1.106834740690947285e+02
8.600000000000000000e+02,4.900000000000000000e+02,1.102380721556782248e+02
8.600000000000000000e+02,5.000000000000000000e+02,1.097503612368862491e+02
8.600000000000000000e+02,5.100000000000000000e+02,1.092657180145338884e+02
8.600000000000000000e+02,5.200000000000000000e+02,1.088367644715762879e+02
8.600000000000000000e+02,5.300000000000000000e+02,1.084991070547907697e+02
8.600000000000000000e+02,5.400000000000000000e+02,1.082698568845173668e+02
8.600000000000000000e+02,5.500000000000000000e+02,1.081511353828224173e+02
8.600000000000000000e+02,5.600000000000000000e+02,1.081333068448412291e+02
8.600000000000000000e+02,5.700000000000000000e+02,1.081979379532997712e+02
8.600000000000000000e+02,5.800000000000000000e+02,1.083204842362155631e+02
8.600000000000000000e+02,5.900000000000000000e+02,1.084727034677775634e+02
8.600000000000000000e+02,6.000000000000000000e+02,1.086247960124051843e+02
8.600000000000000000e+02,6.100000000000000000e+02,1.087472721119864190e+02
8.600000000000000000e+02,6.200000000000000000e+02,1.088125461162950387e+02
8.600000000000000000e+02,6.300000000000000000e+02,1.087962576565868318e+02
8.600000000000000000e+02,6.400000000000000000e+02,1.086783197623750539e+02
8.600000000000000000e+02,6.500000000000000000e+02,1.084436939213848774e+02
8.600000000000000000e+02,6.600000000000000000e+02,1.080828920826869393e+02
8.600000000000000000e+02,6.700000000000000000e+02,1.075922056030100009e+02
8.600000000000000000e+02,6.800000000000000000e+02,1.069736611362327068e+02
8.600000000000000000e+02,6.900000000000000000e+02,1.062347034660544125e+02
8.600000000000000000e+02,7.000000000000000000e+02,1.053876052818451257e+02
8.600000000000000000e+02,7.100000000000000000e+02,1.044486038976745448e+02
8.600000000000000000e+02,7.200000000000000000e+02,1.034367649145200971e+02
8.600000000000000000e+02,7.300000000000000000e+02,1.023725728256542311e+02
8.600000000000000000e+02,7.400000000000000000e+02,1.012762485652106648e+02
8.600000000000000000e+02,7.500000000000000000e+02,1.001657939999297895e+02
8.600000000000000000e+02,7.600000000000000000e+02,9.905725009017891125e+01
8.600000000000000000e+02,7.700000000000000000e+02,9.797467795741030727e+01
8.600000000000000000e+02,7.800000000000000000e+02,9.694851411309723233e+01
8.600000000000000000e+02,7.900000000000000000e+02,9.601123018247103857e+01
8.600000000000000000e+02,8.000000000000000000e+02,9.519457979159422223e+01
8.600000000000000000e+02,8.100000000000000000e+02,9.452724612231141066e+01
8.600000000000000000e+02,8.200000000000000000e+02,9.403289013507814786e+01
8.600000000000000000e+02,8.300000000000000000e+02,9.372859945966760620e+01
8.600000000000000000e+02,8.400000000000000000e+02,9.362373795375503960e+01
8.600000000000000000e+02,8.500000000000000000e+02,9.371919592938019150e+01
8.600000000000000000e+02,8.600000000000000000e+02,9.400704104728752952e+01
8.600000000000000000e+02,8.700000000000000000e+02,9.447056987914427850e+01
8.600000000000000000e+02,8.800000000000000000e+02,9.508476013763639401e+01
8.600000000000000000e+02,8.900000000000000000e+02,9.581712357444231998e+01
8.600000000000000000e+02,9.000000000000000000e+02,9.662895954608463001e+01
8.600000000000000000e+02,9.100000000000000000e+02,9.747700924765950958e+01
8.600000000000000000e+02,9.200000000000000000e+02,9.831551061444410777e+01
8.600000000000000000e+02,9.300000000000000000e+02,9.909865389138170144e+01
8.600000000000000000e+02,9.400000000000000000e+02,9.978343787044485680e+01
8.600000000000000000e+02,9.500000000000000000e+02,1.003329267958761477e+02
8.600000000000000000e+02,9.600000000000000000e+02,1.007199079373070703e+02
8.600000000000000000e+02,9.700000000000000000e+02,1.009309498307545425e+02
8.600000000000000000e+02,9.800000000000000000e+02,1.009708611874954443e+02
8.600000000000000000e+02,9.900000000000000000e+02,1.008675504708189408e+02
8.700000000000000000e+02,0.000000000000000000e+00,9.948875153856315023e+01
8.700000000000000000e+02,1.000000000000000000e+01,9.974452999155690236e+01
8.700000000000000000e+02,2.000000000000000000e+01,1.000489277837657198e+02
8.700000000000000000e+02,3.000000000000000000e+01,1.004315357602651204e+02
8.700000000000000000e+02,4.000000000000000000e+01,1.009046452511038723e+02
8.700000000000000000e+02,5.000000000000000000e+01,1.014667829405446042e+02
8.700000000000000000e+02,6.000000000000000000e+01,1.021059502722201273e+02
8.700000000000000000e+02,7.000000000000000000e+01,1.028025673902051267e+02
8.700000000000000000e+02,8.000000000000000000e+01,1.035321216160033515e+02
8.700000000000000000e+02,9.000000000000000000e+01,1.042675204614504167e+02
8.700000000000000000e+02,1.000000000000000000e+02,1.049811491775319610e+02
8.700000000000000000e+02,1.100000000000000000e+02,1.056466328391173732e+02
8.700000000000000000e+02,1.200000000000000000e+02,1.062403029656090183e+02
8.700000000000000000e+02,1.300000000000000000e+02,1.067423686775069456e+02
8.700000000000000000e+02,1.400000000000000000e+02,1.071377923888891104e+02
8.700000000000000000e+02,1.500000000000000000e+02,1.074168700358070367e+02
8.700000000000000000e+02,1.600000000000000000e+02,1.075755158405970775e+02
8.700000000000000000e+02,1.700000000000000000e+02,1.076152516121070875e+02
8.700000000000000000e+02,1.800000000000000000e+02,1.075429005818385946e+02
8.700000000000000000e+02,1.900000000000000000e+02,1.073699857760045546e+02
8.700000000000000000e+02,2.000000000000000000e+02,1.071118329235025044e+02
8.700000000000000000e+02,2.100000000000000000e+02,1.067863778998032842e+02
8.700000000000000000e+02,2.200000000000000000e+02,1.064126787067551732e+02
8.700000000000000000e+02,2.300000000000000000e+02,1.060091319883036363e+02
8.700000000000000000e+02,2.400000000000000000e+02,1.055913940821264418e+02
8.700000000000000000e+02,2.500000000000000000e+02,1.051700066071844191e+02
8.700000000000000000e+02,2.600000000000000000e+02,1.047576211599396316e+02
8.700000000000000000e+02,2.700000000000000000e+02,1.043955891154414957e+02
8.700000000000000000e+02,2.800000000000000000e+02,1.041227919661028380e+02
8.700000000000000000e+02,2.900000000000000000e+02,1.039665423407564049e+02
8.700000000000000000e+02,3.000000000000000000e+02,1.039436322099242602e+02
8.700000000000000000e+02,3.100000000000000000e+02,1.040613894810218625e+02
8.700000000000000000e+02,3.200000000000000000e+02,1.043187429834965201e+02
8.700000000000000000e+02,3.300000000000000000e+02,1.047072958439007095e+02
8.700000000000000000e+02,3.400000000000000000e+02,1.052124072508996591e+02
8.700000000000000000e+02,3.500000000000000000e+02,1.058142826102137803e+02
8.700000000000000000e+02,3.600000000000000000e+02,1.064890720894954939e+02
8.700000000000000000e+02,3.700000000000000000e+02,1.072099775531407744e+02
8.700000000000000000e+02,3.800000000000000000e+02,1.079483678870351184e+02
8.700000000000000000e+02,3.900000000000000000e+02,1.086749027132342462e+02
8.700000000000000000e+02,4.000000000000000000e+02,1.093606644945792965e+02
8.700000000000000000e+02,4.100000000000000000e+02,1.099782990292466138e+02
8.700000000000000000e+02,4.200000000000000000e+02,1.105031643352321282e+02
8.700000000000000000e+02,4.300000000000000000e+02,1.109144879247702988e+02
8.700000000000000000e+02,4.400000000000000000e+02,1.111965324686876215e+02
8.700000000000000000e+02,4.500000000000000000e+02,1.113397698506908142e+02
8.700000000000000000e+02,4.600000000000000000e+02,1.113420636115893956e+02
8.700000000000000000e+02,4.700000000000000000e+02,1.112098597834530835e+02
8.700000000000000000e+02,4.800000000000000000e+02,1.109593861137034310e+02
8.700000000000000000e+02,4.900000000000000000e+02,1.106178596791405511e+02
8.700000000000000000e+02,5.000000000000000000e+02,1.102247028899038384e+02
8.700000000000000000e+02,5.100000000000000000e+02,1.098323208858209199e+02
8.700000000000000000e+02,5.200000000000000000e+02,1.094927157247084608e+02
8.700000000000000000e+02,5.300000000000000000e+02,1.092381856882164328e+02
8.700000000000000000e+02,5.400000000000000000e+02,1.090823867336511341e+02
8.700000000000000000e+02,5.500000000000000000e+02,1.090241134522735535e+02
8.700000000000000000e+02,5.600000000000000000e+02,1.090507660584277119e+02
8.700000000000000000e+02,5.700000000000000000e+02,1.091415034094995633e+02
8.700000000000000000e+02,5.800000000000000000e+02,1.092700820567058742e+02
8.700000000000000000e+02,5.900000000000000000e+02,1.094073813267135336e+02
8.700000000000000000e+02,6.000000000000000000e+02,1.095236144340889979e+02
8.700000000000000000e+02,6.100000000000000000e+02,1.095902256245780393e+02
8.700000000000000000e+02,6.200000000000000000e+02,1.095814733492157131e+02
8.700000000000000000e+02,6.300000000000000000e+02,1.094756994692666154e+02
8.700000000000000000e+02,6.400000000000000000e+02,1.092562844919953449e+02
8.700000000000000000e+02,6.500000000000000000e+02,1.089122888372671980e+02
8.700000000000000000e+02,6.600000000000000000e+02,1.084387801349791971e+02
8.700000000000000000e+02,6.700000000000000000e+02,1.078368465533212657e+02
8.700000000000000000e+02,6.800000000000000000e+02,1.071132961578676657e+02
8.700000000000000000e+02,6.900000000000000000e+02,1.062800423014988240e+02
8.700000000000000000e+02,7.000000000000000000e+02,1.053531750451531508e+02
8.700000000000000000e+02,7.100000000000000000e+02,1.043517186094093461e+02
8.700000000000000000e+02,7.200000000000000000e+02,1.032960748568987981e+02
8.700000000000000000e+02,7.300000000000000000e+02,1.022061528055483279e+02
8.700000000000000000e+02,7.400000000000000000e+02,1.010991841726531106e+02
8.700000000000000000e+02,7.500000000000000000e+02,9.998722494977987196e+01
8.700000000000000000e+02,7.600000000000000000e+02,9.887690093296160398e+01
8.700000000000000000e+02,7.700000000000000000e+02,9.778200273818784183e+01
8.700000000000000000e+02,7.800000000000000000e+02,9.672622983598031965e+01
8.700000000000000000e+02,7.900000000000000000e+02,9.573882370436636791e+01
8.700000000000000000e+02,8.000000000000000000e+02,9.485114903019871235e+01
8.700000000000000000e+02,8.100000000000000000e+02,9.409372750671906260e+01
8.700000000000000000e+02,8.200000000000000000e+02,9.349372422736564658e+01
8.700000000000000000e+02,8.300000000000000000e+02,9.307288667582470509e+01
8.700000000000000000e+02,8.400000000000000000e+02,9.284593631232590383e+01
8.700000000000000000e+02,8.500000000000000000e+02,9.281941275618156340e+01
8.700000000000000000e+02,8.600000000000000000e+02,9.299097056457000576e+01
8.700000000000000000e+02,8.700000000000000000e+02,9.334912860756260500e+01
8.700000000000000000e+02,8.800000000000000000e+02,9.387347203939494023e+01
8.700000000000000000e+02,8.900000000000000000e+02,9.453530686598173816e+01
8.700000000000000000e+02,9.000000000000000000e+02,9.529876710867583256e+01
8.700000000000000000e+02,9.100000000000000000e+02,9.612237456427095594e+01
8.700000000000000000e+02,9.200000000000000000e+02,9.696105116124853396e+01
8.700000000000000000e+02,9.300000000000000000e+02,9.776858391226834044e+01
8.700000000000000000e+02,9.400000000000000000e+02,9.850054246290315518e+01
8.700000000000000000e+02,9.500000000000000000e+02,9.911764923661719706e+01
8.700000000000000000e+02,9.600000000000000000e+02,9.958960217598864517e+01
8.700000000000000000e+02,9.700000000000000000e+02,9.989935008017592111e+01
8.700000000000000000e+02,9.800000000000000000e+02,1.000478205386280735e+02
8.700000000000000000e+02,9.900000000000000000e+02,1.000591004610389518e+02
8.800000000000000000e+02,0.000000000000000000e+00,9.857768648376733722e+01
8.800000000000000000e+02,1.000000000000000000e+01,9.877951099238926247e+01
8.800000000000000000e+02,2.000000000000000000e+01,9.903816803460664175e+01
8.800000000000000000e+02,3.000000000000000000e+01,9.938913726029061024e+01
8.800000000000000000e+02,4.000000000000000000e+01,9.984836247705293033e+01
8.800000000000000000e+02,5.000000000000000000e+01,1.004161012750466568e+02
8.800000000000000000e+02,6.000000000000000000e+01,1.010804632548509687e+02
8.800000000000000000e+02,7.000000000000000000e+01,1.018206368584401247e+02
8.800000000000000000e+02,8.000000000000000000e+01,1.026098048032366279e+02
8.800000000000000000e+02,9.000000000000000000e+01,1.034177481192485288e+02
8.800000000000000000e+02,1.000000000000000000e+02,1.042131387892907810e+02
8.800000000000000000e+02,1.100000000000000000e+02,1.049655209922908909e+02
8.800000000000000000e+02,1.200000000000000000e+02,1.056469809496786354e+02
8.800000000000000000e+02,1.300000000000000000e+02,1.062335053748599307e+02
8.800000000000000000e+02,1.400000000000000000e+02,1.067060285257748689e+02
8.800000000000000000e+02,1.500000000000000000e+02,1.070511678605398913e+02
8.800000000000000000e+02,1.600000000000000000e+02,1.072616482961741724e+02
8.800000000000000000e+02,1.700000000000000000e+02,1.073364150704100268e+02
8.800000000000000000e+02,1.800000000000000000e+02,1.072804352065875975e+02
8.800000000000000000e+02,1.900000000000000000e+02,1.071041875816336244e+02
8.800000000000000000e+02,2.000000000000000000e+02,1.068228415971243521e+02
8.800000000000000000e+02,2.100000000000000000e+02,1.064551244534326599e+02
8.800000000000000000e+02,2.200000000000000000e+02,1.060218770269592881e+02
8.800000000000000000e+02,2.300000000000000000e+02,1.055442983504481731e+02
8.800000000000000000e+02,2.400000000000000000e+02,1.050418786963860356e+02
8.800000000000000000e+02,2.500000000000000000e+02,1.045300212634860344e+02
8.800000000000000000e+02,2.600000000000000000e+02,1.040253701370556172e+02
8.800000000000000000e+02,2.700000000000000000e+02,1.035676343569472806e+02
8.800000000000000000e+02,2.800000000000000000e+02,1.031952039834181960e+02
8.800000000000000000e+02,2.900000000000000000e+02,1.029373575995504950e+02
8.800000000000000000e+02,3.000000000000000000e+02,1.028145525999780716e+02
8.800000000000000000e+02,3.100000000000000000e+02,1.028388058850966615e+02
8.800000000000000000e+02,3.200000000000000000e+02,1.030141649607574550e+02
8.800000000000000000e+02,3.300000000000000000e+02,1.033372694434438586e+02
8.800000000000000000e+02,3.400000000000000000e+02,1.037980029709318188e+02
8.800000000000000000e+02,3.500000000000000000e+02,1.043802355184333805e+02
8.800000000000000000e+02,3.600000000000000000e+02,1.050626561202236076e+02
8.800000000000000000e+02,3.700000000000000000e+02,1.058196959967510082e+02
8.800000000000000000e+02,3.800000000000000000e+02,1.066225420872310536e+02
8.800000000000000000e+02,3.900000000000000000e+02,1.074402409877233850e+02
8.800000000000000000e+02,4.000000000000000000e+02,1.082408932946920856e+02
8.800000000000000000e+02,4.100000000000000000e+02,1.089929383540494854e+02
8.800000000000000000e+02,4.200000000000000000e+02,1.096665294156833284e+02
8.800000000000000000e+02,4.300000000000000000e+02,1.102349991934672175e+02
8.800000000000000000e+02,4.400000000000000000e+02,1.106764158307544363e+02
8.800000000000000000e+02,4.500000000000000000e+02,1.109752292713552180e+02
8.800000000000000000e+02,4.600000000000000000e+02,1.111240080359972495e+02
8.800000000000000000e+02,4.700000000000000000e+02,1.111252664042696665e+02
8.800000000000000000e+02,4.800000000000000000e+02,1.109933820020502395e+02
8.800000000000000000e+02,4.900000000000000000e+02,1.107566037944162360e+02
8.800000000000000000e+02,5.000000000000000000e+02,1.104591504840381759e+02
8.800000000000000000e+02,5.100000000000000000e+02,1.101603694696613900e+02
8.800000000000000000e+02,5.200000000000000000e+02,1.099122312113473328e+02
8.800000000000000000e+02,5.300000000000000000e+02,1.097443099128144297e+02
8.800000000000000000e+02,5.400000000000000000e+02,1.096671982456650909e+02
8.800000000000000000e+02,5.500000000000000000e+02,1.096765853190910747e+02
8.800000000000000000e+02,5.600000000000000000e+02,1.097569792396007244e+02
8.800000000000000000e+02,5.700000000000000000e+02,1.098850742607677944e+02
8.800000000000000000e+02,5.800000000000000000e+02,1.100327625230022051e+02
8.800000000000000000e+02,5.900000000000000000e+02,1.101697903833424448e+02
8.800000000000000000e+02,6.000000000000000000e+02,1.102660593352697305e+02
8.800000000000000000e+02,6.100000000000000000e+02,1.102935715185440131e+02
8.800000000000000000e+02,6.200000000000000000e+02,1.102280198190616574e+02
8.800000000000000000e+02,6.300000000000000000e+02,1.100500225587349235e+02
8.800000000000000000e+02,6.400000000000000000e+02,1.097460027753931655e+02
8.800000000000000000e+02,6.500000000000000000e+02,1.093087120927058322e+02
8.800000000000000000e+02,6.600000000000000000e+02,1.087373991801272268e+02
8.800000000000000000e+02,6.700000000000000000e+02,1.080376228028629697e+02
8.800000000000000000e+02,6.800000000000000000e+02,1.072207094618582630e+02
8.800000000000000000e+02,6.900000000000000000e+02,1.063028556238079290e+02
8.800000000000000000e+02,7.000000000000000000e+02,1.053038745411881649e+02
8.800000000000000000e+02,7.100000000000000000e+02,1.042455876623101005e+02
8.800000000000000000e+02,7.200000000000000000e+02,1.031498606313950006e+02
8.800000000000000000e+02,7.300000000000000000e+02,1.020362838786714406e+02
8.800000000000000000e+02,7.400000000000000000e+02,1.009194978004939998e+02
8.800000000000000000e+02,7.500000000000000000e+02,9.980616252948392741e+01
8.800000000000000000e+02,7.600000000000000000e+02,9.869403457175626215e+01
8.800000000000000000e+02,7.700000000000000000e+02,9.758664562596075598e+01
8.800000000000000000e+02,7.800000000000000000e+02,9.650086754182800064e+01
8.800000000000000000e+02,7.900000000000000000e+02,9.546266744880668398e+01
8.800000000000000000e+02,8.000000000000000000e+02,9.450301457015959272e+01
8.800000000000000000e+02,8.100000000000000000e+02,9.365429223242162493e+01
8.800000000000000000e+02,8.200000000000000000e+02,9.294721507022006790e+01
8.800000000000000000e+02,8.300000000000000000e+02,9.240825142645695678e+01
8.800000000000000000e+02,8.400000000000000000e+02,9.205755094785347126e+01
8.800000000000000000e+02,8.500000000000000000e+02,9.190737737585669720e+01
8.800000000000000000e+02,8.600000000000000000e+02,9.196104653290832687e+01
8.800000000000000000e+02,8.700000000000000000e+02,9.221236950407552513e+01
8.800000000000000000e+02,8.800000000000000000e+02,9.264560101404407533e+01
8.800000000000000000e+02,8.900000000000000000e+02,9.323589299947346376e+01
8.800000000000000000e+02,9.000000000000000000e+02,9.395025337671425802e+01
8.800000000000000000e+02,9.100000000000000000e+02,9.474901000488753766e+01
8.800000000000000000e+02,9.200000000000000000e+02,9.558777984432647656e+01
8.800000000000000000e+02,9.300000000000000000e+02,9.641994331038010557e+01
8.800000000000000000e+02,9.400000000000000000e+02,9.719962382257917000e+01
8.800000000000000000e+02,9.500000000000000000e+02,9.788517254916411048e+01
8.800000000000000000e+02,9.600000000000000000e+02,9.844315834697525247e+01
8.800000000000000000e+02,9.700000000000000000e+02,9.885286289670504800e+01
8.800000000000000000e+02,9.800000000000000000e+02,9.911128103351248342e+01
8.800000000000000000e+02,9.900000000000000000e+02,9.923862627299975259e+01
8.900000000000000000e+02,0.000000000000000000e+00,9.771457297174029577e+01
8.900000000000000000e+02,1.000000000000000000e+01,9.786304575232374248e+01
8.900000000000000000e+02,2.000000000000000000e+01,9.807598632173150577e+01
8.900000000000000000e+02,3.000000000000000000e+01,9.839432471065444474e+01
8.900000000000000000e+02,4.000000000000000000e+01,9.883735761022803956e+01
8.900000000000000000e+02,5.000000000000000000e+01,9.940689823268171210e+01
8.900000000000000000e+02,6.000000000000000000e+01,1.000910990454189857e+02
8.900000000000000000e+02,7.000000000000000000e+01,1.008679473785281857e+02
8.900000000000000000e+02,8.000000000000000000e+01,1.017084339057241351e+02
8.900000000000000000e+02,9.000000000000000000e+01,1.025793939987204340e+02
8.900000000000000000e+02,1.000000000000000000e+02,1.034460219550325633e+02
8.900000000000000000e+02,1.100000000000000000e+02,1.042740580992116719e+02
8.900000000000000000e+02,1.200000000000000000e+02,1.050316487575092310e+02
8.900000000000000000e+02,1.300000000000000000e+02,1.056908791059722859e+02
8.900000000000000000e+02,1.400000000000000000e+02,1.062289788919696178e+02
8.900000000000000000e+02,1.500000000000000000e+02,1.066292010291485042e+02
8.900000000000000000e+02,1.600000000000000000e+02,1.068813730658223449e+02
8.900000000000000000e+02,1.700000000000000000e+02,1.069821215267890153e+02
8.900000000000000000e+02,1.800000000000000000e+02,1.069347691285798589e+02
8.900000000000000000e+02,1.900000000000000000e+02,1.067489048681396184e+02
8.900000000000000000e+02,2.000000000000000000e+02,1.064396269849369787e+02
8.900000000000000000e+02,2.100000000000000000e+02,1.060264587965058780e+02
8.900000000000000000e+02,2.200000000000000000e+02,1.055319374074176437e+02
8.900000000000000000e+02,2.300000000000000000e+02,1.049798752916837401e+02
8.900000000000000000e+02,2.400000000000000000e+02,1.043932947485894829e+02
8.900000000000000000e+02,2.500000000000000000e+02,1.037920352319582094e+02
8.900000000000000000e+02,2.600000000000000000e+02,1.031962085520315355e+02
8.900000000000000000e+02,2.700000000000000000e+02,1.026434262289096040e+02
8.900000000000000000e+02,2.800000000000000000e+02,1.021712270854959712e+02
8.900000000000000000e+02,2.900000000000000000e+02,1.018105756617070625e+02
8.900000000000000000e+02,3.000000000000000000e+02,1.015853936665111235e+02
8.900000000000000000e+02,3.100000000000000000e+02,1.015122628051243652e+02
8.900000000000000000e+02,3.200000000000000000e+02,1.016002989813640909e+02
8.900000000000000000e+02,3.300000000000000000e+02,1.018511978751590590e+02
8.900000000000000000e+02,3.400000000000000000e+02,1.022594518952167419e+02
8.900000000000000000e+02,3.500000000000000000e+02,1.028127385068478787e+02
8.900000000000000000e+02,3.600000000000000000e+02,1.034924799349479514e+02
8.900000000000000000e+02,3.700000000000000000e+02,1.042745742421358557e+02
8.900000000000000000e+02,3.800000000000000000e+02,1.051302977820496380e+02
8.900000000000000000e+02,3.900000000000000000e+02,1.060273790277992561e+02
8.900000000000000000e+02,4.000000000000000000e+02,1.069312437755765473e+02
8.900000000000000000e+02,4.100000000000000000e+02,1.078064317234221505e+02
8.900000000000000000e+02,4.200000000000000000e+02,1.086181844251496642e+02
8.900000000000000000e+02,4.300000000000000000e+02,1.093342046194267994e+02
8.900000000000000000e+02,4.400000000000000000e+02,1.099265869340136135e+02
8.900000000000000000e+02,4.500000000000000000e+02,1.103739199651578673e+02
8.900000000000000000e+02,4.600000000000000000e+02,1.106635597321475188e+02
8.900000000000000000e+02,4.700000000000000000e+02,1.107940745070202269e+02
8.900000000000000000e+02,4.800000000000000000e+02,1.107778610194299063e+02
8.900000000000000000e+02,4.900000000000000000e+02,1.106439320366706056e+02
8.900000000000000000e+02,5.000000000000000000e+02,1.104408753188571382e+02
8.900000000000000000e+02,5.100000000000000000e+02,1.102346551470592004e+02
8.900000000000000000e+02,5.200000000000000000e+02,1.100778171336947224e+02
8.900000000000000000e+02,5.300000000000000000e+02,1.099978959188348142e+02
8.900000000000000000e+02,5.400000000000000000e+02,1.100029124467776143e+02
8.900000000000000000e+02,5.500000000000000000e+02,1.100857639483408263e+02
8.900000000000000000e+02,5.600000000000000000e+02,1.102282176008271932e+02
8.900000000000000000e+02,5.700000000000000000e+02,1.104045078656628220e+02
8.900000000000000000e+02,5.800000000000000000e+02,1.105845375037084324e+02
8.900000000000000000e+02,5.900000000000000000e+02,1.107366822682436265e+02
8.900000000000000000e+02,6.000000000000000000e+02,1.108301992756238690e+02
8.900000000000000000e+02,6.100000000000000000e+02,1.108372390536106167e+02
8.900000000000000000e+02,6.200000000000000000e+02,1.107344612673741580e+02
8.900000000000000000e+02,6.300000000000000000e+02,1.105042541231694742e+02
8.900000000000000000e+02,6.400000000000000000e+02,1.101355574496850380e+02
8.900000000000000000e+02,6.500000000000000000e+02,1.096242894570644069e+02
8.900000000000000000e+02,6.600000000000000000e+02,1.089733771736008663e+02
8.900000000000000000e+02,6.700000000000000000e+02,1.081923905601048972e+02
8.900000000000000000e+02,6.800000000000000000e+02,1.072967803019445796e+02
8.900000000000000000e+02,6.900000000000000000e+02,1.063067192787589335e+02
8.900000000000000000e+02,7.000000000000000000e+02,1.052455477118441394e+02
8.900000000000000000e+02,7.100000000000000000e+02,1.041378219892127248e+02
8.900000000000000000e+02,7.200000000000000000e+02,1.030069671683255592e+02
8.900000000000000000e+02,7.300000000000000000e+02,1.018725331564969139e+02
8.900000000000000000e+02,7.400000000000000000e+02,1.007470545689722741e+02
8.900000000000000000e+02,7.500000000000000000e+02,9.963251426467923011e+01
8.900000000000000000e+02,7.600000000000000000e+02,9.851861370074824720e+01
8.900000000000000000e+02,7.700000000000000000e+02,9.739894755633891066e+01
8.900000000000000000e+02,7.800000000000000000e+02,9.628368239869234912e+01
8.900000000000000000e+02,7.900000000000000000e+02,9.519557732618717694e+01
8.900000000000000000e+02,8.000000000000000000e+02,9.416522601499897860e+01
8.900000000000000000e+02,8.100000000000000000e+02,9.322685588948802149e+01
8.900000000000000000e+02,8.200000000000000000e+02,9.241468441631522523e+01
8.900000000000000000e+02,8.300000000000000000e+02,9.175983252228627407e+01
8.900000000000000000e+02,8.400000000000000000e+02,9.128779513592400008e+01
8.900000000000000000e+02,8.500000000000000000e+02,9.101646885276885257e+01
8.900000000000000000e+02,8.600000000000000000e+02,9.095473672440776625e+01
8.900000000000000000e+02,8.700000000000000000e+02,9.110161017123103022e+01
8.900000000000000000e+02,8.800000000000000000e+02,9.144592801891752742e+01
8.900000000000000000e+02,8.900000000000000000e+02,9.196661265864800328e+01
8.900000000000000000e+02,9.000000000000000000e+02,9.263348333104677579e+01
8.900000000000000000e+02,9.100000000000000000e+02,9.340862653385141812e+01
8.900000000000000000e+02,9.200000000000000000e+02,9.424832355331078304e+01
8.900000000000000000e+02,9.300000000000000000e+02,9.510553511931117043e+01
8.900000000000000000e+02,9.400000000000000000e+02,9.593294318423082245e+01
8.900000000000000000e+02,9.500000000000000000e+02,9.668654982552236277e+01
8.900000000000000000e+02,9.600000000000000000e+02,9.732983327202376245e+01
8.900000000000000000e+02,9.700000000000000000e+02,9.783846105399724991e+01
8.900000000000000000e+02,9.800000000000000000e+02,9.820556027689660539e+01
8.900000000000000000e+02,9.900000000000000000e+02,9.844754501886255582e+01
9.000000000000000000e+02,0.000000000000000000e+00,9.694713010925904939e+01
9.000000000000000000e+02,1.000000000000000000e+01,9.704420245623171581e+01
9.000000000000000000e+02,2.000000000000000000e+01,9.721259209327577366e+01
9.000000000000000000e+02,3.000000000000000000e+01,9.749809188494614887e+01
9.000000000000000000e+02,4.000000000000000000e+01,9.792295918030015400e+01
9.000000000000000000e+02,5.000000000000000000e+01,9.849034346400028994e+01
9.000000000000000000e+02,6.000000000000000000e+01,9.918837175288882690e+01
9.000000000000000000e+02,7.000000000000000000e+01,9.999389173803379549e+01
9.000000000000000000e+02,8.000000000000000000e+01,1.008758726722464445e+02
9.000000000000000000e+02,9.000000000000000000e+01,1.017984640030703360e+02
9.000000000000000000e+02,1.000000000000000000e+02,1.027237117512419502e+02
9.000000000000000000e+02,1.100000000000000000e+02,1.036139326346227278e+02
9.000000000000000000e+02,1.200000000000000000e+02,1.044337459376027937e+02
9.000000000000000000e+02,1.300000000000000000e+02,1.051517631259760606e+02
9.000000000000000000e+02,1.400000000000000000e+02,1.057419352072869287e+02
9.000000000000000000e+02,1.500000000000000000e+02,1.061845578366485370e+02
9.000000000000000000e+02,1.600000000000000000e+02,1.064669341680324806e+02
9.000000000000000000e+02,1.700000000000000000e+02,1.065836954510301240e+02
9.000000000000000000e+02,1.800000000000000000e+02,1.065367793730853805e+02
9.000000000000000000e+02,1.900000000000000000e+02,1.063350661471990435e+02
9.000000000000000000e+02,2.000000000000000000e+02,1.059936723451046703e+02
9.000000000000000000e+02,2.100000000000000000e+02,1.055329024759159751e+02
9.000000000000000000e+02,2.200000000000000000e+02,1.049768583102457313e+02
9.000000000000000000e+02,2.300000000000000000e+02,1.043517059497961696e+02
9.000000000000000000e+02,2.400000000000000000e+02,1.036836006424210836e+02
9.000000000000000000e+02,2.500000000000000000e+02,1.029962693426592182e+02
9.000000000000000000e+02,2.600000000000000000e+02,1.023126539290247763e+02
9.000000000000000000e+02,2.700000000000000000e+02,1.016678038456316244e+02
9.000000000000000000e+02,2.800000000000000000e+02,1.010980122535105181e+02
9.000000000000000000e+02,2.900000000000000000e+02,1.006355678107754983e+02
9.000000000000000000e+02,3.000000000000000000e+02,1.003075439685737535e+02
9.000000000000000000e+02,3.100000000000000000e+02,1.001348375145964127e+02
9.000000000000000000e+02,3.200000000000000000e+02,1.001314563641504378e+02
9.000000000000000000e+02,3.300000000000000000e+02,1.003040565987912913e+02
9.000000000000000000e+02,3.400000000000000000e+02,1.006517287525167603e+02
9.000000000000000000e+02,3.500000000000000000e+02,1.011660333455215977e+02
9.000000000000000000e+02,3.600000000000000000e+02,1.018312856655132066e+02
9.000000000000000000e+02,3.700000000000000000e+02,1.026250897965882984e+02
9.000000000000000000e+02,3.800000000000000000e+02,1.035191218956704091e+02
9.000000000000000000e+02,3.900000000000000000e+02,1.044801627165085591e+02
9.000000000000000000e+02,4.000000000000000000e+02,1.054713793812366873e+02
9.000000000000000000e+02,4.100000000000000000e+02,1.064538563994941995e+02
9.000000000000000000e+02,4.200000000000000000e+02,1.073883759351073905e+02
9.000000000000000000e+02,4.300000000000000000e+02,1.082374473203318814e+02
9.000000000000000000e+02,4.400000000000000000e+02,1.089675858176560155e+02
9.000000000000000000e+02,4.500000000000000000e+02,1.095518406291651701e+02
9.000000000000000000e+02,4.600000000000000000e+02,1.099725721534670697e+02
9.000000000000000000e+02,4.700000000000000000e+02,1.102244784901781429e+02
9.000000000000000000e+02,4.800000000000000000e+02,1.103178711919705961e+02
9.000000000000000000e+02,4.900000000000000000e+02,1.102822002641809149e+02
9.000000000000000000e+02,5.000000000000000000e+02,1.101698284119786848e+02
9.000000000000000000e+02,5.100000000000000000e+02,1.100527873094247298e+02
9.000000000000000000e+02,5.200000000000000000e+02,1.099847921358255718e+02
9.000000000000000000e+02,5.300000000000000000e+02,1.099920886981343529e+02
9.000000000000000000e+02,5.400000000000000000e+02,1.100806930550174911e+02
9.000000000000000000e+02,5.500000000000000000e+02,1.102411010284931479e+02
9.000000000000000000e+02,5.600000000000000000e+02,1.104525620458817912e+02
9.000000000000000000e+02,5.700000000000000000e+02,1.106869173120693404e+02
9.000000000000000000e+02,5.800000000000000000e+02,1.109120023120823220e+02
9.000000000000000000e+02,5.900000000000000000e+02,1.110946136439754355e+02
9.000000000000000000e+02,6.000000000000000000e+02,1.112030401820313870e+02
9.000000000000000000e+02,6.100000000000000000e+02,1.112091585702730043e+02
9.000000000000000000e+02,6.200000000000000000e+02,1.110900930462875635e+02
9.000000000000000000e+02,6.300000000000000000e+02,1.108294395953634677e+02
9.000000000000000000e+02,6.400000000000000000e+02,1.104180544349392221e+02
9.000000000000000000e+02,6.500000000000000000e+02,1.098544068293645779e+02
9.000000000000000000e+02,6.600000000000000000e+02,1.091444962349741132e+02
9.000000000000000000e+02,6.700000000000000000e+02,1.083013337754729406e+02
9.000000000000000000e+02,6.800000000000000000e+02,1.073439880476347810e+02
9.000000000000000000e+02,6.900000000000000000e+02,1.062961952573122772e+02
9.000000000000000000e+02,7.000000000000000000e+02,1.051845336857596749e+02
9.000000000000000000e+02,7.100000000000000000e+02,1.040361624862676280e+02
9.000000000000000000e+02,7.200000000000000000e+02,1.028761248111104152e+02
9.000000000000000000e+02,7.300000000000000000e+02,1.017242152688053665e+02
9.000000000000000000e+02,7.400000000000000000e+02,1.005914117116846427e+02
9.000000000000000000e+02,7.500000000000000000e+02,9.947587135377915502e+01
9.000000000000000000e+02,7.600000000000000000e+02,9.836028343173138921e+01
9.000000000000000000e+02,7.700000000000000000e+02,9.722892334218904864e+01
9.000000000000000000e+02,7.800000000000000000e+02,9.608558271066304712e+01
9.000000000000000000e+02,7.900000000000000000e+02,9.494998674602003064e+01
9.000000000000000000e+02,8.000000000000000000e+02,9.385239908392367170e+01
9.000000000000000000e+02,8.100000000000000000e+02,9.282883369599494472e+01
9.000000000000000000e+02,8.200000000000000000e+02,9.191687386469126864e+01
9.000000000000000000e+02,8.300000000000000000e+02,9.115209822390471572e+01
9.000000000000000000e+02,8.400000000000000000e+02,9.056511386527900243e+01
9.000000000000000000e+02,8.500000000000000000e+02,9.017919651024556060e+01
9.000000000000000000e+02,8.600000000000000000e+02,9.000853774777847605e+01
9.000000000000000000e+02,8.700000000000000000e+02,9.005709933786829424e+01
9.000000000000000000e+02,8.800000000000000000e+02,9.031807458071494921e+01
9.000000000000000000e+02,8.900000000000000000e+02,9.077395675163948852e+01
9.000000000000000000e+02,9.000000000000000000e+02,9.139721460171473666e+01
9.000000000000000000e+02,9.100000000000000000e+02,9.215157492411498197e+01
9.000000000000000000e+02,9.200000000000000000e+02,9.299391218618450239e+01
9.000000000000000000e+02,9.300000000000000000e+02,9.387674522722515746e+01
9.000000000000000000e+02,9.400000000000000000e+02,9.475134102200276232e+01
9.000000000000000000e+02,9.500000000000000000e+02,9.557142550997249941e+01
9.000000000000000000e+02,9.600000000000000000e+02,9.629750149022329708e+01
9.000000000000000000e+02,9.700000000000000000e+02,9.690177358214103265e+01
9.000000000000000000e+02,9.800000000000000000e+02,9.737368025179077335e+01
9.000000000000000000e+02,9.900000000000000000e+02,9.772603290401794141e+01
9.100000000000000000e+02,0.000000000000000000e+00,9.631908875394898928e+01
9.100000000000000000e+02,1.000000000000000000e+01,9.636798566878468364e+01
9.100000000000000000e+02,2.000000000000000000e+01,9.649409148834051564e+01
9.100000000000000000e+02,3.000000000000000000e+01,9.674735202211292062e+01
9.100000000000000000e+02,4.000000000000000000e+01,9.715251840792663529e+01
9.100000000000000000e+02,5.000000000000000000e+01,9.771382317007039831e+01
9.100000000000000000e+02,6.000000000000000000e+01,9.841929987163635474e+01
9.100000000000000000e+02,7.000000000000000000e+01,9.924474636106317860e+01
9.100000000000000000e+02,8.000000000000000000e+01,1.001573316128829703e+02
9.100000000000000000e+02,9.000000000000000000e+01,1.011188461626717725e+02
9.100000000000000000e+02,1.000000000000000000e+02,1.020885961362039183e+02
9.100000000000000000e+02,1.100000000000000000e+02,1.030259408728100681e+02
9.100000000000000000e+02,1.200000000000000000e+02,1.038924741429389087e+02
9.100000000000000000e+02,1.300000000000000000e+02,1.046538489599227262e+02
9.100000000000000000e+02,1.400000000000000000e+02,1.052812459859464695e+02
9.100000000000000000e+02,1.500000000000000000e+02,1.057524855322208452e+02
9.100000000000000000e+02,1.600000000000000000e+02,1.060527831533588028e+02
9.100000000000000000e+02,1.700000000000000000e+02,1.061751488359560227e+02
9.100000000000000000e+02,1.800000000000000000e+02,1.061204297813749804e+02
9.100000000000000000e+02,1.900000000000000000e+02,1.058969967827327565e+02
9.100000000000000000e+02,2.000000000000000000e+02,1.055200741960926223e+02
9.100000000000000000e+02,2.100000000000000000e+02,1.050107135058592576e+02
9.100000000000000000e+02,2.200000000000000000e+02,1.043944104843777865e+02
9.100000000000000000e+02,2.300000000000000000e+02,1.036993659457364743e+02
9.100000000000000000e+02,2.400000000000000000e+02,1.029543900937732133e+02
9.100000000000000000e+02,2.500000000000000000e+02,1.021864504642856559e+02
9.100000000000000000e+02,2.600000000000000000e+02,1.014205982977167082e+02
9.100000000000000000e+02,2.700000000000000000e+02,1.006888699343457887e+02
9.100000000000000000e+02,2.800000000000000000e+02,1.000259028486659361e+02
9.100000000000000000e+02,2.900000000000000000e+02,9.946488278899271052e+01
9.100000000000000000e+02,3.000000000000000000e+02,9.903562465080914023e+01
9.100000000000000000e+02,3.100000000000000000e+02,9.876297544247684357e+01
9.100000000000000000e+02,3.200000000000000000e+02,9.866553934331338382e+01
9.100000000000000000e+02,3.300000000000000000e+02,9.875472485403548717e+01
9.100000000000000000e+02,3.400000000000000000e+02,9.903411403956860681e+01
9.100000000000000000e+02,3.500000000000000000e+02,9.949915386422246399e+01
9.100000000000000000e+02,3.600000000000000000e+02,1.001371696192326937e+02
9.100000000000000000e+02,3.700000000000000000e+02,1.009277004426687228e+02
9.100000000000000000e+02,3.800000000000000000e+02,1.018431569317075827e+02
9.100000000000000000e+02,3.900000000000000000e+02,1.028498008472739826e+02
9.100000000000000000e+02,4.000000000000000000e+02,1.039090469110463886e+02
9.100000000000000000e+02,4.100000000000000000e+02,1.049790866948292916e+02
9.100000000000000000e+02,4.200000000000000000e+02,1.060168346022915244e+02
9.100000000000000000e+02,4.300000000000000000e+02,1.069801959430707257e+02
9.100000000000000000e+02,4.400000000000000000e+02,1.078306570992438367e+02
9.100000000000000000e+02,4.500000000000000000e+02,1.085361977841638890e+02
9.100000000000000000e+02,4.600000000000000000e+02,1.090745253936626824e+02
9.100000000000000000e+02,4.700000000000000000e+02,1.094366314496197106e+02
9.100000000000000000e+02,4.800000000000000000e+02,1.096306701358970628e+02
9.100000000000000000e+02,4.900000000000000000e+02,1.096861589266408004e+02
9.100000000000000000e+02,5.000000000000000000e+02,1.096585013069478407e+02
9.100000000000000000e+02,5.100000000000000000e+02,1.096250464426637024e+02
9.100000000000000000e+02,5.200000000000000000e+02,1.096412314709118760e+02
9.100000000000000000e+02,5.300000000000000000e+02,1.097327941171672592e+02
9.100000000000000000e+02,5.400000000000000000e+02,1.099043607520601853e+02
9.100000000000000000e+02,5.500000000000000000e+02,1.101444749727933470e+02
9.100000000000000000e+02,5.600000000000000000e+02,1.104301537078551405e+02
9.100000000000000000e+02,5.700000000000000000e+02,1.107309708450291055e+02
9.100000000000000000e+02,5.800000000000000000e+02,1.110126683826996725e+02
9.100000000000000000e+02,5.900000000000000000e+02,1.112402951044541908e+02
9.100000000000000000e+02,6.000000000000000000e+02,1.113808727769810929e+02
9.100000000000000000e+02,6.100000000000000000e+02,1.114055898712643824e+02
9.100000000000000000e+02,6.200000000000000000e+02,1.112915228070743296e+02
9.100000000000000000e+02,6.300000000000000000e+02,1.110228847207544476e+02
9.100000000000000000e+02,6.400000000000000000e+02,1.105918017563046192e+02
9.100000000000000000e+02,6.500000000000000000e+02,1.099986168797605615e+02
9.100000000000000000e+02,6.600000000000000000e+02,1.092517212168694840e+02
9.100000000000000000e+02,6.700000000000000000e+02,1.083669129140619987e+02
9.100000000000000000e+02,6.800000000000000000e+02,1.073662835227202663e+02
9.100000000000000000e+02,6.900000000000000000e+02,1.062766319067423808e+02
9.100000000000000000e+02,7.000000000000000000e+02,1.051274056734029756e+02
9.100000000000000000e+02,7.100000000000000000e+02,1.039481701275101528e+02
9.100000000000000000e+02,7.200000000000000000e+02,1.027656047488585358e+02
9.100000000000000000e+02,7.300000000000000000e+02,1.016000271929786436e+02
9.100000000000000000e+02,7.400000000000000000e+02,1.004614448151824746e+02
9.100000000000000000e+02,7.500000000000000000e+02,9.934513371790539793e+01
9.100000000000000000e+02,7.600000000000000000e+02,9.822799422652931867e+01
9.100000000000000000e+02,7.700000000000000000e+02,9.708587008435718246e+01
9.100000000000000000e+02,7.800000000000000000e+02,9.591670323454400204e+01
9.100000000000000000e+02,7.900000000000000000e+02,9.473746003578587249e+01
9.100000000000000000e+02,8.000000000000000000e+02,9.357814332880450081e+01
9.100000000000000000e+02,8.100000000000000000e+02,9.247645828618601627e+01
9.100000000000000000e+02,8.200000000000000000e+02,9.147313204557445943e+01
9.100000000000000000e+02,8.300000000000000000e+02,9.060788712621956620e+01
9.100000000000000000e+02,8.400000000000000000e+02,8.991606862887925899e+01
9.100000000000000000e+02,8.500000000000000000e+02,8.942592521907633341e+01
9.100000000000000000e+02,8.600000000000000000e+02,8.915654389370996569e+01
9.100000000000000000e+02,8.700000000000000000e+02,8.911643853102147261e+01
9.100000000000000000e+02,8.800000000000000000e+02,8.930279222391460792e+01
9.100000000000000000e+02,8.900000000000000000e+02,8.970135339663036689e+01
9.100000000000000000e+02,9.000000000000000000e+02,9.028698570477631336e+01
9.100000000000000000e+02,9.100000000000000000e+02,9.102487171871028693e+01
9.100000000000000000e+02,9.200000000000000000e+02,9.187237039027871788e+01
9.100000000000000000e+02,9.300000000000000000e+02,9.278152830290935071e+01
9.100000000000000000e+02,9.400000000000000000e+02,9.370224470505847592e+01
9.100000000000000000e+02,9.500000000000000000e+02,9.458609032701262720e+01
9.100000000000000000e+02,9.600000000000000000e+02,9.539077998104481537e+01
9.100000000000000000e+02,9.700000000000000000e+02,9.608529894492519929e+01
9.100000000000000000e+02,9.800000000000000000e+02,9.665568312878626500e+01
9.100000000000000000e+02,9.900000000000000000e+02,9.711145302534252721e+01
9.200000000000000000e+02,0.000000000000000000e+00,9.586840521483074440e+01
9.200000000000000000e+02,1.000000000000000000e+01,9.587349662616753676e+01
9.200000000000000000e+02,2.000000000000000000e+01,9.596060057451516911e+01
9.200000000000000000e+02,3.000000000000000000e+01,9.618301483286990106e+01
9.200000000000000000e+02,4.000000000000000000e+01,9.656746347361467997e+01
9.200000000000000000e+02,5.000000000000000000e+01,9.711898627128462635e+01
9.200000000000000000e+02,6.000000000000000000e+01,9.782545886075892838e+01
9.200000000000000000e+02,7.000000000000000000e+01,9.866174365087881881e+01
9.200000000000000000e+02,8.000000000000000000e+01,9.959347149349190431e+01
9.200000000000000000e+02,9.000000000000000000e+01,1.005804541079227903e+02
9.200000000000000000e+02,1.000000000000000000e+02,1.015797272608698592e+02
9.200000000000000000e+02,1.100000000000000000e+02,1.025482247017284010e+02
9.200000000000000000e+02,1.200000000000000000e+02,1.034450828533399971e+02
9.200000000000000000e+02,1.300000000000000000e+02,1.042335762581681138e+02
9.200000000000000000e+02,1.400000000000000000e+02,1.048826837798999634e+02
9.200000000000000000e+02,1.500000000000000000e+02,1.053682855604747033e+02
9.200000000000000000e+02,1.600000000000000000e+02,1.056739907325378169e+02
9.200000000000000000e+02,1.700000000000000000e+02,1.057915958873217903e+02
9.200000000000000000e+02,1.800000000000000000e+02,1.057211742979530129e+02
9.200000000000000000e+02,1.900000000000000000e+02,1.054707958981850027e+02
9.200000000000000000e+02,2.000000000000000000e+02,1.050558780165578270e+02
9.200000000000000000e+02,2.100000000000000000e+02,1.044981668659838334e+02
9.200000000000000000e+02,2.200000000000000000e+02,1.038243497887596618e+02
9.200000000000000000e+02,2.300000000000000000e+02,1.030642982570043529e+02
9.200000000000000000e+02,2.400000000000000000e+02,1.022489416285240225e+02
9.200000000000000000e+02,2.500000000000000000e+02,1.014077716581024333e+02
9.200000000000000000e+02,2.600000000000000000e+02,1.005671776736072616e+02
9.200000000000000000e+02,2.700000000000000000e+02,9.975576694242343478e+01
9.200000000000000000e+02,2.800000000000000000e+02,9.900611468836520146e+01
9.200000000000000000e+02,2.900000000000000000e+02,9.835183048480733703e+01
9.200000000000000000e+02,3.000000000000000000e+02,9.782498021326343007e+01
9.200000000000000000e+02,3.100000000000000000e+02,9.745389620298435318e+01
9.200000000000000000e+02,3.200000000000000000e+02,9.726137555157689008e+01
9.200000000000000000e+02,3.300000000000000000e+02,9.726326662664257583e+01
9.200000000000000000e+02,3.400000000000000000e+02,9.746744374843667913e+01
9.200000000000000000e+02,3.500000000000000000e+02,9.787317005354739763e+01
9.200000000000000000e+02,3.600000000000000000e+02,9.847084853959525219e+01
9.200000000000000000e+02,3.700000000000000000e+02,9.924216129095260897e+01
9.200000000000000000e+02,3.800000000000000000e+02,1.001605968854834714e+02
9.200000000000000000e+02,3.900000000000000000e+02,1.011923659823033290e+02
9.200000000000000000e+02,4.000000000000000000e+02,1.022977050905593757e+02
9.200000000000000000e+02,4.100000000000000000e+02,1.034325685192306707e+02
9.200000000000000000e+02,4.200000000000000000e+02,1.045507085079487126e+02
9.200000000000000000e+02,4.300000000000000000e+02,1.056061435388380971e+02
9.200000000000000000e+02,4.400000000000000000e+02,1.065560148293772755e+02
9.200000000000000000e+02,4.500000000000000000e+02,1.073638310062796819e+02
9.200000000000000000e+02,4.600000000000000000e+02,1.080031009603948746e+02
9.200000000000000000e+02,4.700000000000000000e+02,1.084613548826300189e+02
9.200000000000000000e+02,4.800000000000000000e+02,1.087445534808912413e+02
9.200000000000000000e+02,4.900000000000000000e+02,1.088818853780458085e+02
9.200000000000000000e+02,5.000000000000000000e+02,1.089309526909035952e+02
9.200000000000000000e+02,5.100000000000000000e+02,1.089735034676121046e+02
9.200000000000000000e+02,5.200000000000000000e+02,1.090671803338261725e+02
9.200000000000000000e+02,5.300000000000000000e+02,1.092379874175743169e+02
9.200000000000000000e+02,5.400000000000000000e+02,1.094897968147286633e+02
9.200000000000000000e+02,5.500000000000000000e+02,1.098096876794972871e+02
9.200000000000000000e+02,5.600000000000000000e+02,1.101727794449441120e+02
9.200000000000000000e+02,5.700000000000000000e+02,1.105465591735363091e+02
9.200000000000000000e+02,5.800000000000000000e+02,1.108947030377192391e+02
9.200000000000000000e+02,5.900000000000000000e+02,1.111803919305190789e+02
9.200000000000000000e+02,6.000000000000000000e+02,1.113691212061728493e+02
9.200000000000000000e+02,6.100000000000000000e+02,1.114310045507861133e+02
9.200000000000000000e+02,6.200000000000000000e+02,1.113425719830181180e+02
9.200000000000000000e+02,6.300000000000000000e+02,1.110880619847946491e+02
9.200000000000000000e+02,6.400000000000000000e+02,1.106602077620482447e+02
9.200000000000000000e+02,6.500000000000000000e+02,1.100605176354861641e+02
9.200000000000000000e+02,6.600000000000000000e+02,1.092990495613857576e+02
9.200000000000000000e+02,6.700000000000000000e+02,1.083936797824175073e+02
9.200000000000000000e+02,6.800000000000000000e+02,1.073688656084954971e+02
9.200000000000000000e+02,6.900000000000000000e+02,1.062539023276555810e+02
9.200000000000000000e+02,7.000000000000000000e+02,1.050806742469610384e+02
9.200000000000000000e+02,7.100000000000000000e+02,1.038808998634357010e+02
9.200000000000000000e+02,7.200000000000000000e+02,1.026828711650248067e+02
9.200000000000000000e+02,7.300000000000000000e+02,1.015076870615833258e+02
9.200000000000000000e+02,7.400000000000000000e+02,1.003649809458917446e+02
9.200000000000000000e+02,7.500000000000000000e+02,9.924814238469963357e+01
9.200000000000000000e+02,7.600000000000000000e+02,9.812963217447570230e+01
9.200000000000000000e+02,7.700000000000000000e+02,9.697798300027521634e+01
9.200000000000000000e+02,7.800000000000000000e+02,9.578598609621819548e+01
9.200000000000000000e+02,7.900000000000000000e+02,9.456821378321778582e+01
9.200000000000000000e+02,8.000000000000000000e+02,9.335449826023221931e+01
9.200000000000000000e+02,8.100000000000000000e+02,9.218410656357734467e+01
9.200000000000000000e+02,8.200000000000000000e+02,9.110061169429957317e+01
9.200000000000000000e+02,8.300000000000000000e+02,9.014745991360958044e+01
9.200000000000000000e+02,8.400000000000000000e+02,8.936423420637642323e+01
9.200000000000000000e+02,8.500000000000000000e+02,8.878361391268225589e+01
9.200000000000000000e+02,8.600000000000000000e+02,8.842903052743760384e+01
9.200000000000000000e+02,8.700000000000000000e+02,8.831301966805723680e+01
9.200000000000000000e+02,8.800000000000000000e+02,8.843626921019649956e+01
9.200000000000000000e+02,8.900000000000000000e+02,8.878736359154834190e+01
9.200000000000000000e+02,9.000000000000000000e+02,8.934322428370073510e+01
9.200000000000000000e+02,9.100000000000000000e+02,9.007024643205480174e+01
9.200000000000000000e+02,9.200000000000000000e+02,9.092613166380343159e+01
9.200000000000000000e+02,9.300000000000000000e+02,9.186241706397039763e+01
9.200000000000000000e+02,9.400000000000000000e+02,9.282770031951024237e+01
9.200000000000000000e+02,9.500000000000000000e+02,9.377156103146839428e+01
9.200000000000000000e+02,9.600000000000000000e+02,9.464917819520213982e+01
9.200000000000000000e+02,9.700000000000000000e+02,9.542664384866201033e+01
9.200000000000000000e+02,9.800000000000000000e+02,9.608697288873375442e+01
9.200000000000000000e+02,9.900000000000000000e+02,9.663680905564083901e+01
9.300000000000000000e+02,0.000000000000000000e+00,9.562554358622335826e+01
9.300000000000000000e+02,1.000000000000000000e+01,9.559216191246743222e+01
9.300000000000000000e+02,2.000000000000000000e+01,9.564442535007823665e+01
9.300000000000000000e+02,3.000000000000000000e+01,9.583812622656701308e+01
9.300000000000000000e+02,4.000000000000000000e+01,9.620140930536575752e+01
9.300000000000000000e+02,5.000000000000000000e+01,9.673983529182194729e+01
9.300000000000000000e+02,6.000000000000000000e+01,9.744106384925352415e+01
9.300000000000000000e+02,7.000000000000000000e+01,9.827915612506441789e+01
9.300000000000000000e+02,8.000000000000000000e+01,9.921849678692046837e+01
9.300000000000000000e+02,9.000000000000000000e+01,1.002173355689856606e+02
9.300000000000000000e+02,1.000000000000000000e+02,1.012309483282189149e+02
9.300000000000000000e+02,1.100000000000000000e+02,1.022144176107312177e+02
9.300000000000000000e+02,1.200000000000000000e+02,1.031250327282031805e+02
9.300000000000000000e+02,1.300000000000000000e+02,1.039243093443630102e+02
9.300000000000000000e+02,1.400000000000000000e+02,1.045796285715248928e+02
9.300000000000000000e+02,1.500000000000000000e+02,1.050654955771878605e+02
9.300000000000000000e+02,1.600000000000000000e+02,1.053644177006949150e+02
9.300000000000000000e+02,1.700000000000000000e+02,1.054674020799527767e+02
9.300000000000000000e+02,1.800000000000000000e+02,1.053740727882118478e+02
9.300000000000000000e+02,1.900000000000000000e+02,1.050924074809067719e+02
9.300000000000000000e+02,2.000000000000000000e+02,1.046380935525572511e+02
9.300000000000000000e+02,2.100000000000000000e+02,1.040335038037293742e+02
9.300000000000000000e+02,2.200000000000000000e+02,1.033062916180574007e+02
9.300000000000000000e+02,2.300000000000000000e+02,1.024876056493257721e+02
9.300000000000000000e+02,2.400000000000000000e+02,1.016099240186117783e+02
9.300000000000000000e+02,2.500000000000000000e+02,1.007045080214884649e+02
9.300000000000000000e+02,2.600000000000000000e+02,9.979829699313407332e+01
9.300000000000000000e+02,2.700000000000000000e+02,9.891610706989244761e+01
9.300000000000000000e+02,2.800000000000000000e+02,9.808806622934514508e+01
9.300000000000000000e+02,2.900000000000000000e+02,9.734770892792563757e+01
9.300000000000000000e+02,3.000000000000000000e+02,9.672880238897215577e+01
9.300000000000000000e+02,3.100000000000000000e+02,9.626261895823861892e+01
9.300000000000000000e+02,3.200000000000000000e+02,9.597565452686349374e+01
9.300000000000000000e+02,3.300000000000000000e+02,9.588779302179662523e+01
9.300000000000000000e+02,3.400000000000000000e+02,9.601091696368423811e+01
9.300000000000000000e+02,3.500000000000000000e+02,9.634796409221166869e+01
9.300000000000000000e+02,3.600000000000000000e+02,9.689243005890438099e+01
9.300000000000000000e+02,3.700000000000000000e+02,9.762831718738675590e+01
9.300000000000000000e+02,3.800000000000000000e+02,9.853052930109906526e+01
9.300000000000000000e+02,3.900000000000000000e+02,9.956571261847226140e+01
9.300000000000000000e+02,4.000000000000000000e+02,1.006935427155609375e+02
9.300000000000000000e+02,4.100000000000000000e+02,1.018684575561342029e+02
9.300000000000000000e+02,4.200000000000000000e+02,1.030418365892245447e+02
9.300000000000000000e+02,4.300000000000000000e+02,1.041646259141347599e+02
9.300000000000000000e+02,4.400000000000000000e+02,1.051904095129028178e+02
9.300000000000000000e+02,4.500000000000000000e+02,1.060789265502247787e+02
9.300000000000000000e+02,4.600000000000000000e+02,1.068000347408356561e+02
9.300000000000000000e+02,4.700000000000000000e+02,1.073381197843484074e+02
9.300000000000000000e+02,4.800000000000000000e+02,1.076969508675505693e+02
9.300000000000000000e+02,4.900000000000000000e+02,1.079049822341596325e+02
9.300000000000000000e+02,5.000000000000000000e+02,1.080211008220354074e+02
9.300000000000000000e+02,5.100000000000000000e+02,1.081304053368173896e+02
9.300000000000000000e+02,5.200000000000000000e+02,1.082931363591246736e+02
9.300000000000000000e+02,5.300000000000000000e+02,1.085362981443702637e+02
9.300000000000000000e+02,5.400000000000000000e+02,1.088636361061589639e+02
9.300000000000000000e+02,5.500000000000000000e+02,1.092612700509717172e+02
9.300000000000000000e+02,5.600000000000000000e+02,1.097027922940239080e+02
9.300000000000000000e+02,5.700000000000000000e+02,1.101538306562977141e+02
9.300000000000000000e+02,5.800000000000000000e+02,1.105760763427480668e+02
9.300000000000000000e+02,5.900000000000000000e+02,1.109307767016828166e+02
9.300000000000000000e+02,6.000000000000000000e+02,1.111816928653166201e+02
9.300000000000000000e+02,6.100000000000000000e+02,1.112975222714987353e+02
9.300000000000000000e+02,6.200000000000000000e+02,1.112537860666147935e+02
9.300000000000000000e+02,6.300000000000000000e+02,1.110341813896624643e+02
9.300000000000000000e+02,6.400000000000000000e+02,1.106313985375008997e+02
9.300000000000000000e+02,6.500000000000000000e+02,1.100474030112743122e+02
9.300000000000000000e+02,6.600000000000000000e+02,1.092931824440091759e+02
9.300000000000000000e+02,6.700000000000000000e+02,1.083879584093855470e+02
9.300000000000000000e+02,6.800000000000000000e+02,1.073578631116822066e+02
9.300000000000000000e+02,6.900000000000000000e+02,1.062340809568956672e+02
9.300000000000000000e+02,7.000000000000000000e+02,1.050504550050332000e+02
9.300000000000000000e+02,7.100000000000000000e+02,1.038405583035795843e+02
9.300000000000000000e+02,7.200000000000000000e+02,1.026342301021378773e+02
9.300000000000000000e+02,7.300000000000000000e+02,1.014535769482441907e+02
9.300000000000000000e+02,7.400000000000000000e+02,1.003084386643560322e+02
9.300000000000000000e+02,7.500000000000000000e+02,9.919131920601496688e+01
9.300000000000000000e+02,7.600000000000000000e+02,9.807165661495324116e+01
9.300000000000000000e+02,7.700000000000000000e+02,9.691197867045173098e+01
9.300000000000000000e+02,7.800000000000000000e+02,9.570076930670086313e+01
9.300000000000000000e+02,7.900000000000000000e+02,9.445064610201792732e+01
9.300000000000000000e+02,8.000000000000000000e+02,9.319137788265027211e+01
9.300000000000000000e+02,8.100000000000000000e+02,9.196363561900938066e+01
9.300000000000000000e+02,8.200000000000000000e+02,9.081347661433531471e+01
9.300000000000000000e+02,8.300000000000000000e+02,8.978756198579200998e+01
9.300000000000000000e+02,8.400000000000000000e+02,8.892910743799308193e+01
9.300000000000000000e+02,8.500000000000000000e+02,8.827456732895841185e+01
9.300000000000000000e+02,8.600000000000000000e+02,8.785105202850121486e+01
9.300000000000000000e+02,8.700000000000000000e+02,8.767447856904590253e+01
9.300000000000000000e+02,8.800000000000000000e+02,8.774845458887648419e+01
9.300000000000000000e+02,8.900000000000000000e+02,8.806389556781572026e+01
9.300000000000000000e+02,9.000000000000000000e+02,8.859937535533477160e+01
9.300000000000000000e+02,9.100000000000000000e+02,8.932220999109361514e+01
9.300000000000000000e+02,9.200000000000000000e+02,9.019027481791209766e+01
9.300000000000000000e+02,9.300000000000000000e+02,9.115455488717152832e+01
9.300000000000000000e+02,9.400000000000000000e+02,9.216242865664713690e+01
9.300000000000000000e+02,9.500000000000000000e+02,9.316168498077082916e+01
9.300000000000000000e+02,9.600000000000000000e+02,9.410527339332496410e+01
9.300000000000000000e+02,9.700000000000000000e+02,9.495678768256652802e+01
9.300000000000000000e+02,9.800000000000000000e+02,9.569668275878201769e+01
9.300000000000000000e+02,9.900000000000000000e+02,9.632922481427306138e+01
9.400000000000000000e+02,0.000000000000000000e+00,9.561182671500327501e+01
9.400000000000000000e+02,1.000000000000000000e+01,9.554603052073791503e+01
9.400000000000000000e+02,2.000000000000000000e+01,9.556830851087595136e+01
9.400000000000000000e+02,3.000000000000000000e+01,9.573607075851180070e+01
9.400000000000000000e+02,4.000000000000000000e+01,9.607832288510093122e+01
9.400000000000000000e+02,5.000000000000000000e+01,9.660086195976401768e+01
9.400000000000000000e+02,6.000000000000000000e+01,9.729108246706169894e+01
9.400000000000000000e+02,7.000000000000000000e+01,9.812239234323975268e+01
9.400000000000000000e+02,8.000000000000000000e+01,9.905823908094480146e+01
9.400000000000000000e+02,9.000000000000000000e+01,1.000557459024105356e+02
9.400000000000000000e+02,1.000000000000000000e+02,1.010689580011143676e+02
9.400000000000000000e+02,1.100000000000000000e+02,1.020516988519046322e+02
9.400000000000000000e+02,1.200000000000000000e+02,1.029600365895982748e+02
9.400000000000000000e+02,1.300000000000000000e+02,1.037543604560490280e+02
9.400000000000000000e+02,1.400000000000000000e+02,1.044010673156860491e+02
9.400000000000000000e+02,1.500000000000000000e+02,1.048738582395231305e+02
9.400000000000000000e+02,1.600000000000000000e+02,1.051546451576383276e+02
9.400000000000000000e+02,1.700000000000000000e+02,1.052340675801241048e+02
9.400000000000000000e+02,1.800000000000000000e+02,1.051116193865080106e+02
9.400000000000000000e+02,1.900000000000000000e+02,1.047953856836438149e+02
9.400000000000000000e+02,2.000000000000000000e+02,1.043013897320731189e+02
9.400000000000000000e+02,2.100000000000000000e+02,1.036525499408575115e+02
9.400000000000000000e+02,2.200000000000000000e+02,1.028772469308812134e+02
9.400000000000000000e+02,2.300000000000000000e+02,1.020075006666241109e+02
9.400000000000000000e+02,2.400000000000000000e+02,1.010767576564054906e+02
9.400000000000000000e+02,2.500000000000000000e+02,1.001172882210980788e+02
9.400000000000000000e+02,2.600000000000000000e+02,9.915581050361610949e+01
9.400000000000000000e+02,2.700000000000000000e+02,9.821305622726247009e+01
9.400000000000000000e+02,2.800000000000000000e+02,9.731635885777711792e+01
9.400000000000000000e+02,2.900000000000000000e+02,9.649867459187876761e+01
9.400000000000000000e+02,3.000000000000000000e+02,9.579488712932266026e+01
9.400000000000000000e+02,3.100000000000000000e+02,9.523860711377059829e+01
9.400000000000000000e+02,3.200000000000000000e+02,9.485946624247291936e+01
9.400000000000000000e+02,3.300000000000000000e+02,9.468090604476273597e+01
9.400000000000000000e+02,3.400000000000000000e+02,9.471846132936234142e+01
9.400000000000000000e+02,3.500000000000000000e+02,9.497853830050169677e+01
9.400000000000000000e+02,3.600000000000000000e+02,9.545768734284906998e+01
9.400000000000000000e+02,3.700000000000000000e+02,9.614237047525381286e+01
9.400000000000000000e+02,3.800000000000000000e+02,9.700922347330134698e+01
9.400000000000000000e+02,3.900000000000000000e+02,9.802581266068020227e+01
9.400000000000000000e+02,4.000000000000000000e+02,9.915188636936123601e+01
9.400000000000000000e+02,4.100000000000000000e+02,1.003411210685890325e+02
9.400000000000000000e+02,4.200000000000000000e+02,1.015433621626853409e+02
9.400000000000000000e+02,4.300000000000000000e+02,1.027073594576648219e+02
9.400000000000000000e+02,4.400000000000000000e+02,1.037839972966627471e+02
9.400000000000000000e+02,4.500000000000000000e+02,1.047300193641750070e+02
9.400000000000000000e+02,4.600000000000000000e+02,1.055122481591101149e+02
9.400000000000000000e+02,4.700000000000000000e+02,1.061122991366535189e+02
9.400000000000000000e+02,4.800000000000000000e+02,1.065317895189438104e+02
9.400000000000000000e+02,4.900000000000000000e+02,1.067980417745615256e+02
9.400000000000000000e+02,5.000000000000000000e+02,1.069702817668294159e+02
9.400000000000000000e+02,5.100000000000000000e+02,1.071358268876659139e+02
9.400000000000000000e+02,5.200000000000000000e+02,1.073578012844099021e+02
9.400000000000000000e+02,5.300000000000000000e+02,1.076648715017297917e+02
9.400000000000000000e+02,5.400000000000000000e+02,1.080612494266304253e+02
9.400000000000000000e+02,5.500000000000000000e+02,1.085325962716598127e+02
9.400000000000000000e+02,5.600000000000000000e+02,1.090513668820022133e+02
9.400000000000000000e+02,5.700000000000000000e+02,1.095815943664576366e+02
9.400000000000000000e+02,5.800000000000000000e+02,1.100831150523077895e+02
9.400000000000000000e+02,5.900000000000000000e+02,1.105152337640684692e+02
9.400000000000000000e+02,6.000000000000000000e+02,1.108398294261282757e+02
9.400000000000000000e+02,6.100000000000000000e+02,1.110239009892738551e+02
9.400000000000000000e+02,6.200000000000000000e+02,1.110415536811015329e+02
9.400000000000000000e+02,6.300000000000000000e+02,1.108754255803153370e+02
9.400000000000000000e+02,6.400000000000000000e+02,1.105175545149114527e+02
9.400000000000000000e+02,6.500000000000000000e+02,1.099696852842491239e+02
9.400000000000000000e+02,6.600000000000000000e+02,1.092430172050079733e+02
9.400000000000000000e+02,6.700000000000000000e+02,1.083573919810317250e+02
9.400000000000000000e+02,6.800000000000000000e+02,1.073399218970583178e+02
9.400000000000000000e+02,6.900000000000000000e+02,1.062230583363365355e+02
9.400000000000000000e+02,7.000000000000000000e+02,1.050421006221289559e+02
9.400000000000000000e+02,7.100000000000000000e+02,1.038321451831014031e+02
9.400000000000000000e+02,7.200000000000000000e+02,1.026244750425987178e+02
9.400000000000000000e+02,7.300000000000000000e+02,1.014423896318071030e+02
9.400000000000000000e+02,7.400000000000000000e+02,1.002964749268026878e+02
9.400000000000000000e+02,7.500000000000000000e+02,9.917931390948676551e+01
9.400000000000000000e+02,7.600000000000000000e+02,9.805874510499137386e+01
9.400000000000000000e+02,7.700000000000000000e+02,9.689272570284694552e+01
9.400000000000000000e+02,7.800000000000000000e+02,9.566638287788082096e+01
9.400000000000000000e+02,7.900000000000000000e+02,9.439087382100667867e+01
9.400000000000000000e+02,8.000000000000000000e+02,9.309602363856393481e+01
9.400000000000000000e+02,8.100000000000000000e+02,9.182372771364526898e+01
9.400000000000000000e+02,8.200000000000000000e+02,9.062211852941251777e+01
9.400000000000000000e+02,8.300000000000000000e+02,8.954049695440070877e+01
9.400000000000000000e+02,8.400000000000000000e+02,8.862502798981036278e+01
9.400000000000000000e+02,8.500000000000000000e+02,8.791520097878813544e+01
9.400000000000000000e+02,8.600000000000000000e+02,8.744105427769554240e+01
9.400000000000000000e+02,8.700000000000000000e+02,8.722116438936613747e+01
9.400000000000000000e+02,8.800000000000000000e+02,8.726139955835068918e+01
9.400000000000000000e+02,8.900000000000000000e+02,8.755443782815083864e+01
9.400000000000000000e+02,9.000000000000000000e+02,8.808004956044084111e+01
9.400000000000000000e+02,9.100000000000000000e+02,8.880614441627767519e+01
9.400000000000000000e+02,9.200000000000000000e+02,8.969058279929924993e+01
9.400000000000000000e+02,9.300000000000000000e+02,9.068375176091103640e+01
9.400000000000000000e+02,9.400000000000000000e+02,9.173190536746079715e+01
9.400000000000000000e+02,9.500000000000000000e+02,9.278126952940165495e+01
9.400000000000000000e+02,9.600000000000000000e+02,9.378291129244333035e+01
9.400000000000000000e+02,9.700000000000000000e+02,9.469837259069173285e+01
9.400000000000000000e+02,9.800000000000000000e+02,9.550606846177667819e+01
9.400000000000000000e+02,9.900000000000000000e+02,9.620844972396797345e+01
9.500000000000000000e+02,0.000000000000000000e+00,9.583785580121985959e+01
9.500000000000000000e+02,1.000000000000000000e+01,9.574613929873879670e+01
9.500000000000000000e+02,2.000000000000000000e+01,9.574374298187913723e+01
9.500000000000000000e+02,3.000000000000000000e+01,9.588883679774907876e+01
9.500000000000000000e+02,4.000000000000000000e+01,9.621074407386727501e+01
9.500000000000000000e+02,5.000000000000000000e+01,9.671522752286661273e+01
9.500000000000000000e+02,6.000000000000000000e+01,9.738937780198256178e+01
9.500000000000000000e+02,7.000000000000000000e+01,9.820610462732597057e+01
9.500000000000000000e+02,8.000000000000000000e+01,9.912823044294037800e+01
9.500000000000000000e+02,9.000000000000000000e+01,1.001121866446439128e+02
9.500000000000000000e+02,1.000000000000000000e+02,1.011113123586554963e+02
9.500000000000000000e+02,1.100000000000000000e+02,1.020787557750058312e+02
9.500000000000000000e+02,1.200000000000000000e+02,1.029699780357325807e+02
9.500000000000000000e+02,1.300000000000000000e+02,1.037448596778603331e+02
9.500000000000000000e+02,1.400000000000000000e+02,1.043694096311648565e+02
9.500000000000000000e+02,1.500000000000000000e+02,1.048170767707220108e+02
9.500000000000000000e+02,1.600000000000000000e+02,1.050696640242410353e+02
9.500000000000000000e+02,1.700000000000000000e+02,1.051178450341824231e+02
9.500000000000000000e+02,1.800000000000000000e+02,1.049612833746602831e+02
9.500000000000000000e+02,1.900000000000000000e+02,1.046083543231292197e+02
9.500000000000000000e+02,2.000000000000000000e+02,1.040754691868556137e+02
9.500000000000000000e+02,2.100000000000000000e+02,1.033860021841735772e+02
9.500000000000000000e+02,2.200000000000000000e+02,1.025688198805252398e+02
9.500000000000000000e+02,2.300000000000000000e+02,1.016564131792856784e+02
9.500000000000000000e+02,2.400000000000000000e+02,1.006826318673722511e+02
9.500000000000000000e+02,2.500000000000000000e+02,9.968002171563848890e+01
9.500000000000000000e+02,2.600000000000000000e+02,9.867435760802204925e+01
9.500000000000000000e+02,2.700000000000000000e+02,9.768207191865850803e+01
9.500000000000000000e+02,2.800000000000000000e+02,9.672740728633385743e+01
9.500000000000000000e+02,2.900000000000000000e+02,9.584225600411191692e+01
9.500000000000000000e+02,3.000000000000000000e+02,9.506202469719318060e+01
9.500000000000000000e+02,3.100000000000000000e+02,9.442203234689719693e+01
9.500000000000000000e+02,3.200000000000000000e+02,9.395444166076852355e+01
9.500000000000000000e+02,3.300000000000000000e+02,9.368572378880625706e+01
9.500000000000000000e+02,3.400000000000000000e+02,9.363465638581712369e+01
9.500000000000000000e+02,3.500000000000000000e+02,9.381085501989217335e+01
9.500000000000000000e+02,3.600000000000000000e+02,9.421383792700702031e+01
9.500000000000000000e+02,3.700000000000000000e+02,9.483262411174567319e+01
9.500000000000000000e+02,3.800000000000000000e+02,9.564586479414791143e+01
9.500000000000000000e+02,3.900000000000000000e+02,9.662250820268025109e+01
9.500000000000000000e+02,4.000000000000000000e+02,9.772299771333049989e+01
9.500000000000000000e+02,4.100000000000000000e+02,9.890100333482587303e+01
9.500000000000000000e+02,4.200000000000000000e+02,1.001056865399746556e+02
9.500000000000000000e+02,4.300000000000000000e+02,1.012844984431314828e+02
9.500000000000000000e+02,4.400000000000000000e+02,1.023865113237861380e+02
9.500000000000000000e+02,4.500000000000000000e+02,1.033662834962760115e+02
9.500000000000000000e+02,4.600000000000000000e+02,1.041882575256219923e+02
9.500000000000000000e+02,4.700000000000000000e+02,1.048316917894881328e+02
9.500000000000000000e+02,4.800000000000000000e+02,1.052961253862645776e+02
9.500000000000000000e+02,4.900000000000000000e+02,1.056073763892745774e+02
9.500000000000000000e+02,5.000000000000000000e+02,1.058240734471043965e+02
9.500000000000000000e+02,5.100000000000000000e+02,1.060345889518563638e+02
9.500000000000000000e+02,5.200000000000000000e+02,1.063051017790730981e+02
9.500000000000000000e+02,5.300000000000000000e+02,1.066665061363717513e+02
9.500000000000000000e+02,5.400000000000000000e+02,1.071240152240603578e+02
9.500000000000000000e+02,5.500000000000000000e+02,1.076633068449116308e+02
9.500000000000000000e+02,5.600000000000000000e+02,1.082560897949551304e+02
9.500000000000000000e+02,5.700000000000000000e+02,1.088650910352875201e+02
9.500000000000000000e+02,5.800000000000000000e+02,1.094484636449013237e+02
9.500000000000000000e+02,5.900000000000000000e+02,1.099636155545317990e+02
9.500000000000000000e+02,6.000000000000000000e+02,1.103704590615221406e+02
9.500000000000000000e+02,6.100000000000000000e+02,1.106340811257069277e+02
9.500000000000000000e+02,6.200000000000000000e+02,1.107268344463138732e+02
9.500000000000000000e+02,6.300000000000000000e+02,1.106298493198838742e+02
9.500000000000000000e+02,6.400000000000000000e+02,1.103339662792092355e+02
9.500000000000000000e+02,6.500000000000000000e+02,1.098400895132903372e+02
9.500000000000000000e+02,6.600000000000000000e+02,1.091589610683103757e+02
9.500000000000000000e+02,6.700000000000000000e+02,1.083103558296285200e+02
9.500000000000000000e+02,6.800000000000000000e+02,1.073216972847913269e+02
9.500000000000000000e+02,6.900000000000000000e+02,1.062260940675623431e+02
9.500000000000000000e+02,7.000000000000000000e+02,1.050597972829700950e+02
9.500000000000000000e+02,7.100000000000000000e+02,1.038590786133742796e+02
9.500000000000000000e+02,7.200000000000000000e+02,1.026565292055502567e+02
9.500000000000000000e+02,7.300000000000000000e+02,1.014767793387918005e+02
9.500000000000000000e+02,7.400000000000000000e+02,1.003316388740321230e+02
9.500000000000000000e+02,7.500000000000000000e+02,9.921465848398325704e+01
9.500000000000000000e+02,7.600000000000000000e+02,9.809344573192288408e+01
9.500000000000000000e+02,7.700000000000000000e+02,9.692288281513199877e+01
9.500000000000000000e+02,7.800000000000000000e+02,9.568575253795010838e+01
9.500000000000000000e+02,7.900000000000000000e+02,9.439227759670451690e+01
9.500000000000000000e+02,8.000000000000000000e+02,9.307246576182629383e+01
9.500000000000000000e+02,8.100000000000000000e+02,9.176924432691549782e+01
9.500000000000000000e+02,8.200000000000000000e+02,9.053238382475528567e+01
9.500000000000000000e+02,8.300000000000000000e+02,8.941321101027526197e+01
9.500000000000000000e+02,8.400000000000000000e+02,8.846011111046389885e+01
9.500000000000000000e+02,8.500000000000000000e+02,8.771481934122994062e+01
9.500000000000000000e+02,8.600000000000000000e+02,8.720950169121309159e+01
9.500000000000000000e+02,8.700000000000000000e+02,8.696462497254357515e+01
9.500000000000000000e+02,8.800000000000000000e+02,8.698761613855096186e+01
9.500000000000000000e+02,8.900000000000000000e+02,8.727231086842202501e+01
9.500000000000000000e+02,9.000000000000000000e+02,8.779919141880762368e+01
9.500000000000000000e+02,9.100000000000000000e+02,8.853641374237878381e+01
9.500000000000000000e+02,9.200000000000000000e+02,8.944162387333182096e+01
9.500000000000000000e+02,9.300000000000000000e+02,9.046456357984251895e+01
9.500000000000000000e+02,9.400000000000000000e+02,9.155046528346952073e+01
9.500000000000000000e+02,9.500000000000000000e+02,9.264423624550659042e+01
9.500000000000000000e+02,9.600000000000000000e+02,9.369543202028424389e+01
9.500000000000000000e+02,9.700000000000000000e+02,9.466401917542025046e+01
9.500000000000000000e+02,9.800000000000000000e+02,9.552692727901930425e+01
9.500000000000000000e+02,9.900000000000000000e+02,9.628539015382185084e+01
9.600000000000000000e+02,0.000000000000000000e+00,9.630199863206672717e+01
9.600000000000000000e+02,1.000000000000000000e+01,9.619094677935116522e+01
9.600000000000000000e+02,2.000000000000000000e+01,9.616935221341785223e+01
9.600000000000000000e+02,3.000000000000000000e+01,9.629534441529644084e+01
9.600000000000000000e+02,4.000000000000000000e+01,9.659806195582501687e+01
9.600000000000000000e+02,5.000000000000000000e+01,9.708298777998527385e+01
9.600000000000000000e+02,6.000000000000000000e+01,9.773688148245257423e+01
9.600000000000000000e+02,7.000000000000000000e+01,9.853230857436078338e+01
9.600000000000000000e+02,8.000000000000000000e+01,9.943176674128196169e+01
9.600000000000000000e+02,9.000000000000000000e+01,1.003914090924208864e+02
9.600000000000000000e+02,1.000000000000000000e+02,1.013643644010243179e+02
9.600000000000000000e+02,1.100000000000000000e+02,1.023036543360052235e+02
9.600000000000000000e+02,1.200000000000000000e+02,1.031647076847816322e+02
9.600000000000000000e+02,1.300000000000000000e+02,1.039074715673305320e+02
9.600000000000000000e+02,1.400000000000000000e+02,1.044981196414564124e+02
9.600000000000000000e+02,1.500000000000000000e+02,1.049103572992746791e+02
9.600000000000000000e+02,1.600000000000000000e+02,1.051263238549099697e+02
9.600000000000000000e+02,1.700000000000000000e+02,1.051370917234091706e+02
9.600000000000000000e+02,1.800000000000000000e+02,1.049427625908693216e+02
9.600000000000000000e+02,1.900000000000000000e+02,1.045521605757803201e+02
9.600000000000000000e+02,2.000000000000000000e+02,1.039821223815825135e+02
9.600000000000000000e+02,2.100000000000000000e+02,1.032563844404389641e+02
9.600000000000000000e+02,2.200000000000000000e+02,1.024040670482227142e+02
9.600000000000000000e+02,2.300000000000000000e+02,1.014577554907186965e+02
9.600000000000000000e+02,2.400000000000000000e+02,1.004511781610406302e+02
9.600000000000000000e+02,2.500000000000000000e+02,9.941648166826266220e+01
9.600000000000000000e+02,2.600000000000000000e+02,9.837785416456280529e+01
9.600000000000000000e+02,2.700000000000000000e+02,9.734729505026187724e+01
9.600000000000000000e+02,2.800000000000000000e+02,9.634572005822178653e+01
9.600000000000000000e+02,2.900000000000000000e+02,9.540351066359473009e+01
9.600000000000000000e+02,3.000000000000000000e+02,9.455602286786773902e+01
9.600000000000000000e+02,3.100000000000000000e+02,9.383965796795970959e+01
9.600000000000000000e+02,3.200000000000000000e+02,9.328849531037056408e+01
9.600000000000000000e+02,3.300000000000000000e+02,9.293148703038262681e+01
9.600000000000000000e+02,3.400000000000000000e+02,9.279021477631437165e+01
9.600000000000000000e+02,3.500000000000000000e+02,9.287720841882635625e+01
9.600000000000000000e+02,3.600000000000000000e+02,9.319482674527939992e+01
9.600000000000000000e+02,3.700000000000000000e+02,9.373470013914501919e+01
9.600000000000000000e+02,3.800000000000000000e+02,9.447773524446813553e+01
9.600000000000000000e+02,3.900000000000000000e+02,9.539468161538205493e+01
9.600000000000000000e+02,4.000000000000000000e+02,9.644726035067563430e+01
9.600000000000000000e+02,4.100000000000000000e+02,9.758985471341273410e+01
9.600000000000000000e+02,4.200000000000000000e+02,9.877176273560398556e+01
9.600000000000000000e+02,4.300000000000000000e+02,9.994001180793068784e+01
9.600000000000000000e+02,4.400000000000000000e+02,1.010427352545210340e+02
9.600000000000000000e+02,4.500000000000000000e+02,1.020331108927786232e+02
9.600000000000000000e+02,4.600000000000000000e+02,1.028738615782631456e+02
9.600000000000000000e+02,4.700000000000000000e+02,1.035423177346233956e+02
9.600000000000000000e+02,4.800000000000000000e+02,1.040360418685823163e+02
9.600000000000000000e+02,4.900000000000000000e+02,1.043790150699748978e+02
9.600000000000000000e+02,5.000000000000000000e+02,1.046283854968373959e+02
9.600000000000000000e+02,5.100000000000000000e+02,1.048724427212196417e+02
9.600000000000000000e+02,5.200000000000000000e+02,1.051804794384160147e+02
9.600000000000000000e+02,5.300000000000000000e+02,1.055860683485419003e+02
9.600000000000000000e+02,5.400000000000000000e+02,1.060958806641635590e+02
9.600000000000000000e+02,5.500000000000000000e+02,1.066960403886795490e+02
9.600000000000000000e+02,5.600000000000000000e+02,1.073578849050451964e+02
9.600000000000000000e+02,5.700000000000000000e+02,1.080431318748403697e+02
9.600000000000000000e+02,5.800000000000000000e+02,1.087084524476803438e+02
9.600000000000000000e+02,5.900000000000000000e+02,1.093094507809698968e+02
9.600000000000000000e+02,6.000000000000000000e+02,1.098040498700005116e+02
9.600000000000000000e+02,6.100000000000000000e+02,1.101552836883909521e+02
9.600000000000000000e+02,6.200000000000000000e+02,1.103334956388707724e+02
9.600000000000000000e+02,6.300000000000000000e+02,1.103179433144072306e+02
9.600000000000000000e+02,6.400000000000000000e+02,1.100978095696751922e+02
9.600000000000000000e+02,6.500000000000000000e+02,1.096726199028704514e+02
9.600000000000000000e+02,6.600000000000000000e+02,1.090520661478659434e+02
9.600000000000000000e+02,6.700000000000000000e+02,1.082552364767114454e+02
9.600000000000000000e+02,6.800000000000000000e+02,1.073092517124762395e+02
9.600000000000000000e+02,6.900000000000000000e+02,1.062473079524350226e+02
9.600000000000000000e+02,7.000000000000000000e+02,1.051061255015970772e+02
9.600000000000000000e+02,7.100000000000000000e+02,1.039228041165785328e+02
9.600000000000000000e+02,7.200000000000000000e+02,1.027310845598177593e+02
9.600000000000000000e+02,7.300000000000000000e+02,1.015570164641342217e+02
9.600000000000000000e+02,7.400000000000000000e+02,1.004140325076301394e+02
9.600000000000000000e+02,7.500000000000000000e+02,9.929742889893557845e+01
9.600000000000000000e+02,7.600000000000000000e+02,9.817583677109924167e+01
9.600000000000000000e+02,7.700000000000000000e+02,9.700254433483229377e+01
9.600000000000000000e+02,7.800000000000000000e+02,9.575901104652196238e+01
9.600000000000000000e+02,7.900000000000000000e+02,9.445505494934627677e+01
9.600000000000000000e+02,8.000000000000000000e+02,9.312099304000084032e+01
9.600000000000000000e+02,8.100000000000000000e+02,9.180058926940890274e+01
9.600000000000000000e+02,8.200000000000000000e+02,9.054481017741485971e+01
9.600000000000000000e+02,8.300000000000000000e+02,8.940638816146093859e+01
9.600000000000000000e+02,8.400000000000000000e+02,8.843519237924752474e+01
9.600000000000000000e+02,8.500000000000000000e+02,8.767440728537656014e+01
9.600000000000000000e+02,8.600000000000000000e+02,8.715751880197855428e+01
9.600000000000000000e+02,8.700000000000000000e+02,8.690610812332272417e+01
9.600000000000000000e+02,8.800000000000000000e+02,8.692845315441074661e+01
9.600000000000000000e+02,8.900000000000000000e+02,8.721893758355365378e+01
9.600000000000000000e+02,9.000000000000000000e+02,8.775826758893218482e+01
9.600000000000000000e+02,9.100000000000000000e+02,8.851449617914052226e+01
9.600000000000000000e+02,9.200000000000000000e+02,8.944485516771337075e+01
9.600000000000000000e+02,9.300000000000000000e+02,9.049839478163632123e+01
9.600000000000000000e+02,9.400000000000000000e+02,9.161943090383978472e+01
9.600000000000000000e+02,9.500000000000000000e+02,9.275179994967595576e+01
9.600000000000000000e+02,9.600000000000000000e+02,9.384392137737953021e+01
9.600000000000000000e+02,9.700000000000000000e+02,9.485466783251145273e+01
9.600000000000000000e+02,9.800000000000000000e+02,9.576004292638620541e+01
9.600000000000000000e+02,9.900000000000000000e+02,9.656066664848245296e+01
9.700000000000000000e+02,0.000000000000000000e+00,9.698894644920952146e+01
9.700000000000000000e+02,1.000000000000000000e+01,9.686483539566829393e+01
9.700000000000000000e+02,2.000000000000000000e+01,9.682933724209433990e+01
9.700000000000000000e+02,3.000000000000000000e+01,9.693983599283654939e+01
9.700000000000000000e+02,4.000000000000000000e+01,9.722484670101586346e+01
9.700000000000000000e+02,5.000000000000000000e+01,9.768936282815604955e+01
9.700000000000000000e+02,6.000000000000000000e+01,9.831979688619314572e+01
9.700000000000000000e+02,7.000000000000000000e+01,9.908851436186409956e+01
9.700000000000000000e+02,8.000000000000000000e+01,9.995796092347399053e+01
9.700000000000000000e+02,9.000000000000000000e+01,1.008843829100422624e+02
9.700000000000000000e+02,1.000000000000000000e+02,1.018211411028278377e+02
9.700000000000000000e+02,1.100000000000000000e+02,1.027216177792331280e+02
9.700000000000000000e+02,1.200000000000000000e+02,1.035417170490867562e+02
9.700000000000000000e+02,1.300000000000000000e+02,1.042419584733054165e+02
9.700000000000000000e+02,1.400000000000000000e+02,1.047891639649343745e+02
9.700000000000000000e+02,1.500000000000000000e+02,1.051577379725670056e+02
9.700000000000000000e+02,1.600000000000000000e+02,1.053305409461430884e+02
9.700000000000000000e+02,1.700000000000000000e+02,1.052993560851260924e+02
9.700000000000000000e+02,1.800000000000000000e+02,1.050649493690592351e+02
9.700000000000000000e+02,1.900000000000000000e+02,1.046367228705004635e+02
9.700000000000000000e+02,2.000000000000000000e+02,1.040319613503363883e+02
9.700000000000000000e+02,2.100000000000000000e+02,1.032746721354748871e+02
9.700000000000000000e+02,2.200000000000000000e+02,1.023940182789168318e+02
9.700000000000000000e+02,2.300000000000000000e+02,1.014223450022064839e+02
9.700000000000000000e+02,2.400000000000000000e+02,1.003927994202609568e+02
9.700000000000000000e+02,2.500000000000000000e+02,9.933654354857834790e+01
9.700000000000000000e+02,2.600000000000000000e+02,9.827563924110904736e+01
9.700000000000000000e+02,2.700000000000000000e+02,9.721759566405945918e+01
9.700000000000000000e+02,2.800000000000000000e+02,9.617983015817956982e+01
9.700000000000000000e+02,2.900000000000000000e+02,9.519082526595350657e+01
9.700000000000000000e+02,3.000000000000000000e+02,9.428536323772772221e+01
9.700000000000000000e+02,3.100000000000000000e+02,9.350034161442681580e+01
9.700000000000000000e+02,3.200000000000000000e+02,9.287116988685721708e+01
9.700000000000000000e+02,3.300000000000000000e+02,9.242874723159850703e+01
9.700000000000000000e+02,3.400000000000000000e+02,9.219702132348263035e+01
9.700000000000000000e+02,3.500000000000000000e+02,9.219112822466074419e+01
9.700000000000000000e+02,3.600000000000000000e+02,9.241611335025795881e+01
9.700000000000000000e+02,3.700000000000000000e+02,9.286623351061564335e+01
9.700000000000000000e+02,3.800000000000000000e+02,9.352484003012175151e+01
9.700000000000000000e+02,3.900000000000000000e+02,9.436484294262862704e+01
9.700000000000000000e+02,4.000000000000000000e+02,9.534975626345880073e+01
9.700000000000000000e+02,4.100000000000000000e+02,9.643532433799833825e+01
9.700000000000000000e+02,4.200000000000000000e+02,9.757172926687819370e+01
9.700000000000000000e+02,4.300000000000000000e+02,9.870637940774304298e+01
9.700000000000000000e+02,4.400000000000000000e+02,9.978727895360810862e+01
9.700000000000000000e+02,4.500000000000000000e+02,1.007669785878035924e+02
9.700000000000000000e+02,4.600000000000000000e+02,1.016071072155069430e+02
9.700000000000000000e+02,4.700000000000000000e+02,1.022834847718628879e+02
9.700000000000000000e+02,4.800000000000000000e+02,1.027918161066910443e+02
9.700000000000000000e+02,4.900000000000000000e+02,1.031539659457817635e+02
9.700000000000000000e+02,5.000000000000000000e+02,1.034248149287790284e+02
9.700000000000000000e+02,5.100000000000000000e+02,1.036915203698846994e+02
9.700000000000000000e+02,5.200000000000000000e+02,1.040264499431525138e+02
9.700000000000000000e+02,5.300000000000000000e+02,1.044661827305939426e+02
9.700000000000000000e+02,5.400000000000000000e+02,1.050192120602763026e+02
9.700000000000000000e+02,5.500000000000000000e+02,1.056724741900785887e+02
9.700000000000000000e+02,5.600000000000000000e+02,1.063972736552212126e+02
9.700000000000000000e+02,5.700000000000000000e+02,1.071546052795699211e+02
9.700000000000000000e+02,5.800000000000000000e+02,1.078998728507134217e+02
9.700000000000000000e+02,5.900000000000000000e+02,1.085870044588153291e+02
9.700000000000000000e+02,6.000000000000000000e+02,1.091719644992397349e+02
9.700000000000000000e+02,6.100000000000000000e+02,1.096156623389510401e+02
9.700000000000000000e+02,6.200000000000000000e+02,1.098862576466876959e+02
9.700000000000000000e+02,6.300000000000000000e+02,1.099608623869098523e+02
9.700000000000000000e+02,6.400000000000000000e+02,1.098266394775210841e+02
9.700000000000000000e+02,6.500000000000000000e+02,1.094812981113640831e+02
9.700000000000000000e+02,6.600000000000000000e+02,1.089329857414902989e+02
9.700000000000000000e+02,6.700000000000000000e+02,1.081995767302036313e+02
9.700000000000000000e+02,6.800000000000000000e+02,1.073073576618780152e+02
9.700000000000000000e+02,6.900000000000000000e+02,1.062891093195491123e+02
9.700000000000000000e+02,7.000000000000000000e+02,1.051815853252798547e+02
9.700000000000000000e+02,7.100000000000000000e+02,1.040223874443001364e+02
9.700000000000000000e+02,7.200000000000000000e+02,1.028462375529202575e+02
9.700000000000000000e+02,7.300000000000000000e+02,1.016806462702186593e+02
9.700000000000000000e+02,7.400000000000000000e+02,1.005409782535033401e+02
9.700000000000000000e+02,7.500000000000000000e+02,9.942491415754750506e+01
9.700000000000000000e+02,7.600000000000000000e+02,9.830319368866463492e+01
9.700000000000000000e+02,7.700000000000000000e+02,9.712889311735510489e+01
9.700000000000000000e+02,7.800000000000000000e+02,9.588311710943690969e+01
9.700000000000000000e+02,7.900000000000000000e+02,9.457578122232821727e+01
9.700000000000000000e+02,8.000000000000000000e+02,9.323763098580062092e+01
9.700000000000000000e+02,8.100000000000000000e+02,9.191308086071019545e+01
9.700000000000000000e+02,8.200000000000000000e+02,9.065387307570655651e+01
9.700000000000000000e+02,8.300000000000000000e+02,8.951355634191975241e+01
9.700000000000000000e+02,8.400000000000000000e+02,8.854278444562520178e+01
9.700000000000000000e+02,8.500000000000000000e+02,8.778543471888639260e+01
9.700000000000000000e+02,8.600000000000000000e+02,8.727554638817571231e+01
9.700000000000000000e+02,8.700000000000000000e+02,8.703507880097291149e+01
9.700000000000000000e+02,8.800000000000000000e+02,8.707248953034181227e+01
9.700000000000000000e+02,8.900000000000000000e+02,8.738213235748466445e+01
9.700000000000000000e+02,9.000000000000000000e+02,8.794447513227457591e+01
9.700000000000000000e+02,9.100000000000000000e+02,8.872713751176583230e+01
9.700000000000000000e+02,9.200000000000000000e+02,8.968674857668212042e+01
9.700000000000000000e+02,9.300000000000000000e+02,9.077162432588262675e+01
9.700000000000000000e+02,9.400000000000000000e+02,9.192526504880622440e+01
9.700000000000000000e+02,9.500000000000000000e+02,9.309067257589333622e+01
9.700000000000000000e+02,9.600000000000000000e+02,9.421548740698591473e+01
9.700000000000000000e+02,9.700000000000000000e+02,9.525794571770529728e+01
9.700000000000000000e+02,9.800000000000000000e+02,9.619365624380789370e+01
9.700000000000000000e+02,9.900000000000000000e+02,9.702319704351894813e+01
9.800000000000000000e+02,0.000000000000000000e+00,9.786833944946950226e+01
9.800000000000000000e+02,1.000000000000000000e+01,9.773668208076158237e+01
9.800000000000000000e+02,2.000000000000000000e+01,9.769199051637367859e+01
9.800000000000000000e+02,3.000000000000000000e+01,9.779032955186539766e+01
9.800000000000000000e+02,4.000000000000000000e+01,9.805923694691205128e+01
9.800000000000000000e+02,5.000000000000000000e+01,9.850305152533060493e+01
9.800000000000000000e+02,6.000000000000000000e+01,9.910783247472539870e+01
9.800000000000000000e+02,7.000000000000000000e+01,9.984586984575361157e+01
9.800000000000000000e+02,8.000000000000000000e+01,1.006797862510107109e+02
9.800000000000000000e+02,9.000000000000000000e+01,1.015662297635355173e+02
9.800000000000000000e+02,1.000000000000000000e+02,1.024591580149352410e+02
9.800000000000000000e+02,1.100000000000000000e+02,1.033127134931302606e+02
9.800000000000000000e+02,1.200000000000000000e+02,1.040836900397187179e+02
9.800000000000000000e+02,1.300000000000000000e+02,1.047335905469609258e+02
9.800000000000000000e+02,1.400000000000000000e+02,1.052302758543836489e+02
9.800000000000000000e+02,1.500000000000000000e+02,1.055492048450040983e+02
9.800000000000000000e+02,1.600000000000000000e+02,1.056742657411737980e+02
9.800000000000000000e+02,1.700000000000000000e+02,1.055981986000423518e+02
9.800000000000000000e+02,1.800000000000000000e+02,1.053226090086407822e+02
9.800000000000000000e+02,1.900000000000000000e+02,1.048575729785849830e+02
9.800000000000000000e+02,2.000000000000000000e+02,1.042208330403987162e+02
9.800000000000000000e+02,2.100000000000000000e+02,1.034365855374566650e+02
9.800000000000000000e+02,2.200000000000000000e+02,1.025338591195470883e+02
9.800000000000000000e+02,2.300000000000000000e+02,1.015444844360544323e+02
9.800000000000000000e+02,2.400000000000000000e+02,1.005006550287616989e+02
9.800000000000000000e+02,2.500000000000000000e+02,9.943207942427261514e+01
9.800000000000000000e+02,2.600000000000000000e+02,9.835827732443287630e+01
9.800000000000000000e+02,2.700000000000000000e+02,9.728227259690066830e+01
9.800000000000000000e+02,2.800000000000000000e+02,9.621787573044217368e+01
9.800000000000000000e+02,2.900000000000000000e+02,9.519135923612485328e+01
9.800000000000000000e+02,3.000000000000000000e+02,9.423649064071938142e+01
9.800000000000000000e+02,3.100000000000000000e+02,9.339015727786132004e+01
9.800000000000000000e+02,3.200000000000000000e+02,9.268858287697273113e+01
9.800000000000000000e+02,3.300000000000000000e+02,9.216413594994369873e+01
9.800000000000000000e+02,3.400000000000000000e+02,9.184272997557374651e+01
9.800000000000000000e+02,3.500000000000000000e+02,9.174181538177310813e+01
9.800000000000000000e+02,3.600000000000000000e+02,9.186896332552389310e+01
9.800000000000000000e+02,3.700000000000000000e+02,9.222104127060119083e+01
9.800000000000000000e+02,3.800000000000000000e+02,9.278398036305408425e+01
9.800000000000000000e+02,3.900000000000000000e+02,9.353313460444637428e+01
9.800000000000000000e+02,4.000000000000000000e+02,9.443423182285751238e+01
9.800000000000000000e+02,4.100000000000000000e+02,9.544491644164305910e+01
9.800000000000000000e+02,4.200000000000000000e+02,9.651688404595536497e+01
9.800000000000000000e+02,4.300000000000000000e+02,9.759860774702393371e+01
9.800000000000000000e+02,4.400000000000000000e+02,9.863865634419573780e+01
9.800000000000000000e+02,4.500000000000000000e+02,9.958960428473545790e+01
9.800000000000000000e+02,4.600000000000000000e+02,1.004125334213855467e+02
9.800000000000000000e+02,4.700000000000000000e+02,1.010821265676863021e+02
9.800000000000000000e+02,4.800000000000000000e+02,1.015923528510555656e+02
9.800000000000000000e+02,4.900000000000000000e+02,1.019627448636288420e+02
9.800000000000000000e+02,5.000000000000000000e+02,1.022452676108585905e+02
9.800000000000000000e+02,5.100000000000000000e+02,1.025250519327907455e+02
9.800000000000000000e+02,5.200000000000000000e+02,1.028774313842896078e+02
9.800000000000000000e+02,5.300000000000000000e+02,1.033421992331690831e+02
9.800000000000000000e+02,5.400000000000000000e+02,1.039299346628450991e+02
9.800000000000000000e+02,5.500000000000000000e+02,1.046286735188120076e+02
9.800000000000000000e+02,5.600000000000000000e+02,1.054099703017000991e+02
9.800000000000000000e+02,5.700000000000000000e+02,1.062343514069144561e+02
9.800000000000000000e+02,5.800000000000000000e+02,1.070561596108547633e+02
9.800000000000000000e+02,5.900000000000000000e+02,1.078277898037165414e+02
9.800000000000000000e+02,6.000000000000000000e+02,1.085033159688732667e+02
9.800000000000000000e+02,6.100000000000000000e+02,1.090415094088399286e+02
9.800000000000000000e+02,6.200000000000000000e+02,1.094082482178176576e+02
9.800000000000000000e+02,6.300000000000000000e+02,1.095783180008194790e+02
9.800000000000000000e+02,6.400000000000000000e+02,1.095366038393772925e+02
9.800000000000000000e+02,6.500000000000000000e+02,1.092786735038301345e+02
9.800000000000000000e+02,6.600000000000000000e+02,1.088107519121933535e+02
9.800000000000000000e+02,6.700000000000000000e+02,1.081490868356092392e+02
9.800000000000000000e+02,6.800000000000000000e+02,1.073187058503786488e+02
9.800000000000000000e+02,6.900000000000000000e+02,1.063515645365739175e+02
9.800000000000000000e+02,7.000000000000000000e+02,1.052840859232328228e+02
9.800000000000000000e+02,7.100000000000000000e+02,1.041540911801338893e+02
9.800000000000000000e+02,7.200000000000000000e+02,1.029971215561526634e+02
9.800000000000000000e+02,7.300000000000000000e+02,1.018421515641994262e+02
9.800000000000000000e+02,7.400000000000000000e+02,1.007066934127377920e+02
9.800000000000000000e+02,7.500000000000000000e+02,9.959129268388471701e+01
9.800000000000000000e+02,7.600000000000000000e+02,9.846966348938900637e+01
9.800000000000000000e+02,7.700000000000000000e+02,9.729586088190139037e+01
9.800000000000000000e+02,7.800000000000000000e+02,9.605148189325723251e+01
9.800000000000000000e+02,7.900000000000000000e+02,9.474697846508753685e+01
9.800000000000000000e+02,8.000000000000000000e+02,9.341362841760418689e+01
9.800000000000000000e+02,8.100000000000000000e+02,9.209633317218367665e+01
9.800000000000000000e+02,8.200000000000000000e+02,9.084724222774939051e+01
9.800000000000000000e+02,8.300000000000000000e+02,8.972020439095237521e+01
9.800000000000000000e+02,8.400000000000000000e+02,8.876604576015068915e+01
9.800000000000000000e+02,8.500000000000000000e+02,8.802867446318720113e+01
9.800000000000000000e+02,8.600000000000000000e+02,8.754201214896606587e+01
9.800000000000000000e+02,8.700000000000000000e+02,8.732775223282753529e+01
9.800000000000000000e+02,8.800000000000000000e+02,8.739394489572143243e+01
9.800000000000000000e+02,8.900000000000000000e+02,8.773440883717914573e+01
9.800000000000000000e+02,9.000000000000000000e+02,8.832896978208408711e+01
9.800000000000000000e+02,9.100000000000000000e+02,8.914452574124068462e+01
9.800000000000000000e+02,9.200000000000000000e+02,9.013693902574203776e+01
9.800000000000000000e+02,9.300000000000000000e+02,9.125375501513586585e+01
9.800000000000000000e+02,9.400000000000000000e+02,9.243774767938923276e+01
9.800000000000000000e+02,9.500000000000000000e+02,9.363129185465156468e+01
9.800000000000000000e+02,9.600000000000000000e+02,9.478156227281645840e+01
9.800000000000000000e+02,9.700000000000000000e+02,9.584655934488174012e+01
9.800000000000000000e+02,9.800000000000000000e+02,9.680196169810825779e+01
9.800000000000000000e+02,9.900000000000000000e+02,9.764880546697712305e+01
9.900000000000000000e+02,0.000000000000000000e+00,9.889346091886348233e+01
9.900000000000000000e+02,1.000000000000000000e+01,9.875849725212228236e+01
9.900000000000000000e+02,2.000000000000000000e+01,9.870827648685271072e+01
9.900000000000000000e+02,3.000000000000000000e+01,9.879713480329718323e+01
9.900000000000000000e+02,4.000000000000000000e+01,9.905138269874639434e+01
9.900000000000000000e+02,5.000000000000000000e+01,9.947459066876631084e+01
9.900000000000000000e+02,6.000000000000000000e+01,1.000524652537523309e+02
9.900000000000000000e+02,7.000000000000000000e+01,1.007573154508105802e+02
9.900000000000000000e+02,8.000000000000000000e+01,1.015521094909664725e+02
9.900000000000000000e+02,9.000000000000000000e+01,1.023941219817003656e+02
9.900000000000000000e+02,1.000000000000000000e+02,1.032381714148104095e+02
9.900000000000000000e+02,1.100000000000000000e+02,1.040394480396025898e+02
9.900000000000000000e+02,1.200000000000000000e+02,1.047559321014079359e+02
9.900000000000000000e+02,1.300000000000000000e+02,1.053504024454268375e+02
9.900000000000000000e+02,1.400000000000000000e+02,1.057920354859007119e+02
9.900000000000000000e+02,1.500000000000000000e+02,1.060575945406106086e+02
9.900000000000000000e+02,1.600000000000000000e+02,1.061322095307031645e+02
9.900000000000000000e+02,1.700000000000000000e+02,1.060097470458436959e+02
9.900000000000000000e+02,1.800000000000000000e+02,1.056927707746964131e+02
9.900000000000000000e+02,1.900000000000000000e+02,1.051920923007318436e+02
9.900000000000000000e+02,2.000000000000000000e+02,1.045259122633614339e+02
9.900000000000000000e+02,2.100000000000000000e+02,1.037185518843993179e+02
9.900000000000000000e+02,2.200000000000000000e+02,1.027987748598512638e+02
9.900000000000000000e+02,2.300000000000000000e+02,1.017976996170307729e+02
9.900000000000000000e+02,2.400000000000000000e+02,1.007463019370024142e+02
9.900000000000000000e+02,2.500000000000000000e+02,9.967250794235221178e+01
9.900000000000000000e+02,2.600000000000000000e+02,9.859301598427421709e+01
9.900000000000000000e+02,2.700000000000000000e+02,9.750640706486225895e+01
9.900000000000000000e+02,2.800000000000000000e+02,9.642283090367099874e+01
9.900000000000000000e+02,2.900000000000000000e+02,9.536613156853093187e+01
9.900000000000000000e+02,3.000000000000000000e+02,9.436873567259775086e+01
9.900000000000000000e+02,3.100000000000000000e+02,9.346713666375117668e+01
9.900000000000000000e+02,3.200000000000000000e+02,9.269797520634291743e+01
9.900000000000000000e+02,3.300000000000000000e+02,9.209471565529403847e+01
9.900000000000000000e+02,3.400000000000000000e+02,9.168491862254157354e+01
9.900000000000000000e+02,3.500000000000000000e+02,9.148810963583446210e+01
9.900000000000000000e+02,3.600000000000000000e+02,9.151424388987879865e+01
9.900000000000000000e+02,3.700000000000000000e+02,9.176276708983232311e+01
9.900000000000000000e+02,3.800000000000000000e+02,9.222227238714832254e+01
9.900000000000000000e+02,3.900000000000000000e+02,9.287075340776870291e+01
9.900000000000000000e+02,4.000000000000000000e+02,9.367645337266645811e+01
9.900000000000000000e+02,4.100000000000000000e+02,9.459931031073739405e+01
9.900000000000000000e+02,4.200000000000000000e+02,9.559299836404113648e+01
9.900000000000000000e+02,4.300000000000000000e+02,9.660756518539153603e+01
9.900000000000000000e+02,4.400000000000000000e+02,9.759266542829624314e+01
9.900000000000000000e+02,4.500000000000000000e+02,9.850139032924563764e+01
9.900000000000000000e+02,4.600000000000000000e+02,9.929469338235111309e+01
9.900000000000000000e+02,4.700000000000000000e+02,9.994641210633261608e+01
9.900000000000000000e+02,4.800000000000000000e+02,1.004488859038553414e+02
9.900000000000000000e+02,4.900000000000000000e+02,1.008191700132161515e+02
9.900000000000000000e+02,5.000000000000000000e+02,1.011058455523787245e+02
9.900000000000000000e+02,5.100000000000000000e+02,1.013913484405454852e+02
9.900000000000000000e+02,5.200000000000000000e+02,1.017538417533882011e+02
9.900000000000000000e+02,5.300000000000000000e+02,1.022364366589738722e+02
9.900000000000000000e+02,5.400000000000000000e+02,1.028519618085799436e+02
9.900000000000000000e+02,5.500000000000000000e+02,1.035897496994615921e+02
9.900000000000000000e+02,5.600000000000000000e+02,1.044218121142305762e+02
9.900000000000000000e+02,5.700000000000000000e+02,1.053084046368455517e+02
9.900000000000000000e+02,5.800000000000000000e+02,1.062029802452136522e+02
9.900000000000000000e+02,5.900000000000000000e+02,1.070565319804038609e+02
9.900000000000000000e+02,6.000000000000000000e+02,1.078213246924714781e+02
9.900000000000000000e+02,6.100000000000000000e+02,1.084540158628943374e+02
9.900000000000000000e+02,6.200000000000000000e+02,1.089181655036203153e+02
9.900000000000000000e+02,6.300000000000000000e+02,1.091861351327263634e+02
9.900000000000000000e+02,6.400000000000000000e+02,1.092403758266889895e+02
9.900000000000000000e+02,6.500000000000000000e+02,1.090741053492661621e+02
9.900000000000000000e+02,6.600000000000000000e+02,1.086913743569907638e+02
9.900000000000000000e+02,6.700000000000000000e+02,1.081065216812754102e+02
9.900000000000000000e+02,6.800000000000000000e+02,1.073430186871287049e+02
9.900000000000000000e+02,6.900000000000000000e+02,1.064317027084831153e+02
9.900000000000000000e+02,7.000000000000000000e+02,1.054083995601341712e+02
9.900000000000000000e+02,7.100000000000000000e+02,1.043109351262910849e+02
9.900000000000000000e+02,7.200000000000000000e+02,1.031755360257389640e+02
9.900000000000000000e+02,7.300000000000000000e+02,1.020326193536124180e+02
9.900000000000000000e+02,7.400000000000000000e+02,1.009019714997805721e+02
9.900000000000000000e+02,7.500000000000000000e+02,9.978731604384365994e+01
9.900000000000000000e+02,7.600000000000000000e+02,9.866594640955962348e+01
9.900000000000000000e+02,7.700000000000000000e+02,9.749379596526175362e+01
9.900000000000000000e+02,7.800000000000000000e+02,9.625360313944963764e+01
9.900000000000000000e+02,7.900000000000000000e+02,9.495669223941447967e+01
9.900000000000000000e+02,8.000000000000000000e+02,9.363495244904800074e+01
9.900000000000000000e+02,8.100000000000000000e+02,9.233364633470343108e+01
9.900000000000000000e+02,8.200000000000000000e+02,9.110504785910862324e+01
9.900000000000000000e+02,8.300000000000000000e+02,9.000290990333111552e+01
9.900000000000000000e+02,8.400000000000000000e+02,8.907776129679540134e+01
9.900000000000000000e+02,8.500000000000000000e+02,8.837303335535214899e+01
9.900000000000000000e+02,8.600000000000000000e+02,8.792201592739965577e+01
9.900000000000000000e+02,8.700000000000000000e+02,8.774564294805716713e+01
9.900000000000000000e+02,8.800000000000000000e+02,8.785110750139047298e+01
9.900000000000000000e+02,8.900000000000000000e+02,8.823130639068943992e+01
9.900000000000000000e+02,9.000000000000000000e+02,8.886511421679766443e+01
9.900000000000000000e+02,9.100000000000000000e+02,8.971848696449418981e+01
9.900000000000000000e+02,9.200000000000000000e+02,9.074639509692737249e+01
9.900000000000000000e+02,9.300000000000000000e+02,9.189558615810062747e+01
9.900000000000000000e+02,9.400000000000000000e+02,9.310817688341053611e+01
9.900000000000000000e+02,9.500000000000000000e+02,9.432607481823669104e+01
9.900000000000000000e+02,9.600000000000000000e+02,9.549622944458393192e+01
9.900000000000000000e+02,9.700000000000000000e+02,9.657671281577643185e+01
9.900000000000000000e+02,9.800000000000000000e+02,9.754362969920396154e+01
9.900000000000000000e+02,9.900000000000000000e+02,9.839885722712025995e+01
